[
    {
        "UIPrefab": 4063401878,
        "EventContentId": 0
    },
    {
        "UIPrefab": 161010462,
        "EventContentId": 0
    },
    {
        "UIPrefab": 3866548710,
        "EventContentId": 0
    },
    {
        "UIPrefab": 1816119473,
        "EventContentId": 0
    },
    {
        "UIPrefab": 3999269532,
        "EventContentId": 0
    },
    {
        "UIPrefab": 3620506894,
        "EventContentId": 0
    },
    {
        "UIPrefab": 1906201395,
        "EventContentId": 0
    },
    {
        "UIPrefab": 2298475138,
        "EventContentId": 0
    },
    {
        "UIPrefab": 1359956174,
        "EventContentId": 0
    },
    {
        "UIPrefab": 2476740982,
        "EventContentId": 0
    },
    {
        "UIPrefab": 2280793187,
        "EventContentId": 0
    },
    {
        "UIPrefab": 524141822,
        "EventContentId": 0
    },
    {
        "UIPrefab": 1594544935,
        "EventContentId": 0
    },
    {
        "UIPrefab": 4170949552,
        "EventContentId": 0
    },
    {
        "UIPrefab": 96520659,
        "EventContentId": 0
    },
    {
        "UIPrefab": 3794942511,
        "EventContentId": 0
    },
    {
        "UIPrefab": 3218084725,
        "EventContentId": 0
    },
    {
        "UIPrefab": 2883408052,
        "EventContentId": 0
    },
    {
        "UIPrefab": 2372329653,
        "EventContentId": 0
    },
    {
        "UIPrefab": 2754742768,
        "EventContentId": 0
    },
    {
        "UIPrefab": 1253426072,
        "EventContentId": 0
    },
    {
        "UIPrefab": 257617100,
        "EventContentId": 0
    },
    {
        "UIPrefab": 1728275735,
        "EventContentId": 0
    },
    {
        "UIPrefab": 3433830723,
        "EventContentId": 0
    },
    {
        "UIPrefab": 1360550359,
        "EventContentId": 0
    },
    {
        "UIPrefab": 2651338689,
        "EventContentId": 0
    },
    {
        "UIPrefab": 562946799,
        "EventContentId": 0
    },
    {
        "UIPrefab": 2823246318,
        "EventContentId": 0
    },
    {
        "UIPrefab": 4115793311,
        "EventContentId": 0
    },
    {
        "UIPrefab": 1049618303,
        "EventContentId": 0
    },
    {
        "UIPrefab": 302639365,
        "EventContentId": 0
    },
    {
        "UIPrefab": 4142444202,
        "EventContentId": 801
    },
    {
        "UIPrefab": 4142444202,
        "EventContentId": 802
    },
    {
        "UIPrefab": 4142444202,
        "EventContentId": 803
    },
    {
        "UIPrefab": 4142444202,
        "EventContentId": 804
    },
    {
        "UIPrefab": 4142444202,
        "EventContentId": 805
    },
    {
        "UIPrefab": 4142444202,
        "EventContentId": 806
    },
    {
        "UIPrefab": 4142444202,
        "EventContentId": 808
    },
    {
        "UIPrefab": 4142444202,
        "EventContentId": 809
    },
    {
        "UIPrefab": 4142444202,
        "EventContentId": 810
    },
    {
        "UIPrefab": 4142444202,
        "EventContentId": 811
    },
    {
        "UIPrefab": 4142444202,
        "EventContentId": 812
    },
    {
        "UIPrefab": 4142444202,
        "EventContentId": 813
    },
    {
        "UIPrefab": 4142444202,
        "EventContentId": 814
    },
    {
        "UIPrefab": 4142444202,
        "EventContentId": 815
    },
    {
        "UIPrefab": 4142444202,
        "EventContentId": 816
    },
    {
        "UIPrefab": 4142444202,
        "EventContentId": 817
    },
    {
        "UIPrefab": 4142444202,
        "EventContentId": 818
    },
    {
        "UIPrefab": 4142444202,
        "EventContentId": 819
    },
    {
        "UIPrefab": 4142444202,
        "EventContentId": 820
    },
    {
        "UIPrefab": 4142444202,
        "EventContentId": 821
    },
    {
        "UIPrefab": 4142444202,
        "EventContentId": 822
    },
    {
        "UIPrefab": 4142444202,
        "EventContentId": 823
    },
    {
        "UIPrefab": 4142444202,
        "EventContentId": 824
    },
    {
        "UIPrefab": 4142444202,
        "EventContentId": 825
    },
    {
        "UIPrefab": 4142444202,
        "EventContentId": 826
    },
    {
        "UIPrefab": 4142444202,
        "EventContentId": 827
    },
    {
        "UIPrefab": 4142444202,
        "EventContentId": 60000
    },
    {
        "UIPrefab": 4142444202,
        "EventContentId": 828
    },
    {
        "UIPrefab": 4142444202,
        "EventContentId": 829
    },
    {
        "UIPrefab": 4142444202,
        "EventContentId": 830
    },
    {
        "UIPrefab": 4142444202,
        "EventContentId": 831
    },
    {
        "UIPrefab": 4142444202,
        "EventContentId": 832
    },
    {
        "UIPrefab": 4142444202,
        "EventContentId": 833
    },
    {
        "UIPrefab": 4142444202,
        "EventContentId": 834
    },
    {
        "UIPrefab": 2024295258,
        "EventContentId": 801
    },
    {
        "UIPrefab": 2024295258,
        "EventContentId": 802
    },
    {
        "UIPrefab": 2024295258,
        "EventContentId": 803
    },
    {
        "UIPrefab": 2024295258,
        "EventContentId": 804
    },
    {
        "UIPrefab": 2024295258,
        "EventContentId": 805
    },
    {
        "UIPrefab": 2024295258,
        "EventContentId": 806
    },
    {
        "UIPrefab": 2024295258,
        "EventContentId": 808
    },
    {
        "UIPrefab": 2024295258,
        "EventContentId": 809
    },
    {
        "UIPrefab": 2024295258,
        "EventContentId": 810
    },
    {
        "UIPrefab": 2024295258,
        "EventContentId": 811
    },
    {
        "UIPrefab": 2024295258,
        "EventContentId": 812
    },
    {
        "UIPrefab": 2024295258,
        "EventContentId": 813
    },
    {
        "UIPrefab": 2024295258,
        "EventContentId": 815
    },
    {
        "UIPrefab": 2024295258,
        "EventContentId": 816
    },
    {
        "UIPrefab": 2024295258,
        "EventContentId": 817
    },
    {
        "UIPrefab": 2024295258,
        "EventContentId": 818
    },
    {
        "UIPrefab": 2024295258,
        "EventContentId": 819
    },
    {
        "UIPrefab": 2024295258,
        "EventContentId": 820
    },
    {
        "UIPrefab": 2024295258,
        "EventContentId": 821
    },
    {
        "UIPrefab": 2024295258,
        "EventContentId": 822
    },
    {
        "UIPrefab": 2024295258,
        "EventContentId": 823
    },
    {
        "UIPrefab": 2024295258,
        "EventContentId": 824
    },
    {
        "UIPrefab": 2024295258,
        "EventContentId": 825
    },
    {
        "UIPrefab": 2024295258,
        "EventContentId": 826
    },
    {
        "UIPrefab": 2024295258,
        "EventContentId": 827
    },
    {
        "UIPrefab": 2024295258,
        "EventContentId": 60000
    },
    {
        "UIPrefab": 2024295258,
        "EventContentId": 828
    },
    {
        "UIPrefab": 2024295258,
        "EventContentId": 829
    },
    {
        "UIPrefab": 2024295258,
        "EventContentId": 830
    },
    {
        "UIPrefab": 2024295258,
        "EventContentId": 831
    },
    {
        "UIPrefab": 2024295258,
        "EventContentId": 832
    },
    {
        "UIPrefab": 2024295258,
        "EventContentId": 833
    },
    {
        "UIPrefab": 2024295258,
        "EventContentId": 834
    },
    {
        "UIPrefab": 1816119473,
        "EventContentId": 808
    },
    {
        "UIPrefab": 1816119473,
        "EventContentId": 817
    },
    {
        "UIPrefab": 11401741,
        "EventContentId": 0
    },
    {
        "UIPrefab": 346179107,
        "EventContentId": 0
    },
    {
        "UIPrefab": 3089311284,
        "EventContentId": 0
    },
    {
        "UIPrefab": 4016728684,
        "EventContentId": 0
    },
    {
        "UIPrefab": 1119271934,
        "EventContentId": 0
    },
    {
        "UIPrefab": 2913658306,
        "EventContentId": 0
    },
    {
        "UIPrefab": 3631939618,
        "EventContentId": 0
    },
    {
        "UIPrefab": 2305468457,
        "EventContentId": 0
    },
    {
        "UIPrefab": 1230216229,
        "EventContentId": 0
    },
    {
        "UIPrefab": 129666257,
        "EventContentId": 814
    },
    {
        "UIPrefab": 129666257,
        "EventContentId": 821
    },
    {
        "UIPrefab": 129666257,
        "EventContentId": 823
    },
    {
        "UIPrefab": 129666257,
        "EventContentId": 10814
    },
    {
        "UIPrefab": 1520520786,
        "EventContentId": 815
    },
    {
        "UIPrefab": 1520520786,
        "EventContentId": 822
    },
    {
        "UIPrefab": 3695431929,
        "EventContentId": 818
    },
    {
        "UIPrefab": 3695431929,
        "EventContentId": 827
    },
    {
        "UIPrefab": 3099845426,
        "EventContentId": 0
    },
    {
        "UIPrefab": 2373609047,
        "EventContentId": 0
    },
    {
        "UIPrefab": 488446605,
        "EventContentId": 0
    },
    {
        "UIPrefab": 2333420730,
        "EventContentId": 0
    },
    {
        "UIPrefab": 3981183696,
        "EventContentId": 0
    },
    {
        "UIPrefab": 1807109797,
        "EventContentId": 0
    },
    {
        "UIPrefab": 4001283191,
        "EventContentId": 0
    },
    {
        "UIPrefab": 1235639290,
        "EventContentId": 0
    },
    {
        "UIPrefab": 191439730,
        "EventContentId": 0
    },
    {
        "UIPrefab": 1075429416,
        "EventContentId": 0
    },
    {
        "UIPrefab": 1605652886,
        "EventContentId": 0
    },
    {
        "UIPrefab": 3972978399,
        "EventContentId": 0
    }
]