[
    {
        "Id": 1011101
    },
    {
        "Id": 1011201
    },
    {
        "Id": 1011202
    },
    {
        "Id": 1011301
    },
    {
        "Id": 1011102
    },
    {
        "Id": 1011203
    },
    {
        "Id": 1011204
    },
    {
        "Id": 1011302
    },
    {
        "Id": 1011103
    },
    {
        "Id": 1011205
    },
    {
        "Id": 1011206
    },
    {
        "Id": 1011303
    },
    {
        "Id": 1011104
    },
    {
        "Id": 1011207
    },
    {
        "Id": 1011208
    },
    {
        "Id": 1011105
    },
    {
        "Id": 1012101
    },
    {
        "Id": 1012102
    },
    {
        "Id": 1012103
    },
    {
        "Id": 1021101
    },
    {
        "Id": 1021201
    },
    {
        "Id": 1021202
    },
    {
        "Id": 1021304
    },
    {
        "Id": 1021102
    },
    {
        "Id": 1021203
    },
    {
        "Id": 1021204
    },
    {
        "Id": 1021103
    },
    {
        "Id": 1021205
    },
    {
        "Id": 1021206
    },
    {
        "Id": 1021104
    },
    {
        "Id": 1021207
    },
    {
        "Id": 1021208
    },
    {
        "Id": 1021105
    },
    {
        "Id": 1022101
    },
    {
        "Id": 1022102
    },
    {
        "Id": 1022103
    },
    {
        "Id": 1031305
    },
    {
        "Id": 1031101
    },
    {
        "Id": 1031201
    },
    {
        "Id": 1031202
    },
    {
        "Id": 1031102
    },
    {
        "Id": 1031203
    },
    {
        "Id": 1031204
    },
    {
        "Id": 1031103
    },
    {
        "Id": 1031205
    },
    {
        "Id": 1031206
    },
    {
        "Id": 1031306
    },
    {
        "Id": 1031104
    },
    {
        "Id": 1031207
    },
    {
        "Id": 1031208
    },
    {
        "Id": 1031105
    },
    {
        "Id": 1032101
    },
    {
        "Id": 1032102
    },
    {
        "Id": 1032103
    },
    {
        "Id": 1041101
    },
    {
        "Id": 1041201
    },
    {
        "Id": 1041202
    },
    {
        "Id": 1041102
    },
    {
        "Id": 1041203
    },
    {
        "Id": 1041204
    },
    {
        "Id": 1041103
    },
    {
        "Id": 1041205
    },
    {
        "Id": 1041206
    },
    {
        "Id": 1041104
    },
    {
        "Id": 1041207
    },
    {
        "Id": 1041208
    },
    {
        "Id": 1041105
    },
    {
        "Id": 1042101
    },
    {
        "Id": 1042102
    },
    {
        "Id": 1042103
    },
    {
        "Id": 1051101
    },
    {
        "Id": 1051201
    },
    {
        "Id": 1051202
    },
    {
        "Id": 1051102
    },
    {
        "Id": 1051203
    },
    {
        "Id": 1051204
    },
    {
        "Id": 1051103
    },
    {
        "Id": 1051205
    },
    {
        "Id": 1051206
    },
    {
        "Id": 1051104
    },
    {
        "Id": 1051207
    },
    {
        "Id": 1051208
    },
    {
        "Id": 1051105
    },
    {
        "Id": 1052101
    },
    {
        "Id": 1052102
    },
    {
        "Id": 1052103
    },
    {
        "Id": 1061101
    },
    {
        "Id": 1061201
    },
    {
        "Id": 1061202
    },
    {
        "Id": 1061102
    },
    {
        "Id": 1061203
    },
    {
        "Id": 1061204
    },
    {
        "Id": 1061103
    },
    {
        "Id": 1061205
    },
    {
        "Id": 1061206
    },
    {
        "Id": 1061104
    },
    {
        "Id": 1061207
    },
    {
        "Id": 1061208
    },
    {
        "Id": 1061105
    },
    {
        "Id": 1062101
    },
    {
        "Id": 1062102
    },
    {
        "Id": 1062103
    },
    {
        "Id": 1071101
    },
    {
        "Id": 1071201
    },
    {
        "Id": 1071202
    },
    {
        "Id": 1071102
    },
    {
        "Id": 1071203
    },
    {
        "Id": 1071204
    },
    {
        "Id": 1071103
    },
    {
        "Id": 1071205
    },
    {
        "Id": 1071206
    },
    {
        "Id": 1071104
    },
    {
        "Id": 1071207
    },
    {
        "Id": 1071208
    },
    {
        "Id": 1071105
    },
    {
        "Id": 1072101
    },
    {
        "Id": 1072102
    },
    {
        "Id": 1072103
    },
    {
        "Id": 1081101
    },
    {
        "Id": 1081201
    },
    {
        "Id": 1081202
    },
    {
        "Id": 1081102
    },
    {
        "Id": 1081203
    },
    {
        "Id": 1081204
    },
    {
        "Id": 1081103
    },
    {
        "Id": 1081205
    },
    {
        "Id": 1081206
    },
    {
        "Id": 1081104
    },
    {
        "Id": 1081207
    },
    {
        "Id": 1081208
    },
    {
        "Id": 1081105
    },
    {
        "Id": 1082101
    },
    {
        "Id": 1082102
    },
    {
        "Id": 1082103
    },
    {
        "Id": 1091101
    },
    {
        "Id": 1091201
    },
    {
        "Id": 1091202
    },
    {
        "Id": 1091102
    },
    {
        "Id": 1091203
    },
    {
        "Id": 1091204
    },
    {
        "Id": 1091103
    },
    {
        "Id": 1091205
    },
    {
        "Id": 1091206
    },
    {
        "Id": 1091104
    },
    {
        "Id": 1091207
    },
    {
        "Id": 1091208
    },
    {
        "Id": 1091105
    },
    {
        "Id": 1092101
    },
    {
        "Id": 1092102
    },
    {
        "Id": 1092103
    },
    {
        "Id": 1101101
    },
    {
        "Id": 1101201
    },
    {
        "Id": 1101202
    },
    {
        "Id": 1101102
    },
    {
        "Id": 1101203
    },
    {
        "Id": 1101204
    },
    {
        "Id": 1101103
    },
    {
        "Id": 1101205
    },
    {
        "Id": 1101206
    },
    {
        "Id": 1101104
    },
    {
        "Id": 1101207
    },
    {
        "Id": 1101208
    },
    {
        "Id": 1101105
    },
    {
        "Id": 1102101
    },
    {
        "Id": 1102102
    },
    {
        "Id": 1102103
    },
    {
        "Id": 1111101
    },
    {
        "Id": 1111201
    },
    {
        "Id": 1111202
    },
    {
        "Id": 1111102
    },
    {
        "Id": 1111203
    },
    {
        "Id": 1111204
    },
    {
        "Id": 1111103
    },
    {
        "Id": 1111205
    },
    {
        "Id": 1111206
    },
    {
        "Id": 1111104
    },
    {
        "Id": 1111207
    },
    {
        "Id": 1111208
    },
    {
        "Id": 1111105
    },
    {
        "Id": 1112101
    },
    {
        "Id": 1112102
    },
    {
        "Id": 1112103
    },
    {
        "Id": 1121101
    },
    {
        "Id": 1121201
    },
    {
        "Id": 1121202
    },
    {
        "Id": 1121102
    },
    {
        "Id": 1121203
    },
    {
        "Id": 1121204
    },
    {
        "Id": 1121103
    },
    {
        "Id": 1121205
    },
    {
        "Id": 1121206
    },
    {
        "Id": 1121104
    },
    {
        "Id": 1121207
    },
    {
        "Id": 1121208
    },
    {
        "Id": 1121105
    },
    {
        "Id": 1122101
    },
    {
        "Id": 1122102
    },
    {
        "Id": 1122103
    },
    {
        "Id": 1131101
    },
    {
        "Id": 1131201
    },
    {
        "Id": 1131202
    },
    {
        "Id": 1131102
    },
    {
        "Id": 1131203
    },
    {
        "Id": 1131204
    },
    {
        "Id": 1131103
    },
    {
        "Id": 1131205
    },
    {
        "Id": 1131206
    },
    {
        "Id": 1131104
    },
    {
        "Id": 1131207
    },
    {
        "Id": 1131208
    },
    {
        "Id": 1131105
    },
    {
        "Id": 1132101
    },
    {
        "Id": 1132102
    },
    {
        "Id": 1132103
    },
    {
        "Id": 1141101
    },
    {
        "Id": 1141201
    },
    {
        "Id": 1141202
    },
    {
        "Id": 1141102
    },
    {
        "Id": 1141203
    },
    {
        "Id": 1141204
    },
    {
        "Id": 1141103
    },
    {
        "Id": 1141205
    },
    {
        "Id": 1141206
    },
    {
        "Id": 1141104
    },
    {
        "Id": 1141207
    },
    {
        "Id": 1141208
    },
    {
        "Id": 1141105
    },
    {
        "Id": 1142101
    },
    {
        "Id": 1142102
    },
    {
        "Id": 1142103
    },
    {
        "Id": 1151101
    },
    {
        "Id": 1151201
    },
    {
        "Id": 1151202
    },
    {
        "Id": 1151102
    },
    {
        "Id": 1151203
    },
    {
        "Id": 1151204
    },
    {
        "Id": 1151103
    },
    {
        "Id": 1151205
    },
    {
        "Id": 1151206
    },
    {
        "Id": 1151104
    },
    {
        "Id": 1151207
    },
    {
        "Id": 1151208
    },
    {
        "Id": 1151105
    },
    {
        "Id": 1152101
    },
    {
        "Id": 1152102
    },
    {
        "Id": 1152103
    },
    {
        "Id": 1161101
    },
    {
        "Id": 1161201
    },
    {
        "Id": 1161202
    },
    {
        "Id": 1161102
    },
    {
        "Id": 1161203
    },
    {
        "Id": 1161204
    },
    {
        "Id": 1161103
    },
    {
        "Id": 1161205
    },
    {
        "Id": 1161206
    },
    {
        "Id": 1161104
    },
    {
        "Id": 1161207
    },
    {
        "Id": 1161208
    },
    {
        "Id": 1161105
    },
    {
        "Id": 1162101
    },
    {
        "Id": 1162102
    },
    {
        "Id": 1162103
    },
    {
        "Id": 1171101
    },
    {
        "Id": 1171201
    },
    {
        "Id": 1171202
    },
    {
        "Id": 1171102
    },
    {
        "Id": 1171203
    },
    {
        "Id": 1171204
    },
    {
        "Id": 1171103
    },
    {
        "Id": 1171205
    },
    {
        "Id": 1171206
    },
    {
        "Id": 1171104
    },
    {
        "Id": 1171207
    },
    {
        "Id": 1171208
    },
    {
        "Id": 1171105
    },
    {
        "Id": 1172101
    },
    {
        "Id": 1172102
    },
    {
        "Id": 1172103
    },
    {
        "Id": 1181101
    },
    {
        "Id": 1181201
    },
    {
        "Id": 1181202
    },
    {
        "Id": 1181102
    },
    {
        "Id": 1181203
    },
    {
        "Id": 1181204
    },
    {
        "Id": 1181103
    },
    {
        "Id": 1181205
    },
    {
        "Id": 1181206
    },
    {
        "Id": 1181104
    },
    {
        "Id": 1181207
    },
    {
        "Id": 1181208
    },
    {
        "Id": 1181105
    },
    {
        "Id": 1182101
    },
    {
        "Id": 1182102
    },
    {
        "Id": 1182103
    },
    {
        "Id": 1191101
    },
    {
        "Id": 1191201
    },
    {
        "Id": 1191202
    },
    {
        "Id": 1191102
    },
    {
        "Id": 1191203
    },
    {
        "Id": 1191204
    },
    {
        "Id": 1191103
    },
    {
        "Id": 1191205
    },
    {
        "Id": 1191206
    },
    {
        "Id": 1191104
    },
    {
        "Id": 1191207
    },
    {
        "Id": 1191208
    },
    {
        "Id": 1191105
    },
    {
        "Id": 1192101
    },
    {
        "Id": 1192102
    },
    {
        "Id": 1192103
    },
    {
        "Id": 1201101
    },
    {
        "Id": 1201201
    },
    {
        "Id": 1201102
    },
    {
        "Id": 1201203
    },
    {
        "Id": 1201103
    },
    {
        "Id": 1201205
    },
    {
        "Id": 1201104
    },
    {
        "Id": 1201207
    },
    {
        "Id": 1201105
    },
    {
        "Id": 1202101
    },
    {
        "Id": 1202102
    },
    {
        "Id": 1202103
    },
    {
        "Id": 1211101
    },
    {
        "Id": 1211201
    },
    {
        "Id": 1211102
    },
    {
        "Id": 1211203
    },
    {
        "Id": 1211103
    },
    {
        "Id": 1211205
    },
    {
        "Id": 1211104
    },
    {
        "Id": 1211207
    },
    {
        "Id": 1211105
    },
    {
        "Id": 1212101
    },
    {
        "Id": 1212102
    },
    {
        "Id": 1212103
    },
    {
        "Id": 1221101
    },
    {
        "Id": 1221102
    },
    {
        "Id": 1221103
    },
    {
        "Id": 1221104
    },
    {
        "Id": 1221105
    },
    {
        "Id": 1222101
    },
    {
        "Id": 1222102
    },
    {
        "Id": 1222103
    },
    {
        "Id": 1231101
    },
    {
        "Id": 1231102
    },
    {
        "Id": 1231103
    },
    {
        "Id": 1231104
    },
    {
        "Id": 1231105
    },
    {
        "Id": 1232101
    },
    {
        "Id": 1232102
    },
    {
        "Id": 1232103
    },
    {
        "Id": 1241101
    },
    {
        "Id": 1241102
    },
    {
        "Id": 1241103
    },
    {
        "Id": 1241104
    },
    {
        "Id": 1241105
    },
    {
        "Id": 1242101
    },
    {
        "Id": 1242102
    },
    {
        "Id": 1242103
    },
    {
        "Id": 1251101
    },
    {
        "Id": 1251102
    },
    {
        "Id": 1251103
    },
    {
        "Id": 1251104
    },
    {
        "Id": 1251105
    },
    {
        "Id": 1252101
    },
    {
        "Id": 1252102
    },
    {
        "Id": 1252103
    },
    {
        "Id": 1261101
    },
    {
        "Id": 1261102
    },
    {
        "Id": 1261103
    },
    {
        "Id": 1261104
    },
    {
        "Id": 1261105
    },
    {
        "Id": 1262101
    },
    {
        "Id": 1262102
    },
    {
        "Id": 1262103
    },
    {
        "Id": 1271101
    },
    {
        "Id": 1271102
    },
    {
        "Id": 1271103
    },
    {
        "Id": 1271104
    },
    {
        "Id": 1271105
    },
    {
        "Id": 1272101
    },
    {
        "Id": 1272102
    },
    {
        "Id": 1272103
    },
    {
        "Id": 1281101
    },
    {
        "Id": 1281102
    },
    {
        "Id": 1281103
    },
    {
        "Id": 1281104
    },
    {
        "Id": 1281105
    },
    {
        "Id": 1282101
    },
    {
        "Id": 1282102
    },
    {
        "Id": 1282103
    },
    {
        "Id": 1031401
    },
    {
        "Id": 1061401
    },
    {
        "Id": 1091401
    },
    {
        "Id": 1121401
    },
    {
        "Id": 1151401
    },
    {
        "Id": 1181401
    },
    {
        "Id": 1211401
    },
    {
        "Id": 1241401
    },
    {
        "Id": 1271401
    }
]