[
    {
        "Id": 101110101
    },
    {
        "Id": 101110102
    },
    {
        "Id": 101110201
    },
    {
        "Id": 101110202
    },
    {
        "Id": 101110301
    },
    {
        "Id": 101110302
    },
    {
        "Id": 101110401
    },
    {
        "Id": 101110402
    },
    {
        "Id": 101110403
    },
    {
        "Id": 101110501
    },
    {
        "Id": 101110502
    },
    {
        "Id": 101110503
    },
    {
        "Id": 101210101
    },
    {
        "Id": 101210102
    },
    {
        "Id": 101210201
    },
    {
        "Id": 101210202
    },
    {
        "Id": 101210301
    },
    {
        "Id": 101210302
    },
    {
        "Id": 101210303
    },
    {
        "Id": 102110101
    },
    {
        "Id": 102110102
    },
    {
        "Id": 102110103
    },
    {
        "Id": 102110201
    },
    {
        "Id": 102110202
    },
    {
        "Id": 102110203
    },
    {
        "Id": 102110301
    },
    {
        "Id": 102110302
    },
    {
        "Id": 102110303
    },
    {
        "Id": 102110401
    },
    {
        "Id": 102110402
    },
    {
        "Id": 102110403
    },
    {
        "Id": 102110501
    },
    {
        "Id": 102110502
    },
    {
        "Id": 102110503
    },
    {
        "Id": 102210101
    },
    {
        "Id": 102210102
    },
    {
        "Id": 102210103
    },
    {
        "Id": 102210201
    },
    {
        "Id": 102210202
    },
    {
        "Id": 102210203
    },
    {
        "Id": 102210301
    },
    {
        "Id": 102210302
    },
    {
        "Id": 102210303
    },
    {
        "Id": 103110101
    },
    {
        "Id": 103110102
    },
    {
        "Id": 103110103
    },
    {
        "Id": 103110201
    },
    {
        "Id": 103110202
    },
    {
        "Id": 103110203
    },
    {
        "Id": 103110301
    },
    {
        "Id": 103110302
    },
    {
        "Id": 103110303
    },
    {
        "Id": 103110401
    },
    {
        "Id": 103110402
    },
    {
        "Id": 103110403
    },
    {
        "Id": 103110501
    },
    {
        "Id": 103110502
    },
    {
        "Id": 103110503
    },
    {
        "Id": 103210101
    },
    {
        "Id": 103210102
    },
    {
        "Id": 103210103
    },
    {
        "Id": 103210201
    },
    {
        "Id": 103210202
    },
    {
        "Id": 103210203
    },
    {
        "Id": 103210301
    },
    {
        "Id": 103210302
    },
    {
        "Id": 103210303
    },
    {
        "Id": 104110101
    },
    {
        "Id": 104110102
    },
    {
        "Id": 104110103
    },
    {
        "Id": 104110201
    },
    {
        "Id": 104110202
    },
    {
        "Id": 104110203
    },
    {
        "Id": 104110301
    },
    {
        "Id": 104110302
    },
    {
        "Id": 104110303
    },
    {
        "Id": 104110401
    },
    {
        "Id": 104110402
    },
    {
        "Id": 104110403
    },
    {
        "Id": 104110501
    },
    {
        "Id": 104110502
    },
    {
        "Id": 104110503
    },
    {
        "Id": 104210101
    },
    {
        "Id": 104210102
    },
    {
        "Id": 104210103
    },
    {
        "Id": 104210201
    },
    {
        "Id": 104210202
    },
    {
        "Id": 104210203
    },
    {
        "Id": 104210301
    },
    {
        "Id": 104210302
    },
    {
        "Id": 104210303
    },
    {
        "Id": 105110101
    },
    {
        "Id": 105110102
    },
    {
        "Id": 105110103
    },
    {
        "Id": 105110201
    },
    {
        "Id": 105110202
    },
    {
        "Id": 105110203
    },
    {
        "Id": 105110301
    },
    {
        "Id": 105110302
    },
    {
        "Id": 105110303
    },
    {
        "Id": 105110304
    },
    {
        "Id": 105110401
    },
    {
        "Id": 105110402
    },
    {
        "Id": 105110403
    },
    {
        "Id": 105110404
    },
    {
        "Id": 105110501
    },
    {
        "Id": 105110502
    },
    {
        "Id": 105110503
    },
    {
        "Id": 105110504
    },
    {
        "Id": 105210101
    },
    {
        "Id": 105210102
    },
    {
        "Id": 105210103
    },
    {
        "Id": 105210201
    },
    {
        "Id": 105210202
    },
    {
        "Id": 105210203
    },
    {
        "Id": 105210204
    },
    {
        "Id": 105210301
    },
    {
        "Id": 105210302
    },
    {
        "Id": 105210303
    },
    {
        "Id": 105210304
    },
    {
        "Id": 105210305
    },
    {
        "Id": 106110101
    },
    {
        "Id": 106110102
    },
    {
        "Id": 106110103
    },
    {
        "Id": 106110104
    },
    {
        "Id": 106110201
    },
    {
        "Id": 106110202
    },
    {
        "Id": 106110203
    },
    {
        "Id": 106110204
    },
    {
        "Id": 106110301
    },
    {
        "Id": 106110302
    },
    {
        "Id": 106110303
    },
    {
        "Id": 106110304
    },
    {
        "Id": 106110401
    },
    {
        "Id": 106110402
    },
    {
        "Id": 106110403
    },
    {
        "Id": 106110404
    },
    {
        "Id": 106110501
    },
    {
        "Id": 106110502
    },
    {
        "Id": 106110503
    },
    {
        "Id": 106110504
    },
    {
        "Id": 106110505
    },
    {
        "Id": 106210101
    },
    {
        "Id": 106210102
    },
    {
        "Id": 106210103
    },
    {
        "Id": 106210104
    },
    {
        "Id": 106210201
    },
    {
        "Id": 106210202
    },
    {
        "Id": 106210203
    },
    {
        "Id": 106210204
    },
    {
        "Id": 106210301
    },
    {
        "Id": 106210302
    },
    {
        "Id": 106210303
    },
    {
        "Id": 106210304
    },
    {
        "Id": 106210305
    },
    {
        "Id": 107110101
    },
    {
        "Id": 107110102
    },
    {
        "Id": 107110103
    },
    {
        "Id": 107110104
    },
    {
        "Id": 107110201
    },
    {
        "Id": 107110202
    },
    {
        "Id": 107110203
    },
    {
        "Id": 107110204
    },
    {
        "Id": 107110301
    },
    {
        "Id": 107110302
    },
    {
        "Id": 107110303
    },
    {
        "Id": 107110304
    },
    {
        "Id": 107110401
    },
    {
        "Id": 107110402
    },
    {
        "Id": 107110403
    },
    {
        "Id": 107110404
    },
    {
        "Id": 107110405
    },
    {
        "Id": 107110501
    },
    {
        "Id": 107110502
    },
    {
        "Id": 107110503
    },
    {
        "Id": 107110504
    },
    {
        "Id": 107110505
    },
    {
        "Id": 107210101
    },
    {
        "Id": 107210102
    },
    {
        "Id": 107210103
    },
    {
        "Id": 107210104
    },
    {
        "Id": 107210201
    },
    {
        "Id": 107210202
    },
    {
        "Id": 107210203
    },
    {
        "Id": 107210204
    },
    {
        "Id": 107210205
    },
    {
        "Id": 107210301
    },
    {
        "Id": 107210302
    },
    {
        "Id": 107210303
    },
    {
        "Id": 107210304
    },
    {
        "Id": 107210305
    },
    {
        "Id": 108110101
    },
    {
        "Id": 108110102
    },
    {
        "Id": 108110103
    },
    {
        "Id": 108110104
    },
    {
        "Id": 108110201
    },
    {
        "Id": 108110202
    },
    {
        "Id": 108110203
    },
    {
        "Id": 108110204
    },
    {
        "Id": 108110301
    },
    {
        "Id": 108110302
    },
    {
        "Id": 108110303
    },
    {
        "Id": 108110304
    },
    {
        "Id": 108110401
    },
    {
        "Id": 108110402
    },
    {
        "Id": 108110403
    },
    {
        "Id": 108110404
    },
    {
        "Id": 108110405
    },
    {
        "Id": 108110501
    },
    {
        "Id": 108110502
    },
    {
        "Id": 108110503
    },
    {
        "Id": 108110504
    },
    {
        "Id": 108110505
    },
    {
        "Id": 108210101
    },
    {
        "Id": 108210102
    },
    {
        "Id": 108210103
    },
    {
        "Id": 108210104
    },
    {
        "Id": 108210201
    },
    {
        "Id": 108210202
    },
    {
        "Id": 108210203
    },
    {
        "Id": 108210204
    },
    {
        "Id": 108210205
    },
    {
        "Id": 108210301
    },
    {
        "Id": 108210302
    },
    {
        "Id": 108210303
    },
    {
        "Id": 108210304
    },
    {
        "Id": 108210305
    },
    {
        "Id": 109110101
    },
    {
        "Id": 109110102
    },
    {
        "Id": 109110103
    },
    {
        "Id": 109110104
    },
    {
        "Id": 109110201
    },
    {
        "Id": 109110202
    },
    {
        "Id": 109110203
    },
    {
        "Id": 109110204
    },
    {
        "Id": 109110301
    },
    {
        "Id": 109110302
    },
    {
        "Id": 109110303
    },
    {
        "Id": 109110304
    },
    {
        "Id": 109110305
    },
    {
        "Id": 109110306
    },
    {
        "Id": 109110401
    },
    {
        "Id": 109110402
    },
    {
        "Id": 109110403
    },
    {
        "Id": 109110404
    },
    {
        "Id": 109110405
    },
    {
        "Id": 109110406
    },
    {
        "Id": 109110501
    },
    {
        "Id": 109110502
    },
    {
        "Id": 109110503
    },
    {
        "Id": 109110504
    },
    {
        "Id": 109110505
    },
    {
        "Id": 109110506
    },
    {
        "Id": 109210101
    },
    {
        "Id": 109210102
    },
    {
        "Id": 109210103
    },
    {
        "Id": 109210104
    },
    {
        "Id": 109210105
    },
    {
        "Id": 109210201
    },
    {
        "Id": 109210202
    },
    {
        "Id": 109210203
    },
    {
        "Id": 109210204
    },
    {
        "Id": 109210205
    },
    {
        "Id": 109210301
    },
    {
        "Id": 109210302
    },
    {
        "Id": 109210303
    },
    {
        "Id": 109210304
    },
    {
        "Id": 109210305
    },
    {
        "Id": 109210306
    },
    {
        "Id": 109210307
    },
    {
        "Id": 110110101
    },
    {
        "Id": 110110102
    },
    {
        "Id": 110110103
    },
    {
        "Id": 110110104
    },
    {
        "Id": 110110201
    },
    {
        "Id": 110110202
    },
    {
        "Id": 110110203
    },
    {
        "Id": 110110204
    },
    {
        "Id": 110110205
    },
    {
        "Id": 110110301
    },
    {
        "Id": 110110302
    },
    {
        "Id": 110110303
    },
    {
        "Id": 110110304
    },
    {
        "Id": 110110305
    },
    {
        "Id": 110110401
    },
    {
        "Id": 110110402
    },
    {
        "Id": 110110403
    },
    {
        "Id": 110110404
    },
    {
        "Id": 110110405
    },
    {
        "Id": 110110406
    },
    {
        "Id": 110110501
    },
    {
        "Id": 110110502
    },
    {
        "Id": 110110503
    },
    {
        "Id": 110110504
    },
    {
        "Id": 110110505
    },
    {
        "Id": 110110506
    },
    {
        "Id": 110210101
    },
    {
        "Id": 110210102
    },
    {
        "Id": 110210103
    },
    {
        "Id": 110210104
    },
    {
        "Id": 110210201
    },
    {
        "Id": 110210202
    },
    {
        "Id": 110210203
    },
    {
        "Id": 110210204
    },
    {
        "Id": 110210205
    },
    {
        "Id": 110210301
    },
    {
        "Id": 110210302
    },
    {
        "Id": 110210303
    },
    {
        "Id": 110210304
    },
    {
        "Id": 110210305
    },
    {
        "Id": 110210306
    },
    {
        "Id": 111110101
    },
    {
        "Id": 111110102
    },
    {
        "Id": 111110103
    },
    {
        "Id": 111110104
    },
    {
        "Id": 111110105
    },
    {
        "Id": 111110201
    },
    {
        "Id": 111110202
    },
    {
        "Id": 111110203
    },
    {
        "Id": 111110204
    },
    {
        "Id": 111110205
    },
    {
        "Id": 111110301
    },
    {
        "Id": 111110302
    },
    {
        "Id": 111110303
    },
    {
        "Id": 111110304
    },
    {
        "Id": 111110401
    },
    {
        "Id": 111110402
    },
    {
        "Id": 111110403
    },
    {
        "Id": 111110404
    },
    {
        "Id": 111110405
    },
    {
        "Id": 111110406
    },
    {
        "Id": 111110501
    },
    {
        "Id": 111110502
    },
    {
        "Id": 111110503
    },
    {
        "Id": 111110504
    },
    {
        "Id": 111110505
    },
    {
        "Id": 111110506
    },
    {
        "Id": 111210101
    },
    {
        "Id": 111210102
    },
    {
        "Id": 111210103
    },
    {
        "Id": 111210104
    },
    {
        "Id": 111210105
    },
    {
        "Id": 111210201
    },
    {
        "Id": 111210202
    },
    {
        "Id": 111210203
    },
    {
        "Id": 111210204
    },
    {
        "Id": 111210205
    },
    {
        "Id": 111210206
    },
    {
        "Id": 111210301
    },
    {
        "Id": 111210302
    },
    {
        "Id": 111210303
    },
    {
        "Id": 111210304
    },
    {
        "Id": 111210305
    },
    {
        "Id": 111210306
    },
    {
        "Id": 112110101
    },
    {
        "Id": 112110102
    },
    {
        "Id": 112110103
    },
    {
        "Id": 112110104
    },
    {
        "Id": 112110201
    },
    {
        "Id": 112110202
    },
    {
        "Id": 112110203
    },
    {
        "Id": 112110204
    },
    {
        "Id": 112110205
    },
    {
        "Id": 112110301
    },
    {
        "Id": 112110302
    },
    {
        "Id": 112110303
    },
    {
        "Id": 112110304
    },
    {
        "Id": 112110305
    },
    {
        "Id": 112110401
    },
    {
        "Id": 112110402
    },
    {
        "Id": 112110403
    },
    {
        "Id": 112110404
    },
    {
        "Id": 112110405
    },
    {
        "Id": 112110501
    },
    {
        "Id": 112110502
    },
    {
        "Id": 112110503
    },
    {
        "Id": 112110504
    },
    {
        "Id": 112110505
    },
    {
        "Id": 112110506
    },
    {
        "Id": 112210101
    },
    {
        "Id": 112210102
    },
    {
        "Id": 112210103
    },
    {
        "Id": 112210104
    },
    {
        "Id": 112210201
    },
    {
        "Id": 112210202
    },
    {
        "Id": 112210203
    },
    {
        "Id": 112210204
    },
    {
        "Id": 112210205
    },
    {
        "Id": 112210206
    },
    {
        "Id": 112210301
    },
    {
        "Id": 112210302
    },
    {
        "Id": 112210303
    },
    {
        "Id": 112210304
    },
    {
        "Id": 112210305
    },
    {
        "Id": 112210306
    },
    {
        "Id": 112210307
    },
    {
        "Id": 113110101
    },
    {
        "Id": 113110102
    },
    {
        "Id": 113110103
    },
    {
        "Id": 113110104
    },
    {
        "Id": 113110201
    },
    {
        "Id": 113110202
    },
    {
        "Id": 113110203
    },
    {
        "Id": 113110204
    },
    {
        "Id": 113110301
    },
    {
        "Id": 113110302
    },
    {
        "Id": 113110303
    },
    {
        "Id": 113110304
    },
    {
        "Id": 113110305
    },
    {
        "Id": 113110401
    },
    {
        "Id": 113110402
    },
    {
        "Id": 113110403
    },
    {
        "Id": 113110404
    },
    {
        "Id": 113110405
    },
    {
        "Id": 113110501
    },
    {
        "Id": 113110502
    },
    {
        "Id": 113110503
    },
    {
        "Id": 113110504
    },
    {
        "Id": 113110505
    },
    {
        "Id": 113110506
    },
    {
        "Id": 113210101
    },
    {
        "Id": 113210102
    },
    {
        "Id": 113210103
    },
    {
        "Id": 113210104
    },
    {
        "Id": 113210201
    },
    {
        "Id": 113210202
    },
    {
        "Id": 113210203
    },
    {
        "Id": 113210204
    },
    {
        "Id": 113210205
    },
    {
        "Id": 113210206
    },
    {
        "Id": 113210301
    },
    {
        "Id": 113210302
    },
    {
        "Id": 113210303
    },
    {
        "Id": 113210304
    },
    {
        "Id": 113210305
    },
    {
        "Id": 113210306
    },
    {
        "Id": 114110101
    },
    {
        "Id": 114110102
    },
    {
        "Id": 114110103
    },
    {
        "Id": 114110104
    },
    {
        "Id": 114110201
    },
    {
        "Id": 114110202
    },
    {
        "Id": 114110203
    },
    {
        "Id": 114110204
    },
    {
        "Id": 114110301
    },
    {
        "Id": 114110302
    },
    {
        "Id": 114110303
    },
    {
        "Id": 114110304
    },
    {
        "Id": 114110401
    },
    {
        "Id": 114110402
    },
    {
        "Id": 114110403
    },
    {
        "Id": 114110404
    },
    {
        "Id": 114110405
    },
    {
        "Id": 114110501
    },
    {
        "Id": 114110502
    },
    {
        "Id": 114110503
    },
    {
        "Id": 114110504
    },
    {
        "Id": 114110505
    },
    {
        "Id": 114110506
    },
    {
        "Id": 114210101
    },
    {
        "Id": 114210102
    },
    {
        "Id": 114210103
    },
    {
        "Id": 114210104
    },
    {
        "Id": 114210201
    },
    {
        "Id": 114210202
    },
    {
        "Id": 114210203
    },
    {
        "Id": 114210204
    },
    {
        "Id": 114210205
    },
    {
        "Id": 114210301
    },
    {
        "Id": 114210302
    },
    {
        "Id": 114210303
    },
    {
        "Id": 114210304
    },
    {
        "Id": 114210305
    },
    {
        "Id": 114210306
    },
    {
        "Id": 802110101
    },
    {
        "Id": 802110102
    },
    {
        "Id": 802110201
    },
    {
        "Id": 802110202
    },
    {
        "Id": 802110203
    },
    {
        "Id": 802110301
    },
    {
        "Id": 802110302
    },
    {
        "Id": 802110303
    },
    {
        "Id": 802110401
    },
    {
        "Id": 802110402
    },
    {
        "Id": 802110403
    },
    {
        "Id": 802110501
    },
    {
        "Id": 802110502
    },
    {
        "Id": 802110503
    },
    {
        "Id": 802210101
    },
    {
        "Id": 802210102
    },
    {
        "Id": 802210103
    },
    {
        "Id": 802210201
    },
    {
        "Id": 802210202
    },
    {
        "Id": 802210203
    },
    {
        "Id": 802210301
    },
    {
        "Id": 802210302
    },
    {
        "Id": 802210303
    },
    {
        "Id": 802210401
    },
    {
        "Id": 802210402
    },
    {
        "Id": 802210403
    },
    {
        "Id": 802210404
    },
    {
        "Id": 802210405
    },
    {
        "Id": 802210406
    },
    {
        "Id": 802210501
    },
    {
        "Id": 802210502
    },
    {
        "Id": 802210503
    },
    {
        "Id": 802210504
    },
    {
        "Id": 802210505
    },
    {
        "Id": 802210506
    },
    {
        "Id": 802210601
    },
    {
        "Id": 802210602
    },
    {
        "Id": 802210603
    },
    {
        "Id": 802210604
    },
    {
        "Id": 802210605
    },
    {
        "Id": 802210606
    },
    {
        "Id": 802210701
    },
    {
        "Id": 802210702
    },
    {
        "Id": 802210703
    },
    {
        "Id": 802210704
    },
    {
        "Id": 802210705
    },
    {
        "Id": 802210706
    },
    {
        "Id": 802310101
    },
    {
        "Id": 802310102
    },
    {
        "Id": 802310103
    },
    {
        "Id": 802310104
    },
    {
        "Id": 802310105
    },
    {
        "Id": 802310106
    },
    {
        "Id": 802310107
    },
    {
        "Id": 803110101
    },
    {
        "Id": 803110102
    },
    {
        "Id": 803110201
    },
    {
        "Id": 803110202
    },
    {
        "Id": 803110203
    },
    {
        "Id": 803110301
    },
    {
        "Id": 803110302
    },
    {
        "Id": 803110303
    },
    {
        "Id": 803110401
    },
    {
        "Id": 803110402
    },
    {
        "Id": 803110403
    },
    {
        "Id": 803110404
    },
    {
        "Id": 803110501
    },
    {
        "Id": 803110502
    },
    {
        "Id": 803110503
    },
    {
        "Id": 803110504
    },
    {
        "Id": 803210401
    },
    {
        "Id": 803210402
    },
    {
        "Id": 803210403
    },
    {
        "Id": 803210404
    },
    {
        "Id": 803210801
    },
    {
        "Id": 803210802
    },
    {
        "Id": 803210803
    },
    {
        "Id": 803210804
    },
    {
        "Id": 803210805
    },
    {
        "Id": 803210806
    },
    {
        "Id": 803210807
    },
    {
        "Id": 803211201
    },
    {
        "Id": 803211202
    },
    {
        "Id": 803211203
    },
    {
        "Id": 803211204
    },
    {
        "Id": 803211205
    },
    {
        "Id": 803211206
    },
    {
        "Id": 803310301
    },
    {
        "Id": 803310302
    },
    {
        "Id": 803310303
    },
    {
        "Id": 803310304
    },
    {
        "Id": 803310305
    },
    {
        "Id": 803310306
    },
    {
        "Id": 803310307
    },
    {
        "Id": 803310308
    },
    {
        "Id": 115110101
    },
    {
        "Id": 115110102
    },
    {
        "Id": 115110103
    },
    {
        "Id": 115110104
    },
    {
        "Id": 115110201
    },
    {
        "Id": 115110202
    },
    {
        "Id": 115110203
    },
    {
        "Id": 115110204
    },
    {
        "Id": 115110301
    },
    {
        "Id": 115110302
    },
    {
        "Id": 115110303
    },
    {
        "Id": 115110304
    },
    {
        "Id": 115110305
    },
    {
        "Id": 115110401
    },
    {
        "Id": 115110402
    },
    {
        "Id": 115110403
    },
    {
        "Id": 115110404
    },
    {
        "Id": 115110405
    },
    {
        "Id": 115110406
    },
    {
        "Id": 115110501
    },
    {
        "Id": 115110502
    },
    {
        "Id": 115110503
    },
    {
        "Id": 115110504
    },
    {
        "Id": 115110505
    },
    {
        "Id": 115110506
    },
    {
        "Id": 115110507
    },
    {
        "Id": 115210101
    },
    {
        "Id": 115210102
    },
    {
        "Id": 115210103
    },
    {
        "Id": 115210104
    },
    {
        "Id": 115210201
    },
    {
        "Id": 115210202
    },
    {
        "Id": 115210203
    },
    {
        "Id": 115210204
    },
    {
        "Id": 115210205
    },
    {
        "Id": 115210206
    },
    {
        "Id": 115210301
    },
    {
        "Id": 115210302
    },
    {
        "Id": 115210303
    },
    {
        "Id": 115210304
    },
    {
        "Id": 115210305
    },
    {
        "Id": 115210306
    },
    {
        "Id": 115210307
    },
    {
        "Id": 116110101
    },
    {
        "Id": 116110102
    },
    {
        "Id": 116110103
    },
    {
        "Id": 116110104
    },
    {
        "Id": 116110105
    },
    {
        "Id": 116110201
    },
    {
        "Id": 116110202
    },
    {
        "Id": 116110203
    },
    {
        "Id": 116110204
    },
    {
        "Id": 116110205
    },
    {
        "Id": 116110301
    },
    {
        "Id": 116110302
    },
    {
        "Id": 116110303
    },
    {
        "Id": 116110304
    },
    {
        "Id": 116110305
    },
    {
        "Id": 116110401
    },
    {
        "Id": 116110402
    },
    {
        "Id": 116110403
    },
    {
        "Id": 116110404
    },
    {
        "Id": 116110405
    },
    {
        "Id": 116110406
    },
    {
        "Id": 116110407
    },
    {
        "Id": 116110501
    },
    {
        "Id": 116110502
    },
    {
        "Id": 116110503
    },
    {
        "Id": 116110504
    },
    {
        "Id": 116110505
    },
    {
        "Id": 116110506
    },
    {
        "Id": 116210101
    },
    {
        "Id": 116210102
    },
    {
        "Id": 116210103
    },
    {
        "Id": 116210104
    },
    {
        "Id": 116210105
    },
    {
        "Id": 116210201
    },
    {
        "Id": 116210202
    },
    {
        "Id": 116210203
    },
    {
        "Id": 116210204
    },
    {
        "Id": 116210205
    },
    {
        "Id": 116210301
    },
    {
        "Id": 116210302
    },
    {
        "Id": 116210303
    },
    {
        "Id": 116210304
    },
    {
        "Id": 116210305
    },
    {
        "Id": 116210306
    },
    {
        "Id": 116210307
    },
    {
        "Id": 117110101
    },
    {
        "Id": 117110102
    },
    {
        "Id": 117110103
    },
    {
        "Id": 117110104
    },
    {
        "Id": 117110201
    },
    {
        "Id": 117110202
    },
    {
        "Id": 117110203
    },
    {
        "Id": 117110204
    },
    {
        "Id": 117110205
    },
    {
        "Id": 117110301
    },
    {
        "Id": 117110302
    },
    {
        "Id": 117110303
    },
    {
        "Id": 117110304
    },
    {
        "Id": 117110305
    },
    {
        "Id": 117110306
    },
    {
        "Id": 117110401
    },
    {
        "Id": 117110402
    },
    {
        "Id": 117110403
    },
    {
        "Id": 117110404
    },
    {
        "Id": 117110405
    },
    {
        "Id": 117110406
    },
    {
        "Id": 117110501
    },
    {
        "Id": 117110502
    },
    {
        "Id": 117110503
    },
    {
        "Id": 117110504
    },
    {
        "Id": 117110505
    },
    {
        "Id": 117110506
    },
    {
        "Id": 117210101
    },
    {
        "Id": 117210102
    },
    {
        "Id": 117210103
    },
    {
        "Id": 117210104
    },
    {
        "Id": 117210105
    },
    {
        "Id": 117210201
    },
    {
        "Id": 117210202
    },
    {
        "Id": 117210203
    },
    {
        "Id": 117210204
    },
    {
        "Id": 117210205
    },
    {
        "Id": 117210301
    },
    {
        "Id": 117210302
    },
    {
        "Id": 117210303
    },
    {
        "Id": 117210304
    },
    {
        "Id": 117210305
    },
    {
        "Id": 117210306
    },
    {
        "Id": 117210307
    },
    {
        "Id": 117210308
    },
    {
        "Id": 118110101
    },
    {
        "Id": 118110102
    },
    {
        "Id": 118110103
    },
    {
        "Id": 118110104
    },
    {
        "Id": 118110201
    },
    {
        "Id": 118110202
    },
    {
        "Id": 118110203
    },
    {
        "Id": 118110204
    },
    {
        "Id": 118110301
    },
    {
        "Id": 118110302
    },
    {
        "Id": 118110303
    },
    {
        "Id": 118110304
    },
    {
        "Id": 118110305
    },
    {
        "Id": 118110306
    },
    {
        "Id": 118110401
    },
    {
        "Id": 118110402
    },
    {
        "Id": 118110403
    },
    {
        "Id": 118110404
    },
    {
        "Id": 118110405
    },
    {
        "Id": 118110406
    },
    {
        "Id": 118110501
    },
    {
        "Id": 118110502
    },
    {
        "Id": 118110503
    },
    {
        "Id": 118110504
    },
    {
        "Id": 118110505
    },
    {
        "Id": 118110506
    },
    {
        "Id": 118110507
    },
    {
        "Id": 118210101
    },
    {
        "Id": 118210102
    },
    {
        "Id": 118210103
    },
    {
        "Id": 118210104
    },
    {
        "Id": 118210105
    },
    {
        "Id": 118210201
    },
    {
        "Id": 118210202
    },
    {
        "Id": 118210203
    },
    {
        "Id": 118210204
    },
    {
        "Id": 118210205
    },
    {
        "Id": 118210206
    },
    {
        "Id": 118210301
    },
    {
        "Id": 118210302
    },
    {
        "Id": 118210303
    },
    {
        "Id": 118210304
    },
    {
        "Id": 118210305
    },
    {
        "Id": 118210306
    },
    {
        "Id": 118210307
    },
    {
        "Id": 118210308
    },
    {
        "Id": 119110101
    },
    {
        "Id": 119110102
    },
    {
        "Id": 119110103
    },
    {
        "Id": 119110104
    },
    {
        "Id": 119110201
    },
    {
        "Id": 119110202
    },
    {
        "Id": 119110203
    },
    {
        "Id": 119110204
    },
    {
        "Id": 119110205
    },
    {
        "Id": 119110301
    },
    {
        "Id": 119110302
    },
    {
        "Id": 119110303
    },
    {
        "Id": 119110304
    },
    {
        "Id": 119110305
    },
    {
        "Id": 119110306
    },
    {
        "Id": 119110401
    },
    {
        "Id": 119110402
    },
    {
        "Id": 119110403
    },
    {
        "Id": 119110404
    },
    {
        "Id": 119110405
    },
    {
        "Id": 119110406
    },
    {
        "Id": 119110407
    },
    {
        "Id": 119110501
    },
    {
        "Id": 119110502
    },
    {
        "Id": 119110503
    },
    {
        "Id": 119110504
    },
    {
        "Id": 119110505
    },
    {
        "Id": 119110506
    },
    {
        "Id": 119110507
    },
    {
        "Id": 119210101
    },
    {
        "Id": 119210102
    },
    {
        "Id": 119210103
    },
    {
        "Id": 119210104
    },
    {
        "Id": 119210105
    },
    {
        "Id": 119210201
    },
    {
        "Id": 119210202
    },
    {
        "Id": 119210203
    },
    {
        "Id": 119210204
    },
    {
        "Id": 119210205
    },
    {
        "Id": 119210206
    },
    {
        "Id": 119210207
    },
    {
        "Id": 119210301
    },
    {
        "Id": 119210302
    },
    {
        "Id": 119210303
    },
    {
        "Id": 119210304
    },
    {
        "Id": 119210305
    },
    {
        "Id": 119210306
    },
    {
        "Id": 119210307
    },
    {
        "Id": 119210308
    },
    {
        "Id": 119210309
    },
    {
        "Id": 120110101
    },
    {
        "Id": 120110102
    },
    {
        "Id": 120110103
    },
    {
        "Id": 120110104
    },
    {
        "Id": 120110105
    },
    {
        "Id": 120110201
    },
    {
        "Id": 120110202
    },
    {
        "Id": 120110203
    },
    {
        "Id": 120110204
    },
    {
        "Id": 120110205
    },
    {
        "Id": 120110206
    },
    {
        "Id": 120110301
    },
    {
        "Id": 120110302
    },
    {
        "Id": 120110303
    },
    {
        "Id": 120110304
    },
    {
        "Id": 120110305
    },
    {
        "Id": 120110306
    },
    {
        "Id": 120110401
    },
    {
        "Id": 120110402
    },
    {
        "Id": 120110403
    },
    {
        "Id": 120110404
    },
    {
        "Id": 120110405
    },
    {
        "Id": 120110406
    },
    {
        "Id": 120110501
    },
    {
        "Id": 120110502
    },
    {
        "Id": 120110503
    },
    {
        "Id": 120110504
    },
    {
        "Id": 120110505
    },
    {
        "Id": 120110506
    },
    {
        "Id": 120210101
    },
    {
        "Id": 120210102
    },
    {
        "Id": 120210103
    },
    {
        "Id": 120210104
    },
    {
        "Id": 120210201
    },
    {
        "Id": 120210202
    },
    {
        "Id": 120210203
    },
    {
        "Id": 120210204
    },
    {
        "Id": 120210205
    },
    {
        "Id": 120210206
    },
    {
        "Id": 120210207
    },
    {
        "Id": 120210301
    },
    {
        "Id": 120210302
    },
    {
        "Id": 120210303
    },
    {
        "Id": 120210304
    },
    {
        "Id": 120210305
    },
    {
        "Id": 120210306
    },
    {
        "Id": 120210307
    },
    {
        "Id": 120210308
    },
    {
        "Id": 120210309
    },
    {
        "Id": 121110101
    },
    {
        "Id": 121110102
    },
    {
        "Id": 121110103
    },
    {
        "Id": 121110104
    },
    {
        "Id": 121110105
    },
    {
        "Id": 121110201
    },
    {
        "Id": 121110202
    },
    {
        "Id": 121110203
    },
    {
        "Id": 121110204
    },
    {
        "Id": 121110205
    },
    {
        "Id": 121110301
    },
    {
        "Id": 121110302
    },
    {
        "Id": 121110303
    },
    {
        "Id": 121110304
    },
    {
        "Id": 121110305
    },
    {
        "Id": 121110306
    },
    {
        "Id": 121110401
    },
    {
        "Id": 121110402
    },
    {
        "Id": 121110403
    },
    {
        "Id": 121110404
    },
    {
        "Id": 121110405
    },
    {
        "Id": 121110406
    },
    {
        "Id": 121110501
    },
    {
        "Id": 121110502
    },
    {
        "Id": 121110503
    },
    {
        "Id": 121110504
    },
    {
        "Id": 121110505
    },
    {
        "Id": 121110506
    },
    {
        "Id": 121210101
    },
    {
        "Id": 121210102
    },
    {
        "Id": 121210103
    },
    {
        "Id": 121210104
    },
    {
        "Id": 121210105
    },
    {
        "Id": 121210201
    },
    {
        "Id": 121210202
    },
    {
        "Id": 121210203
    },
    {
        "Id": 121210204
    },
    {
        "Id": 121210205
    },
    {
        "Id": 121210206
    },
    {
        "Id": 121210301
    },
    {
        "Id": 121210302
    },
    {
        "Id": 121210303
    },
    {
        "Id": 121210304
    },
    {
        "Id": 121210305
    },
    {
        "Id": 121210306
    },
    {
        "Id": 121210307
    },
    {
        "Id": 121210308
    },
    {
        "Id": 122110101
    },
    {
        "Id": 122110102
    },
    {
        "Id": 122110103
    },
    {
        "Id": 122110104
    },
    {
        "Id": 122110201
    },
    {
        "Id": 122110202
    },
    {
        "Id": 122110203
    },
    {
        "Id": 122110204
    },
    {
        "Id": 122110205
    },
    {
        "Id": 122110301
    },
    {
        "Id": 122110302
    },
    {
        "Id": 122110303
    },
    {
        "Id": 122110304
    },
    {
        "Id": 122110305
    },
    {
        "Id": 122110306
    },
    {
        "Id": 122110401
    },
    {
        "Id": 122110402
    },
    {
        "Id": 122110403
    },
    {
        "Id": 122110404
    },
    {
        "Id": 122110405
    },
    {
        "Id": 122110406
    },
    {
        "Id": 122110501
    },
    {
        "Id": 122110502
    },
    {
        "Id": 122110503
    },
    {
        "Id": 122110504
    },
    {
        "Id": 122110505
    },
    {
        "Id": 122110506
    },
    {
        "Id": 122210101
    },
    {
        "Id": 122210102
    },
    {
        "Id": 122210103
    },
    {
        "Id": 122210104
    },
    {
        "Id": 122210105
    },
    {
        "Id": 122210201
    },
    {
        "Id": 122210202
    },
    {
        "Id": 122210203
    },
    {
        "Id": 122210204
    },
    {
        "Id": 122210205
    },
    {
        "Id": 122210206
    },
    {
        "Id": 122210301
    },
    {
        "Id": 122210302
    },
    {
        "Id": 122210303
    },
    {
        "Id": 122210304
    },
    {
        "Id": 122210305
    },
    {
        "Id": 122210306
    },
    {
        "Id": 122210307
    },
    {
        "Id": 122210308
    },
    {
        "Id": 123110101
    },
    {
        "Id": 123110102
    },
    {
        "Id": 123110103
    },
    {
        "Id": 123110104
    },
    {
        "Id": 123110105
    },
    {
        "Id": 123110201
    },
    {
        "Id": 123110202
    },
    {
        "Id": 123110203
    },
    {
        "Id": 123110204
    },
    {
        "Id": 123110205
    },
    {
        "Id": 123110301
    },
    {
        "Id": 123110302
    },
    {
        "Id": 123110303
    },
    {
        "Id": 123110304
    },
    {
        "Id": 123110305
    },
    {
        "Id": 123110306
    },
    {
        "Id": 123110401
    },
    {
        "Id": 123110402
    },
    {
        "Id": 123110403
    },
    {
        "Id": 123110404
    },
    {
        "Id": 123110405
    },
    {
        "Id": 123110406
    },
    {
        "Id": 123110501
    },
    {
        "Id": 123110502
    },
    {
        "Id": 123110503
    },
    {
        "Id": 123110504
    },
    {
        "Id": 123110505
    },
    {
        "Id": 123110506
    },
    {
        "Id": 123210101
    },
    {
        "Id": 123210102
    },
    {
        "Id": 123210103
    },
    {
        "Id": 123210104
    },
    {
        "Id": 123210105
    },
    {
        "Id": 123210201
    },
    {
        "Id": 123210202
    },
    {
        "Id": 123210203
    },
    {
        "Id": 123210204
    },
    {
        "Id": 123210205
    },
    {
        "Id": 123210206
    },
    {
        "Id": 123210301
    },
    {
        "Id": 123210302
    },
    {
        "Id": 123210303
    },
    {
        "Id": 123210304
    },
    {
        "Id": 123210305
    },
    {
        "Id": 123210306
    },
    {
        "Id": 123210307
    },
    {
        "Id": 123210308
    },
    {
        "Id": 124110101
    },
    {
        "Id": 124110102
    },
    {
        "Id": 124110103
    },
    {
        "Id": 124110104
    },
    {
        "Id": 124110201
    },
    {
        "Id": 124110202
    },
    {
        "Id": 124110203
    },
    {
        "Id": 124110204
    },
    {
        "Id": 124110301
    },
    {
        "Id": 124110302
    },
    {
        "Id": 124110303
    },
    {
        "Id": 124110304
    },
    {
        "Id": 124110305
    },
    {
        "Id": 124110401
    },
    {
        "Id": 124110402
    },
    {
        "Id": 124110403
    },
    {
        "Id": 124110404
    },
    {
        "Id": 124110405
    },
    {
        "Id": 124110406
    },
    {
        "Id": 124110407
    },
    {
        "Id": 124110501
    },
    {
        "Id": 124110502
    },
    {
        "Id": 124110503
    },
    {
        "Id": 124110504
    },
    {
        "Id": 124110505
    },
    {
        "Id": 124110506
    },
    {
        "Id": 124110507
    },
    {
        "Id": 124210101
    },
    {
        "Id": 124210102
    },
    {
        "Id": 124210103
    },
    {
        "Id": 124210104
    },
    {
        "Id": 124210201
    },
    {
        "Id": 124210202
    },
    {
        "Id": 124210203
    },
    {
        "Id": 124210204
    },
    {
        "Id": 124210205
    },
    {
        "Id": 124210301
    },
    {
        "Id": 124210302
    },
    {
        "Id": 124210303
    },
    {
        "Id": 124210304
    },
    {
        "Id": 124210305
    },
    {
        "Id": 124210306
    },
    {
        "Id": 124210307
    },
    {
        "Id": 124210308
    },
    {
        "Id": 124210309
    },
    {
        "Id": 125110101
    },
    {
        "Id": 125110102
    },
    {
        "Id": 125110103
    },
    {
        "Id": 125110104
    },
    {
        "Id": 125110105
    },
    {
        "Id": 125110201
    },
    {
        "Id": 125110202
    },
    {
        "Id": 125110203
    },
    {
        "Id": 125110204
    },
    {
        "Id": 125110205
    },
    {
        "Id": 125110206
    },
    {
        "Id": 125110301
    },
    {
        "Id": 125110302
    },
    {
        "Id": 125110303
    },
    {
        "Id": 125110304
    },
    {
        "Id": 125110305
    },
    {
        "Id": 125110306
    },
    {
        "Id": 125110401
    },
    {
        "Id": 125110402
    },
    {
        "Id": 125110403
    },
    {
        "Id": 125110404
    },
    {
        "Id": 125110405
    },
    {
        "Id": 125110406
    },
    {
        "Id": 125110501
    },
    {
        "Id": 125110502
    },
    {
        "Id": 125110503
    },
    {
        "Id": 125110504
    },
    {
        "Id": 125110505
    },
    {
        "Id": 125110506
    },
    {
        "Id": 125210101
    },
    {
        "Id": 125210102
    },
    {
        "Id": 125210103
    },
    {
        "Id": 125210104
    },
    {
        "Id": 125210105
    },
    {
        "Id": 125210201
    },
    {
        "Id": 125210202
    },
    {
        "Id": 125210203
    },
    {
        "Id": 125210204
    },
    {
        "Id": 125210205
    },
    {
        "Id": 125210206
    },
    {
        "Id": 125210207
    },
    {
        "Id": 125210301
    },
    {
        "Id": 125210302
    },
    {
        "Id": 125210303
    },
    {
        "Id": 125210304
    },
    {
        "Id": 125210305
    },
    {
        "Id": 125210306
    },
    {
        "Id": 125210307
    },
    {
        "Id": 125210308
    },
    {
        "Id": 125210309
    },
    {
        "Id": 126110101
    },
    {
        "Id": 126110102
    },
    {
        "Id": 126110103
    },
    {
        "Id": 126110104
    },
    {
        "Id": 126110201
    },
    {
        "Id": 126110202
    },
    {
        "Id": 126110203
    },
    {
        "Id": 126110204
    },
    {
        "Id": 126110205
    },
    {
        "Id": 126110301
    },
    {
        "Id": 126110302
    },
    {
        "Id": 126110303
    },
    {
        "Id": 126110304
    },
    {
        "Id": 126110305
    },
    {
        "Id": 126110306
    },
    {
        "Id": 126110401
    },
    {
        "Id": 126110402
    },
    {
        "Id": 126110403
    },
    {
        "Id": 126110404
    },
    {
        "Id": 126110405
    },
    {
        "Id": 126110406
    },
    {
        "Id": 126110501
    },
    {
        "Id": 126110502
    },
    {
        "Id": 126110503
    },
    {
        "Id": 126110504
    },
    {
        "Id": 126110505
    },
    {
        "Id": 126110506
    },
    {
        "Id": 126210101
    },
    {
        "Id": 126210102
    },
    {
        "Id": 126210103
    },
    {
        "Id": 126210104
    },
    {
        "Id": 126210105
    },
    {
        "Id": 126210201
    },
    {
        "Id": 126210202
    },
    {
        "Id": 126210203
    },
    {
        "Id": 126210204
    },
    {
        "Id": 126210205
    },
    {
        "Id": 126210206
    },
    {
        "Id": 126210301
    },
    {
        "Id": 126210302
    },
    {
        "Id": 126210303
    },
    {
        "Id": 126210304
    },
    {
        "Id": 126210305
    },
    {
        "Id": 126210306
    },
    {
        "Id": 126210307
    },
    {
        "Id": 126210308
    },
    {
        "Id": 127110101
    },
    {
        "Id": 127110102
    },
    {
        "Id": 127110103
    },
    {
        "Id": 127110104
    },
    {
        "Id": 127110105
    },
    {
        "Id": 127110201
    },
    {
        "Id": 127110202
    },
    {
        "Id": 127110203
    },
    {
        "Id": 127110204
    },
    {
        "Id": 127110205
    },
    {
        "Id": 127110206
    },
    {
        "Id": 127110301
    },
    {
        "Id": 127110302
    },
    {
        "Id": 127110303
    },
    {
        "Id": 127110304
    },
    {
        "Id": 127110305
    },
    {
        "Id": 127110306
    },
    {
        "Id": 127110401
    },
    {
        "Id": 127110402
    },
    {
        "Id": 127110403
    },
    {
        "Id": 127110404
    },
    {
        "Id": 127110405
    },
    {
        "Id": 127110406
    },
    {
        "Id": 127110501
    },
    {
        "Id": 127110502
    },
    {
        "Id": 127110503
    },
    {
        "Id": 127110504
    },
    {
        "Id": 127110505
    },
    {
        "Id": 127110506
    },
    {
        "Id": 127210101
    },
    {
        "Id": 127210102
    },
    {
        "Id": 127210103
    },
    {
        "Id": 127210104
    },
    {
        "Id": 127210105
    },
    {
        "Id": 127210201
    },
    {
        "Id": 127210202
    },
    {
        "Id": 127210203
    },
    {
        "Id": 127210204
    },
    {
        "Id": 127210205
    },
    {
        "Id": 127210206
    },
    {
        "Id": 127210207
    },
    {
        "Id": 127210301
    },
    {
        "Id": 127210302
    },
    {
        "Id": 127210303
    },
    {
        "Id": 127210304
    },
    {
        "Id": 127210305
    },
    {
        "Id": 127210306
    },
    {
        "Id": 127210307
    },
    {
        "Id": 127210308
    },
    {
        "Id": 127210309
    },
    {
        "Id": 128110101
    },
    {
        "Id": 128110102
    },
    {
        "Id": 128110103
    },
    {
        "Id": 128110104
    },
    {
        "Id": 128110105
    },
    {
        "Id": 128110201
    },
    {
        "Id": 128110202
    },
    {
        "Id": 128110203
    },
    {
        "Id": 128110204
    },
    {
        "Id": 128110205
    },
    {
        "Id": 128110206
    },
    {
        "Id": 128110301
    },
    {
        "Id": 128110302
    },
    {
        "Id": 128110303
    },
    {
        "Id": 128110304
    },
    {
        "Id": 128110305
    },
    {
        "Id": 128110306
    },
    {
        "Id": 128110401
    },
    {
        "Id": 128110402
    },
    {
        "Id": 128110403
    },
    {
        "Id": 128110404
    },
    {
        "Id": 128110405
    },
    {
        "Id": 128110406
    },
    {
        "Id": 128110501
    },
    {
        "Id": 128110502
    },
    {
        "Id": 128110503
    },
    {
        "Id": 128110504
    },
    {
        "Id": 128110505
    },
    {
        "Id": 128110506
    },
    {
        "Id": 128210101
    },
    {
        "Id": 128210102
    },
    {
        "Id": 128210103
    },
    {
        "Id": 128210104
    },
    {
        "Id": 128210105
    },
    {
        "Id": 128210201
    },
    {
        "Id": 128210202
    },
    {
        "Id": 128210203
    },
    {
        "Id": 128210204
    },
    {
        "Id": 128210205
    },
    {
        "Id": 128210206
    },
    {
        "Id": 128210207
    },
    {
        "Id": 128210301
    },
    {
        "Id": 128210302
    },
    {
        "Id": 128210303
    },
    {
        "Id": 128210304
    },
    {
        "Id": 128210305
    },
    {
        "Id": 128210306
    },
    {
        "Id": 128210307
    },
    {
        "Id": 128210308
    },
    {
        "Id": 128210309
    },
    {
        "Id": 806110601
    },
    {
        "Id": 806110602
    },
    {
        "Id": 806110603
    },
    {
        "Id": 806210101
    },
    {
        "Id": 806210102
    },
    {
        "Id": 806210103
    },
    {
        "Id": 806210201
    },
    {
        "Id": 806210202
    },
    {
        "Id": 806210203
    },
    {
        "Id": 806210204
    },
    {
        "Id": 806210301
    },
    {
        "Id": 806210302
    },
    {
        "Id": 806210303
    },
    {
        "Id": 806210401
    },
    {
        "Id": 806210402
    },
    {
        "Id": 806210403
    },
    {
        "Id": 806210404
    },
    {
        "Id": 806210405
    },
    {
        "Id": 806210406
    },
    {
        "Id": 806210407
    },
    {
        "Id": 806210501
    },
    {
        "Id": 806210502
    },
    {
        "Id": 806210503
    },
    {
        "Id": 806210504
    },
    {
        "Id": 806210505
    },
    {
        "Id": 806210506
    },
    {
        "Id": 806210601
    },
    {
        "Id": 806210602
    },
    {
        "Id": 806210603
    },
    {
        "Id": 806210604
    },
    {
        "Id": 806210605
    },
    {
        "Id": 806210606
    },
    {
        "Id": 806210701
    },
    {
        "Id": 806210702
    },
    {
        "Id": 806210703
    },
    {
        "Id": 806210704
    },
    {
        "Id": 806210705
    },
    {
        "Id": 806210706
    },
    {
        "Id": 806210707
    },
    {
        "Id": 806210801
    },
    {
        "Id": 806210802
    },
    {
        "Id": 806210803
    },
    {
        "Id": 806210804
    },
    {
        "Id": 806210805
    },
    {
        "Id": 806210806
    },
    {
        "Id": 806210901
    },
    {
        "Id": 806210902
    },
    {
        "Id": 806210903
    },
    {
        "Id": 806210904
    },
    {
        "Id": 806210905
    },
    {
        "Id": 806210906
    },
    {
        "Id": 806310201
    },
    {
        "Id": 806310202
    },
    {
        "Id": 806310203
    },
    {
        "Id": 806310204
    },
    {
        "Id": 806310205
    },
    {
        "Id": 806310206
    },
    {
        "Id": 806310207
    },
    {
        "Id": 806310208
    },
    {
        "Id": 808110601
    },
    {
        "Id": 808110602
    },
    {
        "Id": 808110603
    },
    {
        "Id": 808110604
    },
    {
        "Id": 808210401
    },
    {
        "Id": 808210402
    },
    {
        "Id": 808210403
    },
    {
        "Id": 808210404
    },
    {
        "Id": 808210801
    },
    {
        "Id": 808210802
    },
    {
        "Id": 808210803
    },
    {
        "Id": 808210804
    },
    {
        "Id": 808210805
    },
    {
        "Id": 808210806
    },
    {
        "Id": 808210807
    },
    {
        "Id": 808211201
    },
    {
        "Id": 808211202
    },
    {
        "Id": 808211203
    },
    {
        "Id": 808211204
    },
    {
        "Id": 808211205
    },
    {
        "Id": 808211206
    },
    {
        "Id": 808310201
    },
    {
        "Id": 808310202
    },
    {
        "Id": 808310203
    },
    {
        "Id": 808310204
    },
    {
        "Id": 808310205
    },
    {
        "Id": 808310206
    },
    {
        "Id": 808310401
    },
    {
        "Id": 808310402
    },
    {
        "Id": 808310403
    },
    {
        "Id": 808310404
    },
    {
        "Id": 808310405
    },
    {
        "Id": 808310406
    },
    {
        "Id": 808310407
    },
    {
        "Id": 808310408
    },
    {
        "Id": 809310201
    },
    {
        "Id": 809310202
    },
    {
        "Id": 809310203
    },
    {
        "Id": 809310204
    },
    {
        "Id": 809310205
    },
    {
        "Id": 809310206
    },
    {
        "Id": 809310401
    },
    {
        "Id": 809310402
    },
    {
        "Id": 809310403
    },
    {
        "Id": 809310404
    },
    {
        "Id": 809310405
    },
    {
        "Id": 809310406
    },
    {
        "Id": 809310407
    },
    {
        "Id": 809310408
    },
    {
        "Id": 801310201
    },
    {
        "Id": 801310202
    },
    {
        "Id": 801310203
    },
    {
        "Id": 801310204
    },
    {
        "Id": 801310205
    },
    {
        "Id": 801310206
    },
    {
        "Id": 801310207
    },
    {
        "Id": 801310208
    },
    {
        "Id": 810310201
    },
    {
        "Id": 810310202
    },
    {
        "Id": 810310203
    },
    {
        "Id": 810310204
    },
    {
        "Id": 810310205
    },
    {
        "Id": 810310206
    },
    {
        "Id": 810310401
    },
    {
        "Id": 810310402
    },
    {
        "Id": 810310403
    },
    {
        "Id": 810310404
    },
    {
        "Id": 812310201
    },
    {
        "Id": 812310202
    },
    {
        "Id": 812310203
    },
    {
        "Id": 812310204
    },
    {
        "Id": 812310205
    },
    {
        "Id": 812310401
    },
    {
        "Id": 812310402
    },
    {
        "Id": 812310403
    },
    {
        "Id": 812310404
    },
    {
        "Id": 812310405
    },
    {
        "Id": 812310406
    },
    {
        "Id": 812310407
    },
    {
        "Id": 812310408
    },
    {
        "Id": 812310409
    },
    {
        "Id": 813310201
    },
    {
        "Id": 813310202
    },
    {
        "Id": 813310203
    },
    {
        "Id": 813310204
    },
    {
        "Id": 813310205
    },
    {
        "Id": 813310206
    },
    {
        "Id": 813310401
    },
    {
        "Id": 813310402
    },
    {
        "Id": 813310403
    },
    {
        "Id": 813310404
    },
    {
        "Id": 813310405
    },
    {
        "Id": 813310406
    },
    {
        "Id": 813310407
    },
    {
        "Id": 814310201
    },
    {
        "Id": 814310202
    },
    {
        "Id": 814310203
    },
    {
        "Id": 814310204
    },
    {
        "Id": 814310205
    },
    {
        "Id": 814310206
    },
    {
        "Id": 814310401
    },
    {
        "Id": 814310402
    },
    {
        "Id": 814310403
    },
    {
        "Id": 814310404
    },
    {
        "Id": 814310405
    },
    {
        "Id": 814310406
    },
    {
        "Id": 814310407
    },
    {
        "Id": 814310408
    },
    {
        "Id": 816310201
    },
    {
        "Id": 816310202
    },
    {
        "Id": 816310203
    },
    {
        "Id": 816310204
    },
    {
        "Id": 816310205
    },
    {
        "Id": 816310401
    },
    {
        "Id": 816310402
    },
    {
        "Id": 816310403
    },
    {
        "Id": 816310404
    },
    {
        "Id": 816310405
    },
    {
        "Id": 816310406
    },
    {
        "Id": 816310407
    },
    {
        "Id": 816310408
    },
    {
        "Id": 816310409
    },
    {
        "Id": 817310201
    },
    {
        "Id": 817310202
    },
    {
        "Id": 817310203
    },
    {
        "Id": 817310204
    },
    {
        "Id": 817310205
    },
    {
        "Id": 817310206
    },
    {
        "Id": 817310401
    },
    {
        "Id": 817310402
    },
    {
        "Id": 817310403
    },
    {
        "Id": 817310404
    },
    {
        "Id": 817310405
    },
    {
        "Id": 817310406
    },
    {
        "Id": 817310407
    },
    {
        "Id": 817310408
    },
    {
        "Id": 818310201
    },
    {
        "Id": 818310202
    },
    {
        "Id": 818310203
    },
    {
        "Id": 818310204
    },
    {
        "Id": 818310205
    },
    {
        "Id": 818310206
    },
    {
        "Id": 818310401
    },
    {
        "Id": 818310402
    },
    {
        "Id": 818310403
    },
    {
        "Id": 818310404
    },
    {
        "Id": 818310405
    },
    {
        "Id": 818310406
    },
    {
        "Id": 818310407
    },
    {
        "Id": 818310408
    },
    {
        "Id": 819310201
    },
    {
        "Id": 819310202
    },
    {
        "Id": 819310203
    },
    {
        "Id": 819310204
    },
    {
        "Id": 819310205
    },
    {
        "Id": 819310206
    },
    {
        "Id": 819310401
    },
    {
        "Id": 819310402
    },
    {
        "Id": 819310403
    },
    {
        "Id": 819310404
    },
    {
        "Id": 819310405
    },
    {
        "Id": 819310406
    },
    {
        "Id": 819310407
    },
    {
        "Id": 819310408
    },
    {
        "Id": 820310201
    },
    {
        "Id": 820310202
    },
    {
        "Id": 820310203
    },
    {
        "Id": 820310204
    },
    {
        "Id": 820310205
    },
    {
        "Id": 820310206
    },
    {
        "Id": 820310401
    },
    {
        "Id": 820310402
    },
    {
        "Id": 820310403
    },
    {
        "Id": 820310404
    },
    {
        "Id": 820310405
    },
    {
        "Id": 820310406
    },
    {
        "Id": 820310407
    },
    {
        "Id": 820310408
    },
    {
        "Id": 824310201
    },
    {
        "Id": 824310202
    },
    {
        "Id": 824310203
    },
    {
        "Id": 824310204
    },
    {
        "Id": 824310205
    },
    {
        "Id": 824310206
    },
    {
        "Id": 824310401
    },
    {
        "Id": 824310402
    },
    {
        "Id": 824310403
    },
    {
        "Id": 824310404
    },
    {
        "Id": 824310405
    },
    {
        "Id": 824310406
    },
    {
        "Id": 824310407
    },
    {
        "Id": 824310408
    },
    {
        "Id": 825310201
    },
    {
        "Id": 825310202
    },
    {
        "Id": 825310203
    },
    {
        "Id": 825310204
    },
    {
        "Id": 825310401
    },
    {
        "Id": 825310402
    },
    {
        "Id": 825310403
    },
    {
        "Id": 825310404
    },
    {
        "Id": 826310201
    },
    {
        "Id": 826310202
    },
    {
        "Id": 826310203
    },
    {
        "Id": 826310204
    },
    {
        "Id": 826310205
    },
    {
        "Id": 826310401
    },
    {
        "Id": 826310402
    },
    {
        "Id": 826310403
    },
    {
        "Id": 826310404
    },
    {
        "Id": 826310405
    },
    {
        "Id": 826310406
    },
    {
        "Id": 826310407
    },
    {
        "Id": 827310201
    },
    {
        "Id": 827310202
    },
    {
        "Id": 827310203
    },
    {
        "Id": 827310204
    },
    {
        "Id": 827310401
    },
    {
        "Id": 827310402
    },
    {
        "Id": 827310403
    },
    {
        "Id": 827310404
    },
    {
        "Id": 40100011401
    },
    {
        "Id": 40100011402
    },
    {
        "Id": 40100011403
    },
    {
        "Id": 40100011404
    },
    {
        "Id": 40100011405
    },
    {
        "Id": 40100020101
    },
    {
        "Id": 40100020102
    },
    {
        "Id": 40100020103
    },
    {
        "Id": 40100020104
    },
    {
        "Id": 40100020105
    },
    {
        "Id": 40100020601
    },
    {
        "Id": 40100020602
    },
    {
        "Id": 40100020603
    },
    {
        "Id": 40100020901
    },
    {
        "Id": 40100020902
    },
    {
        "Id": 40100020903
    },
    {
        "Id": 40100020904
    },
    {
        "Id": 40100021201
    },
    {
        "Id": 40100021202
    },
    {
        "Id": 40100021203
    },
    {
        "Id": 40100021501
    },
    {
        "Id": 40100021502
    },
    {
        "Id": 40100021701
    },
    {
        "Id": 40100021702
    },
    {
        "Id": 40100022001
    },
    {
        "Id": 40100022002
    },
    {
        "Id": 40100031401
    },
    {
        "Id": 40100031402
    },
    {
        "Id": 40100031403
    },
    {
        "Id": 40100031404
    },
    {
        "Id": 40100031405
    }
]