[
    {
        "Id": 101
    },
    {
        "Id": 102
    },
    {
        "Id": 103
    },
    {
        "Id": 104
    },
    {
        "Id": 105
    },
    {
        "Id": 106
    },
    {
        "Id": 107
    },
    {
        "Id": 108
    },
    {
        "Id": 109
    },
    {
        "Id": 110
    },
    {
        "Id": 111
    },
    {
        "Id": 112
    },
    {
        "Id": 113
    },
    {
        "Id": 114
    },
    {
        "Id": 115
    },
    {
        "Id": 116
    },
    {
        "Id": 117
    },
    {
        "Id": 118
    },
    {
        "Id": 119
    },
    {
        "Id": 120
    },
    {
        "Id": 121
    },
    {
        "Id": 122
    },
    {
        "Id": 123
    },
    {
        "Id": 124
    },
    {
        "Id": 125
    },
    {
        "Id": 126
    },
    {
        "Id": 127
    },
    {
        "Id": 128
    }
]