[
    {
        "ConquestBuffId": 81511
    },
    {
        "ConquestBuffId": 81512
    },
    {
        "ConquestBuffId": 81513
    },
    {
        "ConquestBuffId": 81521
    },
    {
        "ConquestBuffId": 81522
    },
    {
        "ConquestBuffId": 81523
    },
    {
        "ConquestBuffId": 81531
    },
    {
        "ConquestBuffId": 81532
    },
    {
        "ConquestBuffId": 81533
    },
    {
        "ConquestBuffId": 81541
    },
    {
        "ConquestBuffId": 81542
    },
    {
        "ConquestBuffId": 81543
    },
    {
        "ConquestBuffId": 82211
    },
    {
        "ConquestBuffId": 82212
    },
    {
        "ConquestBuffId": 82213
    },
    {
        "ConquestBuffId": 82221
    },
    {
        "ConquestBuffId": 82222
    },
    {
        "ConquestBuffId": 82223
    },
    {
        "ConquestBuffId": 82231
    },
    {
        "ConquestBuffId": 82232
    },
    {
        "ConquestBuffId": 82233
    },
    {
        "ConquestBuffId": 82241
    },
    {
        "ConquestBuffId": 82242
    },
    {
        "ConquestBuffId": 82243
    }
]