[
    {
        "EventContentId": 822,
        "Id": 82200,
        "ErosionType": 1,
        "StepIndex": 0
    },
    {
        "EventContentId": 822,
        "Id": 82201,
        "ErosionType": 1,
        "StepIndex": 1
    },
    {
        "EventContentId": 822,
        "Id": 82202,
        "ErosionType": 1,
        "StepIndex": 2
    },
    {
        "EventContentId": 822,
        "Id": 82203,
        "ErosionType": 1,
        "StepIndex": 3
    },
    {
        "EventContentId": 822,
        "Id": 82204,
        "ErosionType": 2,
        "StepIndex": 1
    },
    {
        "EventContentId": 822,
        "Id": 82205,
        "ErosionType": 2,
        "StepIndex": 2
    },
    {
        "EventContentId": 822,
        "Id": 82206,
        "ErosionType": 2,
        "StepIndex": 3
    }
]