[
    {
        "TilePrefabId": 8221111
    },
    {
        "TilePrefabId": 8221112
    },
    {
        "TilePrefabId": 8222111
    },
    {
        "TilePrefabId": 8222112
    },
    {
        "TilePrefabId": 8222113
    },
    {
        "TilePrefabId": 8222211
    },
    {
        "TilePrefabId": 8222212
    },
    {
        "TilePrefabId": 8222213
    },
    {
        "TilePrefabId": 8222311
    },
    {
        "TilePrefabId": 8222312
    },
    {
        "TilePrefabId": 8222313
    },
    {
        "TilePrefabId": 8223111
    },
    {
        "TilePrefabId": 8223112
    },
    {
        "TilePrefabId": 8223113
    },
    {
        "TilePrefabId": 8223211
    },
    {
        "TilePrefabId": 8223212
    },
    {
        "TilePrefabId": 8223213
    },
    {
        "TilePrefabId": 8223311
    },
    {
        "TilePrefabId": 8223312
    },
    {
        "TilePrefabId": 8223313
    },
    {
        "TilePrefabId": 8224111
    },
    {
        "TilePrefabId": 8224112
    },
    {
        "TilePrefabId": 8224113
    },
    {
        "TilePrefabId": 8224211
    },
    {
        "TilePrefabId": 8224212
    },
    {
        "TilePrefabId": 8224213
    },
    {
        "TilePrefabId": 8224311
    },
    {
        "TilePrefabId": 8224312
    },
    {
        "TilePrefabId": 8224313
    }
]