[
    {
        "Id": 81511111
    },
    {
        "Id": 81511121
    },
    {
        "Id": 81511211
    },
    {
        "Id": 81511212
    },
    {
        "Id": 81521111
    },
    {
        "Id": 81521121
    },
    {
        "Id": 81521131
    },
    {
        "Id": 81522111
    },
    {
        "Id": 81522121
    },
    {
        "Id": 81522131
    },
    {
        "Id": 81523111
    },
    {
        "Id": 81523121
    },
    {
        "Id": 81523131
    },
    {
        "Id": 81521211
    },
    {
        "Id": 81522211
    },
    {
        "Id": 81523211
    },
    {
        "Id": 81531111
    },
    {
        "Id": 81531121
    },
    {
        "Id": 81531131
    },
    {
        "Id": 81532111
    },
    {
        "Id": 81532121
    },
    {
        "Id": 81532131
    },
    {
        "Id": 81533111
    },
    {
        "Id": 81533121
    },
    {
        "Id": 81533131
    },
    {
        "Id": 81531211
    },
    {
        "Id": 81531212
    },
    {
        "Id": 81531213
    },
    {
        "Id": 81532211
    },
    {
        "Id": 81532212
    },
    {
        "Id": 81532213
    },
    {
        "Id": 81533211
    },
    {
        "Id": 81533212
    },
    {
        "Id": 81533213
    },
    {
        "Id": 81541111
    },
    {
        "Id": 81541121
    },
    {
        "Id": 81541131
    },
    {
        "Id": 81542111
    },
    {
        "Id": 81542121
    },
    {
        "Id": 81542131
    },
    {
        "Id": 81543111
    },
    {
        "Id": 81543121
    },
    {
        "Id": 81543131
    },
    {
        "Id": 81541211
    },
    {
        "Id": 81541212
    },
    {
        "Id": 81541213
    },
    {
        "Id": 81542211
    },
    {
        "Id": 81542212
    },
    {
        "Id": 81542213
    },
    {
        "Id": 81543211
    },
    {
        "Id": 81543212
    },
    {
        "Id": 81543213
    },
    {
        "Id": 81550211
    },
    {
        "Id": 81550221
    },
    {
        "Id": 81550231
    },
    {
        "Id": 81550241
    },
    {
        "Id": 81550251
    },
    {
        "Id": 81550261
    },
    {
        "Id": 81500001
    },
    {
        "Id": 81500002
    },
    {
        "Id": 81500003
    },
    {
        "Id": 81500004
    },
    {
        "Id": 81500005
    },
    {
        "Id": 81500006
    },
    {
        "Id": 81500007
    },
    {
        "Id": 81500008
    },
    {
        "Id": 81500009
    },
    {
        "Id": 81500010
    },
    {
        "Id": 81500011
    },
    {
        "Id": 81500012
    },
    {
        "Id": 82211111
    },
    {
        "Id": 82211121
    },
    {
        "Id": 82211211
    },
    {
        "Id": 82211212
    },
    {
        "Id": 82221111
    },
    {
        "Id": 82221121
    },
    {
        "Id": 82221131
    },
    {
        "Id": 82222111
    },
    {
        "Id": 82222121
    },
    {
        "Id": 82222131
    },
    {
        "Id": 82223111
    },
    {
        "Id": 82223121
    },
    {
        "Id": 82223131
    },
    {
        "Id": 82221211
    },
    {
        "Id": 82222211
    },
    {
        "Id": 82223211
    },
    {
        "Id": 82231111
    },
    {
        "Id": 82231121
    },
    {
        "Id": 82231131
    },
    {
        "Id": 82232111
    },
    {
        "Id": 82232121
    },
    {
        "Id": 82232131
    },
    {
        "Id": 82233111
    },
    {
        "Id": 82233121
    },
    {
        "Id": 82233131
    },
    {
        "Id": 82231211
    },
    {
        "Id": 82231212
    },
    {
        "Id": 82231213
    },
    {
        "Id": 82232211
    },
    {
        "Id": 82232212
    },
    {
        "Id": 82232213
    },
    {
        "Id": 82233211
    },
    {
        "Id": 82233212
    },
    {
        "Id": 82233213
    },
    {
        "Id": 82241111
    },
    {
        "Id": 82241121
    },
    {
        "Id": 82241131
    },
    {
        "Id": 82242111
    },
    {
        "Id": 82242121
    },
    {
        "Id": 82242131
    },
    {
        "Id": 82243111
    },
    {
        "Id": 82243121
    },
    {
        "Id": 82243131
    },
    {
        "Id": 82241211
    },
    {
        "Id": 82241212
    },
    {
        "Id": 82241213
    },
    {
        "Id": 82242211
    },
    {
        "Id": 82242212
    },
    {
        "Id": 82242213
    },
    {
        "Id": 82243211
    },
    {
        "Id": 82243212
    },
    {
        "Id": 82243213
    },
    {
        "Id": 82200001
    },
    {
        "Id": 82200002
    },
    {
        "Id": 82200003
    },
    {
        "Id": 82200004
    },
    {
        "Id": 82200005
    },
    {
        "Id": 82200006
    },
    {
        "Id": 82200007
    },
    {
        "Id": 82200008
    },
    {
        "Id": 82200009
    },
    {
        "Id": 82200010
    },
    {
        "Id": 82200011
    },
    {
        "Id": 82200012
    },
    {
        "Id": 822211110
    },
    {
        "Id": 822211210
    },
    {
        "Id": 822211310
    },
    {
        "Id": 822221110
    },
    {
        "Id": 822221210
    },
    {
        "Id": 822221310
    },
    {
        "Id": 822231110
    },
    {
        "Id": 822231210
    },
    {
        "Id": 822231310
    },
    {
        "Id": 822311110
    },
    {
        "Id": 822311210
    },
    {
        "Id": 822311310
    },
    {
        "Id": 822321110
    },
    {
        "Id": 822321210
    },
    {
        "Id": 822321310
    },
    {
        "Id": 822331110
    },
    {
        "Id": 822331210
    },
    {
        "Id": 822331310
    },
    {
        "Id": 822411110
    },
    {
        "Id": 822411210
    },
    {
        "Id": 822411310
    },
    {
        "Id": 822421110
    },
    {
        "Id": 822421210
    },
    {
        "Id": 822421310
    },
    {
        "Id": 822431110
    },
    {
        "Id": 822431210
    },
    {
        "Id": 822431310
    },
    {
        "Id": 82250211
    },
    {
        "Id": 82250221
    },
    {
        "Id": 82250231
    },
    {
        "Id": 82250241
    },
    {
        "Id": 82250251
    },
    {
        "Id": 90081511111
    },
    {
        "Id": 90081511121
    },
    {
        "Id": 90081511211
    },
    {
        "Id": 90081511212
    },
    {
        "Id": 90081521111
    },
    {
        "Id": 90081521121
    },
    {
        "Id": 90081521131
    },
    {
        "Id": 90081522111
    },
    {
        "Id": 90081522121
    },
    {
        "Id": 90081522131
    },
    {
        "Id": 90081523111
    },
    {
        "Id": 90081523121
    },
    {
        "Id": 90081523131
    },
    {
        "Id": 90081521211
    },
    {
        "Id": 90081522211
    },
    {
        "Id": 90081523211
    },
    {
        "Id": 90081531111
    },
    {
        "Id": 90081531121
    },
    {
        "Id": 90081531131
    },
    {
        "Id": 90081532111
    },
    {
        "Id": 90081532121
    },
    {
        "Id": 90081532131
    },
    {
        "Id": 90081533111
    },
    {
        "Id": 90081533121
    },
    {
        "Id": 90081533131
    },
    {
        "Id": 90081531211
    },
    {
        "Id": 90081531212
    },
    {
        "Id": 90081531213
    },
    {
        "Id": 90081532211
    },
    {
        "Id": 90081532212
    },
    {
        "Id": 90081532213
    },
    {
        "Id": 90081533211
    },
    {
        "Id": 90081533212
    },
    {
        "Id": 90081533213
    },
    {
        "Id": 90081541111
    },
    {
        "Id": 90081541121
    },
    {
        "Id": 90081541131
    },
    {
        "Id": 90081542111
    },
    {
        "Id": 90081542121
    },
    {
        "Id": 90081542131
    },
    {
        "Id": 90081543111
    },
    {
        "Id": 90081543121
    },
    {
        "Id": 90081543131
    },
    {
        "Id": 90081541211
    },
    {
        "Id": 90081541212
    },
    {
        "Id": 90081541213
    },
    {
        "Id": 90081542211
    },
    {
        "Id": 90081542212
    },
    {
        "Id": 90081542213
    },
    {
        "Id": 90081543211
    },
    {
        "Id": 90081543212
    },
    {
        "Id": 90081543213
    }
]