[
    {
        "Id": 81511,
        "EventContentId": 815,
        "ConquestObjectType": 1,
        "StepIndex": 0
    },
    {
        "Id": 81512,
        "EventContentId": 815,
        "ConquestObjectType": 1,
        "StepIndex": 1
    },
    {
        "Id": 81513,
        "EventContentId": 815,
        "ConquestObjectType": 1,
        "StepIndex": 2
    },
    {
        "Id": 81514,
        "EventContentId": 815,
        "ConquestObjectType": 1,
        "StepIndex": 3
    },
    {
        "Id": 82211,
        "EventContentId": 822,
        "ConquestObjectType": 1,
        "StepIndex": 0
    },
    {
        "Id": 82212,
        "EventContentId": 822,
        "ConquestObjectType": 1,
        "StepIndex": 1
    },
    {
        "Id": 82213,
        "EventContentId": 822,
        "ConquestObjectType": 1,
        "StepIndex": 2
    },
    {
        "Id": 82214,
        "EventContentId": 822,
        "ConquestObjectType": 1,
        "StepIndex": 3
    },
    {
        "Id": 1081511,
        "EventContentId": 10815,
        "ConquestObjectType": 1,
        "StepIndex": 0
    },
    {
        "Id": 1081512,
        "EventContentId": 10815,
        "ConquestObjectType": 1,
        "StepIndex": 1
    },
    {
        "Id": 1081513,
        "EventContentId": 10815,
        "ConquestObjectType": 1,
        "StepIndex": 2
    },
    {
        "Id": 1081514,
        "EventContentId": 10815,
        "ConquestObjectType": 1,
        "StepIndex": 3
    }
]