[
    {
        "Id": 3836164447
    },
    {
        "Id": 1675684248
    },
    {
        "Id": 4169074235
    },
    {
        "Id": 2274633264
    },
    {
        "Id": 1097758550
    },
    {
        "Id": 1944015579
    },
    {
        "Id": 2624821838
    },
    {
        "Id": 3187339042
    },
    {
        "Id": 2099732836
    },
    {
        "Id": 120084862
    },
    {
        "Id": 678558340
    },
    {
        "Id": 2918248097
    },
    {
        "Id": 949251558
    },
    {
        "Id": 2695410126
    },
    {
        "Id": 1272957218
    },
    {
        "Id": 4111847578
    },
    {
        "Id": 2059295014
    },
    {
        "Id": 487701333
    },
    {
        "Id": 685792696
    },
    {
        "Id": 252185728
    },
    {
        "Id": 1010304854
    },
    {
        "Id": 998346437
    },
    {
        "Id": 3197440583
    },
    {
        "Id": 1610960336
    },
    {
        "Id": 121582915
    },
    {
        "Id": 242141529
    },
    {
        "Id": 1226332916
    }
]