[
    {
        "EquipmentId": 1
    },
    {
        "EquipmentId": 2
    },
    {
        "EquipmentId": 3
    },
    {
        "EquipmentId": 4
    },
    {
        "EquipmentId": 10
    },
    {
        "EquipmentId": 11
    },
    {
        "EquipmentId": 12
    },
    {
        "EquipmentId": 13
    },
    {
        "EquipmentId": 20
    },
    {
        "EquipmentId": 21
    },
    {
        "EquipmentId": 22
    },
    {
        "EquipmentId": 23
    },
    {
        "EquipmentId": 30
    },
    {
        "EquipmentId": 31
    },
    {
        "EquipmentId": 32
    },
    {
        "EquipmentId": 33
    },
    {
        "EquipmentId": 40
    },
    {
        "EquipmentId": 41
    },
    {
        "EquipmentId": 42
    },
    {
        "EquipmentId": 43
    },
    {
        "EquipmentId": 1000
    },
    {
        "EquipmentId": 1001
    },
    {
        "EquipmentId": 1002
    },
    {
        "EquipmentId": 1003
    },
    {
        "EquipmentId": 1004
    },
    {
        "EquipmentId": 1005
    },
    {
        "EquipmentId": 1006
    },
    {
        "EquipmentId": 1007
    },
    {
        "EquipmentId": 1008
    },
    {
        "EquipmentId": 1009
    },
    {
        "EquipmentId": 2000
    },
    {
        "EquipmentId": 2001
    },
    {
        "EquipmentId": 2002
    },
    {
        "EquipmentId": 2003
    },
    {
        "EquipmentId": 2004
    },
    {
        "EquipmentId": 2005
    },
    {
        "EquipmentId": 2006
    },
    {
        "EquipmentId": 2007
    },
    {
        "EquipmentId": 2008
    },
    {
        "EquipmentId": 2009
    },
    {
        "EquipmentId": 3000
    },
    {
        "EquipmentId": 3001
    },
    {
        "EquipmentId": 3002
    },
    {
        "EquipmentId": 3003
    },
    {
        "EquipmentId": 3004
    },
    {
        "EquipmentId": 3005
    },
    {
        "EquipmentId": 3006
    },
    {
        "EquipmentId": 3007
    },
    {
        "EquipmentId": 3008
    },
    {
        "EquipmentId": 3009
    },
    {
        "EquipmentId": 4000
    },
    {
        "EquipmentId": 4001
    },
    {
        "EquipmentId": 4002
    },
    {
        "EquipmentId": 4003
    },
    {
        "EquipmentId": 4004
    },
    {
        "EquipmentId": 4005
    },
    {
        "EquipmentId": 4006
    },
    {
        "EquipmentId": 4007
    },
    {
        "EquipmentId": 4008
    },
    {
        "EquipmentId": 4009
    },
    {
        "EquipmentId": 5000
    },
    {
        "EquipmentId": 5001
    },
    {
        "EquipmentId": 5002
    },
    {
        "EquipmentId": 5003
    },
    {
        "EquipmentId": 5004
    },
    {
        "EquipmentId": 5005
    },
    {
        "EquipmentId": 5006
    },
    {
        "EquipmentId": 5007
    },
    {
        "EquipmentId": 5008
    },
    {
        "EquipmentId": 5009
    },
    {
        "EquipmentId": 6000
    },
    {
        "EquipmentId": 6001
    },
    {
        "EquipmentId": 6002
    },
    {
        "EquipmentId": 6003
    },
    {
        "EquipmentId": 6004
    },
    {
        "EquipmentId": 6005
    },
    {
        "EquipmentId": 6006
    },
    {
        "EquipmentId": 6007
    },
    {
        "EquipmentId": 6008
    },
    {
        "EquipmentId": 6009
    },
    {
        "EquipmentId": 7000
    },
    {
        "EquipmentId": 7001
    },
    {
        "EquipmentId": 7002
    },
    {
        "EquipmentId": 7003
    },
    {
        "EquipmentId": 7004
    },
    {
        "EquipmentId": 7005
    },
    {
        "EquipmentId": 7006
    },
    {
        "EquipmentId": 7007
    },
    {
        "EquipmentId": 7008
    },
    {
        "EquipmentId": 8000
    },
    {
        "EquipmentId": 8001
    },
    {
        "EquipmentId": 8002
    },
    {
        "EquipmentId": 8003
    },
    {
        "EquipmentId": 8004
    },
    {
        "EquipmentId": 8005
    },
    {
        "EquipmentId": 8006
    },
    {
        "EquipmentId": 8007
    },
    {
        "EquipmentId": 8008
    },
    {
        "EquipmentId": 9000
    },
    {
        "EquipmentId": 9001
    },
    {
        "EquipmentId": 9002
    },
    {
        "EquipmentId": 9003
    },
    {
        "EquipmentId": 9004
    },
    {
        "EquipmentId": 9005
    },
    {
        "EquipmentId": 9006
    },
    {
        "EquipmentId": 9007
    },
    {
        "EquipmentId": 9008
    },
    {
        "EquipmentId": 101001
    },
    {
        "EquipmentId": 101002
    },
    {
        "EquipmentId": 101003
    },
    {
        "EquipmentId": 101004
    },
    {
        "EquipmentId": 101005
    },
    {
        "EquipmentId": 101006
    },
    {
        "EquipmentId": 101007
    },
    {
        "EquipmentId": 101008
    },
    {
        "EquipmentId": 101009
    },
    {
        "EquipmentId": 102001
    },
    {
        "EquipmentId": 102002
    },
    {
        "EquipmentId": 102003
    },
    {
        "EquipmentId": 102004
    },
    {
        "EquipmentId": 102005
    },
    {
        "EquipmentId": 102006
    },
    {
        "EquipmentId": 102007
    },
    {
        "EquipmentId": 102008
    },
    {
        "EquipmentId": 102009
    },
    {
        "EquipmentId": 103001
    },
    {
        "EquipmentId": 103002
    },
    {
        "EquipmentId": 103003
    },
    {
        "EquipmentId": 103004
    },
    {
        "EquipmentId": 103005
    },
    {
        "EquipmentId": 103006
    },
    {
        "EquipmentId": 103007
    },
    {
        "EquipmentId": 103008
    },
    {
        "EquipmentId": 103009
    },
    {
        "EquipmentId": 104001
    },
    {
        "EquipmentId": 104002
    },
    {
        "EquipmentId": 104003
    },
    {
        "EquipmentId": 104004
    },
    {
        "EquipmentId": 104005
    },
    {
        "EquipmentId": 104006
    },
    {
        "EquipmentId": 104007
    },
    {
        "EquipmentId": 104008
    },
    {
        "EquipmentId": 104009
    },
    {
        "EquipmentId": 105001
    },
    {
        "EquipmentId": 105002
    },
    {
        "EquipmentId": 105003
    },
    {
        "EquipmentId": 105004
    },
    {
        "EquipmentId": 105005
    },
    {
        "EquipmentId": 105006
    },
    {
        "EquipmentId": 105007
    },
    {
        "EquipmentId": 105008
    },
    {
        "EquipmentId": 105009
    },
    {
        "EquipmentId": 106001
    },
    {
        "EquipmentId": 106002
    },
    {
        "EquipmentId": 106003
    },
    {
        "EquipmentId": 106004
    },
    {
        "EquipmentId": 106005
    },
    {
        "EquipmentId": 106006
    },
    {
        "EquipmentId": 106007
    },
    {
        "EquipmentId": 106008
    },
    {
        "EquipmentId": 106009
    },
    {
        "EquipmentId": 107001
    },
    {
        "EquipmentId": 107002
    },
    {
        "EquipmentId": 107003
    },
    {
        "EquipmentId": 107004
    },
    {
        "EquipmentId": 107005
    },
    {
        "EquipmentId": 107006
    },
    {
        "EquipmentId": 107007
    },
    {
        "EquipmentId": 107008
    },
    {
        "EquipmentId": 108001
    },
    {
        "EquipmentId": 108002
    },
    {
        "EquipmentId": 108003
    },
    {
        "EquipmentId": 108004
    },
    {
        "EquipmentId": 108005
    },
    {
        "EquipmentId": 108006
    },
    {
        "EquipmentId": 108007
    },
    {
        "EquipmentId": 108008
    },
    {
        "EquipmentId": 109001
    },
    {
        "EquipmentId": 109002
    },
    {
        "EquipmentId": 109003
    },
    {
        "EquipmentId": 109004
    },
    {
        "EquipmentId": 109005
    },
    {
        "EquipmentId": 109006
    },
    {
        "EquipmentId": 109007
    },
    {
        "EquipmentId": 109008
    }
]