[
    {
        "Id": 100
    },
    {
        "Id": 101
    },
    {
        "Id": 102
    },
    {
        "Id": 103
    },
    {
        "Id": 104
    },
    {
        "Id": 105
    },
    {
        "Id": 106
    },
    {
        "Id": 107
    },
    {
        "Id": 108
    },
    {
        "Id": 109
    },
    {
        "Id": 110
    },
    {
        "Id": 111
    },
    {
        "Id": 112
    },
    {
        "Id": 113
    },
    {
        "Id": 114
    },
    {
        "Id": 115
    },
    {
        "Id": 116
    },
    {
        "Id": 117
    },
    {
        "Id": 118
    },
    {
        "Id": 119
    }
]