[
    {
        "ID": 0
    },
    {
        "ID": 1
    },
    {
        "ID": 2
    },
    {
        "ID": 3
    },
    {
        "ID": 4
    },
    {
        "ID": 5
    },
    {
        "ID": 6
    },
    {
        "ID": 7
    },
    {
        "ID": 8
    },
    {
        "ID": 9
    },
    {
        "ID": 127
    },
    {
        "ID": 10
    },
    {
        "ID": 11
    },
    {
        "ID": 12
    },
    {
        "ID": 13
    },
    {
        "ID": 14
    },
    {
        "ID": 117
    },
    {
        "ID": 133
    },
    {
        "ID": 136
    },
    {
        "ID": 139
    },
    {
        "ID": 142
    },
    {
        "ID": 149
    },
    {
        "ID": 152
    },
    {
        "ID": 154
    },
    {
        "ID": 156
    },
    {
        "ID": 158
    },
    {
        "ID": 160
    },
    {
        "ID": 162
    },
    {
        "ID": 164
    },
    {
        "ID": 166
    },
    {
        "ID": 168
    },
    {
        "ID": 170
    },
    {
        "ID": 172
    },
    {
        "ID": 15
    },
    {
        "ID": 16
    },
    {
        "ID": 17
    },
    {
        "ID": 18
    },
    {
        "ID": 19
    },
    {
        "ID": 20
    },
    {
        "ID": 21
    },
    {
        "ID": 128
    },
    {
        "ID": 22
    },
    {
        "ID": 23
    },
    {
        "ID": 24
    },
    {
        "ID": 25
    },
    {
        "ID": 26
    },
    {
        "ID": 27
    },
    {
        "ID": 28
    },
    {
        "ID": 29
    },
    {
        "ID": 129
    },
    {
        "ID": 30
    },
    {
        "ID": 31
    },
    {
        "ID": 32
    },
    {
        "ID": 33
    },
    {
        "ID": 34
    },
    {
        "ID": 119
    },
    {
        "ID": 134
    },
    {
        "ID": 137
    },
    {
        "ID": 140
    },
    {
        "ID": 143
    },
    {
        "ID": 150
    },
    {
        "ID": 153
    },
    {
        "ID": 155
    },
    {
        "ID": 157
    },
    {
        "ID": 159
    },
    {
        "ID": 161
    },
    {
        "ID": 163
    },
    {
        "ID": 165
    },
    {
        "ID": 167
    },
    {
        "ID": 169
    },
    {
        "ID": 171
    },
    {
        "ID": 173
    },
    {
        "ID": 35
    },
    {
        "ID": 36
    },
    {
        "ID": 37
    },
    {
        "ID": 38
    },
    {
        "ID": 39
    },
    {
        "ID": 40
    },
    {
        "ID": 41
    },
    {
        "ID": 42
    },
    {
        "ID": 43
    },
    {
        "ID": 44
    },
    {
        "ID": 145
    },
    {
        "ID": 45
    },
    {
        "ID": 46
    },
    {
        "ID": 47
    },
    {
        "ID": 48
    },
    {
        "ID": 49
    },
    {
        "ID": 50
    },
    {
        "ID": 51
    },
    {
        "ID": 52
    },
    {
        "ID": 112
    },
    {
        "ID": 113
    },
    {
        "ID": 114
    },
    {
        "ID": 115
    },
    {
        "ID": 116
    },
    {
        "ID": 151
    },
    {
        "ID": 53
    },
    {
        "ID": 110
    },
    {
        "ID": 54
    },
    {
        "ID": 55
    },
    {
        "ID": 56
    },
    {
        "ID": 57
    },
    {
        "ID": 58
    },
    {
        "ID": 125
    },
    {
        "ID": 147
    },
    {
        "ID": 174
    },
    {
        "ID": 59
    },
    {
        "ID": 60
    },
    {
        "ID": 61
    },
    {
        "ID": 62
    },
    {
        "ID": 63
    },
    {
        "ID": 64
    },
    {
        "ID": 65
    },
    {
        "ID": 130
    },
    {
        "ID": 3000
    },
    {
        "ID": 3001
    },
    {
        "ID": 3002
    },
    {
        "ID": 3003
    },
    {
        "ID": 3004
    },
    {
        "ID": 3005
    },
    {
        "ID": 3006
    },
    {
        "ID": 3007
    },
    {
        "ID": 3008
    },
    {
        "ID": 3009
    },
    {
        "ID": 3010
    },
    {
        "ID": 3011
    },
    {
        "ID": 3100
    },
    {
        "ID": 3101
    },
    {
        "ID": 3102
    },
    {
        "ID": 3103
    },
    {
        "ID": 3104
    },
    {
        "ID": 3105
    },
    {
        "ID": 3106
    },
    {
        "ID": 3107
    },
    {
        "ID": 3108
    },
    {
        "ID": 3109
    }
]