[
    {
        "IncludeGrowthFactor": 0
    },
    {
        "IncludeGrowthFactor": 1
    },
    {
        "IncludeGrowthFactor": 2
    },
    {
        "IncludeGrowthFactor": 3
    },
    {
        "IncludeGrowthFactor": 4
    },
    {
        "IncludeGrowthFactor": 5
    },
    {
        "IncludeGrowthFactor": 6
    },
    {
        "IncludeGrowthFactor": 7
    },
    {
        "IncludeGrowthFactor": 8
    },
    {
        "IncludeGrowthFactor": 9
    },
    {
        "IncludeGrowthFactor": 10
    },
    {
        "IncludeGrowthFactor": 11
    },
    {
        "IncludeGrowthFactor": 17
    },
    {
        "IncludeGrowthFactor": 12
    },
    {
        "IncludeGrowthFactor": 13
    },
    {
        "IncludeGrowthFactor": 14
    },
    {
        "IncludeGrowthFactor": 15
    },
    {
        "IncludeGrowthFactor": 16
    }
]