[
    {
        "Id": 1
    },
    {
        "Id": 2
    },
    {
        "Id": 3
    },
    {
        "Id": 4
    },
    {
        "Id": 5
    },
    {
        "Id": 6
    },
    {
        "Id": 7
    },
    {
        "Id": 8
    },
    {
        "Id": 9
    },
    {
        "Id": 10
    },
    {
        "Id": 1000
    },
    {
        "Id": 11
    },
    {
        "Id": 12
    },
    {
        "Id": 1001
    },
    {
        "Id": 13
    },
    {
        "Id": 14
    },
    {
        "Id": 15
    }
]