[
    {
        "Id": 1
    },
    {
        "Id": 2
    },
    {
        "Id": 3
    },
    {
        "Id": 7
    },
    {
        "Id": 8
    },
    {
        "Id": 9
    },
    {
        "Id": 10
    },
    {
        "Id": 11
    },
    {
        "Id": 12
    },
    {
        "Id": 13
    },
    {
        "Id": 23
    },
    {
        "Id": 30
    },
    {
        "Id": 31
    },
    {
        "Id": 32
    },
    {
        "Id": 33
    },
    {
        "Id": 39
    },
    {
        "Id": 40
    },
    {
        "Id": 41
    },
    {
        "Id": 42
    },
    {
        "Id": 43
    },
    {
        "Id": 49
    },
    {
        "Id": 60
    },
    {
        "Id": 61
    },
    {
        "Id": 70
    },
    {
        "Id": 71
    },
    {
        "Id": 80
    },
    {
        "Id": 81
    },
    {
        "Id": 82
    },
    {
        "Id": 83
    },
    {
        "Id": 90
    },
    {
        "Id": 91
    },
    {
        "Id": 92
    },
    {
        "Id": 100
    },
    {
        "Id": 101
    },
    {
        "Id": 102
    },
    {
        "Id": 103
    },
    {
        "Id": 110
    },
    {
        "Id": 111
    },
    {
        "Id": 112
    },
    {
        "Id": 113
    },
    {
        "Id": 120
    },
    {
        "Id": 121
    },
    {
        "Id": 122
    },
    {
        "Id": 123
    },
    {
        "Id": 130
    },
    {
        "Id": 131
    },
    {
        "Id": 132
    },
    {
        "Id": 133
    },
    {
        "Id": 140
    },
    {
        "Id": 141
    },
    {
        "Id": 142
    },
    {
        "Id": 143
    },
    {
        "Id": 150
    },
    {
        "Id": 151
    },
    {
        "Id": 152
    },
    {
        "Id": 153
    },
    {
        "Id": 160
    },
    {
        "Id": 161
    },
    {
        "Id": 162
    },
    {
        "Id": 163
    },
    {
        "Id": 170
    },
    {
        "Id": 171
    },
    {
        "Id": 172
    },
    {
        "Id": 173
    },
    {
        "Id": 180
    },
    {
        "Id": 181
    },
    {
        "Id": 182
    },
    {
        "Id": 183
    },
    {
        "Id": 190
    },
    {
        "Id": 191
    },
    {
        "Id": 192
    },
    {
        "Id": 193
    },
    {
        "Id": 200
    },
    {
        "Id": 201
    },
    {
        "Id": 202
    },
    {
        "Id": 203
    },
    {
        "Id": 210
    },
    {
        "Id": 211
    },
    {
        "Id": 212
    },
    {
        "Id": 213
    },
    {
        "Id": 220
    },
    {
        "Id": 221
    },
    {
        "Id": 222
    },
    {
        "Id": 223
    },
    {
        "Id": 230
    },
    {
        "Id": 231
    },
    {
        "Id": 232
    },
    {
        "Id": 233
    },
    {
        "Id": 240
    },
    {
        "Id": 241
    },
    {
        "Id": 242
    },
    {
        "Id": 243
    },
    {
        "Id": 250
    },
    {
        "Id": 251
    },
    {
        "Id": 252
    },
    {
        "Id": 253
    },
    {
        "Id": 260
    },
    {
        "Id": 261
    },
    {
        "Id": 262
    },
    {
        "Id": 263
    },
    {
        "Id": 270
    },
    {
        "Id": 271
    },
    {
        "Id": 272
    },
    {
        "Id": 273
    },
    {
        "Id": 280
    },
    {
        "Id": 281
    },
    {
        "Id": 282
    },
    {
        "Id": 283
    },
    {
        "Id": 290
    },
    {
        "Id": 291
    },
    {
        "Id": 292
    },
    {
        "Id": 293
    },
    {
        "Id": 2000
    },
    {
        "Id": 2001
    },
    {
        "Id": 2002
    },
    {
        "Id": 3000
    },
    {
        "Id": 3001
    },
    {
        "Id": 3002
    },
    {
        "Id": 3003
    },
    {
        "Id": 3010
    },
    {
        "Id": 3011
    },
    {
        "Id": 3012
    },
    {
        "Id": 3013
    },
    {
        "Id": 3020
    },
    {
        "Id": 3021
    },
    {
        "Id": 3022
    },
    {
        "Id": 3023
    },
    {
        "Id": 3030
    },
    {
        "Id": 3031
    },
    {
        "Id": 3032
    },
    {
        "Id": 3033
    },
    {
        "Id": 3040
    },
    {
        "Id": 3041
    },
    {
        "Id": 3042
    },
    {
        "Id": 3043
    },
    {
        "Id": 3050
    },
    {
        "Id": 3051
    },
    {
        "Id": 3052
    },
    {
        "Id": 3053
    },
    {
        "Id": 3060
    },
    {
        "Id": 3061
    },
    {
        "Id": 3062
    },
    {
        "Id": 3063
    },
    {
        "Id": 3070
    },
    {
        "Id": 3071
    },
    {
        "Id": 3072
    },
    {
        "Id": 3073
    },
    {
        "Id": 3080
    },
    {
        "Id": 3081
    },
    {
        "Id": 3082
    },
    {
        "Id": 3083
    },
    {
        "Id": 3090
    },
    {
        "Id": 3091
    },
    {
        "Id": 3092
    },
    {
        "Id": 3093
    },
    {
        "Id": 4000
    },
    {
        "Id": 4001
    },
    {
        "Id": 4002
    },
    {
        "Id": 4003
    },
    {
        "Id": 4010
    },
    {
        "Id": 4011
    },
    {
        "Id": 4012
    },
    {
        "Id": 4013
    },
    {
        "Id": 4020
    },
    {
        "Id": 4021
    },
    {
        "Id": 4022
    },
    {
        "Id": 4023
    },
    {
        "Id": 4030
    },
    {
        "Id": 4031
    },
    {
        "Id": 4032
    },
    {
        "Id": 4033
    },
    {
        "Id": 4040
    },
    {
        "Id": 4041
    },
    {
        "Id": 4042
    },
    {
        "Id": 4043
    },
    {
        "Id": 4050
    },
    {
        "Id": 4051
    },
    {
        "Id": 4052
    },
    {
        "Id": 4053
    },
    {
        "Id": 4060
    },
    {
        "Id": 4061
    },
    {
        "Id": 4062
    },
    {
        "Id": 4063
    },
    {
        "Id": 4070
    },
    {
        "Id": 4071
    },
    {
        "Id": 4072
    },
    {
        "Id": 4073
    },
    {
        "Id": 4080
    },
    {
        "Id": 4081
    },
    {
        "Id": 4082
    },
    {
        "Id": 4083
    },
    {
        "Id": 4090
    },
    {
        "Id": 4091
    },
    {
        "Id": 4092
    },
    {
        "Id": 4093
    },
    {
        "Id": 5000
    },
    {
        "Id": 5001
    },
    {
        "Id": 5002
    },
    {
        "Id": 5003
    },
    {
        "Id": 5004
    },
    {
        "Id": 5005
    },
    {
        "Id": 5006
    },
    {
        "Id": 5007
    },
    {
        "Id": 5008
    },
    {
        "Id": 5009
    },
    {
        "Id": 5010
    },
    {
        "Id": 5011
    },
    {
        "Id": 5012
    },
    {
        "Id": 5013
    },
    {
        "Id": 5014
    },
    {
        "Id": 5015
    },
    {
        "Id": 5016
    },
    {
        "Id": 5017
    },
    {
        "Id": 5018
    },
    {
        "Id": 5019
    },
    {
        "Id": 5020
    },
    {
        "Id": 5021
    },
    {
        "Id": 5022
    },
    {
        "Id": 5023
    },
    {
        "Id": 5024
    },
    {
        "Id": 5025
    },
    {
        "Id": 5026
    },
    {
        "Id": 5027
    },
    {
        "Id": 5028
    },
    {
        "Id": 5029
    },
    {
        "Id": 5030
    },
    {
        "Id": 5031
    },
    {
        "Id": 5032
    },
    {
        "Id": 5033
    },
    {
        "Id": 5034
    },
    {
        "Id": 5100
    },
    {
        "Id": 5101
    },
    {
        "Id": 5102
    },
    {
        "Id": 5103
    },
    {
        "Id": 5104
    },
    {
        "Id": 5105
    },
    {
        "Id": 5106
    },
    {
        "Id": 5107
    },
    {
        "Id": 5108
    },
    {
        "Id": 5109
    },
    {
        "Id": 5110
    },
    {
        "Id": 5111
    },
    {
        "Id": 5112
    },
    {
        "Id": 5996
    },
    {
        "Id": 5997
    },
    {
        "Id": 5998
    },
    {
        "Id": 5999
    },
    {
        "Id": 6000
    },
    {
        "Id": 6001
    },
    {
        "Id": 6002
    },
    {
        "Id": 6003
    },
    {
        "Id": 6004
    },
    {
        "Id": 6005
    },
    {
        "Id": 6100
    },
    {
        "Id": 6101
    },
    {
        "Id": 6102
    },
    {
        "Id": 6103
    },
    {
        "Id": 6104
    },
    {
        "Id": 6105
    },
    {
        "Id": 6106
    },
    {
        "Id": 6107
    },
    {
        "Id": 6108
    },
    {
        "Id": 6200
    },
    {
        "Id": 6201
    },
    {
        "Id": 6300
    },
    {
        "Id": 6301
    },
    {
        "Id": 6400
    },
    {
        "Id": 6401
    },
    {
        "Id": 6500
    },
    {
        "Id": 6501
    },
    {
        "Id": 6502
    },
    {
        "Id": 6503
    },
    {
        "Id": 6504
    },
    {
        "Id": 6505
    },
    {
        "Id": 6506
    },
    {
        "Id": 6507
    },
    {
        "Id": 6508
    },
    {
        "Id": 6509
    },
    {
        "Id": 6510
    },
    {
        "Id": 6511
    },
    {
        "Id": 6512
    },
    {
        "Id": 6513
    },
    {
        "Id": 6514
    },
    {
        "Id": 6515
    },
    {
        "Id": 6516
    },
    {
        "Id": 6517
    },
    {
        "Id": 6518
    },
    {
        "Id": 6519
    },
    {
        "Id": 6520
    },
    {
        "Id": 6521
    },
    {
        "Id": 6522
    },
    {
        "Id": 6523
    },
    {
        "Id": 6524
    },
    {
        "Id": 6525
    },
    {
        "Id": 6526
    },
    {
        "Id": 6527
    },
    {
        "Id": 6600
    },
    {
        "Id": 6601
    },
    {
        "Id": 6602
    },
    {
        "Id": 6603
    },
    {
        "Id": 6700
    },
    {
        "Id": 6701
    },
    {
        "Id": 6702
    },
    {
        "Id": 6703
    },
    {
        "Id": 6800
    },
    {
        "Id": 6801
    },
    {
        "Id": 6998
    },
    {
        "Id": 6999
    },
    {
        "Id": 7000
    },
    {
        "Id": 7001
    },
    {
        "Id": 8100
    },
    {
        "Id": 9998
    },
    {
        "Id": 9999
    },
    {
        "Id": 10000
    },
    {
        "Id": 10001
    },
    {
        "Id": 10002
    },
    {
        "Id": 10003
    },
    {
        "Id": 10004
    },
    {
        "Id": 10005
    },
    {
        "Id": 10006
    },
    {
        "Id": 10007
    },
    {
        "Id": 10008
    },
    {
        "Id": 10009
    },
    {
        "Id": 10010
    },
    {
        "Id": 10011
    },
    {
        "Id": 10012
    },
    {
        "Id": 10013
    },
    {
        "Id": 10014
    },
    {
        "Id": 10015
    },
    {
        "Id": 10016
    },
    {
        "Id": 10017
    },
    {
        "Id": 10018
    },
    {
        "Id": 10019
    },
    {
        "Id": 10020
    },
    {
        "Id": 10021
    },
    {
        "Id": 10022
    },
    {
        "Id": 10023
    },
    {
        "Id": 10024
    },
    {
        "Id": 10025
    },
    {
        "Id": 10026
    },
    {
        "Id": 10027
    },
    {
        "Id": 10028
    },
    {
        "Id": 10029
    },
    {
        "Id": 10030
    },
    {
        "Id": 10031
    },
    {
        "Id": 10032
    },
    {
        "Id": 10033
    },
    {
        "Id": 10034
    },
    {
        "Id": 10035
    },
    {
        "Id": 10036
    },
    {
        "Id": 10037
    },
    {
        "Id": 10038
    },
    {
        "Id": 10039
    },
    {
        "Id": 10040
    },
    {
        "Id": 10041
    },
    {
        "Id": 10042
    },
    {
        "Id": 10043
    },
    {
        "Id": 10044
    },
    {
        "Id": 10045
    },
    {
        "Id": 10046
    },
    {
        "Id": 10047
    },
    {
        "Id": 10048
    },
    {
        "Id": 10049
    },
    {
        "Id": 10050
    },
    {
        "Id": 10051
    },
    {
        "Id": 10052
    },
    {
        "Id": 10053
    },
    {
        "Id": 10054
    },
    {
        "Id": 10055
    },
    {
        "Id": 10056
    },
    {
        "Id": 10057
    },
    {
        "Id": 10058
    },
    {
        "Id": 10059
    },
    {
        "Id": 10060
    },
    {
        "Id": 10061
    },
    {
        "Id": 10062
    },
    {
        "Id": 10063
    },
    {
        "Id": 10064
    },
    {
        "Id": 10065
    },
    {
        "Id": 10066
    },
    {
        "Id": 10067
    },
    {
        "Id": 10068
    },
    {
        "Id": 10069
    },
    {
        "Id": 10070
    },
    {
        "Id": 10071
    },
    {
        "Id": 10072
    },
    {
        "Id": 10073
    },
    {
        "Id": 10074
    },
    {
        "Id": 10075
    },
    {
        "Id": 10076
    },
    {
        "Id": 10077
    },
    {
        "Id": 10078
    },
    {
        "Id": 10079
    },
    {
        "Id": 10080
    },
    {
        "Id": 10081
    },
    {
        "Id": 10082
    },
    {
        "Id": 10083
    },
    {
        "Id": 10084
    },
    {
        "Id": 10085
    },
    {
        "Id": 10086
    },
    {
        "Id": 10087
    },
    {
        "Id": 10088
    },
    {
        "Id": 10089
    },
    {
        "Id": 10090
    },
    {
        "Id": 10091
    },
    {
        "Id": 10092
    },
    {
        "Id": 10093
    },
    {
        "Id": 10094
    },
    {
        "Id": 10095
    },
    {
        "Id": 10096
    },
    {
        "Id": 10097
    },
    {
        "Id": 10098
    },
    {
        "Id": 10100
    },
    {
        "Id": 10101
    },
    {
        "Id": 10102
    },
    {
        "Id": 10103
    },
    {
        "Id": 10104
    },
    {
        "Id": 10105
    },
    {
        "Id": 10106
    },
    {
        "Id": 10107
    },
    {
        "Id": 10108
    },
    {
        "Id": 10109
    },
    {
        "Id": 10110
    },
    {
        "Id": 10111
    },
    {
        "Id": 10112
    },
    {
        "Id": 10113
    },
    {
        "Id": 10114
    },
    {
        "Id": 10115
    },
    {
        "Id": 10116
    },
    {
        "Id": 10117
    },
    {
        "Id": 10118
    },
    {
        "Id": 10119
    },
    {
        "Id": 10120
    },
    {
        "Id": 10121
    },
    {
        "Id": 13000
    },
    {
        "Id": 13001
    },
    {
        "Id": 13002
    },
    {
        "Id": 13003
    },
    {
        "Id": 13004
    },
    {
        "Id": 13005
    },
    {
        "Id": 13006
    },
    {
        "Id": 13007
    },
    {
        "Id": 13008
    },
    {
        "Id": 13009
    },
    {
        "Id": 13010
    },
    {
        "Id": 13011
    },
    {
        "Id": 13012
    },
    {
        "Id": 13013
    },
    {
        "Id": 13014
    },
    {
        "Id": 16000
    },
    {
        "Id": 16001
    },
    {
        "Id": 16002
    },
    {
        "Id": 16003
    },
    {
        "Id": 16004
    },
    {
        "Id": 16005
    },
    {
        "Id": 16006
    },
    {
        "Id": 16007
    },
    {
        "Id": 16008
    },
    {
        "Id": 16009
    },
    {
        "Id": 16010
    },
    {
        "Id": 16011
    },
    {
        "Id": 16012
    },
    {
        "Id": 16013
    },
    {
        "Id": 16014
    },
    {
        "Id": 16015
    },
    {
        "Id": 16016
    },
    {
        "Id": 16017
    },
    {
        "Id": 20000
    },
    {
        "Id": 20001
    },
    {
        "Id": 20002
    },
    {
        "Id": 20003
    },
    {
        "Id": 20004
    },
    {
        "Id": 20005
    },
    {
        "Id": 20006
    },
    {
        "Id": 20007
    },
    {
        "Id": 20008
    },
    {
        "Id": 20009
    },
    {
        "Id": 20010
    },
    {
        "Id": 20011
    },
    {
        "Id": 20012
    },
    {
        "Id": 20013
    },
    {
        "Id": 20014
    },
    {
        "Id": 20015
    },
    {
        "Id": 20016
    },
    {
        "Id": 20017
    },
    {
        "Id": 20018
    },
    {
        "Id": 20019
    },
    {
        "Id": 20020
    },
    {
        "Id": 20021
    },
    {
        "Id": 20022
    },
    {
        "Id": 20023
    },
    {
        "Id": 20024
    },
    {
        "Id": 20025
    },
    {
        "Id": 20026
    },
    {
        "Id": 20027
    },
    {
        "Id": 20028
    },
    {
        "Id": 20029
    },
    {
        "Id": 20030
    },
    {
        "Id": 20031
    },
    {
        "Id": 20032
    },
    {
        "Id": 20033
    },
    {
        "Id": 20034
    },
    {
        "Id": 20035
    },
    {
        "Id": 20036
    },
    {
        "Id": 20037
    },
    {
        "Id": 20038
    },
    {
        "Id": 20039
    },
    {
        "Id": 20040
    },
    {
        "Id": 20041
    },
    {
        "Id": 20042
    },
    {
        "Id": 20043
    },
    {
        "Id": 20044
    },
    {
        "Id": 20045
    },
    {
        "Id": 20046
    },
    {
        "Id": 20047
    },
    {
        "Id": 23000
    },
    {
        "Id": 23001
    },
    {
        "Id": 23002
    },
    {
        "Id": 23003
    },
    {
        "Id": 23004
    },
    {
        "Id": 23005
    },
    {
        "Id": 23006
    },
    {
        "Id": 23007
    },
    {
        "Id": 23008
    },
    {
        "Id": 26000
    },
    {
        "Id": 26001
    },
    {
        "Id": 26002
    },
    {
        "Id": 26003
    },
    {
        "Id": 26004
    },
    {
        "Id": 26005
    },
    {
        "Id": 26006
    },
    {
        "Id": 26007
    },
    {
        "Id": 26008
    },
    {
        "Id": 26009
    },
    {
        "Id": 26010
    },
    {
        "Id": 26011
    },
    {
        "Id": 26012
    },
    {
        "Id": 26013
    },
    {
        "Id": 26014
    },
    {
        "Id": 30000
    },
    {
        "Id": 30001
    },
    {
        "Id": 30002
    },
    {
        "Id": 30003
    },
    {
        "Id": 30010
    },
    {
        "Id": 30011
    },
    {
        "Id": 30012
    },
    {
        "Id": 30013
    },
    {
        "Id": 30014
    },
    {
        "Id": 30015
    },
    {
        "Id": 30016
    },
    {
        "Id": 30017
    },
    {
        "Id": 30018
    },
    {
        "Id": 30019
    },
    {
        "Id": 30020
    },
    {
        "Id": 30021
    },
    {
        "Id": 40000
    },
    {
        "Id": 40001
    },
    {
        "Id": 40002
    },
    {
        "Id": 40003
    },
    {
        "Id": 40010
    },
    {
        "Id": 40011
    },
    {
        "Id": 40012
    },
    {
        "Id": 40013
    },
    {
        "Id": 40014
    },
    {
        "Id": 40015
    },
    {
        "Id": 40016
    },
    {
        "Id": 40017
    },
    {
        "Id": 40018
    },
    {
        "Id": 40019
    },
    {
        "Id": 40020
    },
    {
        "Id": 40021
    },
    {
        "Id": 41000
    },
    {
        "Id": 41001
    },
    {
        "Id": 41004
    },
    {
        "Id": 41005
    },
    {
        "Id": 41008
    },
    {
        "Id": 41009
    },
    {
        "Id": 50000
    },
    {
        "Id": 50001
    },
    {
        "Id": 50002
    },
    {
        "Id": 50003
    },
    {
        "Id": 50004
    },
    {
        "Id": 50005
    },
    {
        "Id": 50006
    },
    {
        "Id": 50007
    },
    {
        "Id": 60000
    },
    {
        "Id": 60001
    },
    {
        "Id": 60002
    },
    {
        "Id": 60003
    },
    {
        "Id": 60004
    },
    {
        "Id": 60005
    },
    {
        "Id": 60006
    },
    {
        "Id": 60007
    },
    {
        "Id": 60008
    },
    {
        "Id": 60009
    },
    {
        "Id": 60010
    },
    {
        "Id": 60011
    },
    {
        "Id": 60012
    },
    {
        "Id": 60013
    },
    {
        "Id": 60014
    },
    {
        "Id": 60015
    },
    {
        "Id": 60016
    },
    {
        "Id": 60017
    },
    {
        "Id": 60018
    },
    {
        "Id": 61000
    },
    {
        "Id": 61001
    },
    {
        "Id": 61002
    },
    {
        "Id": 61003
    },
    {
        "Id": 70000
    },
    {
        "Id": 70001
    },
    {
        "Id": 70002
    },
    {
        "Id": 70003
    },
    {
        "Id": 70004
    },
    {
        "Id": 70005
    },
    {
        "Id": 70006
    },
    {
        "Id": 70007
    },
    {
        "Id": 70008
    },
    {
        "Id": 70009
    },
    {
        "Id": 70010
    },
    {
        "Id": 70011
    },
    {
        "Id": 70012
    },
    {
        "Id": 70013
    },
    {
        "Id": 70014
    },
    {
        "Id": 70015
    },
    {
        "Id": 70016
    },
    {
        "Id": 70017
    },
    {
        "Id": 70018
    },
    {
        "Id": 70019
    },
    {
        "Id": 70020
    },
    {
        "Id": 70021
    },
    {
        "Id": 70022
    },
    {
        "Id": 70023
    },
    {
        "Id": 70024
    },
    {
        "Id": 70025
    },
    {
        "Id": 70026
    },
    {
        "Id": 70027
    },
    {
        "Id": 70028
    },
    {
        "Id": 70029
    },
    {
        "Id": 70030
    },
    {
        "Id": 70031
    },
    {
        "Id": 70032
    },
    {
        "Id": 70033
    },
    {
        "Id": 70034
    },
    {
        "Id": 70035
    },
    {
        "Id": 70036
    },
    {
        "Id": 70037
    },
    {
        "Id": 70038
    },
    {
        "Id": 70039
    },
    {
        "Id": 70040
    },
    {
        "Id": 70041
    },
    {
        "Id": 70042
    },
    {
        "Id": 70043
    },
    {
        "Id": 70044
    },
    {
        "Id": 70045
    },
    {
        "Id": 70046
    },
    {
        "Id": 70047
    },
    {
        "Id": 70048
    },
    {
        "Id": 70049
    },
    {
        "Id": 70050
    },
    {
        "Id": 70051
    },
    {
        "Id": 70052
    },
    {
        "Id": 70053
    },
    {
        "Id": 70054
    },
    {
        "Id": 70055
    },
    {
        "Id": 70056
    },
    {
        "Id": 70057
    },
    {
        "Id": 70058
    },
    {
        "Id": 70059
    },
    {
        "Id": 70060
    },
    {
        "Id": 70061
    },
    {
        "Id": 70062
    },
    {
        "Id": 70063
    },
    {
        "Id": 70064
    },
    {
        "Id": 70065
    },
    {
        "Id": 70066
    },
    {
        "Id": 70067
    },
    {
        "Id": 70068
    },
    {
        "Id": 70069
    },
    {
        "Id": 70070
    },
    {
        "Id": 70071
    },
    {
        "Id": 70072
    },
    {
        "Id": 70073
    },
    {
        "Id": 70074
    },
    {
        "Id": 70075
    },
    {
        "Id": 70076
    },
    {
        "Id": 70077
    },
    {
        "Id": 70078
    },
    {
        "Id": 70079
    },
    {
        "Id": 70080
    },
    {
        "Id": 70081
    },
    {
        "Id": 70082
    },
    {
        "Id": 70083
    },
    {
        "Id": 70084
    },
    {
        "Id": 70085
    },
    {
        "Id": 70086
    },
    {
        "Id": 70087
    },
    {
        "Id": 70088
    },
    {
        "Id": 70089
    },
    {
        "Id": 70090
    },
    {
        "Id": 70091
    },
    {
        "Id": 70092
    },
    {
        "Id": 70093
    },
    {
        "Id": 70094
    },
    {
        "Id": 70095
    },
    {
        "Id": 70096
    },
    {
        "Id": 70097
    },
    {
        "Id": 70098
    },
    {
        "Id": 70099
    },
    {
        "Id": 70100
    },
    {
        "Id": 70101
    },
    {
        "Id": 70102
    },
    {
        "Id": 70103
    },
    {
        "Id": 70104
    },
    {
        "Id": 70105
    },
    {
        "Id": 70106
    },
    {
        "Id": 70107
    },
    {
        "Id": 70108
    },
    {
        "Id": 70109
    },
    {
        "Id": 70110
    },
    {
        "Id": 70111
    },
    {
        "Id": 70112
    },
    {
        "Id": 70113
    },
    {
        "Id": 70114
    },
    {
        "Id": 70115
    },
    {
        "Id": 70116
    },
    {
        "Id": 70117
    },
    {
        "Id": 70118
    },
    {
        "Id": 70119
    },
    {
        "Id": 70120
    },
    {
        "Id": 70121
    },
    {
        "Id": 70122
    },
    {
        "Id": 70123
    },
    {
        "Id": 70124
    },
    {
        "Id": 70125
    },
    {
        "Id": 70126
    },
    {
        "Id": 70127
    },
    {
        "Id": 70128
    },
    {
        "Id": 70129
    },
    {
        "Id": 70130
    },
    {
        "Id": 70131
    },
    {
        "Id": 70132
    },
    {
        "Id": 70133
    },
    {
        "Id": 70134
    },
    {
        "Id": 70135
    },
    {
        "Id": 70136
    },
    {
        "Id": 70137
    },
    {
        "Id": 70138
    },
    {
        "Id": 70139
    },
    {
        "Id": 70140
    },
    {
        "Id": 70141
    },
    {
        "Id": 70142
    },
    {
        "Id": 70143
    },
    {
        "Id": 70144
    },
    {
        "Id": 70145
    },
    {
        "Id": 70146
    },
    {
        "Id": 70147
    },
    {
        "Id": 70148
    },
    {
        "Id": 70149
    },
    {
        "Id": 70150
    },
    {
        "Id": 70151
    },
    {
        "Id": 70152
    },
    {
        "Id": 70153
    },
    {
        "Id": 70154
    },
    {
        "Id": 70155
    },
    {
        "Id": 70156
    },
    {
        "Id": 70157
    },
    {
        "Id": 70158
    },
    {
        "Id": 70159
    },
    {
        "Id": 70160
    },
    {
        "Id": 70161
    },
    {
        "Id": 70162
    },
    {
        "Id": 70163
    },
    {
        "Id": 70164
    },
    {
        "Id": 70165
    },
    {
        "Id": 70166
    },
    {
        "Id": 79999
    },
    {
        "Id": 80000
    },
    {
        "Id": 80001
    },
    {
        "Id": 80002
    },
    {
        "Id": 80003
    },
    {
        "Id": 80010
    },
    {
        "Id": 80011
    },
    {
        "Id": 80012
    },
    {
        "Id": 80013
    },
    {
        "Id": 80020
    },
    {
        "Id": 80021
    },
    {
        "Id": 80022
    },
    {
        "Id": 80023
    },
    {
        "Id": 80024
    },
    {
        "Id": 80025
    },
    {
        "Id": 80026
    },
    {
        "Id": 80027
    },
    {
        "Id": 80028
    },
    {
        "Id": 80029
    },
    {
        "Id": 80030
    },
    {
        "Id": 80031
    },
    {
        "Id": 80032
    },
    {
        "Id": 80033
    },
    {
        "Id": 80040
    },
    {
        "Id": 80041
    },
    {
        "Id": 80042
    },
    {
        "Id": 80043
    },
    {
        "Id": 80050
    },
    {
        "Id": 80051
    },
    {
        "Id": 80052
    },
    {
        "Id": 80053
    },
    {
        "Id": 80060
    },
    {
        "Id": 80061
    },
    {
        "Id": 80062
    },
    {
        "Id": 80063
    },
    {
        "Id": 80070
    },
    {
        "Id": 80071
    },
    {
        "Id": 80072
    },
    {
        "Id": 80073
    },
    {
        "Id": 80080
    },
    {
        "Id": 80081
    },
    {
        "Id": 80082
    },
    {
        "Id": 80083
    },
    {
        "Id": 80084
    },
    {
        "Id": 80090
    },
    {
        "Id": 80100
    },
    {
        "Id": 80101
    },
    {
        "Id": 80102
    },
    {
        "Id": 80103
    },
    {
        "Id": 80110
    },
    {
        "Id": 80111
    },
    {
        "Id": 80112
    },
    {
        "Id": 80113
    },
    {
        "Id": 80120
    },
    {
        "Id": 80130
    },
    {
        "Id": 80131
    },
    {
        "Id": 80132
    },
    {
        "Id": 80133
    },
    {
        "Id": 80134
    },
    {
        "Id": 80135
    },
    {
        "Id": 80136
    },
    {
        "Id": 80140
    },
    {
        "Id": 80141
    },
    {
        "Id": 80142
    },
    {
        "Id": 80143
    },
    {
        "Id": 80150
    },
    {
        "Id": 80151
    },
    {
        "Id": 80152
    },
    {
        "Id": 80153
    },
    {
        "Id": 80160
    },
    {
        "Id": 80161
    },
    {
        "Id": 80162
    },
    {
        "Id": 80163
    },
    {
        "Id": 80170
    },
    {
        "Id": 80171
    },
    {
        "Id": 80172
    },
    {
        "Id": 80173
    },
    {
        "Id": 80180
    },
    {
        "Id": 80181
    },
    {
        "Id": 80182
    },
    {
        "Id": 80183
    },
    {
        "Id": 80200
    },
    {
        "Id": 80201
    },
    {
        "Id": 80202
    },
    {
        "Id": 80203
    },
    {
        "Id": 80204
    },
    {
        "Id": 80205
    },
    {
        "Id": 80220
    },
    {
        "Id": 80221
    },
    {
        "Id": 80222
    },
    {
        "Id": 80223
    },
    {
        "Id": 80230
    },
    {
        "Id": 80231
    },
    {
        "Id": 80232
    },
    {
        "Id": 80240
    },
    {
        "Id": 80241
    },
    {
        "Id": 80242
    },
    {
        "Id": 80243
    },
    {
        "Id": 80250
    },
    {
        "Id": 80260
    },
    {
        "Id": 80261
    },
    {
        "Id": 80262
    },
    {
        "Id": 80263
    },
    {
        "Id": 80264
    },
    {
        "Id": 80265
    },
    {
        "Id": 80266
    },
    {
        "Id": 80267
    },
    {
        "Id": 80268
    },
    {
        "Id": 80269
    },
    {
        "Id": 80270
    },
    {
        "Id": 80280
    },
    {
        "Id": 80290
    },
    {
        "Id": 80291
    },
    {
        "Id": 80292
    },
    {
        "Id": 80293
    },
    {
        "Id": 80300
    },
    {
        "Id": 80301
    },
    {
        "Id": 80302
    },
    {
        "Id": 80303
    },
    {
        "Id": 80310
    },
    {
        "Id": 80311
    },
    {
        "Id": 80312
    },
    {
        "Id": 80313
    },
    {
        "Id": 80320
    },
    {
        "Id": 80330
    },
    {
        "Id": 80331
    },
    {
        "Id": 80332
    },
    {
        "Id": 80333
    },
    {
        "Id": 80340
    },
    {
        "Id": 80350
    },
    {
        "Id": 80360
    },
    {
        "Id": 80361
    },
    {
        "Id": 80362
    },
    {
        "Id": 80363
    },
    {
        "Id": 80370
    },
    {
        "Id": 80380
    },
    {
        "Id": 80381
    },
    {
        "Id": 80382
    },
    {
        "Id": 80390
    },
    {
        "Id": 80391
    },
    {
        "Id": 80392
    },
    {
        "Id": 80393
    },
    {
        "Id": 80394
    },
    {
        "Id": 80400
    },
    {
        "Id": 80401
    },
    {
        "Id": 80402
    },
    {
        "Id": 80403
    },
    {
        "Id": 80410
    },
    {
        "Id": 80420
    },
    {
        "Id": 80421
    },
    {
        "Id": 80422
    },
    {
        "Id": 80423
    },
    {
        "Id": 80430
    },
    {
        "Id": 80440
    },
    {
        "Id": 80441
    },
    {
        "Id": 80442
    },
    {
        "Id": 80443
    },
    {
        "Id": 80450
    },
    {
        "Id": 80451
    },
    {
        "Id": 80452
    },
    {
        "Id": 80453
    },
    {
        "Id": 80460
    },
    {
        "Id": 80461
    },
    {
        "Id": 80462
    },
    {
        "Id": 80463
    },
    {
        "Id": 80470
    },
    {
        "Id": 80471
    },
    {
        "Id": 80472
    },
    {
        "Id": 80473
    },
    {
        "Id": 80480
    },
    {
        "Id": 80490
    },
    {
        "Id": 80491
    },
    {
        "Id": 80492
    },
    {
        "Id": 80493
    },
    {
        "Id": 80500
    },
    {
        "Id": 80510
    },
    {
        "Id": 80520
    },
    {
        "Id": 80521
    },
    {
        "Id": 80522
    },
    {
        "Id": 80523
    },
    {
        "Id": 80530
    },
    {
        "Id": 80540
    },
    {
        "Id": 80541
    },
    {
        "Id": 80542
    },
    {
        "Id": 80550
    },
    {
        "Id": 80560
    },
    {
        "Id": 80561
    },
    {
        "Id": 80570
    },
    {
        "Id": 80571
    },
    {
        "Id": 80572
    },
    {
        "Id": 80573
    },
    {
        "Id": 80580
    },
    {
        "Id": 80590
    },
    {
        "Id": 80591
    },
    {
        "Id": 80592
    },
    {
        "Id": 80593
    },
    {
        "Id": 80600
    },
    {
        "Id": 80601
    },
    {
        "Id": 80602
    },
    {
        "Id": 80603
    },
    {
        "Id": 80610
    },
    {
        "Id": 80620
    },
    {
        "Id": 80630
    },
    {
        "Id": 80631
    },
    {
        "Id": 80632
    },
    {
        "Id": 80633
    },
    {
        "Id": 80640
    },
    {
        "Id": 85000
    },
    {
        "Id": 85001
    },
    {
        "Id": 85002
    },
    {
        "Id": 85003
    },
    {
        "Id": 85010
    },
    {
        "Id": 85011
    },
    {
        "Id": 85012
    },
    {
        "Id": 85013
    },
    {
        "Id": 85020
    },
    {
        "Id": 85021
    },
    {
        "Id": 85022
    },
    {
        "Id": 85023
    },
    {
        "Id": 85024
    },
    {
        "Id": 85025
    },
    {
        "Id": 85026
    },
    {
        "Id": 85027
    },
    {
        "Id": 85028
    },
    {
        "Id": 85029
    },
    {
        "Id": 85030
    },
    {
        "Id": 85031
    },
    {
        "Id": 85032
    },
    {
        "Id": 85033
    },
    {
        "Id": 85040
    },
    {
        "Id": 85041
    },
    {
        "Id": 85042
    },
    {
        "Id": 85043
    },
    {
        "Id": 85050
    },
    {
        "Id": 85051
    },
    {
        "Id": 85052
    },
    {
        "Id": 85053
    },
    {
        "Id": 85060
    },
    {
        "Id": 85061
    },
    {
        "Id": 85062
    },
    {
        "Id": 85063
    },
    {
        "Id": 85070
    },
    {
        "Id": 85071
    },
    {
        "Id": 85072
    },
    {
        "Id": 85073
    },
    {
        "Id": 85080
    },
    {
        "Id": 85081
    },
    {
        "Id": 85082
    },
    {
        "Id": 85083
    },
    {
        "Id": 85084
    },
    {
        "Id": 85090
    },
    {
        "Id": 85100
    },
    {
        "Id": 85101
    },
    {
        "Id": 85102
    },
    {
        "Id": 85103
    },
    {
        "Id": 85110
    },
    {
        "Id": 85111
    },
    {
        "Id": 85112
    },
    {
        "Id": 85113
    },
    {
        "Id": 85120
    },
    {
        "Id": 85130
    },
    {
        "Id": 85131
    },
    {
        "Id": 85132
    },
    {
        "Id": 85133
    },
    {
        "Id": 85134
    },
    {
        "Id": 85135
    },
    {
        "Id": 85136
    },
    {
        "Id": 85140
    },
    {
        "Id": 85141
    },
    {
        "Id": 85142
    },
    {
        "Id": 85143
    },
    {
        "Id": 85150
    },
    {
        "Id": 85151
    },
    {
        "Id": 85152
    },
    {
        "Id": 85153
    },
    {
        "Id": 85160
    },
    {
        "Id": 85161
    },
    {
        "Id": 85162
    },
    {
        "Id": 85163
    },
    {
        "Id": 85164
    },
    {
        "Id": 85165
    },
    {
        "Id": 85166
    },
    {
        "Id": 85167
    },
    {
        "Id": 85168
    },
    {
        "Id": 85169
    },
    {
        "Id": 85170
    },
    {
        "Id": 85180
    },
    {
        "Id": 85181
    },
    {
        "Id": 85182
    },
    {
        "Id": 85183
    },
    {
        "Id": 85190
    },
    {
        "Id": 85191
    },
    {
        "Id": 85192
    },
    {
        "Id": 85193
    },
    {
        "Id": 85200
    },
    {
        "Id": 85201
    },
    {
        "Id": 85202
    },
    {
        "Id": 85203
    },
    {
        "Id": 85210
    },
    {
        "Id": 85211
    },
    {
        "Id": 85212
    },
    {
        "Id": 85220
    },
    {
        "Id": 85221
    },
    {
        "Id": 85222
    },
    {
        "Id": 85223
    },
    {
        "Id": 85224
    },
    {
        "Id": 85225
    },
    {
        "Id": 85226
    },
    {
        "Id": 85227
    },
    {
        "Id": 85228
    },
    {
        "Id": 85229
    },
    {
        "Id": 85230
    },
    {
        "Id": 85240
    },
    {
        "Id": 85241
    },
    {
        "Id": 85242
    },
    {
        "Id": 85243
    },
    {
        "Id": 85250
    },
    {
        "Id": 85251
    },
    {
        "Id": 85252
    },
    {
        "Id": 85253
    },
    {
        "Id": 85260
    },
    {
        "Id": 85261
    },
    {
        "Id": 85262
    },
    {
        "Id": 85270
    },
    {
        "Id": 85271
    },
    {
        "Id": 85272
    },
    {
        "Id": 85273
    },
    {
        "Id": 85280
    },
    {
        "Id": 85281
    },
    {
        "Id": 85282
    },
    {
        "Id": 85283
    },
    {
        "Id": 85290
    },
    {
        "Id": 85291
    },
    {
        "Id": 85292
    },
    {
        "Id": 85293
    },
    {
        "Id": 85300
    },
    {
        "Id": 85301
    },
    {
        "Id": 85302
    },
    {
        "Id": 85303
    },
    {
        "Id": 86310
    },
    {
        "Id": 86311
    },
    {
        "Id": 86312
    },
    {
        "Id": 86313
    },
    {
        "Id": 90000
    },
    {
        "Id": 99999
    },
    {
        "Id": 100000
    },
    {
        "Id": 100001
    },
    {
        "Id": 100002
    },
    {
        "Id": 100003
    },
    {
        "Id": 100004
    },
    {
        "Id": 100005
    },
    {
        "Id": 100006
    },
    {
        "Id": 100007
    },
    {
        "Id": 100008
    },
    {
        "Id": 100009
    },
    {
        "Id": 100010
    },
    {
        "Id": 100011
    },
    {
        "Id": 100012
    },
    {
        "Id": 100013
    },
    {
        "Id": 100014
    },
    {
        "Id": 100015
    },
    {
        "Id": 100016
    },
    {
        "Id": 100017
    },
    {
        "Id": 100018
    },
    {
        "Id": 100019
    },
    {
        "Id": 100020
    },
    {
        "Id": 100021
    },
    {
        "Id": 100022
    },
    {
        "Id": 100023
    },
    {
        "Id": 100024
    },
    {
        "Id": 100025
    },
    {
        "Id": 100026
    },
    {
        "Id": 100027
    },
    {
        "Id": 100028
    },
    {
        "Id": 100029
    },
    {
        "Id": 100030
    },
    {
        "Id": 100031
    },
    {
        "Id": 100032
    },
    {
        "Id": 100033
    },
    {
        "Id": 100034
    },
    {
        "Id": 100035
    },
    {
        "Id": 100036
    },
    {
        "Id": 100037
    },
    {
        "Id": 100038
    },
    {
        "Id": 100039
    },
    {
        "Id": 100040
    },
    {
        "Id": 100041
    },
    {
        "Id": 110000
    },
    {
        "Id": 110001
    },
    {
        "Id": 110002
    },
    {
        "Id": 110003
    },
    {
        "Id": 110004
    },
    {
        "Id": 110005
    },
    {
        "Id": 110006
    },
    {
        "Id": 110007
    },
    {
        "Id": 110008
    },
    {
        "Id": 110009
    },
    {
        "Id": 110010
    },
    {
        "Id": 110011
    },
    {
        "Id": 110012
    },
    {
        "Id": 110013
    },
    {
        "Id": 110014
    },
    {
        "Id": 110015
    },
    {
        "Id": 120000
    },
    {
        "Id": 120001
    },
    {
        "Id": 120002
    },
    {
        "Id": 120003
    },
    {
        "Id": 120004
    },
    {
        "Id": 120005
    },
    {
        "Id": 150000
    },
    {
        "Id": 150001
    },
    {
        "Id": 150002
    },
    {
        "Id": 150003
    },
    {
        "Id": 150004
    },
    {
        "Id": 150005
    },
    {
        "Id": 150006
    },
    {
        "Id": 150007
    },
    {
        "Id": 150008
    },
    {
        "Id": 150009
    },
    {
        "Id": 150010
    },
    {
        "Id": 150011
    },
    {
        "Id": 150012
    },
    {
        "Id": 150013
    },
    {
        "Id": 150014
    },
    {
        "Id": 150015
    },
    {
        "Id": 150016
    },
    {
        "Id": 150017
    },
    {
        "Id": 150018
    },
    {
        "Id": 150019
    },
    {
        "Id": 150020
    },
    {
        "Id": 150021
    },
    {
        "Id": 150022
    },
    {
        "Id": 150023
    },
    {
        "Id": 150024
    },
    {
        "Id": 150025
    },
    {
        "Id": 150026
    },
    {
        "Id": 150027
    },
    {
        "Id": 150028
    },
    {
        "Id": 150029
    },
    {
        "Id": 150030
    },
    {
        "Id": 150031
    },
    {
        "Id": 150032
    },
    {
        "Id": 150033
    },
    {
        "Id": 150034
    },
    {
        "Id": 150035
    },
    {
        "Id": 150036
    },
    {
        "Id": 150037
    },
    {
        "Id": 150038
    },
    {
        "Id": 150039
    },
    {
        "Id": 150040
    },
    {
        "Id": 150041
    },
    {
        "Id": 150042
    },
    {
        "Id": 150043
    },
    {
        "Id": 150044
    },
    {
        "Id": 150045
    },
    {
        "Id": 150046
    },
    {
        "Id": 151000
    },
    {
        "Id": 151001
    },
    {
        "Id": 151002
    },
    {
        "Id": 151003
    },
    {
        "Id": 151004
    },
    {
        "Id": 151005
    },
    {
        "Id": 151006
    },
    {
        "Id": 151007
    },
    {
        "Id": 151008
    },
    {
        "Id": 151009
    },
    {
        "Id": 151010
    },
    {
        "Id": 151011
    },
    {
        "Id": 151012
    },
    {
        "Id": 151013
    },
    {
        "Id": 151014
    },
    {
        "Id": 151015
    },
    {
        "Id": 151016
    },
    {
        "Id": 151017
    },
    {
        "Id": 151018
    },
    {
        "Id": 151019
    },
    {
        "Id": 151020
    },
    {
        "Id": 151991
    },
    {
        "Id": 151992
    },
    {
        "Id": 151993
    },
    {
        "Id": 151999
    },
    {
        "Id": 160000
    },
    {
        "Id": 160001
    },
    {
        "Id": 160002
    },
    {
        "Id": 160003
    },
    {
        "Id": 160004
    },
    {
        "Id": 160005
    },
    {
        "Id": 160006
    },
    {
        "Id": 160007
    },
    {
        "Id": 160008
    },
    {
        "Id": 160009
    },
    {
        "Id": 160010
    },
    {
        "Id": 160011
    },
    {
        "Id": 160012
    },
    {
        "Id": 160013
    },
    {
        "Id": 160014
    },
    {
        "Id": 160015
    },
    {
        "Id": 160016
    },
    {
        "Id": 169999
    },
    {
        "Id": 180000
    },
    {
        "Id": 180001
    },
    {
        "Id": 180002
    },
    {
        "Id": 180003
    },
    {
        "Id": 180004
    },
    {
        "Id": 180005
    },
    {
        "Id": 180006
    },
    {
        "Id": 180007
    },
    {
        "Id": 180008
    },
    {
        "Id": 180009
    },
    {
        "Id": 180010
    },
    {
        "Id": 180011
    },
    {
        "Id": 180012
    },
    {
        "Id": 180013
    },
    {
        "Id": 180014
    },
    {
        "Id": 180015
    },
    {
        "Id": 180016
    },
    {
        "Id": 180017
    },
    {
        "Id": 180018
    },
    {
        "Id": 180019
    },
    {
        "Id": 180020
    },
    {
        "Id": 180021
    },
    {
        "Id": 180022
    },
    {
        "Id": 180023
    },
    {
        "Id": 180024
    },
    {
        "Id": 180025
    },
    {
        "Id": 180026
    },
    {
        "Id": 180027
    },
    {
        "Id": 180028
    },
    {
        "Id": 180029
    },
    {
        "Id": 180030
    },
    {
        "Id": 180031
    },
    {
        "Id": 180032
    },
    {
        "Id": 180033
    },
    {
        "Id": 180034
    },
    {
        "Id": 180035
    },
    {
        "Id": 180036
    },
    {
        "Id": 180037
    },
    {
        "Id": 180038
    },
    {
        "Id": 180039
    },
    {
        "Id": 180040
    },
    {
        "Id": 180041
    },
    {
        "Id": 180042
    },
    {
        "Id": 180043
    },
    {
        "Id": 180044
    },
    {
        "Id": 180045
    },
    {
        "Id": 180046
    },
    {
        "Id": 180047
    },
    {
        "Id": 180048
    },
    {
        "Id": 180049
    },
    {
        "Id": 180050
    },
    {
        "Id": 180051
    },
    {
        "Id": 180052
    },
    {
        "Id": 180053
    },
    {
        "Id": 180054
    },
    {
        "Id": 180055
    },
    {
        "Id": 180056
    },
    {
        "Id": 180057
    },
    {
        "Id": 180058
    },
    {
        "Id": 180059
    },
    {
        "Id": 180060
    },
    {
        "Id": 180061
    },
    {
        "Id": 180062
    },
    {
        "Id": 180063
    },
    {
        "Id": 180064
    },
    {
        "Id": 180065
    },
    {
        "Id": 180066
    },
    {
        "Id": 180067
    },
    {
        "Id": 180068
    },
    {
        "Id": 180069
    },
    {
        "Id": 180070
    },
    {
        "Id": 180071
    },
    {
        "Id": 180072
    },
    {
        "Id": 180073
    },
    {
        "Id": 180074
    },
    {
        "Id": 180075
    },
    {
        "Id": 180076
    },
    {
        "Id": 180077
    },
    {
        "Id": 180078
    },
    {
        "Id": 180079
    },
    {
        "Id": 180080
    },
    {
        "Id": 180081
    },
    {
        "Id": 180082
    },
    {
        "Id": 180083
    },
    {
        "Id": 180084
    },
    {
        "Id": 180085
    },
    {
        "Id": 180086
    },
    {
        "Id": 180087
    },
    {
        "Id": 180088
    },
    {
        "Id": 180089
    },
    {
        "Id": 180090
    },
    {
        "Id": 180091
    },
    {
        "Id": 180092
    },
    {
        "Id": 180093
    },
    {
        "Id": 180094
    },
    {
        "Id": 180095
    },
    {
        "Id": 180096
    },
    {
        "Id": 180097
    },
    {
        "Id": 180098
    },
    {
        "Id": 180099
    },
    {
        "Id": 180100
    },
    {
        "Id": 180101
    },
    {
        "Id": 180102
    },
    {
        "Id": 180103
    },
    {
        "Id": 180104
    },
    {
        "Id": 180105
    },
    {
        "Id": 180106
    },
    {
        "Id": 180107
    },
    {
        "Id": 180108
    },
    {
        "Id": 180109
    },
    {
        "Id": 180110
    },
    {
        "Id": 180111
    },
    {
        "Id": 180112
    },
    {
        "Id": 180113
    },
    {
        "Id": 180114
    },
    {
        "Id": 180115
    },
    {
        "Id": 180116
    },
    {
        "Id": 180117
    },
    {
        "Id": 180118
    },
    {
        "Id": 180119
    },
    {
        "Id": 180120
    },
    {
        "Id": 180121
    },
    {
        "Id": 180122
    },
    {
        "Id": 180123
    },
    {
        "Id": 180124
    },
    {
        "Id": 190000
    },
    {
        "Id": 190001
    },
    {
        "Id": 190002
    },
    {
        "Id": 190003
    },
    {
        "Id": 190010
    },
    {
        "Id": 190011
    },
    {
        "Id": 190012
    },
    {
        "Id": 190013
    },
    {
        "Id": 190020
    },
    {
        "Id": 190021
    },
    {
        "Id": 190022
    },
    {
        "Id": 190023
    },
    {
        "Id": 191000
    },
    {
        "Id": 191001
    },
    {
        "Id": 191002
    },
    {
        "Id": 191003
    },
    {
        "Id": 191004
    },
    {
        "Id": 191005
    },
    {
        "Id": 191006
    },
    {
        "Id": 191007
    },
    {
        "Id": 191008
    },
    {
        "Id": 191009
    },
    {
        "Id": 191010
    },
    {
        "Id": 191011
    },
    {
        "Id": 191012
    },
    {
        "Id": 191013
    },
    {
        "Id": 191014
    },
    {
        "Id": 191015
    },
    {
        "Id": 191016
    },
    {
        "Id": 191017
    },
    {
        "Id": 191018
    },
    {
        "Id": 191019
    },
    {
        "Id": 191020
    },
    {
        "Id": 191991
    },
    {
        "Id": 191992
    },
    {
        "Id": 191993
    },
    {
        "Id": 191999
    },
    {
        "Id": 200000
    },
    {
        "Id": 200001
    },
    {
        "Id": 10000000
    },
    {
        "Id": 10000001
    },
    {
        "Id": 10000002
    },
    {
        "Id": 10000003
    },
    {
        "Id": 11000000
    },
    {
        "Id": 11000001
    },
    {
        "Id": 12000000
    },
    {
        "Id": 12000001
    },
    {
        "Id": 12000002
    },
    {
        "Id": 20000000
    },
    {
        "Id": 20000001
    },
    {
        "Id": 20000002
    },
    {
        "Id": 20000003
    },
    {
        "Id": 20000004
    },
    {
        "Id": 20000005
    },
    {
        "Id": 20000006
    },
    {
        "Id": 20000007
    },
    {
        "Id": 20000008
    },
    {
        "Id": 20000009
    },
    {
        "Id": 20000010
    },
    {
        "Id": 20000011
    },
    {
        "Id": 20000012
    },
    {
        "Id": 20000013
    },
    {
        "Id": 20001000
    },
    {
        "Id": 20001001
    },
    {
        "Id": 29999998
    },
    {
        "Id": 29999999
    },
    {
        "Id": 30000000
    },
    {
        "Id": 30000001
    },
    {
        "Id": 30000002
    },
    {
        "Id": 30000003
    },
    {
        "Id": 30000004
    }
]