[
    {
        "GachaShopId": 1
    },
    {
        "GachaShopId": 2
    },
    {
        "GachaShopId": 3
    },
    {
        "GachaShopId": 50000
    },
    {
        "GachaShopId": 50001
    },
    {
        "GachaShopId": 50002
    },
    {
        "GachaShopId": 50003
    },
    {
        "GachaShopId": 50004
    },
    {
        "GachaShopId": 50005
    },
    {
        "GachaShopId": 50010
    },
    {
        "GachaShopId": 50011
    },
    {
        "GachaShopId": 50012
    },
    {
        "GachaShopId": 50013
    },
    {
        "GachaShopId": 50014
    },
    {
        "GachaShopId": 50015
    },
    {
        "GachaShopId": 50020
    },
    {
        "GachaShopId": 50021
    },
    {
        "GachaShopId": 50022
    },
    {
        "GachaShopId": 50023
    },
    {
        "GachaShopId": 50024
    },
    {
        "GachaShopId": 50025
    },
    {
        "GachaShopId": 50030
    },
    {
        "GachaShopId": 50031
    },
    {
        "GachaShopId": 50032
    },
    {
        "GachaShopId": 50033
    },
    {
        "GachaShopId": 50040
    },
    {
        "GachaShopId": 50041
    },
    {
        "GachaShopId": 50042
    },
    {
        "GachaShopId": 50043
    },
    {
        "GachaShopId": 50044
    },
    {
        "GachaShopId": 50045
    },
    {
        "GachaShopId": 50050
    },
    {
        "GachaShopId": 50051
    },
    {
        "GachaShopId": 50053
    },
    {
        "GachaShopId": 50054
    },
    {
        "GachaShopId": 50055
    },
    {
        "GachaShopId": 50060
    },
    {
        "GachaShopId": 50061
    },
    {
        "GachaShopId": 50063
    },
    {
        "GachaShopId": 50064
    },
    {
        "GachaShopId": 50065
    },
    {
        "GachaShopId": 50070
    },
    {
        "GachaShopId": 50071
    },
    {
        "GachaShopId": 50072
    },
    {
        "GachaShopId": 50073
    },
    {
        "GachaShopId": 50074
    },
    {
        "GachaShopId": 50075
    },
    {
        "GachaShopId": 50080
    },
    {
        "GachaShopId": 50081
    },
    {
        "GachaShopId": 50083
    },
    {
        "GachaShopId": 50084
    },
    {
        "GachaShopId": 50085
    },
    {
        "GachaShopId": 50090
    },
    {
        "GachaShopId": 50091
    },
    {
        "GachaShopId": 50092
    },
    {
        "GachaShopId": 50093
    },
    {
        "GachaShopId": 50094
    },
    {
        "GachaShopId": 50095
    },
    {
        "GachaShopId": 50100
    },
    {
        "GachaShopId": 50101
    },
    {
        "GachaShopId": 50103
    },
    {
        "GachaShopId": 50104
    },
    {
        "GachaShopId": 50105
    },
    {
        "GachaShopId": 50110
    },
    {
        "GachaShopId": 50111
    },
    {
        "GachaShopId": 50113
    },
    {
        "GachaShopId": 50114
    },
    {
        "GachaShopId": 50115
    },
    {
        "GachaShopId": 50120
    },
    {
        "GachaShopId": 50121
    },
    {
        "GachaShopId": 50122
    },
    {
        "GachaShopId": 50123
    },
    {
        "GachaShopId": 50124
    },
    {
        "GachaShopId": 50125
    },
    {
        "GachaShopId": 50126
    },
    {
        "GachaShopId": 50127
    },
    {
        "GachaShopId": 50128
    },
    {
        "GachaShopId": 50129
    },
    {
        "GachaShopId": 50130
    },
    {
        "GachaShopId": 50140
    },
    {
        "GachaShopId": 50141
    },
    {
        "GachaShopId": 50142
    },
    {
        "GachaShopId": 50143
    },
    {
        "GachaShopId": 50144
    },
    {
        "GachaShopId": 50145
    },
    {
        "GachaShopId": 50146
    },
    {
        "GachaShopId": 50147
    },
    {
        "GachaShopId": 50148
    },
    {
        "GachaShopId": 50150
    },
    {
        "GachaShopId": 50151
    },
    {
        "GachaShopId": 50152
    },
    {
        "GachaShopId": 50153
    },
    {
        "GachaShopId": 50154
    },
    {
        "GachaShopId": 50155
    },
    {
        "GachaShopId": 50156
    },
    {
        "GachaShopId": 50157
    },
    {
        "GachaShopId": 50158
    },
    {
        "GachaShopId": 50159
    },
    {
        "GachaShopId": 50160
    },
    {
        "GachaShopId": 50161
    },
    {
        "GachaShopId": 50162
    },
    {
        "GachaShopId": 50163
    },
    {
        "GachaShopId": 50164
    },
    {
        "GachaShopId": 50165
    },
    {
        "GachaShopId": 50170
    },
    {
        "GachaShopId": 50171
    },
    {
        "GachaShopId": 50172
    },
    {
        "GachaShopId": 50173
    },
    {
        "GachaShopId": 50174
    },
    {
        "GachaShopId": 50175
    },
    {
        "GachaShopId": 50180
    },
    {
        "GachaShopId": 50181
    },
    {
        "GachaShopId": 50182
    },
    {
        "GachaShopId": 50183
    },
    {
        "GachaShopId": 50184
    },
    {
        "GachaShopId": 50185
    },
    {
        "GachaShopId": 50190
    },
    {
        "GachaShopId": 50191
    },
    {
        "GachaShopId": 50192
    },
    {
        "GachaShopId": 50193
    },
    {
        "GachaShopId": 50194
    },
    {
        "GachaShopId": 50195
    },
    {
        "GachaShopId": 50196
    },
    {
        "GachaShopId": 50197
    },
    {
        "GachaShopId": 50198
    },
    {
        "GachaShopId": 50199
    },
    {
        "GachaShopId": 50200
    },
    {
        "GachaShopId": 50210
    },
    {
        "GachaShopId": 50211
    },
    {
        "GachaShopId": 50212
    },
    {
        "GachaShopId": 50213
    },
    {
        "GachaShopId": 50214
    },
    {
        "GachaShopId": 50215
    },
    {
        "GachaShopId": 50216
    },
    {
        "GachaShopId": 50217
    },
    {
        "GachaShopId": 50218
    },
    {
        "GachaShopId": 50219
    },
    {
        "GachaShopId": 50220
    },
    {
        "GachaShopId": 50221
    },
    {
        "GachaShopId": 50222
    },
    {
        "GachaShopId": 50230
    },
    {
        "GachaShopId": 50231
    },
    {
        "GachaShopId": 50232
    },
    {
        "GachaShopId": 50233
    },
    {
        "GachaShopId": 50234
    },
    {
        "GachaShopId": 50235
    },
    {
        "GachaShopId": 50236
    },
    {
        "GachaShopId": 50237
    },
    {
        "GachaShopId": 50238
    },
    {
        "GachaShopId": 50239
    },
    {
        "GachaShopId": 50240
    },
    {
        "GachaShopId": 50250
    },
    {
        "GachaShopId": 50251
    },
    {
        "GachaShopId": 50252
    },
    {
        "GachaShopId": 50253
    },
    {
        "GachaShopId": 50254
    },
    {
        "GachaShopId": 50255
    },
    {
        "GachaShopId": 50256
    },
    {
        "GachaShopId": 50257
    },
    {
        "GachaShopId": 50258
    },
    {
        "GachaShopId": 50260
    },
    {
        "GachaShopId": 50261
    },
    {
        "GachaShopId": 50262
    },
    {
        "GachaShopId": 50263
    },
    {
        "GachaShopId": 50264
    },
    {
        "GachaShopId": 50265
    },
    {
        "GachaShopId": 50266
    },
    {
        "GachaShopId": 50267
    },
    {
        "GachaShopId": 50268
    },
    {
        "GachaShopId": 50269
    },
    {
        "GachaShopId": 50270
    },
    {
        "GachaShopId": 50271
    },
    {
        "GachaShopId": 50280
    },
    {
        "GachaShopId": 50281
    },
    {
        "GachaShopId": 50282
    },
    {
        "GachaShopId": 50283
    },
    {
        "GachaShopId": 50284
    },
    {
        "GachaShopId": 50285
    },
    {
        "GachaShopId": 50286
    },
    {
        "GachaShopId": 50290
    },
    {
        "GachaShopId": 50291
    },
    {
        "GachaShopId": 50292
    },
    {
        "GachaShopId": 50293
    },
    {
        "GachaShopId": 50294
    },
    {
        "GachaShopId": 50295
    },
    {
        "GachaShopId": 50296
    },
    {
        "GachaShopId": 50297
    },
    {
        "GachaShopId": 50298
    },
    {
        "GachaShopId": 50300
    },
    {
        "GachaShopId": 50301
    },
    {
        "GachaShopId": 50302
    },
    {
        "GachaShopId": 50303
    },
    {
        "GachaShopId": 50304
    },
    {
        "GachaShopId": 50305
    },
    {
        "GachaShopId": 50310
    },
    {
        "GachaShopId": 50311
    },
    {
        "GachaShopId": 50312
    },
    {
        "GachaShopId": 50313
    },
    {
        "GachaShopId": 50314
    },
    {
        "GachaShopId": 50315
    },
    {
        "GachaShopId": 50316
    },
    {
        "GachaShopId": 50317
    },
    {
        "GachaShopId": 50318
    },
    {
        "GachaShopId": 50319
    },
    {
        "GachaShopId": 50320
    },
    {
        "GachaShopId": 50321
    },
    {
        "GachaShopId": 50322
    },
    {
        "GachaShopId": 50323
    },
    {
        "GachaShopId": 50324
    },
    {
        "GachaShopId": 50325
    },
    {
        "GachaShopId": 50326
    },
    {
        "GachaShopId": 50330
    },
    {
        "GachaShopId": 50331
    },
    {
        "GachaShopId": 50332
    },
    {
        "GachaShopId": 50333
    },
    {
        "GachaShopId": 50334
    },
    {
        "GachaShopId": 50335
    },
    {
        "GachaShopId": 50336
    },
    {
        "GachaShopId": 50337
    },
    {
        "GachaShopId": 50338
    },
    {
        "GachaShopId": 50339
    },
    {
        "GachaShopId": 50340
    },
    {
        "GachaShopId": 50350
    },
    {
        "GachaShopId": 50351
    },
    {
        "GachaShopId": 50352
    },
    {
        "GachaShopId": 50353
    },
    {
        "GachaShopId": 50354
    },
    {
        "GachaShopId": 50355
    },
    {
        "GachaShopId": 50356
    },
    {
        "GachaShopId": 50357
    },
    {
        "GachaShopId": 50358
    },
    {
        "GachaShopId": 50359
    },
    {
        "GachaShopId": 50360
    },
    {
        "GachaShopId": 50361
    },
    {
        "GachaShopId": 50362
    },
    {
        "GachaShopId": 50363
    },
    {
        "GachaShopId": 50364
    },
    {
        "GachaShopId": 50365
    },
    {
        "GachaShopId": 50366
    },
    {
        "GachaShopId": 50367
    },
    {
        "GachaShopId": 50368
    },
    {
        "GachaShopId": 50369
    },
    {
        "GachaShopId": 50370
    },
    {
        "GachaShopId": 50371
    },
    {
        "GachaShopId": 50372
    },
    {
        "GachaShopId": 50380
    },
    {
        "GachaShopId": 50381
    },
    {
        "GachaShopId": 50382
    },
    {
        "GachaShopId": 50383
    },
    {
        "GachaShopId": 50384
    },
    {
        "GachaShopId": 50385
    },
    {
        "GachaShopId": 50386
    },
    {
        "GachaShopId": 50387
    },
    {
        "GachaShopId": 50388
    },
    {
        "GachaShopId": 50389
    },
    {
        "GachaShopId": 50390
    },
    {
        "GachaShopId": 50391
    },
    {
        "GachaShopId": 50392
    },
    {
        "GachaShopId": 50393
    },
    {
        "GachaShopId": 50400
    },
    {
        "GachaShopId": 50401
    },
    {
        "GachaShopId": 50402
    },
    {
        "GachaShopId": 50403
    },
    {
        "GachaShopId": 50404
    },
    {
        "GachaShopId": 50405
    },
    {
        "GachaShopId": 50406
    },
    {
        "GachaShopId": 50407
    },
    {
        "GachaShopId": 50408
    },
    {
        "GachaShopId": 50409
    },
    {
        "GachaShopId": 50410
    },
    {
        "GachaShopId": 50411
    },
    {
        "GachaShopId": 50420
    },
    {
        "GachaShopId": 50421
    },
    {
        "GachaShopId": 50422
    },
    {
        "GachaShopId": 50423
    },
    {
        "GachaShopId": 50424
    },
    {
        "GachaShopId": 50425
    },
    {
        "GachaShopId": 50426
    },
    {
        "GachaShopId": 50427
    },
    {
        "GachaShopId": 50428
    },
    {
        "GachaShopId": 50429
    },
    {
        "GachaShopId": 50430
    },
    {
        "GachaShopId": 50440
    },
    {
        "GachaShopId": 50441
    },
    {
        "GachaShopId": 50442
    },
    {
        "GachaShopId": 50443
    },
    {
        "GachaShopId": 50444
    },
    {
        "GachaShopId": 50445
    },
    {
        "GachaShopId": 50446
    },
    {
        "GachaShopId": 50447
    },
    {
        "GachaShopId": 50450
    },
    {
        "GachaShopId": 50451
    },
    {
        "GachaShopId": 50452
    },
    {
        "GachaShopId": 50453
    },
    {
        "GachaShopId": 50454
    },
    {
        "GachaShopId": 50455
    },
    {
        "GachaShopId": 50456
    },
    {
        "GachaShopId": 50457
    },
    {
        "GachaShopId": 50458
    },
    {
        "GachaShopId": 50459
    },
    {
        "GachaShopId": 50460
    },
    {
        "GachaShopId": 50461
    },
    {
        "GachaShopId": 50462
    },
    {
        "GachaShopId": 50463
    },
    {
        "GachaShopId": 50470
    },
    {
        "GachaShopId": 50471
    },
    {
        "GachaShopId": 50472
    },
    {
        "GachaShopId": 50473
    },
    {
        "GachaShopId": 50474
    },
    {
        "GachaShopId": 50475
    },
    {
        "GachaShopId": 50476
    },
    {
        "GachaShopId": 50477
    },
    {
        "GachaShopId": 50478
    },
    {
        "GachaShopId": 50479
    },
    {
        "GachaShopId": 50480
    },
    {
        "GachaShopId": 50481
    },
    {
        "GachaShopId": 50490
    },
    {
        "GachaShopId": 50491
    },
    {
        "GachaShopId": 50492
    },
    {
        "GachaShopId": 50493
    },
    {
        "GachaShopId": 50494
    },
    {
        "GachaShopId": 50495
    },
    {
        "GachaShopId": 50496
    },
    {
        "GachaShopId": 50497
    },
    {
        "GachaShopId": 50498
    },
    {
        "GachaShopId": 50499
    },
    {
        "GachaShopId": 50500
    },
    {
        "GachaShopId": 50501
    },
    {
        "GachaShopId": 50502
    },
    {
        "GachaShopId": 50503
    },
    {
        "GachaShopId": 50510
    },
    {
        "GachaShopId": 50511
    },
    {
        "GachaShopId": 50512
    },
    {
        "GachaShopId": 50513
    },
    {
        "GachaShopId": 50514
    },
    {
        "GachaShopId": 50515
    },
    {
        "GachaShopId": 50516
    },
    {
        "GachaShopId": 50517
    },
    {
        "GachaShopId": 50518
    },
    {
        "GachaShopId": 50519
    },
    {
        "GachaShopId": 50520
    },
    {
        "GachaShopId": 50530
    },
    {
        "GachaShopId": 50531
    },
    {
        "GachaShopId": 50532
    },
    {
        "GachaShopId": 50533
    },
    {
        "GachaShopId": 50534
    },
    {
        "GachaShopId": 50535
    },
    {
        "GachaShopId": 50536
    },
    {
        "GachaShopId": 50537
    },
    {
        "GachaShopId": 50538
    },
    {
        "GachaShopId": 50539
    },
    {
        "GachaShopId": 50540
    },
    {
        "GachaShopId": 50541
    },
    {
        "GachaShopId": 50542
    },
    {
        "GachaShopId": 50550
    },
    {
        "GachaShopId": 50551
    },
    {
        "GachaShopId": 50552
    },
    {
        "GachaShopId": 50553
    },
    {
        "GachaShopId": 50554
    },
    {
        "GachaShopId": 50555
    },
    {
        "GachaShopId": 50556
    },
    {
        "GachaShopId": 50557
    },
    {
        "GachaShopId": 50558
    },
    {
        "GachaShopId": 50559
    },
    {
        "GachaShopId": 50560
    },
    {
        "GachaShopId": 50561
    },
    {
        "GachaShopId": 50562
    },
    {
        "GachaShopId": 50563
    },
    {
        "GachaShopId": 50570
    },
    {
        "GachaShopId": 50571
    },
    {
        "GachaShopId": 50572
    },
    {
        "GachaShopId": 50573
    },
    {
        "GachaShopId": 50574
    },
    {
        "GachaShopId": 50575
    },
    {
        "GachaShopId": 50576
    },
    {
        "GachaShopId": 50577
    },
    {
        "GachaShopId": 50578
    },
    {
        "GachaShopId": 50579
    },
    {
        "GachaShopId": 50580
    },
    {
        "GachaShopId": 50581
    },
    {
        "GachaShopId": 50582
    },
    {
        "GachaShopId": 50583
    },
    {
        "GachaShopId": 50590
    },
    {
        "GachaShopId": 50591
    },
    {
        "GachaShopId": 50592
    },
    {
        "GachaShopId": 50593
    },
    {
        "GachaShopId": 50594
    },
    {
        "GachaShopId": 50595
    },
    {
        "GachaShopId": 50596
    },
    {
        "GachaShopId": 50597
    },
    {
        "GachaShopId": 50598
    },
    {
        "GachaShopId": 50599
    },
    {
        "GachaShopId": 50600
    },
    {
        "GachaShopId": 50601
    },
    {
        "GachaShopId": 50602
    },
    {
        "GachaShopId": 50603
    },
    {
        "GachaShopId": 50604
    },
    {
        "GachaShopId": 50605
    },
    {
        "GachaShopId": 50606
    },
    {
        "GachaShopId": 50607
    },
    {
        "GachaShopId": 50608
    },
    {
        "GachaShopId": 50609
    },
    {
        "GachaShopId": 50610
    },
    {
        "GachaShopId": 50611
    },
    {
        "GachaShopId": 50612
    },
    {
        "GachaShopId": 50613
    },
    {
        "GachaShopId": 50620
    },
    {
        "GachaShopId": 50621
    },
    {
        "GachaShopId": 50622
    },
    {
        "GachaShopId": 50623
    },
    {
        "GachaShopId": 50624
    },
    {
        "GachaShopId": 50625
    },
    {
        "GachaShopId": 50626
    },
    {
        "GachaShopId": 50627
    },
    {
        "GachaShopId": 50628
    },
    {
        "GachaShopId": 50629
    },
    {
        "GachaShopId": 50630
    },
    {
        "GachaShopId": 50631
    },
    {
        "GachaShopId": 50632
    },
    {
        "GachaShopId": 50640
    },
    {
        "GachaShopId": 50641
    },
    {
        "GachaShopId": 50642
    },
    {
        "GachaShopId": 50643
    },
    {
        "GachaShopId": 50644
    },
    {
        "GachaShopId": 50645
    },
    {
        "GachaShopId": 50646
    },
    {
        "GachaShopId": 50647
    },
    {
        "GachaShopId": 50648
    },
    {
        "GachaShopId": 50649
    },
    {
        "GachaShopId": 50650
    },
    {
        "GachaShopId": 50651
    },
    {
        "GachaShopId": 50652
    },
    {
        "GachaShopId": 50660
    },
    {
        "GachaShopId": 50661
    },
    {
        "GachaShopId": 50662
    },
    {
        "GachaShopId": 50663
    },
    {
        "GachaShopId": 50664
    },
    {
        "GachaShopId": 50665
    },
    {
        "GachaShopId": 50666
    },
    {
        "GachaShopId": 50667
    },
    {
        "GachaShopId": 50668
    },
    {
        "GachaShopId": 50669
    },
    {
        "GachaShopId": 50670
    },
    {
        "GachaShopId": 50671
    },
    {
        "GachaShopId": 50672
    },
    {
        "GachaShopId": 50673
    },
    {
        "GachaShopId": 50674
    },
    {
        "GachaShopId": 50675
    },
    {
        "GachaShopId": 50676
    },
    {
        "GachaShopId": 50677
    },
    {
        "GachaShopId": 50678
    },
    {
        "GachaShopId": 50679
    },
    {
        "GachaShopId": 50680
    },
    {
        "GachaShopId": 50681
    },
    {
        "GachaShopId": 50682
    },
    {
        "GachaShopId": 50683
    },
    {
        "GachaShopId": 50684
    },
    {
        "GachaShopId": 50685
    },
    {
        "GachaShopId": 50686
    },
    {
        "GachaShopId": 50687
    },
    {
        "GachaShopId": 50690
    },
    {
        "GachaShopId": 50691
    },
    {
        "GachaShopId": 50692
    },
    {
        "GachaShopId": 50693
    },
    {
        "GachaShopId": 50694
    },
    {
        "GachaShopId": 50695
    },
    {
        "GachaShopId": 50696
    },
    {
        "GachaShopId": 50697
    },
    {
        "GachaShopId": 50698
    },
    {
        "GachaShopId": 50699
    },
    {
        "GachaShopId": 50700
    },
    {
        "GachaShopId": 50701
    },
    {
        "GachaShopId": 50702
    },
    {
        "GachaShopId": 50710
    },
    {
        "GachaShopId": 50711
    },
    {
        "GachaShopId": 50712
    },
    {
        "GachaShopId": 50713
    },
    {
        "GachaShopId": 50714
    },
    {
        "GachaShopId": 50715
    },
    {
        "GachaShopId": 50716
    },
    {
        "GachaShopId": 50717
    },
    {
        "GachaShopId": 50718
    },
    {
        "GachaShopId": 50719
    },
    {
        "GachaShopId": 50720
    },
    {
        "GachaShopId": 50721
    },
    {
        "GachaShopId": 50722
    },
    {
        "GachaShopId": 50723
    },
    {
        "GachaShopId": 50730
    },
    {
        "GachaShopId": 50731
    },
    {
        "GachaShopId": 50732
    },
    {
        "GachaShopId": 50733
    },
    {
        "GachaShopId": 50734
    },
    {
        "GachaShopId": 50735
    },
    {
        "GachaShopId": 50736
    },
    {
        "GachaShopId": 50737
    },
    {
        "GachaShopId": 50738
    },
    {
        "GachaShopId": 50739
    },
    {
        "GachaShopId": 50740
    },
    {
        "GachaShopId": 50750
    },
    {
        "GachaShopId": 50751
    },
    {
        "GachaShopId": 50752
    },
    {
        "GachaShopId": 50753
    },
    {
        "GachaShopId": 50754
    },
    {
        "GachaShopId": 50755
    },
    {
        "GachaShopId": 50756
    },
    {
        "GachaShopId": 50757
    },
    {
        "GachaShopId": 50758
    },
    {
        "GachaShopId": 50759
    },
    {
        "GachaShopId": 50760
    },
    {
        "GachaShopId": 50761
    },
    {
        "GachaShopId": 50762
    },
    {
        "GachaShopId": 50763
    },
    {
        "GachaShopId": 50764
    },
    {
        "GachaShopId": 50765
    },
    {
        "GachaShopId": 50766
    },
    {
        "GachaShopId": 50767
    },
    {
        "GachaShopId": 50768
    },
    {
        "GachaShopId": 50769
    },
    {
        "GachaShopId": 50770
    },
    {
        "GachaShopId": 50780
    },
    {
        "GachaShopId": 50781
    },
    {
        "GachaShopId": 50782
    },
    {
        "GachaShopId": 50783
    },
    {
        "GachaShopId": 50784
    },
    {
        "GachaShopId": 50785
    },
    {
        "GachaShopId": 50786
    },
    {
        "GachaShopId": 50787
    },
    {
        "GachaShopId": 50788
    },
    {
        "GachaShopId": 50789
    },
    {
        "GachaShopId": 50790
    },
    {
        "GachaShopId": 50791
    },
    {
        "GachaShopId": 50792
    },
    {
        "GachaShopId": 50800
    },
    {
        "GachaShopId": 50801
    },
    {
        "GachaShopId": 50802
    },
    {
        "GachaShopId": 60000
    },
    {
        "GachaShopId": 60001
    },
    {
        "GachaShopId": 60002
    },
    {
        "GachaShopId": 60003
    },
    {
        "GachaShopId": 60004
    },
    {
        "GachaShopId": 60005
    },
    {
        "GachaShopId": 60006
    },
    {
        "GachaShopId": 60007
    },
    {
        "GachaShopId": 61000
    },
    {
        "GachaShopId": 61001
    },
    {
        "GachaShopId": 61002
    },
    {
        "GachaShopId": 62000
    },
    {
        "GachaShopId": 62001
    },
    {
        "GachaShopId": 62002
    },
    {
        "GachaShopId": 63000
    },
    {
        "GachaShopId": 63001
    },
    {
        "GachaShopId": 63002
    },
    {
        "GachaShopId": 61100
    },
    {
        "GachaShopId": 61101
    },
    {
        "GachaShopId": 61102
    },
    {
        "GachaShopId": 61103
    },
    {
        "GachaShopId": 62100
    },
    {
        "GachaShopId": 62101
    },
    {
        "GachaShopId": 62102
    },
    {
        "GachaShopId": 62103
    },
    {
        "GachaShopId": 63100
    },
    {
        "GachaShopId": 63101
    },
    {
        "GachaShopId": 63102
    },
    {
        "GachaShopId": 63103
    },
    {
        "GachaShopId": 64100
    },
    {
        "GachaShopId": 64101
    },
    {
        "GachaShopId": 64102
    },
    {
        "GachaShopId": 64103
    },
    {
        "GachaShopId": 70000
    },
    {
        "GachaShopId": 80000
    },
    {
        "GachaShopId": 80001
    },
    {
        "GachaShopId": 80002
    },
    {
        "GachaShopId": 90000
    },
    {
        "GachaShopId": 90001
    },
    {
        "GachaShopId": 90002
    },
    {
        "GachaShopId": 90003
    },
    {
        "GachaShopId": 90100
    },
    {
        "GachaShopId": 90101
    },
    {
        "GachaShopId": 90102
    },
    {
        "GachaShopId": 90103
    },
    {
        "GachaShopId": 90200
    },
    {
        "GachaShopId": 90201
    },
    {
        "GachaShopId": 90202
    },
    {
        "GachaShopId": 90203
    },
    {
        "GachaShopId": 70001
    }
]