[
    {
        "EventContentId": 846,
        "UniqueId": 101,
        "MapGroupId": 100
    },
    {
        "EventContentId": 846,
        "UniqueId": 201,
        "MapGroupId": 200
    },
    {
        "EventContentId": 846,
        "UniqueId": 301,
        "MapGroupId": 300
    },
    {
        "EventContentId": 846,
        "UniqueId": 401,
        "MapGroupId": 400
    },
    {
        "EventContentId": 846,
        "UniqueId": 501,
        "MapGroupId": 500
    },
    {
        "EventContentId": 846,
        "UniqueId": 601,
        "MapGroupId": 600
    },
    {
        "EventContentId": 846,
        "UniqueId": 702,
        "MapGroupId": 700
    },
    {
        "EventContentId": 846,
        "UniqueId": 703,
        "MapGroupId": 700
    },
    {
        "EventContentId": 846,
        "UniqueId": 704,
        "MapGroupId": 700
    },
    {
        "EventContentId": 846,
        "UniqueId": 705,
        "MapGroupId": 700
    },
    {
        "EventContentId": 846,
        "UniqueId": 706,
        "MapGroupId": 700
    }
]