[
    {
        "UniqueId": 1
    },
    {
        "UniqueId": 2
    },
    {
        "UniqueId": 3
    },
    {
        "UniqueId": 4
    },
    {
        "UniqueId": 5
    },
    {
        "UniqueId": 6
    },
    {
        "UniqueId": 7
    },
    {
        "UniqueId": 8
    },
    {
        "UniqueId": 9
    },
    {
        "UniqueId": 10
    },
    {
        "UniqueId": 11
    },
    {
        "UniqueId": 12
    },
    {
        "UniqueId": 13
    },
    {
        "UniqueId": 14
    },
    {
        "UniqueId": 15
    },
    {
        "UniqueId": 16
    }
]