[
    {
        "EventContentId": 846,
        "UniqueId": 8460001
    },
    {
        "EventContentId": 846,
        "UniqueId": 8460002
    },
    {
        "EventContentId": 846,
        "UniqueId": 8460003
    },
    {
        "EventContentId": 846,
        "UniqueId": 8460004
    },
    {
        "EventContentId": 846,
        "UniqueId": 8460005
    },
    {
        "EventContentId": 846,
        "UniqueId": 8460006
    },
    {
        "EventContentId": 846,
        "UniqueId": 8460007
    },
    {
        "EventContentId": 846,
        "UniqueId": 8460008
    },
    {
        "EventContentId": 846,
        "UniqueId": 8460009
    },
    {
        "EventContentId": 846,
        "UniqueId": 8460010
    },
    {
        "EventContentId": 846,
        "UniqueId": 8460011
    },
    {
        "EventContentId": 846,
        "UniqueId": 8460012
    },
    {
        "EventContentId": 846,
        "UniqueId": 8460013
    },
    {
        "EventContentId": 846,
        "UniqueId": 8460014
    },
    {
        "EventContentId": 846,
        "UniqueId": 8460015
    }
]