[
    {
        "RewardGroupId": 101001
    },
    {
        "RewardGroupId": 101002
    },
    {
        "RewardGroupId": 101003
    },
    {
        "RewardGroupId": 101004
    },
    {
        "RewardGroupId": 101005
    },
    {
        "RewardGroupId": 101006
    },
    {
        "RewardGroupId": 101007
    },
    {
        "RewardGroupId": 101008
    },
    {
        "RewardGroupId": 101008
    },
    {
        "RewardGroupId": 101009
    },
    {
        "RewardGroupId": 101010
    },
    {
        "RewardGroupId": 101011
    },
    {
        "RewardGroupId": 101012
    },
    {
        "RewardGroupId": 101013
    },
    {
        "RewardGroupId": 101014
    },
    {
        "RewardGroupId": 101015
    },
    {
        "RewardGroupId": 101016
    },
    {
        "RewardGroupId": 101017
    },
    {
        "RewardGroupId": 101018
    },
    {
        "RewardGroupId": 101018
    },
    {
        "RewardGroupId": 101019
    },
    {
        "RewardGroupId": 101020
    },
    {
        "RewardGroupId": 101021
    },
    {
        "RewardGroupId": 101022
    },
    {
        "RewardGroupId": 101023
    },
    {
        "RewardGroupId": 101024
    },
    {
        "RewardGroupId": 101025
    },
    {
        "RewardGroupId": 101026
    },
    {
        "RewardGroupId": 101027
    },
    {
        "RewardGroupId": 101028
    },
    {
        "RewardGroupId": 101028
    },
    {
        "RewardGroupId": 101029
    },
    {
        "RewardGroupId": 101030
    },
    {
        "RewardGroupId": 101031
    },
    {
        "RewardGroupId": 101032
    },
    {
        "RewardGroupId": 101033
    },
    {
        "RewardGroupId": 101034
    },
    {
        "RewardGroupId": 101035
    },
    {
        "RewardGroupId": 101036
    },
    {
        "RewardGroupId": 101037
    },
    {
        "RewardGroupId": 101038
    },
    {
        "RewardGroupId": 101038
    },
    {
        "RewardGroupId": 101039
    },
    {
        "RewardGroupId": 101040
    },
    {
        "RewardGroupId": 101041
    },
    {
        "RewardGroupId": 101042
    },
    {
        "RewardGroupId": 101043
    },
    {
        "RewardGroupId": 101044
    },
    {
        "RewardGroupId": 101045
    },
    {
        "RewardGroupId": 101046
    },
    {
        "RewardGroupId": 101047
    },
    {
        "RewardGroupId": 101048
    },
    {
        "RewardGroupId": 101048
    },
    {
        "RewardGroupId": 101049
    },
    {
        "RewardGroupId": 101050
    },
    {
        "RewardGroupId": 101050
    },
    {
        "RewardGroupId": 101051
    },
    {
        "RewardGroupId": 101052
    },
    {
        "RewardGroupId": 101053
    },
    {
        "RewardGroupId": 101054
    },
    {
        "RewardGroupId": 101055
    },
    {
        "RewardGroupId": 101056
    },
    {
        "RewardGroupId": 101057
    },
    {
        "RewardGroupId": 101058
    },
    {
        "RewardGroupId": 101058
    },
    {
        "RewardGroupId": 101059
    },
    {
        "RewardGroupId": 101060
    },
    {
        "RewardGroupId": 101061
    },
    {
        "RewardGroupId": 101062
    },
    {
        "RewardGroupId": 101063
    },
    {
        "RewardGroupId": 101064
    },
    {
        "RewardGroupId": 101065
    },
    {
        "RewardGroupId": 101066
    },
    {
        "RewardGroupId": 101067
    },
    {
        "RewardGroupId": 101068
    },
    {
        "RewardGroupId": 101068
    },
    {
        "RewardGroupId": 101069
    },
    {
        "RewardGroupId": 101070
    },
    {
        "RewardGroupId": 101071
    },
    {
        "RewardGroupId": 101072
    },
    {
        "RewardGroupId": 101073
    },
    {
        "RewardGroupId": 101074
    },
    {
        "RewardGroupId": 101075
    },
    {
        "RewardGroupId": 101076
    },
    {
        "RewardGroupId": 101077
    },
    {
        "RewardGroupId": 101078
    },
    {
        "RewardGroupId": 101078
    },
    {
        "RewardGroupId": 101079
    },
    {
        "RewardGroupId": 101080
    },
    {
        "RewardGroupId": 101081
    },
    {
        "RewardGroupId": 101082
    },
    {
        "RewardGroupId": 101083
    },
    {
        "RewardGroupId": 101084
    },
    {
        "RewardGroupId": 101085
    },
    {
        "RewardGroupId": 101086
    },
    {
        "RewardGroupId": 101087
    },
    {
        "RewardGroupId": 101088
    },
    {
        "RewardGroupId": 101088
    },
    {
        "RewardGroupId": 101089
    },
    {
        "RewardGroupId": 101090
    },
    {
        "RewardGroupId": 101091
    },
    {
        "RewardGroupId": 101092
    },
    {
        "RewardGroupId": 101093
    },
    {
        "RewardGroupId": 101094
    },
    {
        "RewardGroupId": 101095
    },
    {
        "RewardGroupId": 101096
    },
    {
        "RewardGroupId": 101097
    },
    {
        "RewardGroupId": 101098
    },
    {
        "RewardGroupId": 101098
    },
    {
        "RewardGroupId": 101099
    },
    {
        "RewardGroupId": 101100
    },
    {
        "RewardGroupId": 101100
    },
    {
        "RewardGroupId": 101101
    },
    {
        "RewardGroupId": 101102
    },
    {
        "RewardGroupId": 101103
    },
    {
        "RewardGroupId": 101104
    },
    {
        "RewardGroupId": 101105
    },
    {
        "RewardGroupId": 101106
    },
    {
        "RewardGroupId": 101107
    },
    {
        "RewardGroupId": 101108
    },
    {
        "RewardGroupId": 101109
    },
    {
        "RewardGroupId": 101110
    },
    {
        "RewardGroupId": 101111
    },
    {
        "RewardGroupId": 101112
    },
    {
        "RewardGroupId": 101113
    },
    {
        "RewardGroupId": 101114
    },
    {
        "RewardGroupId": 101115
    },
    {
        "RewardGroupId": 101116
    },
    {
        "RewardGroupId": 101117
    },
    {
        "RewardGroupId": 101118
    },
    {
        "RewardGroupId": 101119
    },
    {
        "RewardGroupId": 101120
    },
    {
        "RewardGroupId": 101121
    },
    {
        "RewardGroupId": 101122
    },
    {
        "RewardGroupId": 101123
    },
    {
        "RewardGroupId": 101124
    },
    {
        "RewardGroupId": 102001
    },
    {
        "RewardGroupId": 102002
    },
    {
        "RewardGroupId": 102003
    },
    {
        "RewardGroupId": 102004
    },
    {
        "RewardGroupId": 102005
    },
    {
        "RewardGroupId": 102006
    },
    {
        "RewardGroupId": 102007
    },
    {
        "RewardGroupId": 102008
    },
    {
        "RewardGroupId": 102008
    },
    {
        "RewardGroupId": 102009
    },
    {
        "RewardGroupId": 102010
    },
    {
        "RewardGroupId": 102011
    },
    {
        "RewardGroupId": 102012
    },
    {
        "RewardGroupId": 102013
    },
    {
        "RewardGroupId": 102014
    },
    {
        "RewardGroupId": 102015
    },
    {
        "RewardGroupId": 102016
    },
    {
        "RewardGroupId": 102017
    },
    {
        "RewardGroupId": 102018
    },
    {
        "RewardGroupId": 102018
    },
    {
        "RewardGroupId": 102019
    },
    {
        "RewardGroupId": 102020
    },
    {
        "RewardGroupId": 102021
    },
    {
        "RewardGroupId": 102022
    },
    {
        "RewardGroupId": 102023
    },
    {
        "RewardGroupId": 102024
    },
    {
        "RewardGroupId": 102025
    },
    {
        "RewardGroupId": 102026
    },
    {
        "RewardGroupId": 102027
    },
    {
        "RewardGroupId": 102028
    },
    {
        "RewardGroupId": 102028
    },
    {
        "RewardGroupId": 102029
    },
    {
        "RewardGroupId": 102030
    },
    {
        "RewardGroupId": 102031
    },
    {
        "RewardGroupId": 102032
    },
    {
        "RewardGroupId": 102033
    },
    {
        "RewardGroupId": 102034
    },
    {
        "RewardGroupId": 102035
    },
    {
        "RewardGroupId": 102036
    },
    {
        "RewardGroupId": 102037
    },
    {
        "RewardGroupId": 102038
    },
    {
        "RewardGroupId": 102038
    },
    {
        "RewardGroupId": 102039
    },
    {
        "RewardGroupId": 102040
    },
    {
        "RewardGroupId": 102041
    },
    {
        "RewardGroupId": 102042
    },
    {
        "RewardGroupId": 102043
    },
    {
        "RewardGroupId": 102044
    },
    {
        "RewardGroupId": 102045
    },
    {
        "RewardGroupId": 102046
    },
    {
        "RewardGroupId": 102047
    },
    {
        "RewardGroupId": 102048
    },
    {
        "RewardGroupId": 102048
    },
    {
        "RewardGroupId": 102049
    },
    {
        "RewardGroupId": 102050
    },
    {
        "RewardGroupId": 102050
    },
    {
        "RewardGroupId": 102051
    },
    {
        "RewardGroupId": 102052
    },
    {
        "RewardGroupId": 102053
    },
    {
        "RewardGroupId": 102054
    },
    {
        "RewardGroupId": 102055
    },
    {
        "RewardGroupId": 102056
    },
    {
        "RewardGroupId": 102057
    },
    {
        "RewardGroupId": 102058
    },
    {
        "RewardGroupId": 102058
    },
    {
        "RewardGroupId": 102059
    },
    {
        "RewardGroupId": 102060
    },
    {
        "RewardGroupId": 102061
    },
    {
        "RewardGroupId": 102062
    },
    {
        "RewardGroupId": 102063
    },
    {
        "RewardGroupId": 102064
    },
    {
        "RewardGroupId": 102065
    },
    {
        "RewardGroupId": 102066
    },
    {
        "RewardGroupId": 102067
    },
    {
        "RewardGroupId": 102068
    },
    {
        "RewardGroupId": 102068
    },
    {
        "RewardGroupId": 102069
    },
    {
        "RewardGroupId": 102070
    },
    {
        "RewardGroupId": 102071
    },
    {
        "RewardGroupId": 102072
    },
    {
        "RewardGroupId": 102073
    },
    {
        "RewardGroupId": 102074
    },
    {
        "RewardGroupId": 102075
    },
    {
        "RewardGroupId": 102076
    },
    {
        "RewardGroupId": 102077
    },
    {
        "RewardGroupId": 102078
    },
    {
        "RewardGroupId": 102078
    },
    {
        "RewardGroupId": 102079
    },
    {
        "RewardGroupId": 102080
    },
    {
        "RewardGroupId": 102081
    },
    {
        "RewardGroupId": 102082
    },
    {
        "RewardGroupId": 102083
    },
    {
        "RewardGroupId": 102084
    },
    {
        "RewardGroupId": 102085
    },
    {
        "RewardGroupId": 102086
    },
    {
        "RewardGroupId": 102087
    },
    {
        "RewardGroupId": 102088
    },
    {
        "RewardGroupId": 102088
    },
    {
        "RewardGroupId": 102089
    },
    {
        "RewardGroupId": 102090
    },
    {
        "RewardGroupId": 102091
    },
    {
        "RewardGroupId": 102092
    },
    {
        "RewardGroupId": 102093
    },
    {
        "RewardGroupId": 102094
    },
    {
        "RewardGroupId": 102095
    },
    {
        "RewardGroupId": 102096
    },
    {
        "RewardGroupId": 102097
    },
    {
        "RewardGroupId": 102098
    },
    {
        "RewardGroupId": 102098
    },
    {
        "RewardGroupId": 102099
    },
    {
        "RewardGroupId": 102100
    },
    {
        "RewardGroupId": 102100
    },
    {
        "RewardGroupId": 102101
    },
    {
        "RewardGroupId": 102102
    },
    {
        "RewardGroupId": 102103
    },
    {
        "RewardGroupId": 102104
    },
    {
        "RewardGroupId": 102105
    },
    {
        "RewardGroupId": 102106
    },
    {
        "RewardGroupId": 102107
    },
    {
        "RewardGroupId": 102108
    },
    {
        "RewardGroupId": 102109
    },
    {
        "RewardGroupId": 102110
    },
    {
        "RewardGroupId": 102111
    },
    {
        "RewardGroupId": 102112
    },
    {
        "RewardGroupId": 102113
    },
    {
        "RewardGroupId": 102114
    },
    {
        "RewardGroupId": 102115
    },
    {
        "RewardGroupId": 102116
    },
    {
        "RewardGroupId": 102117
    },
    {
        "RewardGroupId": 102118
    },
    {
        "RewardGroupId": 102119
    },
    {
        "RewardGroupId": 102120
    },
    {
        "RewardGroupId": 102121
    },
    {
        "RewardGroupId": 102122
    },
    {
        "RewardGroupId": 102123
    },
    {
        "RewardGroupId": 102124
    },
    {
        "RewardGroupId": 103001
    },
    {
        "RewardGroupId": 103002
    },
    {
        "RewardGroupId": 103003
    },
    {
        "RewardGroupId": 103004
    },
    {
        "RewardGroupId": 103005
    },
    {
        "RewardGroupId": 103006
    },
    {
        "RewardGroupId": 103007
    },
    {
        "RewardGroupId": 103008
    },
    {
        "RewardGroupId": 103008
    },
    {
        "RewardGroupId": 103009
    },
    {
        "RewardGroupId": 103010
    },
    {
        "RewardGroupId": 103011
    },
    {
        "RewardGroupId": 103012
    },
    {
        "RewardGroupId": 103013
    },
    {
        "RewardGroupId": 103014
    },
    {
        "RewardGroupId": 103014
    },
    {
        "RewardGroupId": 103015
    },
    {
        "RewardGroupId": 103015
    },
    {
        "RewardGroupId": 103016
    },
    {
        "RewardGroupId": 103016
    },
    {
        "RewardGroupId": 103017
    },
    {
        "RewardGroupId": 103017
    },
    {
        "RewardGroupId": 103018
    },
    {
        "RewardGroupId": 103018
    },
    {
        "RewardGroupId": 103019
    },
    {
        "RewardGroupId": 103019
    },
    {
        "RewardGroupId": 103020
    },
    {
        "RewardGroupId": 103020
    },
    {
        "RewardGroupId": 103021
    },
    {
        "RewardGroupId": 103021
    },
    {
        "RewardGroupId": 103022
    },
    {
        "RewardGroupId": 103022
    },
    {
        "RewardGroupId": 103023
    },
    {
        "RewardGroupId": 103023
    },
    {
        "RewardGroupId": 103024
    },
    {
        "RewardGroupId": 103024
    },
    {
        "RewardGroupId": 103025
    },
    {
        "RewardGroupId": 103025
    },
    {
        "RewardGroupId": 103026
    },
    {
        "RewardGroupId": 103026
    },
    {
        "RewardGroupId": 103027
    },
    {
        "RewardGroupId": 103027
    },
    {
        "RewardGroupId": 103028
    },
    {
        "RewardGroupId": 103028
    },
    {
        "RewardGroupId": 103029
    },
    {
        "RewardGroupId": 103029
    },
    {
        "RewardGroupId": 103030
    },
    {
        "RewardGroupId": 103030
    },
    {
        "RewardGroupId": 103031
    },
    {
        "RewardGroupId": 103031
    },
    {
        "RewardGroupId": 103032
    },
    {
        "RewardGroupId": 103032
    },
    {
        "RewardGroupId": 103033
    },
    {
        "RewardGroupId": 103033
    },
    {
        "RewardGroupId": 103034
    },
    {
        "RewardGroupId": 103034
    },
    {
        "RewardGroupId": 103035
    },
    {
        "RewardGroupId": 103035
    },
    {
        "RewardGroupId": 103036
    },
    {
        "RewardGroupId": 103036
    },
    {
        "RewardGroupId": 103037
    },
    {
        "RewardGroupId": 103037
    },
    {
        "RewardGroupId": 103038
    },
    {
        "RewardGroupId": 103038
    },
    {
        "RewardGroupId": 103039
    },
    {
        "RewardGroupId": 103039
    },
    {
        "RewardGroupId": 103040
    },
    {
        "RewardGroupId": 103040
    },
    {
        "RewardGroupId": 103041
    },
    {
        "RewardGroupId": 103041
    },
    {
        "RewardGroupId": 103042
    },
    {
        "RewardGroupId": 103042
    },
    {
        "RewardGroupId": 103043
    },
    {
        "RewardGroupId": 103043
    },
    {
        "RewardGroupId": 103044
    },
    {
        "RewardGroupId": 103044
    },
    {
        "RewardGroupId": 103045
    },
    {
        "RewardGroupId": 103045
    },
    {
        "RewardGroupId": 103046
    },
    {
        "RewardGroupId": 103046
    },
    {
        "RewardGroupId": 103047
    },
    {
        "RewardGroupId": 103047
    },
    {
        "RewardGroupId": 103048
    },
    {
        "RewardGroupId": 103048
    },
    {
        "RewardGroupId": 103049
    },
    {
        "RewardGroupId": 103049
    },
    {
        "RewardGroupId": 103050
    },
    {
        "RewardGroupId": 103050
    },
    {
        "RewardGroupId": 103051
    },
    {
        "RewardGroupId": 103051
    },
    {
        "RewardGroupId": 103052
    },
    {
        "RewardGroupId": 103052
    },
    {
        "RewardGroupId": 103053
    },
    {
        "RewardGroupId": 103053
    },
    {
        "RewardGroupId": 103054
    },
    {
        "RewardGroupId": 103054
    },
    {
        "RewardGroupId": 103055
    },
    {
        "RewardGroupId": 103055
    },
    {
        "RewardGroupId": 103056
    },
    {
        "RewardGroupId": 103056
    },
    {
        "RewardGroupId": 103057
    },
    {
        "RewardGroupId": 103057
    },
    {
        "RewardGroupId": 103058
    },
    {
        "RewardGroupId": 103058
    },
    {
        "RewardGroupId": 103059
    },
    {
        "RewardGroupId": 103059
    },
    {
        "RewardGroupId": 103060
    },
    {
        "RewardGroupId": 103060
    },
    {
        "RewardGroupId": 103061
    },
    {
        "RewardGroupId": 103061
    },
    {
        "RewardGroupId": 103062
    },
    {
        "RewardGroupId": 103062
    },
    {
        "RewardGroupId": 103063
    },
    {
        "RewardGroupId": 103063
    },
    {
        "RewardGroupId": 103064
    },
    {
        "RewardGroupId": 103064
    },
    {
        "RewardGroupId": 103065
    },
    {
        "RewardGroupId": 103065
    },
    {
        "RewardGroupId": 103066
    },
    {
        "RewardGroupId": 103066
    },
    {
        "RewardGroupId": 103067
    },
    {
        "RewardGroupId": 103067
    },
    {
        "RewardGroupId": 103068
    },
    {
        "RewardGroupId": 103068
    },
    {
        "RewardGroupId": 103069
    },
    {
        "RewardGroupId": 103069
    },
    {
        "RewardGroupId": 103070
    },
    {
        "RewardGroupId": 103070
    },
    {
        "RewardGroupId": 103071
    },
    {
        "RewardGroupId": 103071
    },
    {
        "RewardGroupId": 103072
    },
    {
        "RewardGroupId": 103072
    },
    {
        "RewardGroupId": 103073
    },
    {
        "RewardGroupId": 103073
    },
    {
        "RewardGroupId": 103074
    },
    {
        "RewardGroupId": 103074
    },
    {
        "RewardGroupId": 103075
    },
    {
        "RewardGroupId": 103075
    },
    {
        "RewardGroupId": 103076
    },
    {
        "RewardGroupId": 103076
    },
    {
        "RewardGroupId": 103077
    },
    {
        "RewardGroupId": 103077
    },
    {
        "RewardGroupId": 103078
    },
    {
        "RewardGroupId": 103078
    },
    {
        "RewardGroupId": 103079
    },
    {
        "RewardGroupId": 103079
    },
    {
        "RewardGroupId": 103080
    },
    {
        "RewardGroupId": 103080
    },
    {
        "RewardGroupId": 103081
    },
    {
        "RewardGroupId": 103081
    },
    {
        "RewardGroupId": 103082
    },
    {
        "RewardGroupId": 103082
    },
    {
        "RewardGroupId": 103083
    },
    {
        "RewardGroupId": 103083
    },
    {
        "RewardGroupId": 103084
    },
    {
        "RewardGroupId": 103084
    },
    {
        "RewardGroupId": 103085
    },
    {
        "RewardGroupId": 103085
    },
    {
        "RewardGroupId": 103086
    },
    {
        "RewardGroupId": 103086
    },
    {
        "RewardGroupId": 103087
    },
    {
        "RewardGroupId": 103087
    },
    {
        "RewardGroupId": 103088
    },
    {
        "RewardGroupId": 103088
    },
    {
        "RewardGroupId": 103089
    },
    {
        "RewardGroupId": 103089
    },
    {
        "RewardGroupId": 103090
    },
    {
        "RewardGroupId": 103090
    },
    {
        "RewardGroupId": 103091
    },
    {
        "RewardGroupId": 103091
    },
    {
        "RewardGroupId": 103092
    },
    {
        "RewardGroupId": 103092
    },
    {
        "RewardGroupId": 103093
    },
    {
        "RewardGroupId": 103093
    },
    {
        "RewardGroupId": 103094
    },
    {
        "RewardGroupId": 103094
    },
    {
        "RewardGroupId": 103095
    },
    {
        "RewardGroupId": 103096
    },
    {
        "RewardGroupId": 103097
    },
    {
        "RewardGroupId": 103098
    },
    {
        "RewardGroupId": 103098
    },
    {
        "RewardGroupId": 103099
    },
    {
        "RewardGroupId": 103100
    },
    {
        "RewardGroupId": 103100
    },
    {
        "RewardGroupId": 103101
    },
    {
        "RewardGroupId": 103102
    },
    {
        "RewardGroupId": 103103
    },
    {
        "RewardGroupId": 103104
    },
    {
        "RewardGroupId": 103105
    },
    {
        "RewardGroupId": 103106
    },
    {
        "RewardGroupId": 103107
    },
    {
        "RewardGroupId": 103108
    },
    {
        "RewardGroupId": 103109
    },
    {
        "RewardGroupId": 103110
    },
    {
        "RewardGroupId": 103111
    },
    {
        "RewardGroupId": 103112
    },
    {
        "RewardGroupId": 103113
    },
    {
        "RewardGroupId": 103114
    },
    {
        "RewardGroupId": 103115
    },
    {
        "RewardGroupId": 103116
    },
    {
        "RewardGroupId": 103117
    },
    {
        "RewardGroupId": 103118
    },
    {
        "RewardGroupId": 103119
    },
    {
        "RewardGroupId": 103120
    },
    {
        "RewardGroupId": 103121
    },
    {
        "RewardGroupId": 103122
    },
    {
        "RewardGroupId": 103123
    },
    {
        "RewardGroupId": 103124
    },
    {
        "RewardGroupId": 104001
    },
    {
        "RewardGroupId": 104002
    },
    {
        "RewardGroupId": 104003
    },
    {
        "RewardGroupId": 104004
    },
    {
        "RewardGroupId": 104005
    },
    {
        "RewardGroupId": 104006
    },
    {
        "RewardGroupId": 104007
    },
    {
        "RewardGroupId": 104008
    },
    {
        "RewardGroupId": 104008
    },
    {
        "RewardGroupId": 104009
    },
    {
        "RewardGroupId": 104010
    },
    {
        "RewardGroupId": 104011
    },
    {
        "RewardGroupId": 104012
    },
    {
        "RewardGroupId": 104013
    },
    {
        "RewardGroupId": 104014
    },
    {
        "RewardGroupId": 104014
    },
    {
        "RewardGroupId": 104015
    },
    {
        "RewardGroupId": 104015
    },
    {
        "RewardGroupId": 104016
    },
    {
        "RewardGroupId": 104016
    },
    {
        "RewardGroupId": 104017
    },
    {
        "RewardGroupId": 104017
    },
    {
        "RewardGroupId": 104018
    },
    {
        "RewardGroupId": 104018
    },
    {
        "RewardGroupId": 104019
    },
    {
        "RewardGroupId": 104019
    },
    {
        "RewardGroupId": 104020
    },
    {
        "RewardGroupId": 104020
    },
    {
        "RewardGroupId": 104021
    },
    {
        "RewardGroupId": 104021
    },
    {
        "RewardGroupId": 104022
    },
    {
        "RewardGroupId": 104022
    },
    {
        "RewardGroupId": 104023
    },
    {
        "RewardGroupId": 104023
    },
    {
        "RewardGroupId": 104024
    },
    {
        "RewardGroupId": 104024
    },
    {
        "RewardGroupId": 104025
    },
    {
        "RewardGroupId": 104025
    },
    {
        "RewardGroupId": 104026
    },
    {
        "RewardGroupId": 104026
    },
    {
        "RewardGroupId": 104027
    },
    {
        "RewardGroupId": 104027
    },
    {
        "RewardGroupId": 104028
    },
    {
        "RewardGroupId": 104028
    },
    {
        "RewardGroupId": 104029
    },
    {
        "RewardGroupId": 104029
    },
    {
        "RewardGroupId": 104030
    },
    {
        "RewardGroupId": 104030
    },
    {
        "RewardGroupId": 104031
    },
    {
        "RewardGroupId": 104031
    },
    {
        "RewardGroupId": 104032
    },
    {
        "RewardGroupId": 104032
    },
    {
        "RewardGroupId": 104033
    },
    {
        "RewardGroupId": 104033
    },
    {
        "RewardGroupId": 104034
    },
    {
        "RewardGroupId": 104034
    },
    {
        "RewardGroupId": 104035
    },
    {
        "RewardGroupId": 104035
    },
    {
        "RewardGroupId": 104036
    },
    {
        "RewardGroupId": 104036
    },
    {
        "RewardGroupId": 104037
    },
    {
        "RewardGroupId": 104037
    },
    {
        "RewardGroupId": 104038
    },
    {
        "RewardGroupId": 104038
    },
    {
        "RewardGroupId": 104039
    },
    {
        "RewardGroupId": 104039
    },
    {
        "RewardGroupId": 104040
    },
    {
        "RewardGroupId": 104040
    },
    {
        "RewardGroupId": 104041
    },
    {
        "RewardGroupId": 104041
    },
    {
        "RewardGroupId": 104042
    },
    {
        "RewardGroupId": 104042
    },
    {
        "RewardGroupId": 104043
    },
    {
        "RewardGroupId": 104043
    },
    {
        "RewardGroupId": 104044
    },
    {
        "RewardGroupId": 104044
    },
    {
        "RewardGroupId": 104045
    },
    {
        "RewardGroupId": 104045
    },
    {
        "RewardGroupId": 104046
    },
    {
        "RewardGroupId": 104046
    },
    {
        "RewardGroupId": 104047
    },
    {
        "RewardGroupId": 104047
    },
    {
        "RewardGroupId": 104048
    },
    {
        "RewardGroupId": 104048
    },
    {
        "RewardGroupId": 104049
    },
    {
        "RewardGroupId": 104049
    },
    {
        "RewardGroupId": 104050
    },
    {
        "RewardGroupId": 104050
    },
    {
        "RewardGroupId": 104051
    },
    {
        "RewardGroupId": 104051
    },
    {
        "RewardGroupId": 104052
    },
    {
        "RewardGroupId": 104052
    },
    {
        "RewardGroupId": 104053
    },
    {
        "RewardGroupId": 104053
    },
    {
        "RewardGroupId": 104054
    },
    {
        "RewardGroupId": 104054
    },
    {
        "RewardGroupId": 104055
    },
    {
        "RewardGroupId": 104055
    },
    {
        "RewardGroupId": 104056
    },
    {
        "RewardGroupId": 104056
    },
    {
        "RewardGroupId": 104057
    },
    {
        "RewardGroupId": 104057
    },
    {
        "RewardGroupId": 104058
    },
    {
        "RewardGroupId": 104058
    },
    {
        "RewardGroupId": 104059
    },
    {
        "RewardGroupId": 104059
    },
    {
        "RewardGroupId": 104060
    },
    {
        "RewardGroupId": 104060
    },
    {
        "RewardGroupId": 104061
    },
    {
        "RewardGroupId": 104061
    },
    {
        "RewardGroupId": 104062
    },
    {
        "RewardGroupId": 104062
    },
    {
        "RewardGroupId": 104063
    },
    {
        "RewardGroupId": 104063
    },
    {
        "RewardGroupId": 104064
    },
    {
        "RewardGroupId": 104064
    },
    {
        "RewardGroupId": 104065
    },
    {
        "RewardGroupId": 104065
    },
    {
        "RewardGroupId": 104066
    },
    {
        "RewardGroupId": 104066
    },
    {
        "RewardGroupId": 104067
    },
    {
        "RewardGroupId": 104067
    },
    {
        "RewardGroupId": 104068
    },
    {
        "RewardGroupId": 104068
    },
    {
        "RewardGroupId": 104069
    },
    {
        "RewardGroupId": 104069
    },
    {
        "RewardGroupId": 104070
    },
    {
        "RewardGroupId": 104070
    },
    {
        "RewardGroupId": 104071
    },
    {
        "RewardGroupId": 104071
    },
    {
        "RewardGroupId": 104072
    },
    {
        "RewardGroupId": 104072
    },
    {
        "RewardGroupId": 104073
    },
    {
        "RewardGroupId": 104073
    },
    {
        "RewardGroupId": 104074
    },
    {
        "RewardGroupId": 104074
    },
    {
        "RewardGroupId": 104075
    },
    {
        "RewardGroupId": 104075
    },
    {
        "RewardGroupId": 104076
    },
    {
        "RewardGroupId": 104076
    },
    {
        "RewardGroupId": 104077
    },
    {
        "RewardGroupId": 104077
    },
    {
        "RewardGroupId": 104078
    },
    {
        "RewardGroupId": 104078
    },
    {
        "RewardGroupId": 104079
    },
    {
        "RewardGroupId": 104079
    },
    {
        "RewardGroupId": 104080
    },
    {
        "RewardGroupId": 104080
    },
    {
        "RewardGroupId": 104081
    },
    {
        "RewardGroupId": 104081
    },
    {
        "RewardGroupId": 104082
    },
    {
        "RewardGroupId": 104082
    },
    {
        "RewardGroupId": 104083
    },
    {
        "RewardGroupId": 104083
    },
    {
        "RewardGroupId": 104084
    },
    {
        "RewardGroupId": 104084
    },
    {
        "RewardGroupId": 104085
    },
    {
        "RewardGroupId": 104085
    },
    {
        "RewardGroupId": 104086
    },
    {
        "RewardGroupId": 104086
    },
    {
        "RewardGroupId": 104087
    },
    {
        "RewardGroupId": 104087
    },
    {
        "RewardGroupId": 104088
    },
    {
        "RewardGroupId": 104088
    },
    {
        "RewardGroupId": 104089
    },
    {
        "RewardGroupId": 104089
    },
    {
        "RewardGroupId": 104090
    },
    {
        "RewardGroupId": 104090
    },
    {
        "RewardGroupId": 104091
    },
    {
        "RewardGroupId": 104091
    },
    {
        "RewardGroupId": 104092
    },
    {
        "RewardGroupId": 104092
    },
    {
        "RewardGroupId": 104093
    },
    {
        "RewardGroupId": 104093
    },
    {
        "RewardGroupId": 104094
    },
    {
        "RewardGroupId": 104094
    },
    {
        "RewardGroupId": 104095
    },
    {
        "RewardGroupId": 104096
    },
    {
        "RewardGroupId": 104097
    },
    {
        "RewardGroupId": 104098
    },
    {
        "RewardGroupId": 104098
    },
    {
        "RewardGroupId": 104099
    },
    {
        "RewardGroupId": 104100
    },
    {
        "RewardGroupId": 104100
    },
    {
        "RewardGroupId": 104101
    },
    {
        "RewardGroupId": 104102
    },
    {
        "RewardGroupId": 104103
    },
    {
        "RewardGroupId": 104104
    },
    {
        "RewardGroupId": 104105
    },
    {
        "RewardGroupId": 104106
    },
    {
        "RewardGroupId": 104107
    },
    {
        "RewardGroupId": 104108
    },
    {
        "RewardGroupId": 104109
    },
    {
        "RewardGroupId": 104110
    },
    {
        "RewardGroupId": 104111
    },
    {
        "RewardGroupId": 104112
    },
    {
        "RewardGroupId": 104113
    },
    {
        "RewardGroupId": 104114
    },
    {
        "RewardGroupId": 104115
    },
    {
        "RewardGroupId": 104116
    },
    {
        "RewardGroupId": 104117
    },
    {
        "RewardGroupId": 104118
    },
    {
        "RewardGroupId": 104119
    },
    {
        "RewardGroupId": 104120
    },
    {
        "RewardGroupId": 104121
    },
    {
        "RewardGroupId": 104122
    },
    {
        "RewardGroupId": 104123
    },
    {
        "RewardGroupId": 104124
    },
    {
        "RewardGroupId": 105001
    },
    {
        "RewardGroupId": 105002
    },
    {
        "RewardGroupId": 105003
    },
    {
        "RewardGroupId": 105004
    },
    {
        "RewardGroupId": 105005
    },
    {
        "RewardGroupId": 105006
    },
    {
        "RewardGroupId": 105007
    },
    {
        "RewardGroupId": 105008
    },
    {
        "RewardGroupId": 105008
    },
    {
        "RewardGroupId": 105009
    },
    {
        "RewardGroupId": 105010
    },
    {
        "RewardGroupId": 105011
    },
    {
        "RewardGroupId": 105012
    },
    {
        "RewardGroupId": 105013
    },
    {
        "RewardGroupId": 105014
    },
    {
        "RewardGroupId": 105014
    },
    {
        "RewardGroupId": 105015
    },
    {
        "RewardGroupId": 105015
    },
    {
        "RewardGroupId": 105016
    },
    {
        "RewardGroupId": 105016
    },
    {
        "RewardGroupId": 105017
    },
    {
        "RewardGroupId": 105017
    },
    {
        "RewardGroupId": 105018
    },
    {
        "RewardGroupId": 105018
    },
    {
        "RewardGroupId": 105019
    },
    {
        "RewardGroupId": 105019
    },
    {
        "RewardGroupId": 105020
    },
    {
        "RewardGroupId": 105020
    },
    {
        "RewardGroupId": 105021
    },
    {
        "RewardGroupId": 105021
    },
    {
        "RewardGroupId": 105022
    },
    {
        "RewardGroupId": 105022
    },
    {
        "RewardGroupId": 105023
    },
    {
        "RewardGroupId": 105023
    },
    {
        "RewardGroupId": 105024
    },
    {
        "RewardGroupId": 105024
    },
    {
        "RewardGroupId": 105025
    },
    {
        "RewardGroupId": 105025
    },
    {
        "RewardGroupId": 105026
    },
    {
        "RewardGroupId": 105026
    },
    {
        "RewardGroupId": 105027
    },
    {
        "RewardGroupId": 105027
    },
    {
        "RewardGroupId": 105028
    },
    {
        "RewardGroupId": 105028
    },
    {
        "RewardGroupId": 105029
    },
    {
        "RewardGroupId": 105029
    },
    {
        "RewardGroupId": 105030
    },
    {
        "RewardGroupId": 105030
    },
    {
        "RewardGroupId": 105031
    },
    {
        "RewardGroupId": 105031
    },
    {
        "RewardGroupId": 105032
    },
    {
        "RewardGroupId": 105032
    },
    {
        "RewardGroupId": 105033
    },
    {
        "RewardGroupId": 105033
    },
    {
        "RewardGroupId": 105034
    },
    {
        "RewardGroupId": 105034
    },
    {
        "RewardGroupId": 105035
    },
    {
        "RewardGroupId": 105035
    },
    {
        "RewardGroupId": 105036
    },
    {
        "RewardGroupId": 105036
    },
    {
        "RewardGroupId": 105037
    },
    {
        "RewardGroupId": 105037
    },
    {
        "RewardGroupId": 105038
    },
    {
        "RewardGroupId": 105038
    },
    {
        "RewardGroupId": 105039
    },
    {
        "RewardGroupId": 105039
    },
    {
        "RewardGroupId": 105040
    },
    {
        "RewardGroupId": 105040
    },
    {
        "RewardGroupId": 105041
    },
    {
        "RewardGroupId": 105041
    },
    {
        "RewardGroupId": 105042
    },
    {
        "RewardGroupId": 105042
    },
    {
        "RewardGroupId": 105043
    },
    {
        "RewardGroupId": 105043
    },
    {
        "RewardGroupId": 105044
    },
    {
        "RewardGroupId": 105044
    },
    {
        "RewardGroupId": 105045
    },
    {
        "RewardGroupId": 105045
    },
    {
        "RewardGroupId": 105046
    },
    {
        "RewardGroupId": 105046
    },
    {
        "RewardGroupId": 105047
    },
    {
        "RewardGroupId": 105047
    },
    {
        "RewardGroupId": 105048
    },
    {
        "RewardGroupId": 105048
    },
    {
        "RewardGroupId": 105049
    },
    {
        "RewardGroupId": 105049
    },
    {
        "RewardGroupId": 105050
    },
    {
        "RewardGroupId": 105050
    },
    {
        "RewardGroupId": 105051
    },
    {
        "RewardGroupId": 105051
    },
    {
        "RewardGroupId": 105052
    },
    {
        "RewardGroupId": 105052
    },
    {
        "RewardGroupId": 105053
    },
    {
        "RewardGroupId": 105053
    },
    {
        "RewardGroupId": 105054
    },
    {
        "RewardGroupId": 105054
    },
    {
        "RewardGroupId": 105055
    },
    {
        "RewardGroupId": 105055
    },
    {
        "RewardGroupId": 105056
    },
    {
        "RewardGroupId": 105056
    },
    {
        "RewardGroupId": 105057
    },
    {
        "RewardGroupId": 105057
    },
    {
        "RewardGroupId": 105058
    },
    {
        "RewardGroupId": 105058
    },
    {
        "RewardGroupId": 105059
    },
    {
        "RewardGroupId": 105059
    },
    {
        "RewardGroupId": 105060
    },
    {
        "RewardGroupId": 105060
    },
    {
        "RewardGroupId": 105061
    },
    {
        "RewardGroupId": 105061
    },
    {
        "RewardGroupId": 105062
    },
    {
        "RewardGroupId": 105062
    },
    {
        "RewardGroupId": 105063
    },
    {
        "RewardGroupId": 105063
    },
    {
        "RewardGroupId": 105064
    },
    {
        "RewardGroupId": 105064
    },
    {
        "RewardGroupId": 105065
    },
    {
        "RewardGroupId": 105065
    },
    {
        "RewardGroupId": 105066
    },
    {
        "RewardGroupId": 105066
    },
    {
        "RewardGroupId": 105067
    },
    {
        "RewardGroupId": 105067
    },
    {
        "RewardGroupId": 105068
    },
    {
        "RewardGroupId": 105068
    },
    {
        "RewardGroupId": 105069
    },
    {
        "RewardGroupId": 105069
    },
    {
        "RewardGroupId": 105070
    },
    {
        "RewardGroupId": 105070
    },
    {
        "RewardGroupId": 105071
    },
    {
        "RewardGroupId": 105071
    },
    {
        "RewardGroupId": 105072
    },
    {
        "RewardGroupId": 105072
    },
    {
        "RewardGroupId": 105073
    },
    {
        "RewardGroupId": 105073
    },
    {
        "RewardGroupId": 105074
    },
    {
        "RewardGroupId": 105074
    },
    {
        "RewardGroupId": 105075
    },
    {
        "RewardGroupId": 105075
    },
    {
        "RewardGroupId": 105076
    },
    {
        "RewardGroupId": 105076
    },
    {
        "RewardGroupId": 105077
    },
    {
        "RewardGroupId": 105077
    },
    {
        "RewardGroupId": 105078
    },
    {
        "RewardGroupId": 105078
    },
    {
        "RewardGroupId": 105079
    },
    {
        "RewardGroupId": 105079
    },
    {
        "RewardGroupId": 105080
    },
    {
        "RewardGroupId": 105080
    },
    {
        "RewardGroupId": 105081
    },
    {
        "RewardGroupId": 105081
    },
    {
        "RewardGroupId": 105082
    },
    {
        "RewardGroupId": 105082
    },
    {
        "RewardGroupId": 105083
    },
    {
        "RewardGroupId": 105083
    },
    {
        "RewardGroupId": 105084
    },
    {
        "RewardGroupId": 105084
    },
    {
        "RewardGroupId": 105085
    },
    {
        "RewardGroupId": 105085
    },
    {
        "RewardGroupId": 105086
    },
    {
        "RewardGroupId": 105086
    },
    {
        "RewardGroupId": 105087
    },
    {
        "RewardGroupId": 105087
    },
    {
        "RewardGroupId": 105088
    },
    {
        "RewardGroupId": 105088
    },
    {
        "RewardGroupId": 105089
    },
    {
        "RewardGroupId": 105089
    },
    {
        "RewardGroupId": 105090
    },
    {
        "RewardGroupId": 105090
    },
    {
        "RewardGroupId": 105091
    },
    {
        "RewardGroupId": 105091
    },
    {
        "RewardGroupId": 105092
    },
    {
        "RewardGroupId": 105092
    },
    {
        "RewardGroupId": 105093
    },
    {
        "RewardGroupId": 105093
    },
    {
        "RewardGroupId": 105094
    },
    {
        "RewardGroupId": 105094
    },
    {
        "RewardGroupId": 105095
    },
    {
        "RewardGroupId": 105096
    },
    {
        "RewardGroupId": 105097
    },
    {
        "RewardGroupId": 105098
    },
    {
        "RewardGroupId": 105098
    },
    {
        "RewardGroupId": 105099
    },
    {
        "RewardGroupId": 105100
    },
    {
        "RewardGroupId": 105100
    },
    {
        "RewardGroupId": 105101
    },
    {
        "RewardGroupId": 105102
    },
    {
        "RewardGroupId": 105103
    },
    {
        "RewardGroupId": 105104
    },
    {
        "RewardGroupId": 105105
    },
    {
        "RewardGroupId": 105106
    },
    {
        "RewardGroupId": 105107
    },
    {
        "RewardGroupId": 105108
    },
    {
        "RewardGroupId": 105109
    },
    {
        "RewardGroupId": 105110
    },
    {
        "RewardGroupId": 105111
    },
    {
        "RewardGroupId": 105112
    },
    {
        "RewardGroupId": 105113
    },
    {
        "RewardGroupId": 105114
    },
    {
        "RewardGroupId": 105115
    },
    {
        "RewardGroupId": 105116
    },
    {
        "RewardGroupId": 105117
    },
    {
        "RewardGroupId": 105118
    },
    {
        "RewardGroupId": 105119
    },
    {
        "RewardGroupId": 105120
    },
    {
        "RewardGroupId": 105121
    },
    {
        "RewardGroupId": 105122
    },
    {
        "RewardGroupId": 105123
    },
    {
        "RewardGroupId": 105124
    },
    {
        "RewardGroupId": 106001
    },
    {
        "RewardGroupId": 106002
    },
    {
        "RewardGroupId": 106003
    },
    {
        "RewardGroupId": 106004
    },
    {
        "RewardGroupId": 106005
    },
    {
        "RewardGroupId": 106006
    },
    {
        "RewardGroupId": 106007
    },
    {
        "RewardGroupId": 106008
    },
    {
        "RewardGroupId": 106008
    },
    {
        "RewardGroupId": 106009
    },
    {
        "RewardGroupId": 106010
    },
    {
        "RewardGroupId": 106011
    },
    {
        "RewardGroupId": 106012
    },
    {
        "RewardGroupId": 106013
    },
    {
        "RewardGroupId": 106014
    },
    {
        "RewardGroupId": 106014
    },
    {
        "RewardGroupId": 106015
    },
    {
        "RewardGroupId": 106015
    },
    {
        "RewardGroupId": 106016
    },
    {
        "RewardGroupId": 106016
    },
    {
        "RewardGroupId": 106017
    },
    {
        "RewardGroupId": 106017
    },
    {
        "RewardGroupId": 106018
    },
    {
        "RewardGroupId": 106018
    },
    {
        "RewardGroupId": 106019
    },
    {
        "RewardGroupId": 106019
    },
    {
        "RewardGroupId": 106020
    },
    {
        "RewardGroupId": 106020
    },
    {
        "RewardGroupId": 106021
    },
    {
        "RewardGroupId": 106021
    },
    {
        "RewardGroupId": 106022
    },
    {
        "RewardGroupId": 106022
    },
    {
        "RewardGroupId": 106023
    },
    {
        "RewardGroupId": 106023
    },
    {
        "RewardGroupId": 106024
    },
    {
        "RewardGroupId": 106024
    },
    {
        "RewardGroupId": 106025
    },
    {
        "RewardGroupId": 106025
    },
    {
        "RewardGroupId": 106026
    },
    {
        "RewardGroupId": 106026
    },
    {
        "RewardGroupId": 106027
    },
    {
        "RewardGroupId": 106027
    },
    {
        "RewardGroupId": 106028
    },
    {
        "RewardGroupId": 106028
    },
    {
        "RewardGroupId": 106029
    },
    {
        "RewardGroupId": 106029
    },
    {
        "RewardGroupId": 106030
    },
    {
        "RewardGroupId": 106030
    },
    {
        "RewardGroupId": 106031
    },
    {
        "RewardGroupId": 106031
    },
    {
        "RewardGroupId": 106032
    },
    {
        "RewardGroupId": 106032
    },
    {
        "RewardGroupId": 106033
    },
    {
        "RewardGroupId": 106033
    },
    {
        "RewardGroupId": 106034
    },
    {
        "RewardGroupId": 106034
    },
    {
        "RewardGroupId": 106035
    },
    {
        "RewardGroupId": 106035
    },
    {
        "RewardGroupId": 106036
    },
    {
        "RewardGroupId": 106036
    },
    {
        "RewardGroupId": 106037
    },
    {
        "RewardGroupId": 106037
    },
    {
        "RewardGroupId": 106038
    },
    {
        "RewardGroupId": 106038
    },
    {
        "RewardGroupId": 106039
    },
    {
        "RewardGroupId": 106039
    },
    {
        "RewardGroupId": 106040
    },
    {
        "RewardGroupId": 106040
    },
    {
        "RewardGroupId": 106041
    },
    {
        "RewardGroupId": 106041
    },
    {
        "RewardGroupId": 106042
    },
    {
        "RewardGroupId": 106042
    },
    {
        "RewardGroupId": 106043
    },
    {
        "RewardGroupId": 106043
    },
    {
        "RewardGroupId": 106044
    },
    {
        "RewardGroupId": 106044
    },
    {
        "RewardGroupId": 106045
    },
    {
        "RewardGroupId": 106045
    },
    {
        "RewardGroupId": 106046
    },
    {
        "RewardGroupId": 106046
    },
    {
        "RewardGroupId": 106047
    },
    {
        "RewardGroupId": 106047
    },
    {
        "RewardGroupId": 106048
    },
    {
        "RewardGroupId": 106048
    },
    {
        "RewardGroupId": 106049
    },
    {
        "RewardGroupId": 106049
    },
    {
        "RewardGroupId": 106050
    },
    {
        "RewardGroupId": 106050
    },
    {
        "RewardGroupId": 106051
    },
    {
        "RewardGroupId": 106051
    },
    {
        "RewardGroupId": 106052
    },
    {
        "RewardGroupId": 106052
    },
    {
        "RewardGroupId": 106053
    },
    {
        "RewardGroupId": 106053
    },
    {
        "RewardGroupId": 106054
    },
    {
        "RewardGroupId": 106054
    },
    {
        "RewardGroupId": 106055
    },
    {
        "RewardGroupId": 106055
    },
    {
        "RewardGroupId": 106056
    },
    {
        "RewardGroupId": 106056
    },
    {
        "RewardGroupId": 106057
    },
    {
        "RewardGroupId": 106057
    },
    {
        "RewardGroupId": 106058
    },
    {
        "RewardGroupId": 106058
    },
    {
        "RewardGroupId": 106059
    },
    {
        "RewardGroupId": 106059
    },
    {
        "RewardGroupId": 106060
    },
    {
        "RewardGroupId": 106060
    },
    {
        "RewardGroupId": 106061
    },
    {
        "RewardGroupId": 106061
    },
    {
        "RewardGroupId": 106062
    },
    {
        "RewardGroupId": 106062
    },
    {
        "RewardGroupId": 106063
    },
    {
        "RewardGroupId": 106063
    },
    {
        "RewardGroupId": 106064
    },
    {
        "RewardGroupId": 106064
    },
    {
        "RewardGroupId": 106065
    },
    {
        "RewardGroupId": 106065
    },
    {
        "RewardGroupId": 106066
    },
    {
        "RewardGroupId": 106066
    },
    {
        "RewardGroupId": 106067
    },
    {
        "RewardGroupId": 106067
    },
    {
        "RewardGroupId": 106068
    },
    {
        "RewardGroupId": 106068
    },
    {
        "RewardGroupId": 106069
    },
    {
        "RewardGroupId": 106069
    },
    {
        "RewardGroupId": 106070
    },
    {
        "RewardGroupId": 106070
    },
    {
        "RewardGroupId": 106071
    },
    {
        "RewardGroupId": 106071
    },
    {
        "RewardGroupId": 106072
    },
    {
        "RewardGroupId": 106072
    },
    {
        "RewardGroupId": 106073
    },
    {
        "RewardGroupId": 106073
    },
    {
        "RewardGroupId": 106074
    },
    {
        "RewardGroupId": 106074
    },
    {
        "RewardGroupId": 106075
    },
    {
        "RewardGroupId": 106075
    },
    {
        "RewardGroupId": 106076
    },
    {
        "RewardGroupId": 106076
    },
    {
        "RewardGroupId": 106077
    },
    {
        "RewardGroupId": 106077
    },
    {
        "RewardGroupId": 106078
    },
    {
        "RewardGroupId": 106078
    },
    {
        "RewardGroupId": 106079
    },
    {
        "RewardGroupId": 106079
    },
    {
        "RewardGroupId": 106080
    },
    {
        "RewardGroupId": 106080
    },
    {
        "RewardGroupId": 106081
    },
    {
        "RewardGroupId": 106081
    },
    {
        "RewardGroupId": 106082
    },
    {
        "RewardGroupId": 106082
    },
    {
        "RewardGroupId": 106083
    },
    {
        "RewardGroupId": 106083
    },
    {
        "RewardGroupId": 106084
    },
    {
        "RewardGroupId": 106084
    },
    {
        "RewardGroupId": 106085
    },
    {
        "RewardGroupId": 106085
    },
    {
        "RewardGroupId": 106086
    },
    {
        "RewardGroupId": 106086
    },
    {
        "RewardGroupId": 106087
    },
    {
        "RewardGroupId": 106087
    },
    {
        "RewardGroupId": 106088
    },
    {
        "RewardGroupId": 106088
    },
    {
        "RewardGroupId": 106089
    },
    {
        "RewardGroupId": 106089
    },
    {
        "RewardGroupId": 106090
    },
    {
        "RewardGroupId": 106090
    },
    {
        "RewardGroupId": 106091
    },
    {
        "RewardGroupId": 106091
    },
    {
        "RewardGroupId": 106092
    },
    {
        "RewardGroupId": 106092
    },
    {
        "RewardGroupId": 106093
    },
    {
        "RewardGroupId": 106093
    },
    {
        "RewardGroupId": 106094
    },
    {
        "RewardGroupId": 106094
    },
    {
        "RewardGroupId": 106095
    },
    {
        "RewardGroupId": 106096
    },
    {
        "RewardGroupId": 106097
    },
    {
        "RewardGroupId": 106098
    },
    {
        "RewardGroupId": 106098
    },
    {
        "RewardGroupId": 106099
    },
    {
        "RewardGroupId": 106100
    },
    {
        "RewardGroupId": 106100
    },
    {
        "RewardGroupId": 106101
    },
    {
        "RewardGroupId": 106102
    },
    {
        "RewardGroupId": 106103
    },
    {
        "RewardGroupId": 106104
    },
    {
        "RewardGroupId": 106105
    },
    {
        "RewardGroupId": 106106
    },
    {
        "RewardGroupId": 106107
    },
    {
        "RewardGroupId": 106108
    },
    {
        "RewardGroupId": 106109
    },
    {
        "RewardGroupId": 106110
    },
    {
        "RewardGroupId": 106111
    },
    {
        "RewardGroupId": 106112
    },
    {
        "RewardGroupId": 106113
    },
    {
        "RewardGroupId": 106114
    },
    {
        "RewardGroupId": 106115
    },
    {
        "RewardGroupId": 106116
    },
    {
        "RewardGroupId": 106117
    },
    {
        "RewardGroupId": 106118
    },
    {
        "RewardGroupId": 106119
    },
    {
        "RewardGroupId": 106120
    },
    {
        "RewardGroupId": 106121
    },
    {
        "RewardGroupId": 106122
    },
    {
        "RewardGroupId": 106123
    },
    {
        "RewardGroupId": 106124
    },
    {
        "RewardGroupId": 107001
    },
    {
        "RewardGroupId": 107002
    },
    {
        "RewardGroupId": 107003
    },
    {
        "RewardGroupId": 107004
    },
    {
        "RewardGroupId": 107005
    },
    {
        "RewardGroupId": 107006
    },
    {
        "RewardGroupId": 107007
    },
    {
        "RewardGroupId": 107008
    },
    {
        "RewardGroupId": 107008
    },
    {
        "RewardGroupId": 107009
    },
    {
        "RewardGroupId": 107010
    },
    {
        "RewardGroupId": 107011
    },
    {
        "RewardGroupId": 107012
    },
    {
        "RewardGroupId": 107013
    },
    {
        "RewardGroupId": 107014
    },
    {
        "RewardGroupId": 107014
    },
    {
        "RewardGroupId": 107015
    },
    {
        "RewardGroupId": 107015
    },
    {
        "RewardGroupId": 107016
    },
    {
        "RewardGroupId": 107016
    },
    {
        "RewardGroupId": 107017
    },
    {
        "RewardGroupId": 107017
    },
    {
        "RewardGroupId": 107018
    },
    {
        "RewardGroupId": 107018
    },
    {
        "RewardGroupId": 107019
    },
    {
        "RewardGroupId": 107019
    },
    {
        "RewardGroupId": 107020
    },
    {
        "RewardGroupId": 107020
    },
    {
        "RewardGroupId": 107021
    },
    {
        "RewardGroupId": 107021
    },
    {
        "RewardGroupId": 107022
    },
    {
        "RewardGroupId": 107022
    },
    {
        "RewardGroupId": 107023
    },
    {
        "RewardGroupId": 107023
    },
    {
        "RewardGroupId": 107024
    },
    {
        "RewardGroupId": 107024
    },
    {
        "RewardGroupId": 107025
    },
    {
        "RewardGroupId": 107025
    },
    {
        "RewardGroupId": 107026
    },
    {
        "RewardGroupId": 107026
    },
    {
        "RewardGroupId": 107027
    },
    {
        "RewardGroupId": 107027
    },
    {
        "RewardGroupId": 107028
    },
    {
        "RewardGroupId": 107028
    },
    {
        "RewardGroupId": 107029
    },
    {
        "RewardGroupId": 107029
    },
    {
        "RewardGroupId": 107030
    },
    {
        "RewardGroupId": 107030
    },
    {
        "RewardGroupId": 107031
    },
    {
        "RewardGroupId": 107031
    },
    {
        "RewardGroupId": 107032
    },
    {
        "RewardGroupId": 107032
    },
    {
        "RewardGroupId": 107033
    },
    {
        "RewardGroupId": 107033
    },
    {
        "RewardGroupId": 107034
    },
    {
        "RewardGroupId": 107034
    },
    {
        "RewardGroupId": 107035
    },
    {
        "RewardGroupId": 107035
    },
    {
        "RewardGroupId": 107036
    },
    {
        "RewardGroupId": 107036
    },
    {
        "RewardGroupId": 107037
    },
    {
        "RewardGroupId": 107037
    },
    {
        "RewardGroupId": 107038
    },
    {
        "RewardGroupId": 107038
    },
    {
        "RewardGroupId": 107039
    },
    {
        "RewardGroupId": 107039
    },
    {
        "RewardGroupId": 107040
    },
    {
        "RewardGroupId": 107040
    },
    {
        "RewardGroupId": 107041
    },
    {
        "RewardGroupId": 107041
    },
    {
        "RewardGroupId": 107042
    },
    {
        "RewardGroupId": 107042
    },
    {
        "RewardGroupId": 107043
    },
    {
        "RewardGroupId": 107043
    },
    {
        "RewardGroupId": 107044
    },
    {
        "RewardGroupId": 107044
    },
    {
        "RewardGroupId": 107045
    },
    {
        "RewardGroupId": 107045
    },
    {
        "RewardGroupId": 107046
    },
    {
        "RewardGroupId": 107046
    },
    {
        "RewardGroupId": 107047
    },
    {
        "RewardGroupId": 107047
    },
    {
        "RewardGroupId": 107048
    },
    {
        "RewardGroupId": 107048
    },
    {
        "RewardGroupId": 107049
    },
    {
        "RewardGroupId": 107049
    },
    {
        "RewardGroupId": 107050
    },
    {
        "RewardGroupId": 107050
    },
    {
        "RewardGroupId": 107051
    },
    {
        "RewardGroupId": 107051
    },
    {
        "RewardGroupId": 107052
    },
    {
        "RewardGroupId": 107052
    },
    {
        "RewardGroupId": 107053
    },
    {
        "RewardGroupId": 107053
    },
    {
        "RewardGroupId": 107054
    },
    {
        "RewardGroupId": 107054
    },
    {
        "RewardGroupId": 107055
    },
    {
        "RewardGroupId": 107055
    },
    {
        "RewardGroupId": 107056
    },
    {
        "RewardGroupId": 107056
    },
    {
        "RewardGroupId": 107057
    },
    {
        "RewardGroupId": 107057
    },
    {
        "RewardGroupId": 107058
    },
    {
        "RewardGroupId": 107058
    },
    {
        "RewardGroupId": 107059
    },
    {
        "RewardGroupId": 107059
    },
    {
        "RewardGroupId": 107060
    },
    {
        "RewardGroupId": 107060
    },
    {
        "RewardGroupId": 107061
    },
    {
        "RewardGroupId": 107061
    },
    {
        "RewardGroupId": 107062
    },
    {
        "RewardGroupId": 107062
    },
    {
        "RewardGroupId": 107063
    },
    {
        "RewardGroupId": 107063
    },
    {
        "RewardGroupId": 107064
    },
    {
        "RewardGroupId": 107064
    },
    {
        "RewardGroupId": 107065
    },
    {
        "RewardGroupId": 107065
    },
    {
        "RewardGroupId": 107066
    },
    {
        "RewardGroupId": 107066
    },
    {
        "RewardGroupId": 107067
    },
    {
        "RewardGroupId": 107067
    },
    {
        "RewardGroupId": 107068
    },
    {
        "RewardGroupId": 107068
    },
    {
        "RewardGroupId": 107069
    },
    {
        "RewardGroupId": 107069
    },
    {
        "RewardGroupId": 107070
    },
    {
        "RewardGroupId": 107070
    },
    {
        "RewardGroupId": 107071
    },
    {
        "RewardGroupId": 107071
    },
    {
        "RewardGroupId": 107072
    },
    {
        "RewardGroupId": 107072
    },
    {
        "RewardGroupId": 107073
    },
    {
        "RewardGroupId": 107073
    },
    {
        "RewardGroupId": 107074
    },
    {
        "RewardGroupId": 107074
    },
    {
        "RewardGroupId": 107075
    },
    {
        "RewardGroupId": 107075
    },
    {
        "RewardGroupId": 107076
    },
    {
        "RewardGroupId": 107076
    },
    {
        "RewardGroupId": 107077
    },
    {
        "RewardGroupId": 107077
    },
    {
        "RewardGroupId": 107078
    },
    {
        "RewardGroupId": 107078
    },
    {
        "RewardGroupId": 107079
    },
    {
        "RewardGroupId": 107079
    },
    {
        "RewardGroupId": 107080
    },
    {
        "RewardGroupId": 107080
    },
    {
        "RewardGroupId": 107081
    },
    {
        "RewardGroupId": 107081
    },
    {
        "RewardGroupId": 107082
    },
    {
        "RewardGroupId": 107082
    },
    {
        "RewardGroupId": 107083
    },
    {
        "RewardGroupId": 107083
    },
    {
        "RewardGroupId": 107084
    },
    {
        "RewardGroupId": 107084
    },
    {
        "RewardGroupId": 107085
    },
    {
        "RewardGroupId": 107085
    },
    {
        "RewardGroupId": 107086
    },
    {
        "RewardGroupId": 107086
    },
    {
        "RewardGroupId": 107087
    },
    {
        "RewardGroupId": 107087
    },
    {
        "RewardGroupId": 107088
    },
    {
        "RewardGroupId": 107088
    },
    {
        "RewardGroupId": 107089
    },
    {
        "RewardGroupId": 107089
    },
    {
        "RewardGroupId": 107090
    },
    {
        "RewardGroupId": 107090
    },
    {
        "RewardGroupId": 107091
    },
    {
        "RewardGroupId": 107091
    },
    {
        "RewardGroupId": 107092
    },
    {
        "RewardGroupId": 107092
    },
    {
        "RewardGroupId": 107093
    },
    {
        "RewardGroupId": 107093
    },
    {
        "RewardGroupId": 107094
    },
    {
        "RewardGroupId": 107094
    },
    {
        "RewardGroupId": 107095
    },
    {
        "RewardGroupId": 107096
    },
    {
        "RewardGroupId": 107097
    },
    {
        "RewardGroupId": 107098
    },
    {
        "RewardGroupId": 107098
    },
    {
        "RewardGroupId": 107099
    },
    {
        "RewardGroupId": 107100
    },
    {
        "RewardGroupId": 107100
    },
    {
        "RewardGroupId": 107101
    },
    {
        "RewardGroupId": 107102
    },
    {
        "RewardGroupId": 107103
    },
    {
        "RewardGroupId": 107104
    },
    {
        "RewardGroupId": 107105
    },
    {
        "RewardGroupId": 107106
    },
    {
        "RewardGroupId": 107107
    },
    {
        "RewardGroupId": 107108
    },
    {
        "RewardGroupId": 107109
    },
    {
        "RewardGroupId": 107110
    },
    {
        "RewardGroupId": 107111
    },
    {
        "RewardGroupId": 107112
    },
    {
        "RewardGroupId": 107113
    },
    {
        "RewardGroupId": 107114
    },
    {
        "RewardGroupId": 107115
    },
    {
        "RewardGroupId": 107116
    },
    {
        "RewardGroupId": 107117
    },
    {
        "RewardGroupId": 107118
    },
    {
        "RewardGroupId": 107119
    },
    {
        "RewardGroupId": 107120
    },
    {
        "RewardGroupId": 107121
    },
    {
        "RewardGroupId": 107122
    },
    {
        "RewardGroupId": 107123
    },
    {
        "RewardGroupId": 107124
    }
]