[
    {
        "Id": 1,
        "BossGroupId": "EN0008"
    },
    {
        "Id": 2,
        "BossGroupId": "EN0008"
    },
    {
        "Id": 3,
        "BossGroupId": "EN0008"
    },
    {
        "Id": 4,
        "BossGroupId": "EN0008"
    },
    {
        "Id": 5,
        "BossGroupId": "EN0008"
    },
    {
        "Id": 6,
        "BossGroupId": "EN0008"
    },
    {
        "Id": 7,
        "BossGroupId": "EN0008"
    },
    {
        "Id": 8,
        "BossGroupId": "EN0008"
    },
    {
        "Id": 9,
        "BossGroupId": "EN0008"
    },
    {
        "Id": 10,
        "BossGroupId": "EN0008"
    },
    {
        "Id": 11,
        "BossGroupId": "EN0008"
    },
    {
        "Id": 12,
        "BossGroupId": "EN0008"
    },
    {
        "Id": 13,
        "BossGroupId": "EN0008"
    },
    {
        "Id": 14,
        "BossGroupId": "EN0008"
    },
    {
        "Id": 15,
        "BossGroupId": "EN0008"
    },
    {
        "Id": 16,
        "BossGroupId": "EN0008"
    },
    {
        "Id": 17,
        "BossGroupId": "EN0008"
    },
    {
        "Id": 18,
        "BossGroupId": "EN0008"
    },
    {
        "Id": 19,
        "BossGroupId": "EN0008"
    },
    {
        "Id": 20,
        "BossGroupId": "EN0008"
    },
    {
        "Id": 21,
        "BossGroupId": "EN0008"
    },
    {
        "Id": 22,
        "BossGroupId": "EN0008"
    },
    {
        "Id": 23,
        "BossGroupId": "EN0008"
    },
    {
        "Id": 24,
        "BossGroupId": "EN0008"
    },
    {
        "Id": 25,
        "BossGroupId": "EN0008"
    },
    {
        "Id": 26,
        "BossGroupId": "EN0008"
    },
    {
        "Id": 27,
        "BossGroupId": "EN0008"
    },
    {
        "Id": 28,
        "BossGroupId": "EN0008"
    },
    {
        "Id": 29,
        "BossGroupId": "EN0008"
    },
    {
        "Id": 30,
        "BossGroupId": "EN0008"
    },
    {
        "Id": 31,
        "BossGroupId": "EN0008"
    },
    {
        "Id": 32,
        "BossGroupId": "EN0008"
    },
    {
        "Id": 33,
        "BossGroupId": "EN0008"
    },
    {
        "Id": 34,
        "BossGroupId": "EN0008"
    },
    {
        "Id": 35,
        "BossGroupId": "EN0008"
    },
    {
        "Id": 36,
        "BossGroupId": "EN0008"
    },
    {
        "Id": 37,
        "BossGroupId": "EN0008"
    },
    {
        "Id": 38,
        "BossGroupId": "EN0008"
    },
    {
        "Id": 39,
        "BossGroupId": "EN0008"
    },
    {
        "Id": 40,
        "BossGroupId": "EN0008"
    },
    {
        "Id": 41,
        "BossGroupId": "EN0008"
    },
    {
        "Id": 42,
        "BossGroupId": "EN0008"
    },
    {
        "Id": 43,
        "BossGroupId": "EN0008"
    },
    {
        "Id": 44,
        "BossGroupId": "EN0008"
    },
    {
        "Id": 45,
        "BossGroupId": "EN0008"
    },
    {
        "Id": 46,
        "BossGroupId": "EN0008"
    },
    {
        "Id": 47,
        "BossGroupId": "EN0008"
    },
    {
        "Id": 48,
        "BossGroupId": "EN0008"
    },
    {
        "Id": 49,
        "BossGroupId": "EN0008"
    },
    {
        "Id": 50,
        "BossGroupId": "EN0008"
    },
    {
        "Id": 51,
        "BossGroupId": "EN0008"
    },
    {
        "Id": 52,
        "BossGroupId": "EN0008"
    },
    {
        "Id": 53,
        "BossGroupId": "EN0008"
    },
    {
        "Id": 54,
        "BossGroupId": "EN0008"
    },
    {
        "Id": 55,
        "BossGroupId": "EN0008"
    },
    {
        "Id": 56,
        "BossGroupId": "EN0008"
    },
    {
        "Id": 57,
        "BossGroupId": "EN0008"
    },
    {
        "Id": 58,
        "BossGroupId": "EN0008"
    },
    {
        "Id": 59,
        "BossGroupId": "EN0008"
    },
    {
        "Id": 60,
        "BossGroupId": "EN0008"
    },
    {
        "Id": 61,
        "BossGroupId": "EN0008"
    },
    {
        "Id": 62,
        "BossGroupId": "EN0008"
    },
    {
        "Id": 63,
        "BossGroupId": "EN0008"
    },
    {
        "Id": 64,
        "BossGroupId": "EN0008"
    },
    {
        "Id": 65,
        "BossGroupId": "EN0008"
    },
    {
        "Id": 66,
        "BossGroupId": "EN0008"
    },
    {
        "Id": 67,
        "BossGroupId": "EN0008"
    },
    {
        "Id": 68,
        "BossGroupId": "EN0008"
    },
    {
        "Id": 69,
        "BossGroupId": "EN0008"
    },
    {
        "Id": 70,
        "BossGroupId": "EN0008"
    },
    {
        "Id": 71,
        "BossGroupId": "EN0008"
    },
    {
        "Id": 72,
        "BossGroupId": "EN0008"
    },
    {
        "Id": 73,
        "BossGroupId": "EN0008"
    },
    {
        "Id": 74,
        "BossGroupId": "EN0008"
    },
    {
        "Id": 75,
        "BossGroupId": "EN0008"
    },
    {
        "Id": 76,
        "BossGroupId": "EN0008"
    },
    {
        "Id": 77,
        "BossGroupId": "EN0008"
    },
    {
        "Id": 78,
        "BossGroupId": "EN0008"
    },
    {
        "Id": 79,
        "BossGroupId": "EN0008"
    },
    {
        "Id": 80,
        "BossGroupId": "EN0008"
    },
    {
        "Id": 81,
        "BossGroupId": "EN0008"
    },
    {
        "Id": 82,
        "BossGroupId": "EN0008"
    },
    {
        "Id": 83,
        "BossGroupId": "EN0008"
    },
    {
        "Id": 84,
        "BossGroupId": "EN0008"
    },
    {
        "Id": 85,
        "BossGroupId": "EN0008"
    },
    {
        "Id": 86,
        "BossGroupId": "EN0008"
    },
    {
        "Id": 87,
        "BossGroupId": "EN0008"
    },
    {
        "Id": 88,
        "BossGroupId": "EN0008"
    },
    {
        "Id": 89,
        "BossGroupId": "EN0008"
    },
    {
        "Id": 90,
        "BossGroupId": "EN0008"
    },
    {
        "Id": 91,
        "BossGroupId": "EN0008"
    },
    {
        "Id": 92,
        "BossGroupId": "EN0008"
    },
    {
        "Id": 93,
        "BossGroupId": "EN0008"
    },
    {
        "Id": 94,
        "BossGroupId": "EN0008"
    },
    {
        "Id": 95,
        "BossGroupId": "EN0008"
    },
    {
        "Id": 96,
        "BossGroupId": "EN0008"
    },
    {
        "Id": 97,
        "BossGroupId": "EN0008"
    },
    {
        "Id": 98,
        "BossGroupId": "EN0008"
    },
    {
        "Id": 99,
        "BossGroupId": "EN0008"
    },
    {
        "Id": 100,
        "BossGroupId": "EN0008"
    },
    {
        "Id": 101,
        "BossGroupId": "EN0008"
    },
    {
        "Id": 102,
        "BossGroupId": "EN0008"
    },
    {
        "Id": 103,
        "BossGroupId": "EN0008"
    },
    {
        "Id": 104,
        "BossGroupId": "EN0008"
    },
    {
        "Id": 105,
        "BossGroupId": "EN0008"
    },
    {
        "Id": 106,
        "BossGroupId": "EN0008"
    },
    {
        "Id": 107,
        "BossGroupId": "EN0008"
    },
    {
        "Id": 108,
        "BossGroupId": "EN0008"
    },
    {
        "Id": 109,
        "BossGroupId": "EN0008"
    },
    {
        "Id": 110,
        "BossGroupId": "EN0008"
    },
    {
        "Id": 111,
        "BossGroupId": "EN0008"
    },
    {
        "Id": 112,
        "BossGroupId": "EN0008"
    },
    {
        "Id": 113,
        "BossGroupId": "EN0008"
    },
    {
        "Id": 114,
        "BossGroupId": "EN0008"
    },
    {
        "Id": 115,
        "BossGroupId": "EN0008"
    },
    {
        "Id": 116,
        "BossGroupId": "EN0008"
    },
    {
        "Id": 117,
        "BossGroupId": "EN0008"
    },
    {
        "Id": 118,
        "BossGroupId": "EN0008"
    },
    {
        "Id": 119,
        "BossGroupId": "EN0008"
    },
    {
        "Id": 120,
        "BossGroupId": "EN0008"
    },
    {
        "Id": 121,
        "BossGroupId": "EN0008"
    },
    {
        "Id": 122,
        "BossGroupId": "EN0008"
    },
    {
        "Id": 123,
        "BossGroupId": "EN0008"
    },
    {
        "Id": 124,
        "BossGroupId": "EN0008"
    },
    {
        "Id": 125,
        "BossGroupId": "EN0008_LightArmor"
    },
    {
        "Id": 126,
        "BossGroupId": "EN0008_LightArmor"
    },
    {
        "Id": 127,
        "BossGroupId": "EN0008_LightArmor"
    },
    {
        "Id": 128,
        "BossGroupId": "EN0008_LightArmor"
    },
    {
        "Id": 129,
        "BossGroupId": "EN0008_LightArmor"
    },
    {
        "Id": 130,
        "BossGroupId": "EN0008_LightArmor"
    },
    {
        "Id": 131,
        "BossGroupId": "EN0008_LightArmor"
    },
    {
        "Id": 132,
        "BossGroupId": "EN0008_LightArmor"
    },
    {
        "Id": 133,
        "BossGroupId": "EN0008_LightArmor"
    },
    {
        "Id": 134,
        "BossGroupId": "EN0008_LightArmor"
    },
    {
        "Id": 135,
        "BossGroupId": "EN0008_LightArmor"
    },
    {
        "Id": 136,
        "BossGroupId": "EN0008_LightArmor"
    },
    {
        "Id": 137,
        "BossGroupId": "EN0008_LightArmor"
    },
    {
        "Id": 138,
        "BossGroupId": "EN0008_LightArmor"
    },
    {
        "Id": 139,
        "BossGroupId": "EN0008_LightArmor"
    },
    {
        "Id": 140,
        "BossGroupId": "EN0008_LightArmor"
    },
    {
        "Id": 141,
        "BossGroupId": "EN0008_LightArmor"
    },
    {
        "Id": 142,
        "BossGroupId": "EN0008_LightArmor"
    },
    {
        "Id": 143,
        "BossGroupId": "EN0008_LightArmor"
    },
    {
        "Id": 144,
        "BossGroupId": "EN0008_LightArmor"
    },
    {
        "Id": 145,
        "BossGroupId": "EN0008_LightArmor"
    },
    {
        "Id": 146,
        "BossGroupId": "EN0008_LightArmor"
    },
    {
        "Id": 147,
        "BossGroupId": "EN0008_LightArmor"
    },
    {
        "Id": 148,
        "BossGroupId": "EN0008_LightArmor"
    },
    {
        "Id": 149,
        "BossGroupId": "EN0008_LightArmor"
    },
    {
        "Id": 150,
        "BossGroupId": "EN0008_LightArmor"
    },
    {
        "Id": 151,
        "BossGroupId": "EN0008_LightArmor"
    },
    {
        "Id": 152,
        "BossGroupId": "EN0008_LightArmor"
    },
    {
        "Id": 153,
        "BossGroupId": "EN0008_LightArmor"
    },
    {
        "Id": 154,
        "BossGroupId": "EN0008_LightArmor"
    },
    {
        "Id": 155,
        "BossGroupId": "EN0008_LightArmor"
    },
    {
        "Id": 156,
        "BossGroupId": "EN0008_LightArmor"
    },
    {
        "Id": 157,
        "BossGroupId": "EN0008_LightArmor"
    },
    {
        "Id": 158,
        "BossGroupId": "EN0008_LightArmor"
    },
    {
        "Id": 159,
        "BossGroupId": "EN0008_LightArmor"
    },
    {
        "Id": 160,
        "BossGroupId": "EN0008_LightArmor"
    },
    {
        "Id": 161,
        "BossGroupId": "EN0008_LightArmor"
    },
    {
        "Id": 162,
        "BossGroupId": "EN0008_LightArmor"
    },
    {
        "Id": 163,
        "BossGroupId": "EN0008_LightArmor"
    },
    {
        "Id": 164,
        "BossGroupId": "EN0008_LightArmor"
    },
    {
        "Id": 165,
        "BossGroupId": "EN0008_LightArmor"
    },
    {
        "Id": 166,
        "BossGroupId": "EN0008_LightArmor"
    },
    {
        "Id": 167,
        "BossGroupId": "EN0008_LightArmor"
    },
    {
        "Id": 168,
        "BossGroupId": "EN0008_LightArmor"
    },
    {
        "Id": 169,
        "BossGroupId": "EN0008_LightArmor"
    },
    {
        "Id": 170,
        "BossGroupId": "EN0008_LightArmor"
    },
    {
        "Id": 171,
        "BossGroupId": "EN0008_LightArmor"
    },
    {
        "Id": 172,
        "BossGroupId": "EN0008_LightArmor"
    },
    {
        "Id": 173,
        "BossGroupId": "EN0008_LightArmor"
    },
    {
        "Id": 174,
        "BossGroupId": "EN0008_LightArmor"
    },
    {
        "Id": 175,
        "BossGroupId": "EN0008_LightArmor"
    },
    {
        "Id": 176,
        "BossGroupId": "EN0008_LightArmor"
    },
    {
        "Id": 177,
        "BossGroupId": "EN0008_LightArmor"
    },
    {
        "Id": 178,
        "BossGroupId": "EN0008_LightArmor"
    },
    {
        "Id": 179,
        "BossGroupId": "EN0008_LightArmor"
    },
    {
        "Id": 180,
        "BossGroupId": "EN0008_LightArmor"
    },
    {
        "Id": 181,
        "BossGroupId": "EN0008_LightArmor"
    },
    {
        "Id": 182,
        "BossGroupId": "EN0008_LightArmor"
    },
    {
        "Id": 183,
        "BossGroupId": "EN0008_LightArmor"
    },
    {
        "Id": 184,
        "BossGroupId": "EN0008_LightArmor"
    },
    {
        "Id": 185,
        "BossGroupId": "EN0008_LightArmor"
    },
    {
        "Id": 186,
        "BossGroupId": "EN0008_LightArmor"
    },
    {
        "Id": 187,
        "BossGroupId": "EN0008_LightArmor"
    },
    {
        "Id": 188,
        "BossGroupId": "EN0008_LightArmor"
    },
    {
        "Id": 189,
        "BossGroupId": "EN0008_LightArmor"
    },
    {
        "Id": 190,
        "BossGroupId": "EN0008_LightArmor"
    },
    {
        "Id": 191,
        "BossGroupId": "EN0008_LightArmor"
    },
    {
        "Id": 192,
        "BossGroupId": "EN0008_LightArmor"
    },
    {
        "Id": 193,
        "BossGroupId": "EN0008_LightArmor"
    },
    {
        "Id": 194,
        "BossGroupId": "EN0008_LightArmor"
    },
    {
        "Id": 195,
        "BossGroupId": "EN0008_LightArmor"
    },
    {
        "Id": 196,
        "BossGroupId": "EN0008_LightArmor"
    },
    {
        "Id": 197,
        "BossGroupId": "EN0008_LightArmor"
    },
    {
        "Id": 198,
        "BossGroupId": "EN0008_LightArmor"
    },
    {
        "Id": 199,
        "BossGroupId": "EN0008_LightArmor"
    },
    {
        "Id": 200,
        "BossGroupId": "EN0008_LightArmor"
    },
    {
        "Id": 201,
        "BossGroupId": "EN0008_LightArmor"
    },
    {
        "Id": 202,
        "BossGroupId": "EN0008_LightArmor"
    },
    {
        "Id": 203,
        "BossGroupId": "EN0008_LightArmor"
    },
    {
        "Id": 204,
        "BossGroupId": "EN0008_LightArmor"
    },
    {
        "Id": 205,
        "BossGroupId": "EN0008_LightArmor"
    },
    {
        "Id": 206,
        "BossGroupId": "EN0008_LightArmor"
    },
    {
        "Id": 207,
        "BossGroupId": "EN0008_LightArmor"
    },
    {
        "Id": 208,
        "BossGroupId": "EN0008_LightArmor"
    },
    {
        "Id": 209,
        "BossGroupId": "EN0008_LightArmor"
    },
    {
        "Id": 210,
        "BossGroupId": "EN0008_LightArmor"
    },
    {
        "Id": 211,
        "BossGroupId": "EN0008_LightArmor"
    },
    {
        "Id": 212,
        "BossGroupId": "EN0008_LightArmor"
    },
    {
        "Id": 213,
        "BossGroupId": "EN0008_LightArmor"
    },
    {
        "Id": 214,
        "BossGroupId": "EN0008_LightArmor"
    },
    {
        "Id": 215,
        "BossGroupId": "EN0008_LightArmor"
    },
    {
        "Id": 216,
        "BossGroupId": "EN0008_LightArmor"
    },
    {
        "Id": 217,
        "BossGroupId": "EN0008_LightArmor"
    },
    {
        "Id": 218,
        "BossGroupId": "EN0008_LightArmor"
    },
    {
        "Id": 219,
        "BossGroupId": "EN0008_LightArmor"
    },
    {
        "Id": 220,
        "BossGroupId": "EN0008_LightArmor"
    },
    {
        "Id": 221,
        "BossGroupId": "EN0008_LightArmor"
    },
    {
        "Id": 222,
        "BossGroupId": "EN0008_LightArmor"
    },
    {
        "Id": 223,
        "BossGroupId": "EN0008_LightArmor"
    },
    {
        "Id": 224,
        "BossGroupId": "EN0008_LightArmor"
    },
    {
        "Id": 225,
        "BossGroupId": "EN0008_LightArmor"
    },
    {
        "Id": 226,
        "BossGroupId": "EN0008_LightArmor"
    },
    {
        "Id": 227,
        "BossGroupId": "EN0008_LightArmor"
    },
    {
        "Id": 228,
        "BossGroupId": "EN0008_LightArmor"
    },
    {
        "Id": 229,
        "BossGroupId": "EN0008_LightArmor"
    },
    {
        "Id": 230,
        "BossGroupId": "EN0008_LightArmor"
    },
    {
        "Id": 231,
        "BossGroupId": "EN0008_LightArmor"
    },
    {
        "Id": 232,
        "BossGroupId": "EN0008_LightArmor"
    },
    {
        "Id": 233,
        "BossGroupId": "EN0008_LightArmor"
    },
    {
        "Id": 234,
        "BossGroupId": "EN0008_LightArmor"
    },
    {
        "Id": 235,
        "BossGroupId": "EN0008_LightArmor"
    },
    {
        "Id": 236,
        "BossGroupId": "EN0008_LightArmor"
    },
    {
        "Id": 237,
        "BossGroupId": "EN0008_LightArmor"
    },
    {
        "Id": 238,
        "BossGroupId": "EN0008_LightArmor"
    },
    {
        "Id": 239,
        "BossGroupId": "EN0008_LightArmor"
    },
    {
        "Id": 240,
        "BossGroupId": "EN0008_LightArmor"
    },
    {
        "Id": 241,
        "BossGroupId": "EN0008_LightArmor"
    },
    {
        "Id": 242,
        "BossGroupId": "EN0008_LightArmor"
    },
    {
        "Id": 243,
        "BossGroupId": "EN0008_LightArmor"
    },
    {
        "Id": 244,
        "BossGroupId": "EN0008_LightArmor"
    },
    {
        "Id": 245,
        "BossGroupId": "EN0008_LightArmor"
    },
    {
        "Id": 246,
        "BossGroupId": "EN0008_LightArmor"
    },
    {
        "Id": 247,
        "BossGroupId": "EN0008_LightArmor"
    },
    {
        "Id": 248,
        "BossGroupId": "EN0008_LightArmor"
    },
    {
        "Id": 10001,
        "BossGroupId": "EN0009"
    },
    {
        "Id": 10002,
        "BossGroupId": "EN0009"
    },
    {
        "Id": 10003,
        "BossGroupId": "EN0009"
    },
    {
        "Id": 10004,
        "BossGroupId": "EN0009"
    },
    {
        "Id": 10005,
        "BossGroupId": "EN0009"
    },
    {
        "Id": 10006,
        "BossGroupId": "EN0009"
    },
    {
        "Id": 10007,
        "BossGroupId": "EN0009"
    },
    {
        "Id": 10008,
        "BossGroupId": "EN0009"
    },
    {
        "Id": 10009,
        "BossGroupId": "EN0009"
    },
    {
        "Id": 10010,
        "BossGroupId": "EN0009"
    },
    {
        "Id": 10011,
        "BossGroupId": "EN0009"
    },
    {
        "Id": 10012,
        "BossGroupId": "EN0009"
    },
    {
        "Id": 10013,
        "BossGroupId": "EN0009"
    },
    {
        "Id": 10014,
        "BossGroupId": "EN0009"
    },
    {
        "Id": 10015,
        "BossGroupId": "EN0009"
    },
    {
        "Id": 10016,
        "BossGroupId": "EN0009"
    },
    {
        "Id": 10017,
        "BossGroupId": "EN0009"
    },
    {
        "Id": 10018,
        "BossGroupId": "EN0009"
    },
    {
        "Id": 10019,
        "BossGroupId": "EN0009"
    },
    {
        "Id": 10020,
        "BossGroupId": "EN0009"
    },
    {
        "Id": 10021,
        "BossGroupId": "EN0009"
    },
    {
        "Id": 10022,
        "BossGroupId": "EN0009"
    },
    {
        "Id": 10023,
        "BossGroupId": "EN0009"
    },
    {
        "Id": 10024,
        "BossGroupId": "EN0009"
    },
    {
        "Id": 10025,
        "BossGroupId": "EN0009"
    },
    {
        "Id": 10026,
        "BossGroupId": "EN0009"
    },
    {
        "Id": 10027,
        "BossGroupId": "EN0009"
    },
    {
        "Id": 10028,
        "BossGroupId": "EN0009"
    },
    {
        "Id": 10029,
        "BossGroupId": "EN0009"
    },
    {
        "Id": 10030,
        "BossGroupId": "EN0009"
    },
    {
        "Id": 10031,
        "BossGroupId": "EN0009"
    },
    {
        "Id": 10032,
        "BossGroupId": "EN0009"
    },
    {
        "Id": 10033,
        "BossGroupId": "EN0009"
    },
    {
        "Id": 10034,
        "BossGroupId": "EN0009"
    },
    {
        "Id": 10035,
        "BossGroupId": "EN0009"
    },
    {
        "Id": 10036,
        "BossGroupId": "EN0009"
    },
    {
        "Id": 10037,
        "BossGroupId": "EN0009"
    },
    {
        "Id": 10038,
        "BossGroupId": "EN0009"
    },
    {
        "Id": 10039,
        "BossGroupId": "EN0009"
    },
    {
        "Id": 10040,
        "BossGroupId": "EN0009"
    },
    {
        "Id": 10041,
        "BossGroupId": "EN0009"
    },
    {
        "Id": 10042,
        "BossGroupId": "EN0009"
    },
    {
        "Id": 10043,
        "BossGroupId": "EN0009"
    },
    {
        "Id": 10044,
        "BossGroupId": "EN0009"
    },
    {
        "Id": 10045,
        "BossGroupId": "EN0009"
    },
    {
        "Id": 10046,
        "BossGroupId": "EN0009"
    },
    {
        "Id": 10047,
        "BossGroupId": "EN0009"
    },
    {
        "Id": 10048,
        "BossGroupId": "EN0009"
    },
    {
        "Id": 10049,
        "BossGroupId": "EN0009"
    },
    {
        "Id": 10050,
        "BossGroupId": "EN0009"
    },
    {
        "Id": 10051,
        "BossGroupId": "EN0009"
    },
    {
        "Id": 10052,
        "BossGroupId": "EN0009"
    },
    {
        "Id": 10053,
        "BossGroupId": "EN0009"
    },
    {
        "Id": 10054,
        "BossGroupId": "EN0009"
    },
    {
        "Id": 10055,
        "BossGroupId": "EN0009"
    },
    {
        "Id": 10056,
        "BossGroupId": "EN0009"
    },
    {
        "Id": 10057,
        "BossGroupId": "EN0009"
    },
    {
        "Id": 10058,
        "BossGroupId": "EN0009"
    },
    {
        "Id": 10059,
        "BossGroupId": "EN0009"
    },
    {
        "Id": 10060,
        "BossGroupId": "EN0009"
    },
    {
        "Id": 10061,
        "BossGroupId": "EN0009"
    },
    {
        "Id": 10062,
        "BossGroupId": "EN0009"
    },
    {
        "Id": 10063,
        "BossGroupId": "EN0009"
    },
    {
        "Id": 10064,
        "BossGroupId": "EN0009"
    },
    {
        "Id": 10065,
        "BossGroupId": "EN0009"
    },
    {
        "Id": 10066,
        "BossGroupId": "EN0009"
    },
    {
        "Id": 10067,
        "BossGroupId": "EN0009"
    },
    {
        "Id": 10068,
        "BossGroupId": "EN0009"
    },
    {
        "Id": 10069,
        "BossGroupId": "EN0009"
    },
    {
        "Id": 10070,
        "BossGroupId": "EN0009"
    },
    {
        "Id": 10071,
        "BossGroupId": "EN0009"
    },
    {
        "Id": 10072,
        "BossGroupId": "EN0009"
    },
    {
        "Id": 10073,
        "BossGroupId": "EN0009"
    },
    {
        "Id": 10074,
        "BossGroupId": "EN0009"
    },
    {
        "Id": 10075,
        "BossGroupId": "EN0009"
    },
    {
        "Id": 10076,
        "BossGroupId": "EN0009"
    },
    {
        "Id": 10077,
        "BossGroupId": "EN0009"
    },
    {
        "Id": 10078,
        "BossGroupId": "EN0009"
    },
    {
        "Id": 10079,
        "BossGroupId": "EN0009"
    },
    {
        "Id": 10080,
        "BossGroupId": "EN0009"
    },
    {
        "Id": 10081,
        "BossGroupId": "EN0009"
    },
    {
        "Id": 10082,
        "BossGroupId": "EN0009"
    },
    {
        "Id": 10083,
        "BossGroupId": "EN0009"
    },
    {
        "Id": 10084,
        "BossGroupId": "EN0009"
    },
    {
        "Id": 10085,
        "BossGroupId": "EN0009"
    },
    {
        "Id": 10086,
        "BossGroupId": "EN0009"
    },
    {
        "Id": 10087,
        "BossGroupId": "EN0009"
    },
    {
        "Id": 10088,
        "BossGroupId": "EN0009"
    },
    {
        "Id": 10089,
        "BossGroupId": "EN0009"
    },
    {
        "Id": 10090,
        "BossGroupId": "EN0009"
    },
    {
        "Id": 10091,
        "BossGroupId": "EN0009"
    },
    {
        "Id": 10092,
        "BossGroupId": "EN0009"
    },
    {
        "Id": 10093,
        "BossGroupId": "EN0009"
    },
    {
        "Id": 10094,
        "BossGroupId": "EN0009"
    },
    {
        "Id": 10095,
        "BossGroupId": "EN0009"
    },
    {
        "Id": 10096,
        "BossGroupId": "EN0009"
    },
    {
        "Id": 10097,
        "BossGroupId": "EN0009"
    },
    {
        "Id": 10098,
        "BossGroupId": "EN0009"
    },
    {
        "Id": 10099,
        "BossGroupId": "EN0009"
    },
    {
        "Id": 10100,
        "BossGroupId": "EN0009"
    },
    {
        "Id": 10101,
        "BossGroupId": "EN0009"
    },
    {
        "Id": 10102,
        "BossGroupId": "EN0009"
    },
    {
        "Id": 10103,
        "BossGroupId": "EN0009"
    },
    {
        "Id": 10104,
        "BossGroupId": "EN0009"
    },
    {
        "Id": 10105,
        "BossGroupId": "EN0009"
    },
    {
        "Id": 10106,
        "BossGroupId": "EN0009"
    },
    {
        "Id": 10107,
        "BossGroupId": "EN0009"
    },
    {
        "Id": 10108,
        "BossGroupId": "EN0009"
    },
    {
        "Id": 10109,
        "BossGroupId": "EN0009"
    },
    {
        "Id": 10110,
        "BossGroupId": "EN0009"
    },
    {
        "Id": 10111,
        "BossGroupId": "EN0009"
    },
    {
        "Id": 10112,
        "BossGroupId": "EN0009"
    },
    {
        "Id": 10113,
        "BossGroupId": "EN0009"
    },
    {
        "Id": 10114,
        "BossGroupId": "EN0009"
    },
    {
        "Id": 10115,
        "BossGroupId": "EN0009"
    },
    {
        "Id": 10116,
        "BossGroupId": "EN0009"
    },
    {
        "Id": 10117,
        "BossGroupId": "EN0009"
    },
    {
        "Id": 10118,
        "BossGroupId": "EN0009"
    },
    {
        "Id": 10119,
        "BossGroupId": "EN0009"
    },
    {
        "Id": 10120,
        "BossGroupId": "EN0009"
    },
    {
        "Id": 10121,
        "BossGroupId": "EN0009"
    },
    {
        "Id": 10122,
        "BossGroupId": "EN0009"
    },
    {
        "Id": 10123,
        "BossGroupId": "EN0009"
    },
    {
        "Id": 10124,
        "BossGroupId": "EN0009"
    },
    {
        "Id": 11001,
        "BossGroupId": "EN0009_HeavyArmor"
    },
    {
        "Id": 11002,
        "BossGroupId": "EN0009_HeavyArmor"
    },
    {
        "Id": 11003,
        "BossGroupId": "EN0009_HeavyArmor"
    },
    {
        "Id": 11004,
        "BossGroupId": "EN0009_HeavyArmor"
    },
    {
        "Id": 11005,
        "BossGroupId": "EN0009_HeavyArmor"
    },
    {
        "Id": 11006,
        "BossGroupId": "EN0009_HeavyArmor"
    },
    {
        "Id": 11007,
        "BossGroupId": "EN0009_HeavyArmor"
    },
    {
        "Id": 11008,
        "BossGroupId": "EN0009_HeavyArmor"
    },
    {
        "Id": 11009,
        "BossGroupId": "EN0009_HeavyArmor"
    },
    {
        "Id": 11010,
        "BossGroupId": "EN0009_HeavyArmor"
    },
    {
        "Id": 11011,
        "BossGroupId": "EN0009_HeavyArmor"
    },
    {
        "Id": 11012,
        "BossGroupId": "EN0009_HeavyArmor"
    },
    {
        "Id": 11013,
        "BossGroupId": "EN0009_HeavyArmor"
    },
    {
        "Id": 11014,
        "BossGroupId": "EN0009_HeavyArmor"
    },
    {
        "Id": 11015,
        "BossGroupId": "EN0009_HeavyArmor"
    },
    {
        "Id": 11016,
        "BossGroupId": "EN0009_HeavyArmor"
    },
    {
        "Id": 11017,
        "BossGroupId": "EN0009_HeavyArmor"
    },
    {
        "Id": 11018,
        "BossGroupId": "EN0009_HeavyArmor"
    },
    {
        "Id": 11019,
        "BossGroupId": "EN0009_HeavyArmor"
    },
    {
        "Id": 11020,
        "BossGroupId": "EN0009_HeavyArmor"
    },
    {
        "Id": 11021,
        "BossGroupId": "EN0009_HeavyArmor"
    },
    {
        "Id": 11022,
        "BossGroupId": "EN0009_HeavyArmor"
    },
    {
        "Id": 11023,
        "BossGroupId": "EN0009_HeavyArmor"
    },
    {
        "Id": 11024,
        "BossGroupId": "EN0009_HeavyArmor"
    },
    {
        "Id": 11025,
        "BossGroupId": "EN0009_HeavyArmor"
    },
    {
        "Id": 11026,
        "BossGroupId": "EN0009_HeavyArmor"
    },
    {
        "Id": 11027,
        "BossGroupId": "EN0009_HeavyArmor"
    },
    {
        "Id": 11028,
        "BossGroupId": "EN0009_HeavyArmor"
    },
    {
        "Id": 11029,
        "BossGroupId": "EN0009_HeavyArmor"
    },
    {
        "Id": 11030,
        "BossGroupId": "EN0009_HeavyArmor"
    },
    {
        "Id": 11031,
        "BossGroupId": "EN0009_HeavyArmor"
    },
    {
        "Id": 11032,
        "BossGroupId": "EN0009_HeavyArmor"
    },
    {
        "Id": 11033,
        "BossGroupId": "EN0009_HeavyArmor"
    },
    {
        "Id": 11034,
        "BossGroupId": "EN0009_HeavyArmor"
    },
    {
        "Id": 11035,
        "BossGroupId": "EN0009_HeavyArmor"
    },
    {
        "Id": 11036,
        "BossGroupId": "EN0009_HeavyArmor"
    },
    {
        "Id": 11037,
        "BossGroupId": "EN0009_HeavyArmor"
    },
    {
        "Id": 11038,
        "BossGroupId": "EN0009_HeavyArmor"
    },
    {
        "Id": 11039,
        "BossGroupId": "EN0009_HeavyArmor"
    },
    {
        "Id": 11040,
        "BossGroupId": "EN0009_HeavyArmor"
    },
    {
        "Id": 11041,
        "BossGroupId": "EN0009_HeavyArmor"
    },
    {
        "Id": 11042,
        "BossGroupId": "EN0009_HeavyArmor"
    },
    {
        "Id": 11043,
        "BossGroupId": "EN0009_HeavyArmor"
    },
    {
        "Id": 11044,
        "BossGroupId": "EN0009_HeavyArmor"
    },
    {
        "Id": 11045,
        "BossGroupId": "EN0009_HeavyArmor"
    },
    {
        "Id": 11046,
        "BossGroupId": "EN0009_HeavyArmor"
    },
    {
        "Id": 11047,
        "BossGroupId": "EN0009_HeavyArmor"
    },
    {
        "Id": 11048,
        "BossGroupId": "EN0009_HeavyArmor"
    },
    {
        "Id": 11049,
        "BossGroupId": "EN0009_HeavyArmor"
    },
    {
        "Id": 11050,
        "BossGroupId": "EN0009_HeavyArmor"
    },
    {
        "Id": 11051,
        "BossGroupId": "EN0009_HeavyArmor"
    },
    {
        "Id": 11052,
        "BossGroupId": "EN0009_HeavyArmor"
    },
    {
        "Id": 11053,
        "BossGroupId": "EN0009_HeavyArmor"
    },
    {
        "Id": 11054,
        "BossGroupId": "EN0009_HeavyArmor"
    },
    {
        "Id": 11055,
        "BossGroupId": "EN0009_HeavyArmor"
    },
    {
        "Id": 11056,
        "BossGroupId": "EN0009_HeavyArmor"
    },
    {
        "Id": 11057,
        "BossGroupId": "EN0009_HeavyArmor"
    },
    {
        "Id": 11058,
        "BossGroupId": "EN0009_HeavyArmor"
    },
    {
        "Id": 11059,
        "BossGroupId": "EN0009_HeavyArmor"
    },
    {
        "Id": 11060,
        "BossGroupId": "EN0009_HeavyArmor"
    },
    {
        "Id": 11061,
        "BossGroupId": "EN0009_HeavyArmor"
    },
    {
        "Id": 11062,
        "BossGroupId": "EN0009_HeavyArmor"
    },
    {
        "Id": 11063,
        "BossGroupId": "EN0009_HeavyArmor"
    },
    {
        "Id": 11064,
        "BossGroupId": "EN0009_HeavyArmor"
    },
    {
        "Id": 11065,
        "BossGroupId": "EN0009_HeavyArmor"
    },
    {
        "Id": 11066,
        "BossGroupId": "EN0009_HeavyArmor"
    },
    {
        "Id": 11067,
        "BossGroupId": "EN0009_HeavyArmor"
    },
    {
        "Id": 11068,
        "BossGroupId": "EN0009_HeavyArmor"
    },
    {
        "Id": 11069,
        "BossGroupId": "EN0009_HeavyArmor"
    },
    {
        "Id": 11070,
        "BossGroupId": "EN0009_HeavyArmor"
    },
    {
        "Id": 11071,
        "BossGroupId": "EN0009_HeavyArmor"
    },
    {
        "Id": 11072,
        "BossGroupId": "EN0009_HeavyArmor"
    },
    {
        "Id": 11073,
        "BossGroupId": "EN0009_HeavyArmor"
    },
    {
        "Id": 11074,
        "BossGroupId": "EN0009_HeavyArmor"
    },
    {
        "Id": 11075,
        "BossGroupId": "EN0009_HeavyArmor"
    },
    {
        "Id": 11076,
        "BossGroupId": "EN0009_HeavyArmor"
    },
    {
        "Id": 11077,
        "BossGroupId": "EN0009_HeavyArmor"
    },
    {
        "Id": 11078,
        "BossGroupId": "EN0009_HeavyArmor"
    },
    {
        "Id": 11079,
        "BossGroupId": "EN0009_HeavyArmor"
    },
    {
        "Id": 11080,
        "BossGroupId": "EN0009_HeavyArmor"
    },
    {
        "Id": 11081,
        "BossGroupId": "EN0009_HeavyArmor"
    },
    {
        "Id": 11082,
        "BossGroupId": "EN0009_HeavyArmor"
    },
    {
        "Id": 11083,
        "BossGroupId": "EN0009_HeavyArmor"
    },
    {
        "Id": 11084,
        "BossGroupId": "EN0009_HeavyArmor"
    },
    {
        "Id": 11085,
        "BossGroupId": "EN0009_HeavyArmor"
    },
    {
        "Id": 11086,
        "BossGroupId": "EN0009_HeavyArmor"
    },
    {
        "Id": 11087,
        "BossGroupId": "EN0009_HeavyArmor"
    },
    {
        "Id": 11088,
        "BossGroupId": "EN0009_HeavyArmor"
    },
    {
        "Id": 11089,
        "BossGroupId": "EN0009_HeavyArmor"
    },
    {
        "Id": 11090,
        "BossGroupId": "EN0009_HeavyArmor"
    },
    {
        "Id": 11091,
        "BossGroupId": "EN0009_HeavyArmor"
    },
    {
        "Id": 11092,
        "BossGroupId": "EN0009_HeavyArmor"
    },
    {
        "Id": 11093,
        "BossGroupId": "EN0009_HeavyArmor"
    },
    {
        "Id": 11094,
        "BossGroupId": "EN0009_HeavyArmor"
    },
    {
        "Id": 11095,
        "BossGroupId": "EN0009_HeavyArmor"
    },
    {
        "Id": 11096,
        "BossGroupId": "EN0009_HeavyArmor"
    },
    {
        "Id": 11097,
        "BossGroupId": "EN0009_HeavyArmor"
    },
    {
        "Id": 11098,
        "BossGroupId": "EN0009_HeavyArmor"
    },
    {
        "Id": 11099,
        "BossGroupId": "EN0009_HeavyArmor"
    },
    {
        "Id": 11100,
        "BossGroupId": "EN0009_HeavyArmor"
    },
    {
        "Id": 11101,
        "BossGroupId": "EN0009_HeavyArmor"
    },
    {
        "Id": 11102,
        "BossGroupId": "EN0009_HeavyArmor"
    },
    {
        "Id": 11103,
        "BossGroupId": "EN0009_HeavyArmor"
    },
    {
        "Id": 11104,
        "BossGroupId": "EN0009_HeavyArmor"
    },
    {
        "Id": 11105,
        "BossGroupId": "EN0009_HeavyArmor"
    },
    {
        "Id": 11106,
        "BossGroupId": "EN0009_HeavyArmor"
    },
    {
        "Id": 11107,
        "BossGroupId": "EN0009_HeavyArmor"
    },
    {
        "Id": 11108,
        "BossGroupId": "EN0009_HeavyArmor"
    },
    {
        "Id": 11109,
        "BossGroupId": "EN0009_HeavyArmor"
    },
    {
        "Id": 11110,
        "BossGroupId": "EN0009_HeavyArmor"
    },
    {
        "Id": 11111,
        "BossGroupId": "EN0009_HeavyArmor"
    },
    {
        "Id": 11112,
        "BossGroupId": "EN0009_HeavyArmor"
    },
    {
        "Id": 11113,
        "BossGroupId": "EN0009_HeavyArmor"
    },
    {
        "Id": 11114,
        "BossGroupId": "EN0009_HeavyArmor"
    },
    {
        "Id": 11115,
        "BossGroupId": "EN0009_HeavyArmor"
    },
    {
        "Id": 11116,
        "BossGroupId": "EN0009_HeavyArmor"
    },
    {
        "Id": 11117,
        "BossGroupId": "EN0009_HeavyArmor"
    },
    {
        "Id": 11118,
        "BossGroupId": "EN0009_HeavyArmor"
    },
    {
        "Id": 11119,
        "BossGroupId": "EN0009_HeavyArmor"
    },
    {
        "Id": 11120,
        "BossGroupId": "EN0009_HeavyArmor"
    },
    {
        "Id": 11121,
        "BossGroupId": "EN0009_HeavyArmor"
    },
    {
        "Id": 11122,
        "BossGroupId": "EN0009_HeavyArmor"
    },
    {
        "Id": 11123,
        "BossGroupId": "EN0009_HeavyArmor"
    },
    {
        "Id": 11124,
        "BossGroupId": "EN0009_HeavyArmor"
    },
    {
        "Id": 30001,
        "BossGroupId": "EN0011"
    },
    {
        "Id": 30002,
        "BossGroupId": "EN0011"
    },
    {
        "Id": 30003,
        "BossGroupId": "EN0011"
    },
    {
        "Id": 30004,
        "BossGroupId": "EN0011"
    },
    {
        "Id": 30005,
        "BossGroupId": "EN0011"
    },
    {
        "Id": 30006,
        "BossGroupId": "EN0011"
    },
    {
        "Id": 30007,
        "BossGroupId": "EN0011"
    },
    {
        "Id": 30008,
        "BossGroupId": "EN0011"
    },
    {
        "Id": 30009,
        "BossGroupId": "EN0011"
    },
    {
        "Id": 30010,
        "BossGroupId": "EN0011"
    },
    {
        "Id": 30011,
        "BossGroupId": "EN0011"
    },
    {
        "Id": 30012,
        "BossGroupId": "EN0011"
    },
    {
        "Id": 30013,
        "BossGroupId": "EN0011"
    },
    {
        "Id": 30014,
        "BossGroupId": "EN0011"
    },
    {
        "Id": 30015,
        "BossGroupId": "EN0011"
    },
    {
        "Id": 30016,
        "BossGroupId": "EN0011"
    },
    {
        "Id": 30017,
        "BossGroupId": "EN0011"
    },
    {
        "Id": 30018,
        "BossGroupId": "EN0011"
    },
    {
        "Id": 30019,
        "BossGroupId": "EN0011"
    },
    {
        "Id": 30020,
        "BossGroupId": "EN0011"
    },
    {
        "Id": 30021,
        "BossGroupId": "EN0011"
    },
    {
        "Id": 30022,
        "BossGroupId": "EN0011"
    },
    {
        "Id": 30023,
        "BossGroupId": "EN0011"
    },
    {
        "Id": 30024,
        "BossGroupId": "EN0011"
    },
    {
        "Id": 30025,
        "BossGroupId": "EN0011"
    },
    {
        "Id": 30026,
        "BossGroupId": "EN0011"
    },
    {
        "Id": 30027,
        "BossGroupId": "EN0011"
    },
    {
        "Id": 30028,
        "BossGroupId": "EN0011"
    },
    {
        "Id": 30029,
        "BossGroupId": "EN0011"
    },
    {
        "Id": 30030,
        "BossGroupId": "EN0011"
    },
    {
        "Id": 30031,
        "BossGroupId": "EN0011"
    },
    {
        "Id": 30032,
        "BossGroupId": "EN0011"
    },
    {
        "Id": 30033,
        "BossGroupId": "EN0011"
    },
    {
        "Id": 30034,
        "BossGroupId": "EN0011"
    },
    {
        "Id": 30035,
        "BossGroupId": "EN0011"
    },
    {
        "Id": 30036,
        "BossGroupId": "EN0011"
    },
    {
        "Id": 30037,
        "BossGroupId": "EN0011"
    },
    {
        "Id": 30038,
        "BossGroupId": "EN0011"
    },
    {
        "Id": 30039,
        "BossGroupId": "EN0011"
    },
    {
        "Id": 30040,
        "BossGroupId": "EN0011"
    },
    {
        "Id": 30041,
        "BossGroupId": "EN0011"
    },
    {
        "Id": 30042,
        "BossGroupId": "EN0011"
    },
    {
        "Id": 30043,
        "BossGroupId": "EN0011"
    },
    {
        "Id": 30044,
        "BossGroupId": "EN0011"
    },
    {
        "Id": 30045,
        "BossGroupId": "EN0011"
    },
    {
        "Id": 30046,
        "BossGroupId": "EN0011"
    },
    {
        "Id": 30047,
        "BossGroupId": "EN0011"
    },
    {
        "Id": 30048,
        "BossGroupId": "EN0011"
    },
    {
        "Id": 30049,
        "BossGroupId": "EN0011"
    },
    {
        "Id": 30050,
        "BossGroupId": "EN0011"
    },
    {
        "Id": 30051,
        "BossGroupId": "EN0011"
    },
    {
        "Id": 30052,
        "BossGroupId": "EN0011"
    },
    {
        "Id": 30053,
        "BossGroupId": "EN0011"
    },
    {
        "Id": 30054,
        "BossGroupId": "EN0011"
    },
    {
        "Id": 30055,
        "BossGroupId": "EN0011"
    },
    {
        "Id": 30056,
        "BossGroupId": "EN0011"
    },
    {
        "Id": 30057,
        "BossGroupId": "EN0011"
    },
    {
        "Id": 30058,
        "BossGroupId": "EN0011"
    },
    {
        "Id": 30059,
        "BossGroupId": "EN0011"
    },
    {
        "Id": 30060,
        "BossGroupId": "EN0011"
    },
    {
        "Id": 30061,
        "BossGroupId": "EN0011"
    },
    {
        "Id": 30062,
        "BossGroupId": "EN0011"
    },
    {
        "Id": 30063,
        "BossGroupId": "EN0011"
    },
    {
        "Id": 30064,
        "BossGroupId": "EN0011"
    },
    {
        "Id": 30065,
        "BossGroupId": "EN0011"
    },
    {
        "Id": 30066,
        "BossGroupId": "EN0011"
    },
    {
        "Id": 30067,
        "BossGroupId": "EN0011"
    },
    {
        "Id": 30068,
        "BossGroupId": "EN0011"
    },
    {
        "Id": 30069,
        "BossGroupId": "EN0011"
    },
    {
        "Id": 30070,
        "BossGroupId": "EN0011"
    },
    {
        "Id": 30071,
        "BossGroupId": "EN0011"
    },
    {
        "Id": 30072,
        "BossGroupId": "EN0011"
    },
    {
        "Id": 30073,
        "BossGroupId": "EN0011"
    },
    {
        "Id": 30074,
        "BossGroupId": "EN0011"
    },
    {
        "Id": 30075,
        "BossGroupId": "EN0011"
    },
    {
        "Id": 30076,
        "BossGroupId": "EN0011"
    },
    {
        "Id": 30077,
        "BossGroupId": "EN0011"
    },
    {
        "Id": 30078,
        "BossGroupId": "EN0011"
    },
    {
        "Id": 30079,
        "BossGroupId": "EN0011"
    },
    {
        "Id": 30080,
        "BossGroupId": "EN0011"
    },
    {
        "Id": 30081,
        "BossGroupId": "EN0011"
    },
    {
        "Id": 30082,
        "BossGroupId": "EN0011"
    },
    {
        "Id": 30083,
        "BossGroupId": "EN0011"
    },
    {
        "Id": 30084,
        "BossGroupId": "EN0011"
    },
    {
        "Id": 30085,
        "BossGroupId": "EN0011"
    },
    {
        "Id": 30086,
        "BossGroupId": "EN0011"
    },
    {
        "Id": 30087,
        "BossGroupId": "EN0011"
    },
    {
        "Id": 30088,
        "BossGroupId": "EN0011"
    },
    {
        "Id": 30089,
        "BossGroupId": "EN0011"
    },
    {
        "Id": 30090,
        "BossGroupId": "EN0011"
    },
    {
        "Id": 30091,
        "BossGroupId": "EN0011"
    },
    {
        "Id": 30092,
        "BossGroupId": "EN0011"
    },
    {
        "Id": 30093,
        "BossGroupId": "EN0011"
    },
    {
        "Id": 30094,
        "BossGroupId": "EN0011"
    },
    {
        "Id": 30095,
        "BossGroupId": "EN0011"
    },
    {
        "Id": 30096,
        "BossGroupId": "EN0011"
    },
    {
        "Id": 30097,
        "BossGroupId": "EN0011"
    },
    {
        "Id": 30098,
        "BossGroupId": "EN0011"
    },
    {
        "Id": 30099,
        "BossGroupId": "EN0011"
    },
    {
        "Id": 30100,
        "BossGroupId": "EN0011"
    },
    {
        "Id": 30101,
        "BossGroupId": "EN0011"
    },
    {
        "Id": 30102,
        "BossGroupId": "EN0011"
    },
    {
        "Id": 30103,
        "BossGroupId": "EN0011"
    },
    {
        "Id": 30104,
        "BossGroupId": "EN0011"
    },
    {
        "Id": 30105,
        "BossGroupId": "EN0011"
    },
    {
        "Id": 30106,
        "BossGroupId": "EN0011"
    },
    {
        "Id": 30107,
        "BossGroupId": "EN0011"
    },
    {
        "Id": 30108,
        "BossGroupId": "EN0011"
    },
    {
        "Id": 30109,
        "BossGroupId": "EN0011"
    },
    {
        "Id": 30110,
        "BossGroupId": "EN0011"
    },
    {
        "Id": 30111,
        "BossGroupId": "EN0011"
    },
    {
        "Id": 30112,
        "BossGroupId": "EN0011"
    },
    {
        "Id": 30113,
        "BossGroupId": "EN0011"
    },
    {
        "Id": 30114,
        "BossGroupId": "EN0011"
    },
    {
        "Id": 30115,
        "BossGroupId": "EN0011"
    },
    {
        "Id": 30116,
        "BossGroupId": "EN0011"
    },
    {
        "Id": 30117,
        "BossGroupId": "EN0011"
    },
    {
        "Id": 30118,
        "BossGroupId": "EN0011"
    },
    {
        "Id": 30119,
        "BossGroupId": "EN0011"
    },
    {
        "Id": 30120,
        "BossGroupId": "EN0011"
    },
    {
        "Id": 30121,
        "BossGroupId": "EN0011"
    },
    {
        "Id": 30122,
        "BossGroupId": "EN0011"
    },
    {
        "Id": 30123,
        "BossGroupId": "EN0011"
    },
    {
        "Id": 30124,
        "BossGroupId": "EN0011"
    }
]