[
    {
        "Id": 1
    },
    {
        "Id": 2
    },
    {
        "Id": 3
    },
    {
        "Id": 4
    },
    {
        "Id": 5
    },
    {
        "Id": 6
    },
    {
        "Id": 7
    },
    {
        "Id": 11
    },
    {
        "Id": 12
    },
    {
        "Id": 13
    },
    {
        "Id": 14
    },
    {
        "Id": 15
    },
    {
        "Id": 16
    },
    {
        "Id": 17
    },
    {
        "Id": 21
    },
    {
        "Id": 22
    },
    {
        "Id": 23
    },
    {
        "Id": 24
    },
    {
        "Id": 25
    },
    {
        "Id": 26
    },
    {
        "Id": 27
    },
    {
        "Id": 31
    },
    {
        "Id": 32
    },
    {
        "Id": 33
    },
    {
        "Id": 34
    },
    {
        "Id": 35
    },
    {
        "Id": 36
    },
    {
        "Id": 37
    },
    {
        "Id": 41
    },
    {
        "Id": 42
    },
    {
        "Id": 43
    },
    {
        "Id": 44
    },
    {
        "Id": 45
    },
    {
        "Id": 46
    },
    {
        "Id": 47
    },
    {
        "Id": 51
    },
    {
        "Id": 52
    },
    {
        "Id": 53
    },
    {
        "Id": 54
    },
    {
        "Id": 55
    },
    {
        "Id": 56
    },
    {
        "Id": 57
    },
    {
        "Id": 61
    },
    {
        "Id": 62
    },
    {
        "Id": 63
    },
    {
        "Id": 64
    },
    {
        "Id": 65
    },
    {
        "Id": 66
    },
    {
        "Id": 67
    },
    {
        "Id": 71
    },
    {
        "Id": 72
    },
    {
        "Id": 73
    },
    {
        "Id": 74
    },
    {
        "Id": 75
    },
    {
        "Id": 76
    },
    {
        "Id": 77
    },
    {
        "Id": 78
    },
    {
        "Id": 81
    },
    {
        "Id": 82
    },
    {
        "Id": 83
    },
    {
        "Id": 84
    },
    {
        "Id": 85
    },
    {
        "Id": 86
    },
    {
        "Id": 87
    },
    {
        "Id": 88
    },
    {
        "Id": 1001
    },
    {
        "Id": 1002
    },
    {
        "Id": 1003
    },
    {
        "Id": 1004
    },
    {
        "Id": 1005
    },
    {
        "Id": 1006
    },
    {
        "Id": 1007
    },
    {
        "Id": 1011
    },
    {
        "Id": 1012
    },
    {
        "Id": 1013
    },
    {
        "Id": 1014
    },
    {
        "Id": 1015
    },
    {
        "Id": 1016
    },
    {
        "Id": 1017
    },
    {
        "Id": 1021
    },
    {
        "Id": 1022
    },
    {
        "Id": 1023
    },
    {
        "Id": 1024
    },
    {
        "Id": 1025
    },
    {
        "Id": 1026
    },
    {
        "Id": 1027
    },
    {
        "Id": 1031
    },
    {
        "Id": 1032
    },
    {
        "Id": 1033
    },
    {
        "Id": 1034
    },
    {
        "Id": 1035
    },
    {
        "Id": 1036
    },
    {
        "Id": 1037
    },
    {
        "Id": 1041
    },
    {
        "Id": 1042
    },
    {
        "Id": 1043
    },
    {
        "Id": 1044
    },
    {
        "Id": 1045
    },
    {
        "Id": 1046
    },
    {
        "Id": 1047
    },
    {
        "Id": 1051
    },
    {
        "Id": 1052
    },
    {
        "Id": 1053
    },
    {
        "Id": 1054
    },
    {
        "Id": 1055
    },
    {
        "Id": 1056
    },
    {
        "Id": 1057
    },
    {
        "Id": 1061
    },
    {
        "Id": 1062
    },
    {
        "Id": 1063
    },
    {
        "Id": 1064
    },
    {
        "Id": 1065
    },
    {
        "Id": 1066
    },
    {
        "Id": 1067
    },
    {
        "Id": 1071
    },
    {
        "Id": 1072
    },
    {
        "Id": 1073
    },
    {
        "Id": 1074
    },
    {
        "Id": 1075
    },
    {
        "Id": 1076
    },
    {
        "Id": 1077
    },
    {
        "Id": 1102201
    },
    {
        "Id": 1102202
    },
    {
        "Id": 1102203
    },
    {
        "Id": 1102204
    },
    {
        "Id": 1102205
    },
    {
        "Id": 1102206
    },
    {
        "Id": 1102207
    },
    {
        "Id": 1102208
    },
    {
        "Id": 1111401
    },
    {
        "Id": 1111402
    },
    {
        "Id": 1111403
    },
    {
        "Id": 1111404
    },
    {
        "Id": 1111405
    },
    {
        "Id": 1111406
    },
    {
        "Id": 1111407
    },
    {
        "Id": 1111408
    },
    {
        "Id": 1122101
    },
    {
        "Id": 1122102
    },
    {
        "Id": 1122103
    },
    {
        "Id": 1122104
    },
    {
        "Id": 1122105
    },
    {
        "Id": 1122106
    },
    {
        "Id": 1122107
    },
    {
        "Id": 1122108
    }
]