[
    {
        "GroupId": 100
    },
    {
        "GroupId": 101
    },
    {
        "GroupId": 102
    },
    {
        "GroupId": 103
    },
    {
        "GroupId": 103
    },
    {
        "GroupId": 104
    },
    {
        "GroupId": 104
    },
    {
        "GroupId": 105
    },
    {
        "GroupId": 105
    },
    {
        "GroupId": 106
    },
    {
        "GroupId": 106
    },
    {
        "GroupId": 200
    },
    {
        "GroupId": 201
    },
    {
        "GroupId": 202
    },
    {
        "GroupId": 203
    },
    {
        "GroupId": 203
    },
    {
        "GroupId": 204
    },
    {
        "GroupId": 204
    },
    {
        "GroupId": 205
    },
    {
        "GroupId": 205
    },
    {
        "GroupId": 206
    },
    {
        "GroupId": 206
    },
    {
        "GroupId": 300
    },
    {
        "GroupId": 301
    },
    {
        "GroupId": 302
    },
    {
        "GroupId": 303
    },
    {
        "GroupId": 303
    },
    {
        "GroupId": 304
    },
    {
        "GroupId": 304
    },
    {
        "GroupId": 305
    },
    {
        "GroupId": 305
    },
    {
        "GroupId": 306
    },
    {
        "GroupId": 306
    },
    {
        "GroupId": 400
    },
    {
        "GroupId": 401
    },
    {
        "GroupId": 402
    },
    {
        "GroupId": 403
    },
    {
        "GroupId": 403
    },
    {
        "GroupId": 404
    },
    {
        "GroupId": 404
    },
    {
        "GroupId": 405
    },
    {
        "GroupId": 405
    },
    {
        "GroupId": 406
    },
    {
        "GroupId": 406
    },
    {
        "GroupId": 500
    },
    {
        "GroupId": 501
    },
    {
        "GroupId": 502
    },
    {
        "GroupId": 503
    },
    {
        "GroupId": 503
    },
    {
        "GroupId": 504
    },
    {
        "GroupId": 504
    },
    {
        "GroupId": 505
    },
    {
        "GroupId": 505
    },
    {
        "GroupId": 506
    },
    {
        "GroupId": 506
    },
    {
        "GroupId": 600
    },
    {
        "GroupId": 601
    },
    {
        "GroupId": 602
    },
    {
        "GroupId": 603
    },
    {
        "GroupId": 603
    },
    {
        "GroupId": 604
    },
    {
        "GroupId": 604
    },
    {
        "GroupId": 605
    },
    {
        "GroupId": 605
    },
    {
        "GroupId": 606
    },
    {
        "GroupId": 606
    },
    {
        "GroupId": 700
    },
    {
        "GroupId": 701
    },
    {
        "GroupId": 702
    },
    {
        "GroupId": 703
    },
    {
        "GroupId": 703
    },
    {
        "GroupId": 704
    },
    {
        "GroupId": 704
    },
    {
        "GroupId": 705
    },
    {
        "GroupId": 705
    },
    {
        "GroupId": 706
    },
    {
        "GroupId": 706
    },
    {
        "GroupId": 800
    },
    {
        "GroupId": 801
    },
    {
        "GroupId": 802
    },
    {
        "GroupId": 803
    },
    {
        "GroupId": 803
    },
    {
        "GroupId": 804
    },
    {
        "GroupId": 804
    },
    {
        "GroupId": 805
    },
    {
        "GroupId": 805
    },
    {
        "GroupId": 806
    },
    {
        "GroupId": 806
    },
    {
        "GroupId": 807
    },
    {
        "GroupId": 807
    },
    {
        "GroupId": 900
    },
    {
        "GroupId": 901
    },
    {
        "GroupId": 902
    },
    {
        "GroupId": 903
    },
    {
        "GroupId": 903
    },
    {
        "GroupId": 904
    },
    {
        "GroupId": 904
    },
    {
        "GroupId": 905
    },
    {
        "GroupId": 905
    },
    {
        "GroupId": 906
    },
    {
        "GroupId": 906
    },
    {
        "GroupId": 907
    },
    {
        "GroupId": 907
    },
    {
        "GroupId": 1000
    },
    {
        "GroupId": 1001
    },
    {
        "GroupId": 1002
    },
    {
        "GroupId": 1003
    },
    {
        "GroupId": 1003
    },
    {
        "GroupId": 1004
    },
    {
        "GroupId": 1004
    },
    {
        "GroupId": 1005
    },
    {
        "GroupId": 1005
    },
    {
        "GroupId": 1006
    },
    {
        "GroupId": 1006
    },
    {
        "GroupId": 1007
    },
    {
        "GroupId": 1007
    },
    {
        "GroupId": 1100
    },
    {
        "GroupId": 1101
    },
    {
        "GroupId": 1102
    },
    {
        "GroupId": 1103
    },
    {
        "GroupId": 1103
    },
    {
        "GroupId": 1104
    },
    {
        "GroupId": 1104
    },
    {
        "GroupId": 1105
    },
    {
        "GroupId": 1105
    },
    {
        "GroupId": 1106
    },
    {
        "GroupId": 1106
    },
    {
        "GroupId": 1107
    },
    {
        "GroupId": 1107
    },
    {
        "GroupId": 1200
    },
    {
        "GroupId": 1201
    },
    {
        "GroupId": 1202
    },
    {
        "GroupId": 1203
    },
    {
        "GroupId": 1203
    },
    {
        "GroupId": 1204
    },
    {
        "GroupId": 1204
    },
    {
        "GroupId": 1205
    },
    {
        "GroupId": 1205
    },
    {
        "GroupId": 1206
    },
    {
        "GroupId": 1206
    },
    {
        "GroupId": 1207
    },
    {
        "GroupId": 1207
    }
]