[
    {
        "Name": 1408872282
    },
    {
        "Name": 2130373248
    },
    {
        "Name": 1122508889
    },
    {
        "Name": 509674679
    },
    {
        "Name": 2482233134
    },
    {
        "Name": 1606908815
    },
    {
        "Name": 2752031158
    },
    {
        "Name": 1238175709
    },
    {
        "Name": 3411222921
    },
    {
        "Name": 1127535352
    },
    {
        "Name": 3957412172
    },
    {
        "Name": 3029168926
    },
    {
        "Name": 4152299906
    },
    {
        "Name": 3344317924
    },
    {
        "Name": 1914875660
    },
    {
        "Name": 259497043
    },
    {
        "Name": 1272583944
    },
    {
        "Name": 3222392982
    },
    {
        "Name": 3174465279
    },
    {
        "Name": 2457385855
    },
    {
        "Name": 2243764445
    },
    {
        "Name": 2127590351
    },
    {
        "Name": 4203358158
    },
    {
        "Name": 2136104277
    },
    {
        "Name": 348351892
    },
    {
        "Name": 1974926776
    },
    {
        "Name": 2046503352
    },
    {
        "Name": 326824049
    },
    {
        "Name": 2089682509
    },
    {
        "Name": 3868567233
    },
    {
        "Name": 2246884625
    },
    {
        "Name": 3182852162
    },
    {
        "Name": 1289388507
    },
    {
        "Name": 3785883235
    },
    {
        "Name": 3181383424
    },
    {
        "Name": 1346493585
    },
    {
        "Name": 4075662009
    },
    {
        "Name": 3539052749
    },
    {
        "Name": 3765959531
    },
    {
        "Name": 429693191
    },
    {
        "Name": 2259711251
    },
    {
        "Name": 3657480713
    },
    {
        "Name": 2527144513
    },
    {
        "Name": 704731093
    },
    {
        "Name": 457377075
    },
    {
        "Name": 2160391595
    },
    {
        "Name": 1626584722
    },
    {
        "Name": 2878370298
    },
    {
        "Name": 3977094957
    },
    {
        "Name": 42187309
    },
    {
        "Name": 3808239688
    },
    {
        "Name": 375948222
    },
    {
        "Name": 4187997050
    },
    {
        "Name": 3854440696
    },
    {
        "Name": 2309606943
    },
    {
        "Name": 1098716808
    },
    {
        "Name": 2967217908
    },
    {
        "Name": 4050625443
    },
    {
        "Name": 4004024664
    },
    {
        "Name": 1173843909
    },
    {
        "Name": 1369285246
    },
    {
        "Name": 3054018111
    },
    {
        "Name": 1027503790
    },
    {
        "Name": 3196842123
    },
    {
        "Name": 2091508330
    },
    {
        "Name": 3656288287
    }
]