[
    {
        "Name": 3634244870
    },
    {
        "Name": 2570013196
    },
    {
        "Name": 2961449130
    },
    {
        "Name": 3733798940
    },
    {
        "Name": 2580124296
    },
    {
        "Name": 1429227235
    },
    {
        "Name": 938966879
    },
    {
        "Name": 2282881329
    },
    {
        "Name": 147757574
    },
    {
        "Name": 563178378
    },
    {
        "Name": 1747220769
    },
    {
        "Name": 3852794489
    },
    {
        "Name": 3059979579
    },
    {
        "Name": 3970358294
    },
    {
        "Name": 3420253232
    },
    {
        "Name": 3956696770
    },
    {
        "Name": 3808428874
    },
    {
        "Name": 1236019770
    },
    {
        "Name": 826198478
    },
    {
        "Name": 2986020708
    },
    {
        "Name": 1483044403
    },
    {
        "Name": 686196438
    },
    {
        "Name": 1864104424
    },
    {
        "Name": 282118254
    },
    {
        "Name": 2725025785
    },
    {
        "Name": 3411166074
    },
    {
        "Name": 2575607664
    },
    {
        "Name": 2170793270
    },
    {
        "Name": 3613009437
    },
    {
        "Name": 3963783247
    },
    {
        "Name": 3064801464
    },
    {
        "Name": 3650452913
    },
    {
        "Name": 4291350494
    },
    {
        "Name": 1504968335
    },
    {
        "Name": 1144855161
    },
    {
        "Name": 1347163254
    },
    {
        "Name": 3645804062
    },
    {
        "Name": 2351873267
    },
    {
        "Name": 2133286058
    },
    {
        "Name": 3772153547
    },
    {
        "Name": 2799420869
    },
    {
        "Name": 1199569362
    },
    {
        "Name": 4013021367
    },
    {
        "Name": 4066373241
    },
    {
        "Name": 1006676045
    },
    {
        "Name": 2562771453
    },
    {
        "Name": 87035464
    },
    {
        "Name": 1838560444
    },
    {
        "Name": 3436449195
    },
    {
        "Name": 1820334589
    },
    {
        "Name": 156967742
    },
    {
        "Name": 79625153
    },
    {
        "Name": 325943145
    },
    {
        "Name": 1426055705
    },
    {
        "Name": 827130468
    },
    {
        "Name": 3978529506
    },
    {
        "Name": 2727775409
    },
    {
        "Name": 2371015915
    },
    {
        "Name": 2302757241
    },
    {
        "Name": 3200679497
    },
    {
        "Name": 885254882
    },
    {
        "Name": 314341695
    },
    {
        "Name": 450072684
    },
    {
        "Name": 3319867195
    },
    {
        "Name": 2510714678
    },
    {
        "Name": 3834912106
    },
    {
        "Name": 3699572703
    },
    {
        "Name": 144830554
    },
    {
        "Name": 59856476
    },
    {
        "Name": 2181883550
    },
    {
        "Name": 97216295
    },
    {
        "Name": 923447073
    },
    {
        "Name": 3278502678
    },
    {
        "Name": 1969442943
    },
    {
        "Name": 1836891960
    },
    {
        "Name": 761336000
    },
    {
        "Name": 1016475401
    },
    {
        "Name": 2474717985
    },
    {
        "Name": 3058745690
    },
    {
        "Name": 133876902
    },
    {
        "Name": 1359943649
    },
    {
        "Name": 3918402048
    },
    {
        "Name": 3760803094
    },
    {
        "Name": 4160621729
    },
    {
        "Name": 2395786717
    },
    {
        "Name": 3797369616
    },
    {
        "Name": 3155475394
    },
    {
        "Name": 2525387820
    },
    {
        "Name": 3760537642
    },
    {
        "Name": 3963732649
    },
    {
        "Name": 2588087616
    },
    {
        "Name": 2087472443
    },
    {
        "Name": 4225970951
    },
    {
        "Name": 1719157183
    },
    {
        "Name": 2658397194
    },
    {
        "Name": 1482003992
    },
    {
        "Name": 701552358
    },
    {
        "Name": 3786468272
    },
    {
        "Name": 568207811
    },
    {
        "Name": 2794045388
    },
    {
        "Name": 3667090331
    },
    {
        "Name": 3513445552
    },
    {
        "Name": 3905871822
    },
    {
        "Name": 976670475
    },
    {
        "Name": 1110630711
    },
    {
        "Name": 2487277992
    },
    {
        "Name": 440080845
    },
    {
        "Name": 2647477784
    },
    {
        "Name": 632696705
    },
    {
        "Name": 2987170116
    },
    {
        "Name": 3223350345
    },
    {
        "Name": 3821825911
    },
    {
        "Name": 3904500699
    },
    {
        "Name": 3476880929
    },
    {
        "Name": 468089430
    },
    {
        "Name": 1203758529
    },
    {
        "Name": 4192947363
    },
    {
        "Name": 757008575
    },
    {
        "Name": 3482390619
    },
    {
        "Name": 3038790175
    },
    {
        "Name": 4011762650
    },
    {
        "Name": 243978749
    },
    {
        "Name": 1752727235
    },
    {
        "Name": 3517753509
    },
    {
        "Name": 1725209554
    },
    {
        "Name": 2204594987
    },
    {
        "Name": 2429213316
    },
    {
        "Name": 1666583546
    },
    {
        "Name": 196443636
    },
    {
        "Name": 3416678591
    },
    {
        "Name": 2937678729
    },
    {
        "Name": 2376214591
    },
    {
        "Name": 2654231370
    },
    {
        "Name": 2722352320
    },
    {
        "Name": 662279049
    },
    {
        "Name": 3280910554
    },
    {
        "Name": 2619702921
    },
    {
        "Name": 2314808398
    },
    {
        "Name": 239879610
    },
    {
        "Name": 5946572
    },
    {
        "Name": 3361144136
    },
    {
        "Name": 2964740300
    },
    {
        "Name": 318631758
    },
    {
        "Name": 3990169546
    },
    {
        "Name": 3863372448
    },
    {
        "Name": 4013294606
    },
    {
        "Name": 1721573668
    },
    {
        "Name": 3624989359
    },
    {
        "Name": 3495999143
    },
    {
        "Name": 1144217352
    },
    {
        "Name": 1368098658
    },
    {
        "Name": 2022367078
    },
    {
        "Name": 2160696717
    },
    {
        "Name": 174850485
    },
    {
        "Name": 2970762044
    },
    {
        "Name": 933312410
    },
    {
        "Name": 2940575277
    },
    {
        "Name": 1513642969
    },
    {
        "Name": 1361377679
    },
    {
        "Name": 2818903002
    },
    {
        "Name": 3980113319
    },
    {
        "Name": 365846643
    },
    {
        "Name": 2595137769
    },
    {
        "Name": 3899866567
    },
    {
        "Name": 628485305
    },
    {
        "Name": 1712113989
    },
    {
        "Name": 3955506890
    },
    {
        "Name": 354497758
    },
    {
        "Name": 3632332759
    },
    {
        "Name": 2626853965
    },
    {
        "Name": 3012846142
    },
    {
        "Name": 4119548388
    },
    {
        "Name": 4229138163
    },
    {
        "Name": 1649248413
    },
    {
        "Name": 3463129666
    },
    {
        "Name": 2512281073
    },
    {
        "Name": 3671581703
    },
    {
        "Name": 863020480
    },
    {
        "Name": 1416404202
    },
    {
        "Name": 4151591138
    },
    {
        "Name": 3680720191
    },
    {
        "Name": 2208266681
    },
    {
        "Name": 2083160778
    },
    {
        "Name": 1197602958
    },
    {
        "Name": 1536540218
    },
    {
        "Name": 290344197
    },
    {
        "Name": 3466759600
    },
    {
        "Name": 35948208
    },
    {
        "Name": 1369131993
    },
    {
        "Name": 3114363906
    },
    {
        "Name": 1623868442
    },
    {
        "Name": 155384423
    },
    {
        "Name": 953500149
    },
    {
        "Name": 2328153673
    },
    {
        "Name": 3026649338
    },
    {
        "Name": 400291188
    },
    {
        "Name": 1735922049
    },
    {
        "Name": 3388933457
    },
    {
        "Name": 2920679744
    },
    {
        "Name": 1923063979
    },
    {
        "Name": 2647824938
    },
    {
        "Name": 2368647380
    },
    {
        "Name": 2366745263
    },
    {
        "Name": 2935427950
    },
    {
        "Name": 2488604117
    },
    {
        "Name": 1113212556
    },
    {
        "Name": 971450042
    },
    {
        "Name": 366491520
    },
    {
        "Name": 2052901543
    },
    {
        "Name": 1571329352
    },
    {
        "Name": 1272504657
    },
    {
        "Name": 3027090648
    },
    {
        "Name": 2303506415
    },
    {
        "Name": 886113368
    },
    {
        "Name": 3052386104
    },
    {
        "Name": 3878590627
    },
    {
        "Name": 569370683
    },
    {
        "Name": 1186205825
    },
    {
        "Name": 2289324546
    },
    {
        "Name": 3256945822
    },
    {
        "Name": 3267080893
    },
    {
        "Name": 3985459190
    },
    {
        "Name": 172164878
    },
    {
        "Name": 1416510609
    },
    {
        "Name": 97889537
    },
    {
        "Name": 2525186076
    },
    {
        "Name": 3191529163
    },
    {
        "Name": 2254278443
    },
    {
        "Name": 3069988381
    },
    {
        "Name": 2474555960
    },
    {
        "Name": 3656469513
    },
    {
        "Name": 1496451110
    },
    {
        "Name": 459194819
    },
    {
        "Name": 434699412
    },
    {
        "Name": 1125676558
    },
    {
        "Name": 338681804
    },
    {
        "Name": 175805885
    },
    {
        "Name": 2725799593
    },
    {
        "Name": 3212932553
    },
    {
        "Name": 2529184895
    },
    {
        "Name": 2365639434
    },
    {
        "Name": 2165169721
    },
    {
        "Name": 2801496401
    },
    {
        "Name": 4026859213
    },
    {
        "Name": 4035465428
    },
    {
        "Name": 3390909200
    },
    {
        "Name": 3311189885
    },
    {
        "Name": 1059700084
    },
    {
        "Name": 3186281738
    },
    {
        "Name": 2982355717
    },
    {
        "Name": 1191863492
    },
    {
        "Name": 451613894
    },
    {
        "Name": 517283443
    },
    {
        "Name": 1494496920
    },
    {
        "Name": 4076785827
    },
    {
        "Name": 2880952782
    },
    {
        "Name": 3375023055
    },
    {
        "Name": 2274708757
    },
    {
        "Name": 3909445409
    },
    {
        "Name": 911365311
    },
    {
        "Name": 1247814065
    },
    {
        "Name": 186368795
    },
    {
        "Name": 3355812049
    },
    {
        "Name": 376960218
    },
    {
        "Name": 1466134155
    },
    {
        "Name": 1448441953
    },
    {
        "Name": 4025887161
    },
    {
        "Name": 489694584
    },
    {
        "Name": 2373458047
    },
    {
        "Name": 3707073624
    },
    {
        "Name": 1067917205
    },
    {
        "Name": 2721626390
    },
    {
        "Name": 3702659732
    },
    {
        "Name": 1801648841
    },
    {
        "Name": 1093695832
    },
    {
        "Name": 3912246510
    },
    {
        "Name": 4127780433
    },
    {
        "Name": 781926864
    },
    {
        "Name": 2754292173
    },
    {
        "Name": 1739936529
    },
    {
        "Name": 846099931
    },
    {
        "Name": 2368657354
    },
    {
        "Name": 578993576
    },
    {
        "Name": 3006928443
    },
    {
        "Name": 703344057
    },
    {
        "Name": 120875833
    },
    {
        "Name": 4007979762
    },
    {
        "Name": 3351330309
    },
    {
        "Name": 1507619128
    },
    {
        "Name": 3313256073
    },
    {
        "Name": 2204661376
    },
    {
        "Name": 264495177
    },
    {
        "Name": 3352777256
    },
    {
        "Name": 720720731
    },
    {
        "Name": 3530270387
    },
    {
        "Name": 1807923750
    },
    {
        "Name": 3973694492
    },
    {
        "Name": 2320403200
    },
    {
        "Name": 3293612793
    },
    {
        "Name": 2970702417
    },
    {
        "Name": 2936242498
    },
    {
        "Name": 917872715
    },
    {
        "Name": 1511308909
    },
    {
        "Name": 2188242677
    },
    {
        "Name": 1871885949
    },
    {
        "Name": 3698796364
    },
    {
        "Name": 2012479189
    },
    {
        "Name": 4263679926
    },
    {
        "Name": 3941704296
    },
    {
        "Name": 224496574
    },
    {
        "Name": 1924307746
    },
    {
        "Name": 1142138995
    },
    {
        "Name": 1586379245
    },
    {
        "Name": 1233208077
    },
    {
        "Name": 850462898
    },
    {
        "Name": 1580184469
    },
    {
        "Name": 3732099707
    },
    {
        "Name": 2153128176
    },
    {
        "Name": 3169389323
    },
    {
        "Name": 1538732984
    },
    {
        "Name": 2760219593
    },
    {
        "Name": 3505289720
    },
    {
        "Name": 3315549576
    },
    {
        "Name": 551468527
    },
    {
        "Name": 649980967
    },
    {
        "Name": 315591484
    },
    {
        "Name": 2829453447
    },
    {
        "Name": 446677173
    },
    {
        "Name": 2196615071
    },
    {
        "Name": 2489676576
    },
    {
        "Name": 2862744402
    },
    {
        "Name": 4187907670
    },
    {
        "Name": 2761229426
    },
    {
        "Name": 1091468319
    },
    {
        "Name": 4255241858
    },
    {
        "Name": 2041139503
    },
    {
        "Name": 270349348
    },
    {
        "Name": 3490736709
    },
    {
        "Name": 563947716
    },
    {
        "Name": 3895138953
    },
    {
        "Name": 721654366
    },
    {
        "Name": 1375980456
    },
    {
        "Name": 3030370662
    },
    {
        "Name": 2250937483
    },
    {
        "Name": 4156145856
    },
    {
        "Name": 544991289
    },
    {
        "Name": 2989215608
    },
    {
        "Name": 2608986913
    },
    {
        "Name": 1263995520
    },
    {
        "Name": 2738410347
    },
    {
        "Name": 2051864302
    },
    {
        "Name": 3253068450
    },
    {
        "Name": 2897551938
    },
    {
        "Name": 4108447815
    },
    {
        "Name": 1879630979
    },
    {
        "Name": 1651170488
    },
    {
        "Name": 1663685042
    },
    {
        "Name": 964852068
    },
    {
        "Name": 682074892
    },
    {
        "Name": 1195807145
    },
    {
        "Name": 2370597176
    },
    {
        "Name": 2009899346
    },
    {
        "Name": 2865653960
    },
    {
        "Name": 4214807464
    },
    {
        "Name": 2829057002
    },
    {
        "Name": 1621440461
    },
    {
        "Name": 1168945859
    },
    {
        "Name": 3906095672
    },
    {
        "Name": 110831192
    },
    {
        "Name": 3548125881
    },
    {
        "Name": 1050315164
    },
    {
        "Name": 4120804327
    },
    {
        "Name": 1463517045
    },
    {
        "Name": 3514461281
    },
    {
        "Name": 2264744736
    },
    {
        "Name": 2269755957
    },
    {
        "Name": 3614846438
    },
    {
        "Name": 880409013
    },
    {
        "Name": 2943027749
    },
    {
        "Name": 64779799
    },
    {
        "Name": 1412100041
    },
    {
        "Name": 4183823596
    },
    {
        "Name": 2696882781
    },
    {
        "Name": 228709809
    },
    {
        "Name": 2573945583
    },
    {
        "Name": 3629819561
    },
    {
        "Name": 736931590
    },
    {
        "Name": 1212850336
    },
    {
        "Name": 4047220390
    },
    {
        "Name": 296282161
    },
    {
        "Name": 4091489941
    },
    {
        "Name": 892017238
    },
    {
        "Name": 2915728937
    },
    {
        "Name": 1386269812
    },
    {
        "Name": 2845765179
    },
    {
        "Name": 2963093425
    },
    {
        "Name": 1605916892
    },
    {
        "Name": 574827800
    },
    {
        "Name": 1754522163
    },
    {
        "Name": 4111443728
    },
    {
        "Name": 1796542460
    },
    {
        "Name": 1145222134
    },
    {
        "Name": 816442847
    },
    {
        "Name": 3544748778
    },
    {
        "Name": 1861331520
    },
    {
        "Name": 1913659577
    },
    {
        "Name": 590577693
    },
    {
        "Name": 770391172
    },
    {
        "Name": 4030852000
    },
    {
        "Name": 2437215906
    },
    {
        "Name": 1532191030
    },
    {
        "Name": 2393297438
    },
    {
        "Name": 2979766289
    },
    {
        "Name": 1716372064
    },
    {
        "Name": 3109533924
    },
    {
        "Name": 1084381417
    },
    {
        "Name": 1421188464
    },
    {
        "Name": 30383734
    },
    {
        "Name": 1156866164
    },
    {
        "Name": 2192384312
    },
    {
        "Name": 3978085268
    },
    {
        "Name": 3277244348
    },
    {
        "Name": 3853291685
    },
    {
        "Name": 2214078832
    },
    {
        "Name": 1215276763
    },
    {
        "Name": 269198469
    },
    {
        "Name": 1847721282
    },
    {
        "Name": 436067309
    },
    {
        "Name": 2676427681
    },
    {
        "Name": 4062211520
    },
    {
        "Name": 3515397737
    },
    {
        "Name": 3669536831
    },
    {
        "Name": 3398078038
    },
    {
        "Name": 133483908
    },
    {
        "Name": 2216194045
    },
    {
        "Name": 2904778595
    },
    {
        "Name": 1658396080
    },
    {
        "Name": 4049175551
    },
    {
        "Name": 3772124135
    },
    {
        "Name": 1486642913
    },
    {
        "Name": 663101194
    },
    {
        "Name": 446159269
    },
    {
        "Name": 3620863822
    },
    {
        "Name": 1856061334
    },
    {
        "Name": 2133648267
    },
    {
        "Name": 521968872
    },
    {
        "Name": 2686566916
    },
    {
        "Name": 1015970183
    },
    {
        "Name": 832316275
    },
    {
        "Name": 2463564180
    },
    {
        "Name": 894536083
    },
    {
        "Name": 154859143
    },
    {
        "Name": 1355386649
    },
    {
        "Name": 1292216447
    },
    {
        "Name": 2631870967
    },
    {
        "Name": 3277422177
    },
    {
        "Name": 3291791435
    },
    {
        "Name": 2440699146
    },
    {
        "Name": 3442982390
    },
    {
        "Name": 667308448
    },
    {
        "Name": 1495334910
    },
    {
        "Name": 3057148148
    },
    {
        "Name": 1760939595
    },
    {
        "Name": 713058113
    },
    {
        "Name": 1524210217
    },
    {
        "Name": 3819358014
    },
    {
        "Name": 189211812
    },
    {
        "Name": 1731404776
    },
    {
        "Name": 862271872
    },
    {
        "Name": 2649328026
    },
    {
        "Name": 3337632931
    },
    {
        "Name": 692233931
    },
    {
        "Name": 3148085954
    },
    {
        "Name": 1529604271
    },
    {
        "Name": 4223790041
    },
    {
        "Name": 3743881102
    },
    {
        "Name": 1843465878
    },
    {
        "Name": 3081049754
    },
    {
        "Name": 578922095
    },
    {
        "Name": 161450862
    },
    {
        "Name": 3313456590
    },
    {
        "Name": 274499425
    },
    {
        "Name": 3786999204
    },
    {
        "Name": 472229477
    },
    {
        "Name": 785737417
    },
    {
        "Name": 386456824
    },
    {
        "Name": 3983889541
    },
    {
        "Name": 3232711648
    },
    {
        "Name": 1644806823
    },
    {
        "Name": 599864746
    },
    {
        "Name": 2364146454
    },
    {
        "Name": 3037676075
    },
    {
        "Name": 3347428421
    },
    {
        "Name": 1770839041
    },
    {
        "Name": 3923599274
    },
    {
        "Name": 3244280963
    },
    {
        "Name": 1819688592
    },
    {
        "Name": 1393691879
    },
    {
        "Name": 2468392141
    },
    {
        "Name": 2207659357
    },
    {
        "Name": 3104072833
    },
    {
        "Name": 1155595745
    },
    {
        "Name": 2995356666
    },
    {
        "Name": 2567676103
    },
    {
        "Name": 912596119
    },
    {
        "Name": 3534039878
    },
    {
        "Name": 3916007548
    },
    {
        "Name": 2143752738
    },
    {
        "Name": 2960064892
    },
    {
        "Name": 3361303143
    },
    {
        "Name": 3789120977
    },
    {
        "Name": 2073429539
    },
    {
        "Name": 2620978984
    },
    {
        "Name": 2750198129
    },
    {
        "Name": 3534672696
    },
    {
        "Name": 2470179644
    },
    {
        "Name": 528310381
    },
    {
        "Name": 4291366395
    },
    {
        "Name": 829217568
    },
    {
        "Name": 2647008943
    },
    {
        "Name": 722278620
    },
    {
        "Name": 2573970552
    },
    {
        "Name": 2953406064
    },
    {
        "Name": 1978720209
    },
    {
        "Name": 1405658696
    },
    {
        "Name": 3919528924
    },
    {
        "Name": 901540479
    },
    {
        "Name": 2277298011
    },
    {
        "Name": 916876151
    },
    {
        "Name": 723018554
    },
    {
        "Name": 259940096
    },
    {
        "Name": 2347608353
    },
    {
        "Name": 3756677234
    },
    {
        "Name": 3350331860
    },
    {
        "Name": 2546023627
    },
    {
        "Name": 4065667655
    },
    {
        "Name": 1807277559
    },
    {
        "Name": 1826444870
    },
    {
        "Name": 4019384245
    },
    {
        "Name": 1711453194
    },
    {
        "Name": 1813593749
    },
    {
        "Name": 4167835565
    },
    {
        "Name": 1556887887
    },
    {
        "Name": 3474706346
    },
    {
        "Name": 1637718029
    },
    {
        "Name": 1937353667
    },
    {
        "Name": 4249753548
    },
    {
        "Name": 4201975946
    },
    {
        "Name": 1399924569
    },
    {
        "Name": 2279683180
    },
    {
        "Name": 1319447397
    },
    {
        "Name": 3195569704
    },
    {
        "Name": 4043810359
    },
    {
        "Name": 264798008
    },
    {
        "Name": 559381848
    },
    {
        "Name": 515716841
    },
    {
        "Name": 97114950
    },
    {
        "Name": 3907136959
    },
    {
        "Name": 1796681865
    },
    {
        "Name": 1181980262
    },
    {
        "Name": 371245934
    },
    {
        "Name": 1418900726
    },
    {
        "Name": 261277645
    },
    {
        "Name": 899106406
    },
    {
        "Name": 2085247182
    },
    {
        "Name": 2946118421
    },
    {
        "Name": 632711147
    },
    {
        "Name": 136367899
    },
    {
        "Name": 606496885
    },
    {
        "Name": 3243864027
    },
    {
        "Name": 720540018
    },
    {
        "Name": 4077800610
    },
    {
        "Name": 146741151
    },
    {
        "Name": 821005462
    },
    {
        "Name": 3082409636
    },
    {
        "Name": 428634796
    },
    {
        "Name": 3729908439
    },
    {
        "Name": 3232525439
    },
    {
        "Name": 1647338089
    },
    {
        "Name": 1139893440
    },
    {
        "Name": 1697416127
    },
    {
        "Name": 4137939168
    },
    {
        "Name": 2997719187
    },
    {
        "Name": 1065875289
    },
    {
        "Name": 2271316786
    },
    {
        "Name": 3203178345
    },
    {
        "Name": 1525914185
    },
    {
        "Name": 1901263181
    },
    {
        "Name": 2595646786
    },
    {
        "Name": 4282552085
    },
    {
        "Name": 232953038
    },
    {
        "Name": 4213232855
    },
    {
        "Name": 164447876
    },
    {
        "Name": 4096776650
    },
    {
        "Name": 1268259389
    },
    {
        "Name": 2593092575
    },
    {
        "Name": 3637038328
    },
    {
        "Name": 1732731990
    },
    {
        "Name": 2237464140
    },
    {
        "Name": 346228384
    },
    {
        "Name": 4146865192
    },
    {
        "Name": 3565028364
    },
    {
        "Name": 1080747225
    },
    {
        "Name": 2607345584
    },
    {
        "Name": 4056785702
    },
    {
        "Name": 3908103205
    },
    {
        "Name": 2682422213
    },
    {
        "Name": 3502219546
    },
    {
        "Name": 1301709033
    },
    {
        "Name": 650997924
    },
    {
        "Name": 179809884
    },
    {
        "Name": 1116874317
    },
    {
        "Name": 3464965071
    },
    {
        "Name": 3831279295
    },
    {
        "Name": 1038735161
    },
    {
        "Name": 212898952
    },
    {
        "Name": 975735596
    },
    {
        "Name": 2072255427
    },
    {
        "Name": 320675272
    },
    {
        "Name": 2574223946
    },
    {
        "Name": 4162532931
    },
    {
        "Name": 3765882689
    },
    {
        "Name": 2419033428
    },
    {
        "Name": 2875106611
    },
    {
        "Name": 3190461359
    },
    {
        "Name": 2122811774
    },
    {
        "Name": 372862317
    },
    {
        "Name": 4237828138
    },
    {
        "Name": 2790474596
    },
    {
        "Name": 3494114255
    },
    {
        "Name": 3563936696
    },
    {
        "Name": 1821506628
    },
    {
        "Name": 1349531096
    },
    {
        "Name": 3674422326
    },
    {
        "Name": 1741040786
    },
    {
        "Name": 1522523654
    },
    {
        "Name": 1640775499
    },
    {
        "Name": 1145622990
    },
    {
        "Name": 3377963243
    },
    {
        "Name": 2260704972
    },
    {
        "Name": 929800593
    },
    {
        "Name": 2092980011
    },
    {
        "Name": 3502102861
    },
    {
        "Name": 3161113355
    },
    {
        "Name": 707911008
    },
    {
        "Name": 1767382520
    },
    {
        "Name": 1641515156
    },
    {
        "Name": 1607357198
    },
    {
        "Name": 4128382068
    },
    {
        "Name": 2990949479
    },
    {
        "Name": 2192968566
    },
    {
        "Name": 2690260781
    },
    {
        "Name": 2142849985
    },
    {
        "Name": 3201541239
    },
    {
        "Name": 2281329536
    },
    {
        "Name": 3382004303
    },
    {
        "Name": 3718717128
    },
    {
        "Name": 2918362075
    },
    {
        "Name": 1152796159
    },
    {
        "Name": 15621776
    },
    {
        "Name": 1731050662
    },
    {
        "Name": 2467693807
    },
    {
        "Name": 4013461076
    },
    {
        "Name": 212850706
    },
    {
        "Name": 3184298963
    },
    {
        "Name": 2867073296
    },
    {
        "Name": 2985968630
    },
    {
        "Name": 465670730
    },
    {
        "Name": 783015386
    },
    {
        "Name": 243963975
    },
    {
        "Name": 1877641027
    },
    {
        "Name": 1241168941
    },
    {
        "Name": 2202227851
    },
    {
        "Name": 573049115
    },
    {
        "Name": 1221913790
    },
    {
        "Name": 2457248789
    },
    {
        "Name": 3529365279
    },
    {
        "Name": 2732445323
    },
    {
        "Name": 4098423586
    },
    {
        "Name": 1110502042
    },
    {
        "Name": 1666680613
    },
    {
        "Name": 248674590
    },
    {
        "Name": 2483252312
    },
    {
        "Name": 1835826716
    },
    {
        "Name": 2258765251
    },
    {
        "Name": 1267611974
    },
    {
        "Name": 3600544577
    },
    {
        "Name": 2108374275
    },
    {
        "Name": 3651242145
    },
    {
        "Name": 4248824474
    },
    {
        "Name": 3082897536
    },
    {
        "Name": 1522587283
    },
    {
        "Name": 2234441939
    },
    {
        "Name": 156724343
    },
    {
        "Name": 1806886794
    },
    {
        "Name": 4119186097
    },
    {
        "Name": 948631480
    },
    {
        "Name": 3080471575
    },
    {
        "Name": 862354296
    },
    {
        "Name": 2987299594
    },
    {
        "Name": 790465856
    },
    {
        "Name": 1094878748
    },
    {
        "Name": 39621525
    },
    {
        "Name": 1762066493
    },
    {
        "Name": 2970557227
    },
    {
        "Name": 879974793
    },
    {
        "Name": 3239550846
    },
    {
        "Name": 595033933
    },
    {
        "Name": 2135787408
    },
    {
        "Name": 312063945
    },
    {
        "Name": 3640997488
    },
    {
        "Name": 4086754251
    },
    {
        "Name": 35143605
    },
    {
        "Name": 3087525603
    },
    {
        "Name": 3698114279
    },
    {
        "Name": 502105179
    },
    {
        "Name": 2693104950
    },
    {
        "Name": 1731005440
    },
    {
        "Name": 973277180
    },
    {
        "Name": 3042917219
    },
    {
        "Name": 3365103699
    },
    {
        "Name": 3416499401
    },
    {
        "Name": 1778347180
    },
    {
        "Name": 3974167812
    },
    {
        "Name": 3746399003
    },
    {
        "Name": 1862447901
    },
    {
        "Name": 222384897
    },
    {
        "Name": 972989635
    },
    {
        "Name": 445399647
    },
    {
        "Name": 3566667867
    },
    {
        "Name": 3671298652
    },
    {
        "Name": 1063235455
    },
    {
        "Name": 261316353
    },
    {
        "Name": 1726783278
    },
    {
        "Name": 3312646682
    },
    {
        "Name": 2934499568
    },
    {
        "Name": 1345959922
    },
    {
        "Name": 519255247
    },
    {
        "Name": 4128127021
    },
    {
        "Name": 744545564
    },
    {
        "Name": 674047031
    },
    {
        "Name": 3299473528
    },
    {
        "Name": 785131057
    },
    {
        "Name": 504192177
    },
    {
        "Name": 4049761290
    },
    {
        "Name": 2984398223
    },
    {
        "Name": 2446610328
    },
    {
        "Name": 712627124
    },
    {
        "Name": 864252505
    },
    {
        "Name": 2335505878
    },
    {
        "Name": 528323529
    },
    {
        "Name": 3131973837
    },
    {
        "Name": 894842697
    },
    {
        "Name": 1617949149
    },
    {
        "Name": 854148956
    },
    {
        "Name": 1544949625
    },
    {
        "Name": 291259433
    },
    {
        "Name": 508264022
    },
    {
        "Name": 2546801136
    },
    {
        "Name": 3079934643
    },
    {
        "Name": 2359747384
    },
    {
        "Name": 1566611952
    },
    {
        "Name": 3983457293
    },
    {
        "Name": 17982474
    },
    {
        "Name": 2349796531
    },
    {
        "Name": 3163604632
    },
    {
        "Name": 3263082235
    },
    {
        "Name": 2332551877
    },
    {
        "Name": 761725984
    },
    {
        "Name": 1066184018
    },
    {
        "Name": 3820532766
    },
    {
        "Name": 3566261958
    },
    {
        "Name": 604807728
    },
    {
        "Name": 3363441053
    },
    {
        "Name": 369861577
    },
    {
        "Name": 4139614159
    },
    {
        "Name": 1076871507
    },
    {
        "Name": 1927909629
    },
    {
        "Name": 1298047739
    },
    {
        "Name": 1118157449
    },
    {
        "Name": 1906881498
    },
    {
        "Name": 1163387137
    },
    {
        "Name": 3325181316
    },
    {
        "Name": 2786764587
    },
    {
        "Name": 445802100
    },
    {
        "Name": 4127661010
    },
    {
        "Name": 1661495614
    },
    {
        "Name": 171143405
    },
    {
        "Name": 2829406460
    },
    {
        "Name": 661329870
    },
    {
        "Name": 3441865639
    },
    {
        "Name": 2797530252
    },
    {
        "Name": 2912757440
    },
    {
        "Name": 3023192244
    },
    {
        "Name": 2446198682
    },
    {
        "Name": 1205494144
    },
    {
        "Name": 1169558755
    },
    {
        "Name": 2965548445
    },
    {
        "Name": 1129840297
    },
    {
        "Name": 3304860276
    },
    {
        "Name": 3030922869
    },
    {
        "Name": 2885560355
    },
    {
        "Name": 2108686305
    },
    {
        "Name": 2445414578
    },
    {
        "Name": 2176426898
    },
    {
        "Name": 164549659
    },
    {
        "Name": 713170757
    },
    {
        "Name": 1600129022
    },
    {
        "Name": 1355066596
    },
    {
        "Name": 723052588
    },
    {
        "Name": 781393559
    },
    {
        "Name": 331849341
    },
    {
        "Name": 1193705524
    },
    {
        "Name": 685755769
    },
    {
        "Name": 3029561511
    },
    {
        "Name": 3475639349
    },
    {
        "Name": 3762650594
    },
    {
        "Name": 195884533
    },
    {
        "Name": 2912754514
    },
    {
        "Name": 561540049
    },
    {
        "Name": 528000061
    },
    {
        "Name": 302628014
    },
    {
        "Name": 1859469059
    },
    {
        "Name": 3897677434
    },
    {
        "Name": 85277447
    },
    {
        "Name": 953671161
    },
    {
        "Name": 462358942
    },
    {
        "Name": 4178767497
    },
    {
        "Name": 2784218608
    },
    {
        "Name": 1403254964
    },
    {
        "Name": 2496997966
    },
    {
        "Name": 1451931406
    },
    {
        "Name": 2252633727
    },
    {
        "Name": 4232569762
    },
    {
        "Name": 3192800831
    },
    {
        "Name": 1435337006
    },
    {
        "Name": 4064346779
    },
    {
        "Name": 2600987181
    },
    {
        "Name": 3703964071
    },
    {
        "Name": 1945118734
    },
    {
        "Name": 948280332
    },
    {
        "Name": 968407553
    },
    {
        "Name": 1191062163
    },
    {
        "Name": 2036456987
    },
    {
        "Name": 2254057843
    },
    {
        "Name": 942031432
    },
    {
        "Name": 3264039075
    },
    {
        "Name": 3101168840
    },
    {
        "Name": 2116188223
    },
    {
        "Name": 1702730014
    },
    {
        "Name": 84425527
    },
    {
        "Name": 2862988509
    },
    {
        "Name": 3687960951
    },
    {
        "Name": 2061148494
    },
    {
        "Name": 4258795753
    },
    {
        "Name": 3061191567
    },
    {
        "Name": 448675126
    },
    {
        "Name": 3394617795
    },
    {
        "Name": 4153735709
    },
    {
        "Name": 2350688820
    },
    {
        "Name": 3104445451
    },
    {
        "Name": 4014066586
    },
    {
        "Name": 1342163889
    },
    {
        "Name": 4017368632
    },
    {
        "Name": 152924414
    },
    {
        "Name": 3160025302
    },
    {
        "Name": 998657301
    },
    {
        "Name": 1695211664
    },
    {
        "Name": 4292404977
    },
    {
        "Name": 3060104163
    },
    {
        "Name": 1896208568
    },
    {
        "Name": 1579678705
    },
    {
        "Name": 1510859192
    },
    {
        "Name": 4243465711
    },
    {
        "Name": 2091079969
    },
    {
        "Name": 4022069403
    },
    {
        "Name": 2608179760
    },
    {
        "Name": 832998988
    },
    {
        "Name": 4130732174
    },
    {
        "Name": 3198344322
    },
    {
        "Name": 2925913524
    },
    {
        "Name": 339017923
    },
    {
        "Name": 1267878911
    },
    {
        "Name": 109205132
    },
    {
        "Name": 2233800616
    },
    {
        "Name": 1609339686
    },
    {
        "Name": 2830193144
    },
    {
        "Name": 1471677588
    },
    {
        "Name": 3248936265
    },
    {
        "Name": 1657293497
    },
    {
        "Name": 1181895538
    },
    {
        "Name": 3366484420
    },
    {
        "Name": 2701721365
    },
    {
        "Name": 3334412824
    },
    {
        "Name": 1472301907
    },
    {
        "Name": 875975013
    },
    {
        "Name": 2520685033
    },
    {
        "Name": 1221391108
    },
    {
        "Name": 1523857344
    },
    {
        "Name": 876341384
    },
    {
        "Name": 4152495738
    },
    {
        "Name": 1926685671
    },
    {
        "Name": 2986646363
    },
    {
        "Name": 591378534
    },
    {
        "Name": 1040269255
    },
    {
        "Name": 2728742618
    },
    {
        "Name": 1621818176
    },
    {
        "Name": 1652979860
    },
    {
        "Name": 2549942209
    },
    {
        "Name": 2723944531
    },
    {
        "Name": 2855749461
    },
    {
        "Name": 3354591990
    },
    {
        "Name": 3500845711
    },
    {
        "Name": 763380394
    },
    {
        "Name": 1407220878
    },
    {
        "Name": 1049110397
    },
    {
        "Name": 1585326120
    },
    {
        "Name": 906711758
    },
    {
        "Name": 3443107177
    },
    {
        "Name": 1681912130
    },
    {
        "Name": 849382569
    },
    {
        "Name": 4091757323
    },
    {
        "Name": 2672102422
    },
    {
        "Name": 1600216707
    },
    {
        "Name": 2668301836
    },
    {
        "Name": 2480959081
    },
    {
        "Name": 3816192599
    },
    {
        "Name": 3998270667
    },
    {
        "Name": 3154177862
    },
    {
        "Name": 2067233926
    },
    {
        "Name": 1295316209
    },
    {
        "Name": 3872796793
    },
    {
        "Name": 1904678359
    },
    {
        "Name": 2891052064
    },
    {
        "Name": 771566340
    },
    {
        "Name": 663424944
    },
    {
        "Name": 1616245164
    },
    {
        "Name": 4165822956
    },
    {
        "Name": 843999081
    },
    {
        "Name": 763080824
    },
    {
        "Name": 2542578030
    },
    {
        "Name": 3008186043
    },
    {
        "Name": 1532241085
    },
    {
        "Name": 542469805
    },
    {
        "Name": 3351290171
    },
    {
        "Name": 221885059
    },
    {
        "Name": 3548620301
    },
    {
        "Name": 997373454
    },
    {
        "Name": 3250006841
    },
    {
        "Name": 2964850945
    },
    {
        "Name": 3695736813
    },
    {
        "Name": 353335885
    },
    {
        "Name": 2033841688
    },
    {
        "Name": 2900180568
    },
    {
        "Name": 2493857032
    },
    {
        "Name": 3172128282
    },
    {
        "Name": 1238693808
    },
    {
        "Name": 3699546927
    },
    {
        "Name": 2516377248
    },
    {
        "Name": 4053667101
    },
    {
        "Name": 2630110281
    },
    {
        "Name": 1091606563
    },
    {
        "Name": 1190413289
    },
    {
        "Name": 1247125314
    },
    {
        "Name": 2884591168
    },
    {
        "Name": 540234246
    },
    {
        "Name": 521062882
    },
    {
        "Name": 1721431506
    },
    {
        "Name": 2212596105
    },
    {
        "Name": 729782232
    },
    {
        "Name": 1281991548
    },
    {
        "Name": 2269760162
    },
    {
        "Name": 929708727
    },
    {
        "Name": 1164996213
    },
    {
        "Name": 1937736629
    },
    {
        "Name": 1302827202
    },
    {
        "Name": 1266473671
    },
    {
        "Name": 1077291268
    },
    {
        "Name": 4037615489
    },
    {
        "Name": 1219826766
    },
    {
        "Name": 4043547975
    },
    {
        "Name": 2994003086
    },
    {
        "Name": 1575653147
    },
    {
        "Name": 1849352978
    },
    {
        "Name": 1543266473
    },
    {
        "Name": 1218652139
    },
    {
        "Name": 155169600
    },
    {
        "Name": 861220768
    },
    {
        "Name": 4039812240
    },
    {
        "Name": 4294760167
    },
    {
        "Name": 4219731296
    },
    {
        "Name": 632878755
    },
    {
        "Name": 1412387039
    },
    {
        "Name": 439025216
    },
    {
        "Name": 108975826
    },
    {
        "Name": 531670458
    },
    {
        "Name": 706288240
    },
    {
        "Name": 3861387056
    },
    {
        "Name": 2974200090
    },
    {
        "Name": 728933603
    },
    {
        "Name": 3558306918
    },
    {
        "Name": 3252794419
    },
    {
        "Name": 1605366696
    },
    {
        "Name": 602625190
    },
    {
        "Name": 1001705681
    },
    {
        "Name": 3105879420
    },
    {
        "Name": 681355838
    },
    {
        "Name": 2397643352
    },
    {
        "Name": 3121952182
    },
    {
        "Name": 4290309284
    },
    {
        "Name": 2645804144
    },
    {
        "Name": 4093228603
    },
    {
        "Name": 1590814022
    },
    {
        "Name": 3289256859
    },
    {
        "Name": 3910180561
    },
    {
        "Name": 154650019
    },
    {
        "Name": 3212882630
    },
    {
        "Name": 88781252
    },
    {
        "Name": 965377885
    },
    {
        "Name": 2479257108
    },
    {
        "Name": 475506303
    },
    {
        "Name": 2832819059
    },
    {
        "Name": 466136928
    },
    {
        "Name": 1851309267
    },
    {
        "Name": 2903445508
    },
    {
        "Name": 3448713904
    },
    {
        "Name": 1553994965
    },
    {
        "Name": 1426739841
    },
    {
        "Name": 3754921681
    },
    {
        "Name": 684328758
    },
    {
        "Name": 1901131446
    },
    {
        "Name": 3084378179
    },
    {
        "Name": 2133765117
    },
    {
        "Name": 1867227290
    },
    {
        "Name": 2503962827
    },
    {
        "Name": 577174674
    },
    {
        "Name": 3203446972
    },
    {
        "Name": 4175775900
    },
    {
        "Name": 4109693048
    },
    {
        "Name": 2388075243
    },
    {
        "Name": 73670985
    },
    {
        "Name": 1499682273
    },
    {
        "Name": 957864578
    },
    {
        "Name": 36719980
    },
    {
        "Name": 340776679
    },
    {
        "Name": 432347870
    },
    {
        "Name": 3889802605
    },
    {
        "Name": 4014091301
    },
    {
        "Name": 3676693853
    },
    {
        "Name": 994330397
    },
    {
        "Name": 2383735939
    },
    {
        "Name": 21895117
    },
    {
        "Name": 1258956195
    },
    {
        "Name": 3098220474
    },
    {
        "Name": 1156218563
    },
    {
        "Name": 4238237497
    },
    {
        "Name": 2100561235
    },
    {
        "Name": 4244910788
    },
    {
        "Name": 1864927366
    },
    {
        "Name": 3895771020
    },
    {
        "Name": 1122127366
    },
    {
        "Name": 2687115531
    },
    {
        "Name": 346653248
    },
    {
        "Name": 1346181477
    },
    {
        "Name": 1682540058
    },
    {
        "Name": 1480532555
    },
    {
        "Name": 2066055554
    },
    {
        "Name": 3861466211
    },
    {
        "Name": 1118267578
    },
    {
        "Name": 3980187741
    },
    {
        "Name": 4188249552
    },
    {
        "Name": 3203529026
    },
    {
        "Name": 3547280749
    },
    {
        "Name": 2641063452
    },
    {
        "Name": 526923643
    },
    {
        "Name": 2629922936
    },
    {
        "Name": 2813119018
    },
    {
        "Name": 1439655536
    },
    {
        "Name": 3442285318
    },
    {
        "Name": 1484533909
    },
    {
        "Name": 614056201
    },
    {
        "Name": 90857846
    },
    {
        "Name": 1885656837
    },
    {
        "Name": 3497797601
    },
    {
        "Name": 2965597452
    },
    {
        "Name": 2595630742
    },
    {
        "Name": 3468606884
    },
    {
        "Name": 3478985719
    },
    {
        "Name": 53333859
    },
    {
        "Name": 3593339200
    },
    {
        "Name": 3319783607
    },
    {
        "Name": 2072113281
    },
    {
        "Name": 2413932617
    },
    {
        "Name": 844655727
    },
    {
        "Name": 2008741810
    },
    {
        "Name": 1485895335
    },
    {
        "Name": 3463654570
    },
    {
        "Name": 991536033
    },
    {
        "Name": 4145231210
    },
    {
        "Name": 386545767
    },
    {
        "Name": 3713220169
    },
    {
        "Name": 3349861988
    },
    {
        "Name": 990268289
    },
    {
        "Name": 2485142168
    },
    {
        "Name": 984633130
    },
    {
        "Name": 2987703083
    },
    {
        "Name": 3628021347
    },
    {
        "Name": 4230796940
    },
    {
        "Name": 3831642630
    },
    {
        "Name": 352934547
    },
    {
        "Name": 4230933914
    },
    {
        "Name": 1834967902
    },
    {
        "Name": 2306166650
    },
    {
        "Name": 213358710
    },
    {
        "Name": 2702191241
    },
    {
        "Name": 2555457558
    },
    {
        "Name": 2753330675
    },
    {
        "Name": 1152806682
    },
    {
        "Name": 4194453134
    },
    {
        "Name": 1819031242
    },
    {
        "Name": 1412905053
    },
    {
        "Name": 1105063925
    },
    {
        "Name": 3962343128
    },
    {
        "Name": 1920428233
    },
    {
        "Name": 3431466703
    },
    {
        "Name": 1841980082
    },
    {
        "Name": 1353174617
    },
    {
        "Name": 3955027403
    },
    {
        "Name": 3702533259
    },
    {
        "Name": 140222714
    },
    {
        "Name": 3981525390
    },
    {
        "Name": 3292338788
    },
    {
        "Name": 1303121984
    },
    {
        "Name": 3764413946
    },
    {
        "Name": 3498241651
    },
    {
        "Name": 1203486886
    },
    {
        "Name": 989819408
    },
    {
        "Name": 1782597161
    },
    {
        "Name": 1146690889
    },
    {
        "Name": 2244674110
    },
    {
        "Name": 2543783661
    },
    {
        "Name": 888917225
    },
    {
        "Name": 1182461702
    },
    {
        "Name": 1007004044
    },
    {
        "Name": 2217020223
    },
    {
        "Name": 1695917355
    },
    {
        "Name": 1718117066
    },
    {
        "Name": 3383565069
    },
    {
        "Name": 3923215353
    },
    {
        "Name": 914982750
    },
    {
        "Name": 41301026
    },
    {
        "Name": 1782804719
    },
    {
        "Name": 500273
    },
    {
        "Name": 89484684
    },
    {
        "Name": 482278072
    },
    {
        "Name": 1949488823
    },
    {
        "Name": 451373378
    },
    {
        "Name": 3565278264
    },
    {
        "Name": 1000318611
    },
    {
        "Name": 2004547837
    },
    {
        "Name": 3280911536
    },
    {
        "Name": 3399994281
    },
    {
        "Name": 2985670978
    },
    {
        "Name": 3049082403
    },
    {
        "Name": 2122980049
    },
    {
        "Name": 2148345824
    },
    {
        "Name": 1176161970
    },
    {
        "Name": 4102924178
    },
    {
        "Name": 4104186030
    },
    {
        "Name": 702276965
    },
    {
        "Name": 1383855175
    },
    {
        "Name": 3910221998
    },
    {
        "Name": 1557706655
    },
    {
        "Name": 2570293033
    },
    {
        "Name": 4129744727
    },
    {
        "Name": 3939103518
    },
    {
        "Name": 2224060043
    },
    {
        "Name": 2591796500
    },
    {
        "Name": 3967743333
    },
    {
        "Name": 2427455255
    },
    {
        "Name": 4294255839
    },
    {
        "Name": 4287338498
    },
    {
        "Name": 1063101646
    },
    {
        "Name": 4247402452
    },
    {
        "Name": 1540580758
    },
    {
        "Name": 3772885464
    },
    {
        "Name": 1013039750
    },
    {
        "Name": 1272265278
    },
    {
        "Name": 160003536
    },
    {
        "Name": 3503274573
    },
    {
        "Name": 2247256498
    },
    {
        "Name": 2077454658
    },
    {
        "Name": 307607272
    },
    {
        "Name": 3669424665
    },
    {
        "Name": 275835768
    },
    {
        "Name": 1815410411
    },
    {
        "Name": 2255260299
    },
    {
        "Name": 3805615074
    },
    {
        "Name": 1047754314
    },
    {
        "Name": 1618548366
    },
    {
        "Name": 96874894
    },
    {
        "Name": 264025795
    },
    {
        "Name": 414301213
    },
    {
        "Name": 3358337632
    },
    {
        "Name": 2698047655
    },
    {
        "Name": 3591358043
    },
    {
        "Name": 2314455887
    },
    {
        "Name": 1738686580
    },
    {
        "Name": 4185490626
    },
    {
        "Name": 719512360
    },
    {
        "Name": 1965262387
    },
    {
        "Name": 2283745356
    },
    {
        "Name": 1267045657
    },
    {
        "Name": 1018118408
    },
    {
        "Name": 1888667006
    },
    {
        "Name": 2914927738
    },
    {
        "Name": 3485967124
    },
    {
        "Name": 3378941733
    },
    {
        "Name": 3428440433
    },
    {
        "Name": 3727699307
    },
    {
        "Name": 3188515416
    },
    {
        "Name": 1954308904
    },
    {
        "Name": 1542424561
    },
    {
        "Name": 3635261584
    },
    {
        "Name": 2454329295
    },
    {
        "Name": 178466745
    },
    {
        "Name": 3750808602
    },
    {
        "Name": 825948289
    },
    {
        "Name": 4158109606
    },
    {
        "Name": 4199749113
    },
    {
        "Name": 1067573841
    },
    {
        "Name": 2678137801
    },
    {
        "Name": 2836508611
    },
    {
        "Name": 354036331
    },
    {
        "Name": 1632918493
    },
    {
        "Name": 1384499036
    },
    {
        "Name": 3842898080
    },
    {
        "Name": 283248060
    },
    {
        "Name": 4285504891
    },
    {
        "Name": 3928313019
    },
    {
        "Name": 2657805975
    },
    {
        "Name": 2740282810
    },
    {
        "Name": 2142919165
    },
    {
        "Name": 1945549572
    },
    {
        "Name": 3619295214
    },
    {
        "Name": 275627795
    },
    {
        "Name": 1094581961
    },
    {
        "Name": 3248028718
    },
    {
        "Name": 652563854
    },
    {
        "Name": 2685303571
    },
    {
        "Name": 3296189070
    },
    {
        "Name": 3696837041
    },
    {
        "Name": 2077925279
    },
    {
        "Name": 581167988
    },
    {
        "Name": 2697423685
    },
    {
        "Name": 1859999910
    },
    {
        "Name": 3126141250
    },
    {
        "Name": 2587512826
    },
    {
        "Name": 3442296556
    },
    {
        "Name": 3424085395
    },
    {
        "Name": 4108017941
    },
    {
        "Name": 3400777197
    },
    {
        "Name": 1275642183
    },
    {
        "Name": 2045397982
    },
    {
        "Name": 3566524307
    },
    {
        "Name": 4138684387
    },
    {
        "Name": 4234339757
    },
    {
        "Name": 3341362713
    },
    {
        "Name": 2125192292
    },
    {
        "Name": 627114993
    },
    {
        "Name": 2497355149
    },
    {
        "Name": 1046815759
    },
    {
        "Name": 3289055107
    },
    {
        "Name": 121502028
    },
    {
        "Name": 106177673
    },
    {
        "Name": 1128701966
    },
    {
        "Name": 2372474958
    },
    {
        "Name": 4024467885
    },
    {
        "Name": 798559502
    },
    {
        "Name": 1182291250
    },
    {
        "Name": 527011333
    },
    {
        "Name": 410001699
    },
    {
        "Name": 3348737871
    },
    {
        "Name": 2105998632
    },
    {
        "Name": 3872724928
    },
    {
        "Name": 836374489
    },
    {
        "Name": 2513838680
    },
    {
        "Name": 950972386
    },
    {
        "Name": 2442468998
    },
    {
        "Name": 3557260840
    },
    {
        "Name": 1260625259
    },
    {
        "Name": 1900589940
    },
    {
        "Name": 2704919017
    },
    {
        "Name": 2833158623
    },
    {
        "Name": 1011628296
    },
    {
        "Name": 1595568274
    },
    {
        "Name": 3614742901
    },
    {
        "Name": 3072611628
    },
    {
        "Name": 3051145554
    },
    {
        "Name": 2593670835
    },
    {
        "Name": 3640038711
    },
    {
        "Name": 1193462697
    },
    {
        "Name": 3804873707
    },
    {
        "Name": 1189606028
    },
    {
        "Name": 3449369851
    },
    {
        "Name": 4183392339
    },
    {
        "Name": 1134977829
    },
    {
        "Name": 1704336375
    },
    {
        "Name": 703884473
    },
    {
        "Name": 2792121820
    },
    {
        "Name": 3575626518
    },
    {
        "Name": 1996246696
    },
    {
        "Name": 4090035299
    },
    {
        "Name": 2460344605
    },
    {
        "Name": 5583903
    },
    {
        "Name": 2337138150
    },
    {
        "Name": 3318557865
    },
    {
        "Name": 442481226
    },
    {
        "Name": 3167142369
    },
    {
        "Name": 561360619
    },
    {
        "Name": 2407788261
    },
    {
        "Name": 1780944237
    },
    {
        "Name": 3356452655
    },
    {
        "Name": 1959201577
    },
    {
        "Name": 1251112406
    },
    {
        "Name": 622029775
    },
    {
        "Name": 3211930506
    },
    {
        "Name": 368540567
    },
    {
        "Name": 4187161603
    },
    {
        "Name": 1117619696
    },
    {
        "Name": 2998465987
    },
    {
        "Name": 2861477991
    },
    {
        "Name": 3933755312
    },
    {
        "Name": 1940397506
    },
    {
        "Name": 1470475487
    },
    {
        "Name": 3451398393
    },
    {
        "Name": 2187434457
    },
    {
        "Name": 3935328706
    },
    {
        "Name": 3617355053
    },
    {
        "Name": 4203799520
    },
    {
        "Name": 1739308014
    },
    {
        "Name": 3129606215
    },
    {
        "Name": 2805370093
    },
    {
        "Name": 1194944144
    },
    {
        "Name": 3583388235
    },
    {
        "Name": 2818812306
    },
    {
        "Name": 81336012
    },
    {
        "Name": 3223812644
    },
    {
        "Name": 2316638347
    },
    {
        "Name": 3811010122
    },
    {
        "Name": 1935057309
    },
    {
        "Name": 3438548622
    },
    {
        "Name": 2964121242
    },
    {
        "Name": 3691915573
    },
    {
        "Name": 1883097381
    },
    {
        "Name": 231268301
    },
    {
        "Name": 2341211440
    },
    {
        "Name": 4155620279
    },
    {
        "Name": 3936553580
    },
    {
        "Name": 1938442408
    },
    {
        "Name": 3349403932
    },
    {
        "Name": 643660017
    },
    {
        "Name": 268013116
    },
    {
        "Name": 1174693884
    },
    {
        "Name": 164281577
    },
    {
        "Name": 2456082359
    },
    {
        "Name": 444654859
    },
    {
        "Name": 3923957638
    },
    {
        "Name": 3855040518
    },
    {
        "Name": 1711792934
    },
    {
        "Name": 179270637
    },
    {
        "Name": 4234110383
    },
    {
        "Name": 1122299679
    },
    {
        "Name": 2299644420
    },
    {
        "Name": 4012489699
    },
    {
        "Name": 2808819950
    },
    {
        "Name": 3149350064
    },
    {
        "Name": 2236504270
    },
    {
        "Name": 664360070
    },
    {
        "Name": 1316424861
    },
    {
        "Name": 2979451955
    },
    {
        "Name": 2509881318
    },
    {
        "Name": 1144680621
    },
    {
        "Name": 3891582891
    },
    {
        "Name": 3392363317
    },
    {
        "Name": 304078410
    },
    {
        "Name": 771582638
    },
    {
        "Name": 928289176
    },
    {
        "Name": 581413361
    },
    {
        "Name": 1858888572
    },
    {
        "Name": 3446479598
    },
    {
        "Name": 3662890682
    },
    {
        "Name": 2809104360
    },
    {
        "Name": 3569913025
    },
    {
        "Name": 1168796483
    },
    {
        "Name": 910469396
    },
    {
        "Name": 552950572
    },
    {
        "Name": 2538117113
    },
    {
        "Name": 65450891
    },
    {
        "Name": 1511940748
    },
    {
        "Name": 1712379576
    },
    {
        "Name": 1509118006
    },
    {
        "Name": 1594681306
    },
    {
        "Name": 265192106
    },
    {
        "Name": 1291617204
    },
    {
        "Name": 3036173266
    },
    {
        "Name": 3469804928
    },
    {
        "Name": 2405039224
    },
    {
        "Name": 726734934
    },
    {
        "Name": 2097058445
    },
    {
        "Name": 4278022432
    },
    {
        "Name": 1865435797
    },
    {
        "Name": 643885377
    },
    {
        "Name": 2949065454
    },
    {
        "Name": 110137751
    },
    {
        "Name": 4215118435
    },
    {
        "Name": 3704805935
    },
    {
        "Name": 1004254097
    },
    {
        "Name": 732327783
    },
    {
        "Name": 2457801742
    },
    {
        "Name": 1927097138
    },
    {
        "Name": 679540555
    },
    {
        "Name": 3825956373
    },
    {
        "Name": 636568065
    },
    {
        "Name": 1391744589
    },
    {
        "Name": 3172979324
    },
    {
        "Name": 3081744986
    },
    {
        "Name": 1293782249
    },
    {
        "Name": 1908891894
    },
    {
        "Name": 2216255948
    },
    {
        "Name": 240835656
    },
    {
        "Name": 1724834420
    },
    {
        "Name": 2444036987
    },
    {
        "Name": 394798774
    },
    {
        "Name": 2099045325
    },
    {
        "Name": 2759874884
    },
    {
        "Name": 2970131267
    },
    {
        "Name": 2232593452
    },
    {
        "Name": 249582911
    },
    {
        "Name": 3254559687
    },
    {
        "Name": 2799868284
    },
    {
        "Name": 1813560161
    },
    {
        "Name": 3976053942
    },
    {
        "Name": 1365755142
    },
    {
        "Name": 1586253799
    },
    {
        "Name": 3419107052
    },
    {
        "Name": 1767381662
    },
    {
        "Name": 2960434197
    },
    {
        "Name": 1862270885
    },
    {
        "Name": 932123971
    },
    {
        "Name": 1298715830
    },
    {
        "Name": 2501749301
    },
    {
        "Name": 2012619658
    },
    {
        "Name": 2553422640
    },
    {
        "Name": 883786889
    },
    {
        "Name": 2973969550
    },
    {
        "Name": 2982495655
    },
    {
        "Name": 908093196
    },
    {
        "Name": 405119386
    },
    {
        "Name": 1450199644
    },
    {
        "Name": 2320035809
    },
    {
        "Name": 2473530234
    },
    {
        "Name": 98294999
    },
    {
        "Name": 3447675333
    },
    {
        "Name": 2637407276
    },
    {
        "Name": 1683471482
    },
    {
        "Name": 1332323759
    },
    {
        "Name": 2597716865
    },
    {
        "Name": 679164371
    },
    {
        "Name": 757057552
    },
    {
        "Name": 2678574046
    },
    {
        "Name": 3611603034
    },
    {
        "Name": 1736150242
    },
    {
        "Name": 3485209109
    },
    {
        "Name": 62245077
    },
    {
        "Name": 1423302919
    },
    {
        "Name": 1465360899
    },
    {
        "Name": 1276569362
    },
    {
        "Name": 3418464175
    },
    {
        "Name": 2291964314
    },
    {
        "Name": 814570535
    },
    {
        "Name": 443901266
    },
    {
        "Name": 1817643752
    },
    {
        "Name": 1194530437
    },
    {
        "Name": 2027340371
    },
    {
        "Name": 462232742
    },
    {
        "Name": 830434421
    },
    {
        "Name": 9236385
    },
    {
        "Name": 532309962
    },
    {
        "Name": 4022527890
    },
    {
        "Name": 2735979274
    },
    {
        "Name": 3493398222
    },
    {
        "Name": 414441485
    },
    {
        "Name": 2967616986
    },
    {
        "Name": 1426693797
    },
    {
        "Name": 2992070342
    },
    {
        "Name": 1415075745
    },
    {
        "Name": 3122883816
    },
    {
        "Name": 2102820287
    },
    {
        "Name": 3261999362
    },
    {
        "Name": 1524647975
    },
    {
        "Name": 117830104
    },
    {
        "Name": 966440220
    },
    {
        "Name": 1087382358
    },
    {
        "Name": 1622702258
    },
    {
        "Name": 3437769725
    },
    {
        "Name": 1047632056
    },
    {
        "Name": 600083512
    },
    {
        "Name": 1592269897
    },
    {
        "Name": 1035083758
    },
    {
        "Name": 186671398
    },
    {
        "Name": 478574439
    },
    {
        "Name": 40551882
    },
    {
        "Name": 2802318428
    },
    {
        "Name": 450984517
    },
    {
        "Name": 3157992831
    },
    {
        "Name": 2014709692
    },
    {
        "Name": 2784556386
    },
    {
        "Name": 2912464911
    },
    {
        "Name": 3579056496
    },
    {
        "Name": 1693520842
    },
    {
        "Name": 4208600133
    },
    {
        "Name": 3052798916
    },
    {
        "Name": 3249951016
    },
    {
        "Name": 822264126
    },
    {
        "Name": 99907958
    },
    {
        "Name": 3324611256
    },
    {
        "Name": 1941606327
    },
    {
        "Name": 4041211828
    },
    {
        "Name": 997079982
    },
    {
        "Name": 825763509
    },
    {
        "Name": 482062952
    },
    {
        "Name": 3870155026
    },
    {
        "Name": 4238746601
    },
    {
        "Name": 3560773531
    },
    {
        "Name": 1010860779
    },
    {
        "Name": 4028062863
    },
    {
        "Name": 184590516
    },
    {
        "Name": 3622654002
    },
    {
        "Name": 2742566851
    },
    {
        "Name": 1480097333
    },
    {
        "Name": 2304284505
    },
    {
        "Name": 1684574643
    },
    {
        "Name": 3648297618
    },
    {
        "Name": 3824102375
    },
    {
        "Name": 2428898200
    },
    {
        "Name": 1325937796
    },
    {
        "Name": 3378209637
    },
    {
        "Name": 2297697223
    },
    {
        "Name": 4027319041
    },
    {
        "Name": 2456616693
    },
    {
        "Name": 2327314391
    },
    {
        "Name": 775901768
    },
    {
        "Name": 2113047303
    },
    {
        "Name": 548647520
    },
    {
        "Name": 1042092632
    },
    {
        "Name": 991073201
    },
    {
        "Name": 3726825936
    },
    {
        "Name": 914457591
    },
    {
        "Name": 1857718140
    },
    {
        "Name": 3569897723
    },
    {
        "Name": 3608410809
    },
    {
        "Name": 3558049603
    },
    {
        "Name": 2593875829
    },
    {
        "Name": 3238593932
    },
    {
        "Name": 3031703630
    },
    {
        "Name": 3501941710
    },
    {
        "Name": 3888303563
    },
    {
        "Name": 4219378494
    },
    {
        "Name": 2999281567
    },
    {
        "Name": 3022887366
    },
    {
        "Name": 2374730366
    },
    {
        "Name": 3339826718
    },
    {
        "Name": 7320547
    },
    {
        "Name": 1146634809
    },
    {
        "Name": 3334012887
    },
    {
        "Name": 305371006
    },
    {
        "Name": 1300499318
    },
    {
        "Name": 1092874773
    },
    {
        "Name": 3229057277
    },
    {
        "Name": 3167895218
    },
    {
        "Name": 3838307289
    },
    {
        "Name": 4054967157
    },
    {
        "Name": 3936844788
    },
    {
        "Name": 3332100768
    },
    {
        "Name": 1432937222
    },
    {
        "Name": 4049916077
    },
    {
        "Name": 862382110
    },
    {
        "Name": 3713356925
    },
    {
        "Name": 118429640
    },
    {
        "Name": 3012809329
    },
    {
        "Name": 428682239
    },
    {
        "Name": 407094727
    },
    {
        "Name": 3136564414
    },
    {
        "Name": 4231826887
    },
    {
        "Name": 3419743886
    },
    {
        "Name": 3971300786
    },
    {
        "Name": 1922859708
    },
    {
        "Name": 341148327
    },
    {
        "Name": 4162494366
    },
    {
        "Name": 556878083
    },
    {
        "Name": 294494816
    },
    {
        "Name": 3283422720
    },
    {
        "Name": 4025244071
    },
    {
        "Name": 3938524142
    },
    {
        "Name": 453733969
    },
    {
        "Name": 336326726
    },
    {
        "Name": 1786002905
    },
    {
        "Name": 2735552593
    },
    {
        "Name": 952659570
    },
    {
        "Name": 603966804
    },
    {
        "Name": 3838494550
    },
    {
        "Name": 4253450594
    },
    {
        "Name": 4181237889
    },
    {
        "Name": 3418966675
    },
    {
        "Name": 3423095963
    },
    {
        "Name": 1693954121
    },
    {
        "Name": 4289641246
    },
    {
        "Name": 1955136833
    },
    {
        "Name": 1132231729
    },
    {
        "Name": 2673878135
    },
    {
        "Name": 1825584315
    },
    {
        "Name": 3394438754
    },
    {
        "Name": 620879684
    },
    {
        "Name": 3631853729
    },
    {
        "Name": 1097744836
    },
    {
        "Name": 2018430885
    },
    {
        "Name": 1613669540
    },
    {
        "Name": 2116419563
    },
    {
        "Name": 313771650
    },
    {
        "Name": 375937303
    },
    {
        "Name": 1249068140
    },
    {
        "Name": 3932013926
    },
    {
        "Name": 237264177
    },
    {
        "Name": 1874249595
    },
    {
        "Name": 966660247
    },
    {
        "Name": 1677630107
    },
    {
        "Name": 4107255307
    },
    {
        "Name": 4210386443
    },
    {
        "Name": 2091519768
    },
    {
        "Name": 2418314775
    },
    {
        "Name": 2959583765
    },
    {
        "Name": 3871880569
    },
    {
        "Name": 3331277370
    },
    {
        "Name": 2217270851
    },
    {
        "Name": 4272812157
    },
    {
        "Name": 3987267560
    },
    {
        "Name": 3984557900
    },
    {
        "Name": 3463696385
    },
    {
        "Name": 3197236798
    },
    {
        "Name": 3403870233
    },
    {
        "Name": 318652056
    },
    {
        "Name": 141747840
    },
    {
        "Name": 2478421354
    },
    {
        "Name": 841506610
    },
    {
        "Name": 2500818206
    },
    {
        "Name": 1652211949
    },
    {
        "Name": 3874006944
    },
    {
        "Name": 1014273966
    },
    {
        "Name": 1238116703
    },
    {
        "Name": 3029076627
    },
    {
        "Name": 3265139521
    },
    {
        "Name": 3386676547
    },
    {
        "Name": 3731779872
    },
    {
        "Name": 467024607
    },
    {
        "Name": 3855938069
    },
    {
        "Name": 3398342963
    },
    {
        "Name": 3386588923
    },
    {
        "Name": 1868660049
    },
    {
        "Name": 4034431088
    },
    {
        "Name": 2732783545
    },
    {
        "Name": 3719190410
    },
    {
        "Name": 3975468986
    },
    {
        "Name": 1240088042
    },
    {
        "Name": 588155113
    },
    {
        "Name": 832865981
    },
    {
        "Name": 1488559638
    },
    {
        "Name": 1839424626
    },
    {
        "Name": 1125412214
    },
    {
        "Name": 3599239588
    },
    {
        "Name": 3280752934
    },
    {
        "Name": 2459171312
    },
    {
        "Name": 2680378270
    },
    {
        "Name": 2670674828
    },
    {
        "Name": 3401510112
    },
    {
        "Name": 1634037027
    },
    {
        "Name": 2853584153
    },
    {
        "Name": 1956500319
    },
    {
        "Name": 2350068880
    },
    {
        "Name": 1847660941
    },
    {
        "Name": 3297249433
    },
    {
        "Name": 1434376478
    },
    {
        "Name": 3224370092
    },
    {
        "Name": 3830300199
    },
    {
        "Name": 191556293
    },
    {
        "Name": 3320810965
    },
    {
        "Name": 1433222530
    },
    {
        "Name": 1792764468
    },
    {
        "Name": 514077605
    },
    {
        "Name": 2833604100
    },
    {
        "Name": 554636238
    },
    {
        "Name": 1846713595
    },
    {
        "Name": 1092596886
    },
    {
        "Name": 3751856176
    },
    {
        "Name": 1587148309
    },
    {
        "Name": 328608627
    },
    {
        "Name": 1921411208
    },
    {
        "Name": 1217325706
    },
    {
        "Name": 3612237418
    },
    {
        "Name": 4049403743
    },
    {
        "Name": 3603034494
    },
    {
        "Name": 2344345796
    },
    {
        "Name": 2333165237
    },
    {
        "Name": 1451347811
    },
    {
        "Name": 493056057
    },
    {
        "Name": 4066522845
    },
    {
        "Name": 211024425
    },
    {
        "Name": 651302953
    },
    {
        "Name": 2245555888
    },
    {
        "Name": 2788431619
    },
    {
        "Name": 378278039
    },
    {
        "Name": 2702216681
    },
    {
        "Name": 3353961083
    },
    {
        "Name": 2329690110
    },
    {
        "Name": 1357278656
    },
    {
        "Name": 2912038181
    },
    {
        "Name": 2288732924
    },
    {
        "Name": 2116272770
    },
    {
        "Name": 1475359977
    },
    {
        "Name": 3797903169
    },
    {
        "Name": 38724388
    },
    {
        "Name": 3277379890
    },
    {
        "Name": 16891338
    },
    {
        "Name": 2929827573
    },
    {
        "Name": 631055026
    },
    {
        "Name": 3436516596
    },
    {
        "Name": 1512766282
    },
    {
        "Name": 3383985601
    },
    {
        "Name": 3737218278
    },
    {
        "Name": 453991466
    },
    {
        "Name": 1275276541
    },
    {
        "Name": 3576717450
    },
    {
        "Name": 3864009801
    },
    {
        "Name": 1282867864
    },
    {
        "Name": 404374596
    },
    {
        "Name": 1088769613
    },
    {
        "Name": 3262992914
    },
    {
        "Name": 3427793908
    },
    {
        "Name": 765532595
    },
    {
        "Name": 3877320429
    },
    {
        "Name": 1939094160
    },
    {
        "Name": 990480644
    },
    {
        "Name": 2467902917
    },
    {
        "Name": 1227624133
    },
    {
        "Name": 4251121324
    },
    {
        "Name": 811499069
    },
    {
        "Name": 1983664534
    },
    {
        "Name": 2977341542
    },
    {
        "Name": 3894412130
    },
    {
        "Name": 3575130719
    },
    {
        "Name": 4228790179
    },
    {
        "Name": 4194206667
    },
    {
        "Name": 2502225096
    },
    {
        "Name": 289321593
    },
    {
        "Name": 1366369187
    },
    {
        "Name": 1084262377
    },
    {
        "Name": 3592222830
    },
    {
        "Name": 2421864836
    },
    {
        "Name": 1364782212
    },
    {
        "Name": 1816379569
    },
    {
        "Name": 3296111927
    },
    {
        "Name": 3234121419
    },
    {
        "Name": 2108954924
    },
    {
        "Name": 683059687
    },
    {
        "Name": 2804720569
    },
    {
        "Name": 3908643959
    },
    {
        "Name": 664974347
    },
    {
        "Name": 2609564266
    },
    {
        "Name": 2192532217
    },
    {
        "Name": 48621057
    },
    {
        "Name": 4244020686
    },
    {
        "Name": 2200481632
    },
    {
        "Name": 3805221875
    },
    {
        "Name": 1488691274
    },
    {
        "Name": 3989040746
    },
    {
        "Name": 1924914785
    },
    {
        "Name": 4130463114
    },
    {
        "Name": 3626817596
    },
    {
        "Name": 62449679
    },
    {
        "Name": 1410473887
    },
    {
        "Name": 2618893982
    },
    {
        "Name": 2852236741
    },
    {
        "Name": 386447109
    },
    {
        "Name": 2418617164
    },
    {
        "Name": 798784592
    },
    {
        "Name": 3039282139
    },
    {
        "Name": 2392046157
    },
    {
        "Name": 1482375174
    },
    {
        "Name": 744549572
    },
    {
        "Name": 3691288269
    },
    {
        "Name": 1180278501
    },
    {
        "Name": 298701022
    },
    {
        "Name": 1945553617
    },
    {
        "Name": 4001771365
    },
    {
        "Name": 34721431
    },
    {
        "Name": 211258894
    },
    {
        "Name": 3462347016
    },
    {
        "Name": 2679974606
    },
    {
        "Name": 291113042
    },
    {
        "Name": 3142076176
    },
    {
        "Name": 1133808027
    },
    {
        "Name": 2793337167
    },
    {
        "Name": 2438725463
    },
    {
        "Name": 3215261096
    },
    {
        "Name": 2468753103
    },
    {
        "Name": 2001821444
    },
    {
        "Name": 1977265471
    },
    {
        "Name": 1057292722
    },
    {
        "Name": 1037645658
    },
    {
        "Name": 250329005
    },
    {
        "Name": 1148649203
    },
    {
        "Name": 42785082
    },
    {
        "Name": 528862617
    },
    {
        "Name": 2032104082
    },
    {
        "Name": 1565563486
    },
    {
        "Name": 3187242183
    },
    {
        "Name": 4119926755
    },
    {
        "Name": 3526639853
    },
    {
        "Name": 2236116687
    },
    {
        "Name": 2374086833
    },
    {
        "Name": 3289239584
    },
    {
        "Name": 2606341279
    },
    {
        "Name": 2398854192
    },
    {
        "Name": 2773657871
    },
    {
        "Name": 3608743076
    },
    {
        "Name": 3551935362
    },
    {
        "Name": 3807635186
    },
    {
        "Name": 3655782518
    },
    {
        "Name": 1127459535
    },
    {
        "Name": 4064137208
    },
    {
        "Name": 1321124210
    },
    {
        "Name": 1875291089
    },
    {
        "Name": 4083096675
    },
    {
        "Name": 2170987686
    },
    {
        "Name": 3657232194
    },
    {
        "Name": 762877249
    },
    {
        "Name": 4194818298
    },
    {
        "Name": 3826158667
    },
    {
        "Name": 448296842
    },
    {
        "Name": 3344464086
    },
    {
        "Name": 1939115379
    },
    {
        "Name": 2515061495
    },
    {
        "Name": 2586334544
    },
    {
        "Name": 1489025142
    },
    {
        "Name": 3175520761
    },
    {
        "Name": 1045011685
    },
    {
        "Name": 463528528
    },
    {
        "Name": 2786206777
    },
    {
        "Name": 2730918445
    },
    {
        "Name": 4098084066
    },
    {
        "Name": 2531738104
    },
    {
        "Name": 3927876011
    },
    {
        "Name": 1963118164
    },
    {
        "Name": 574155593
    },
    {
        "Name": 1009793061
    },
    {
        "Name": 1955806298
    },
    {
        "Name": 3373730618
    },
    {
        "Name": 741934067
    },
    {
        "Name": 2900608970
    },
    {
        "Name": 2684377258
    },
    {
        "Name": 3809280270
    },
    {
        "Name": 1358557224
    },
    {
        "Name": 478070765
    },
    {
        "Name": 2224561530
    },
    {
        "Name": 3559418130
    },
    {
        "Name": 3914616372
    },
    {
        "Name": 3701966288
    },
    {
        "Name": 3805988765
    },
    {
        "Name": 3960325025
    },
    {
        "Name": 3580786607
    },
    {
        "Name": 2962925767
    },
    {
        "Name": 1956845661
    },
    {
        "Name": 3095954157
    },
    {
        "Name": 1306977859
    },
    {
        "Name": 1620814458
    },
    {
        "Name": 2643172041
    },
    {
        "Name": 1432006361
    },
    {
        "Name": 1363857224
    },
    {
        "Name": 2436130682
    },
    {
        "Name": 4050088133
    },
    {
        "Name": 2410236338
    },
    {
        "Name": 2173565252
    },
    {
        "Name": 4042494077
    },
    {
        "Name": 2654356464
    },
    {
        "Name": 725330483
    },
    {
        "Name": 1514325059
    },
    {
        "Name": 2558754968
    },
    {
        "Name": 813767456
    },
    {
        "Name": 677607040
    },
    {
        "Name": 2859914256
    },
    {
        "Name": 1121344670
    },
    {
        "Name": 3512801639
    },
    {
        "Name": 3130496654
    },
    {
        "Name": 3322378874
    },
    {
        "Name": 1853860068
    },
    {
        "Name": 1479631444
    },
    {
        "Name": 3642388541
    },
    {
        "Name": 1877730755
    },
    {
        "Name": 1407298441
    },
    {
        "Name": 3363047524
    },
    {
        "Name": 842340433
    },
    {
        "Name": 2999443622
    },
    {
        "Name": 1868411276
    },
    {
        "Name": 3801411058
    },
    {
        "Name": 1593220993
    },
    {
        "Name": 3684917650
    },
    {
        "Name": 4232010882
    },
    {
        "Name": 3002667900
    },
    {
        "Name": 2528100017
    },
    {
        "Name": 4288924519
    },
    {
        "Name": 3759287603
    },
    {
        "Name": 235669752
    },
    {
        "Name": 2499309949
    },
    {
        "Name": 2776886299
    },
    {
        "Name": 3979014775
    },
    {
        "Name": 1303267785
    },
    {
        "Name": 3796859924
    },
    {
        "Name": 2279613521
    },
    {
        "Name": 2901628682
    },
    {
        "Name": 77585290
    },
    {
        "Name": 1440277266
    },
    {
        "Name": 2795737844
    },
    {
        "Name": 722326864
    },
    {
        "Name": 57180061
    },
    {
        "Name": 1850709741
    },
    {
        "Name": 1794569050
    },
    {
        "Name": 3100594478
    },
    {
        "Name": 3752298252
    },
    {
        "Name": 3188844767
    },
    {
        "Name": 226014353
    },
    {
        "Name": 1144545647
    },
    {
        "Name": 1316849046
    },
    {
        "Name": 2529997750
    },
    {
        "Name": 3143546821
    },
    {
        "Name": 2298183559
    },
    {
        "Name": 475989227
    },
    {
        "Name": 3538024477
    },
    {
        "Name": 669417912
    },
    {
        "Name": 3145220189
    },
    {
        "Name": 3492944583
    },
    {
        "Name": 775596652
    },
    {
        "Name": 3852622838
    },
    {
        "Name": 1815751846
    },
    {
        "Name": 2481187517
    },
    {
        "Name": 4264538409
    },
    {
        "Name": 2239572837
    },
    {
        "Name": 3264358148
    },
    {
        "Name": 649750170
    },
    {
        "Name": 581879124
    },
    {
        "Name": 959528148
    },
    {
        "Name": 2595810989
    },
    {
        "Name": 382061225
    },
    {
        "Name": 3352482896
    },
    {
        "Name": 3808088505
    },
    {
        "Name": 441298283
    },
    {
        "Name": 3242260747
    },
    {
        "Name": 3989577546
    },
    {
        "Name": 1530529932
    },
    {
        "Name": 35471299
    },
    {
        "Name": 17072179
    },
    {
        "Name": 2200745245
    },
    {
        "Name": 4250497661
    },
    {
        "Name": 4011503605
    },
    {
        "Name": 2245316529
    },
    {
        "Name": 2465511443
    },
    {
        "Name": 4283724622
    },
    {
        "Name": 2764436973
    },
    {
        "Name": 2434893474
    },
    {
        "Name": 2648286409
    },
    {
        "Name": 876014102
    },
    {
        "Name": 2636364015
    },
    {
        "Name": 1883521018
    },
    {
        "Name": 1585381880
    },
    {
        "Name": 2530405989
    },
    {
        "Name": 4253261564
    },
    {
        "Name": 1970838880
    },
    {
        "Name": 2168687759
    },
    {
        "Name": 2776018320
    },
    {
        "Name": 644119520
    },
    {
        "Name": 3491937726
    },
    {
        "Name": 675353439
    },
    {
        "Name": 3649814502
    },
    {
        "Name": 1472229449
    },
    {
        "Name": 1750224968
    },
    {
        "Name": 1560796489
    },
    {
        "Name": 914542794
    },
    {
        "Name": 2580463668
    },
    {
        "Name": 1089857367
    },
    {
        "Name": 882339991
    },
    {
        "Name": 1755155767
    },
    {
        "Name": 2698775513
    },
    {
        "Name": 3358633664
    },
    {
        "Name": 1481276165
    },
    {
        "Name": 2938094198
    },
    {
        "Name": 4180930583
    },
    {
        "Name": 318880776
    },
    {
        "Name": 1607492636
    },
    {
        "Name": 2424656328
    },
    {
        "Name": 4210444842
    },
    {
        "Name": 3115286748
    },
    {
        "Name": 1408264481
    },
    {
        "Name": 3314040931
    },
    {
        "Name": 2842440962
    },
    {
        "Name": 2254714905
    },
    {
        "Name": 2197525415
    },
    {
        "Name": 2715628641
    },
    {
        "Name": 3610662026
    },
    {
        "Name": 2536558173
    },
    {
        "Name": 690241668
    },
    {
        "Name": 744586665
    },
    {
        "Name": 3725444882
    },
    {
        "Name": 1321679114
    },
    {
        "Name": 3847115707
    },
    {
        "Name": 1280699062
    },
    {
        "Name": 1810644711
    },
    {
        "Name": 2874592002
    },
    {
        "Name": 2679822545
    },
    {
        "Name": 3435479397
    },
    {
        "Name": 2995447921
    },
    {
        "Name": 427367444
    },
    {
        "Name": 627653224
    },
    {
        "Name": 3224107322
    },
    {
        "Name": 1059031776
    },
    {
        "Name": 1934586850
    },
    {
        "Name": 2176046294
    },
    {
        "Name": 2453694783
    },
    {
        "Name": 511400722
    },
    {
        "Name": 1834208200
    },
    {
        "Name": 2553740973
    },
    {
        "Name": 2478398917
    },
    {
        "Name": 888184602
    },
    {
        "Name": 1062201
    },
    {
        "Name": 3763572045
    },
    {
        "Name": 1491909687
    },
    {
        "Name": 1736943545
    },
    {
        "Name": 792674751
    },
    {
        "Name": 3778795543
    },
    {
        "Name": 136673507
    },
    {
        "Name": 2743309805
    },
    {
        "Name": 2442256987
    },
    {
        "Name": 4237391615
    },
    {
        "Name": 3561586512
    },
    {
        "Name": 2354599138
    },
    {
        "Name": 2925304555
    },
    {
        "Name": 2864400906
    },
    {
        "Name": 3098700179
    },
    {
        "Name": 1960351317
    },
    {
        "Name": 1697824555
    },
    {
        "Name": 2265886148
    },
    {
        "Name": 2674878901
    },
    {
        "Name": 412455892
    },
    {
        "Name": 3021053827
    },
    {
        "Name": 561753832
    },
    {
        "Name": 1415782128
    },
    {
        "Name": 4206631780
    },
    {
        "Name": 2057404962
    },
    {
        "Name": 3948344883
    },
    {
        "Name": 21949487
    },
    {
        "Name": 1096390472
    },
    {
        "Name": 4285147917
    },
    {
        "Name": 1251602347
    },
    {
        "Name": 297872936
    },
    {
        "Name": 925552366
    },
    {
        "Name": 3226818413
    },
    {
        "Name": 474421974
    },
    {
        "Name": 1511200561
    },
    {
        "Name": 1714247471
    },
    {
        "Name": 2225280744
    },
    {
        "Name": 2099598008
    },
    {
        "Name": 3600779641
    },
    {
        "Name": 13074753
    },
    {
        "Name": 82747049
    },
    {
        "Name": 3869505650
    },
    {
        "Name": 1324294825
    },
    {
        "Name": 1875758648
    },
    {
        "Name": 731476766
    },
    {
        "Name": 3620913430
    },
    {
        "Name": 136011054
    },
    {
        "Name": 2409272220
    },
    {
        "Name": 2338463449
    },
    {
        "Name": 4037443085
    },
    {
        "Name": 2672027546
    },
    {
        "Name": 3984935136
    },
    {
        "Name": 544959656
    },
    {
        "Name": 3162169872
    },
    {
        "Name": 3485607172
    },
    {
        "Name": 908853005
    },
    {
        "Name": 322794004
    },
    {
        "Name": 2580404456
    },
    {
        "Name": 300691499
    },
    {
        "Name": 2385547371
    },
    {
        "Name": 873334046
    },
    {
        "Name": 1887948695
    },
    {
        "Name": 2943889560
    },
    {
        "Name": 1758361923
    },
    {
        "Name": 3810542041
    },
    {
        "Name": 3372703762
    },
    {
        "Name": 756399779
    },
    {
        "Name": 3871191180
    },
    {
        "Name": 4235976679
    },
    {
        "Name": 885282945
    },
    {
        "Name": 1131220811
    },
    {
        "Name": 715839519
    },
    {
        "Name": 2350657384
    },
    {
        "Name": 1747376448
    },
    {
        "Name": 182514678
    },
    {
        "Name": 3874896914
    },
    {
        "Name": 750480504
    },
    {
        "Name": 2677023011
    },
    {
        "Name": 1728534626
    },
    {
        "Name": 1364868643
    },
    {
        "Name": 717859723
    },
    {
        "Name": 1809528419
    },
    {
        "Name": 15874792
    },
    {
        "Name": 2663054840
    },
    {
        "Name": 725973864
    },
    {
        "Name": 670886473
    },
    {
        "Name": 3524543594
    },
    {
        "Name": 2876629012
    },
    {
        "Name": 1193625654
    },
    {
        "Name": 1010906328
    },
    {
        "Name": 605203857
    },
    {
        "Name": 1760265588
    },
    {
        "Name": 1254175407
    },
    {
        "Name": 2632661723
    },
    {
        "Name": 1212718298
    },
    {
        "Name": 3268120433
    },
    {
        "Name": 1326166177
    },
    {
        "Name": 3411145964
    },
    {
        "Name": 584776948
    },
    {
        "Name": 652982680
    },
    {
        "Name": 2982501589
    },
    {
        "Name": 3058267598
    },
    {
        "Name": 1361469063
    },
    {
        "Name": 3953832737
    },
    {
        "Name": 541028572
    },
    {
        "Name": 1261737584
    },
    {
        "Name": 4167741186
    },
    {
        "Name": 2683146365
    },
    {
        "Name": 2246644482
    },
    {
        "Name": 3249293109
    },
    {
        "Name": 3930895632
    },
    {
        "Name": 1242276812
    },
    {
        "Name": 1918692291
    },
    {
        "Name": 3634441241
    },
    {
        "Name": 2389924793
    },
    {
        "Name": 1706457913
    },
    {
        "Name": 2014333276
    },
    {
        "Name": 3112065714
    },
    {
        "Name": 1793137727
    },
    {
        "Name": 2010735329
    },
    {
        "Name": 1374662758
    },
    {
        "Name": 3641900263
    },
    {
        "Name": 4210086965
    },
    {
        "Name": 885230728
    },
    {
        "Name": 1811269143
    },
    {
        "Name": 2403095003
    },
    {
        "Name": 2832704077
    },
    {
        "Name": 225585060
    },
    {
        "Name": 3788553332
    },
    {
        "Name": 1158535960
    },
    {
        "Name": 2399225695
    },
    {
        "Name": 3402195171
    },
    {
        "Name": 2559437735
    },
    {
        "Name": 2965023776
    },
    {
        "Name": 502023302
    },
    {
        "Name": 1129327735
    },
    {
        "Name": 2118896198
    },
    {
        "Name": 3673437666
    },
    {
        "Name": 1662335146
    },
    {
        "Name": 1917330292
    },
    {
        "Name": 3781597492
    },
    {
        "Name": 514698628
    },
    {
        "Name": 2169780136
    },
    {
        "Name": 623247871
    },
    {
        "Name": 3360021028
    },
    {
        "Name": 1139220126
    },
    {
        "Name": 2939818577
    },
    {
        "Name": 3562538631
    },
    {
        "Name": 4228415245
    },
    {
        "Name": 3896097751
    },
    {
        "Name": 1827635358
    },
    {
        "Name": 345873462
    },
    {
        "Name": 1507920482
    },
    {
        "Name": 257018207
    },
    {
        "Name": 2102201794
    },
    {
        "Name": 2526592926
    },
    {
        "Name": 1269035491
    },
    {
        "Name": 3191572817
    },
    {
        "Name": 1144848388
    },
    {
        "Name": 2564611501
    },
    {
        "Name": 1155582510
    },
    {
        "Name": 3146405411
    },
    {
        "Name": 335581372
    },
    {
        "Name": 2327246026
    },
    {
        "Name": 2098684554
    },
    {
        "Name": 3816791198
    },
    {
        "Name": 1578147801
    },
    {
        "Name": 2162727526
    },
    {
        "Name": 3970207408
    },
    {
        "Name": 3092715088
    },
    {
        "Name": 822570564
    },
    {
        "Name": 2010798564
    },
    {
        "Name": 2554154918
    },
    {
        "Name": 2091265761
    },
    {
        "Name": 93207333
    },
    {
        "Name": 1367016210
    },
    {
        "Name": 4138580084
    },
    {
        "Name": 1564430790
    },
    {
        "Name": 1647793814
    },
    {
        "Name": 747795112
    },
    {
        "Name": 383369318
    },
    {
        "Name": 4051958927
    },
    {
        "Name": 3044552979
    },
    {
        "Name": 4164233248
    },
    {
        "Name": 1483510101
    },
    {
        "Name": 360049904
    },
    {
        "Name": 3902213601
    },
    {
        "Name": 2531818513
    },
    {
        "Name": 2260312356
    },
    {
        "Name": 1065204767
    },
    {
        "Name": 3359423559
    },
    {
        "Name": 306173476
    },
    {
        "Name": 1821999309
    },
    {
        "Name": 767794479
    },
    {
        "Name": 2641141640
    },
    {
        "Name": 3744325340
    },
    {
        "Name": 1357247880
    },
    {
        "Name": 1940678423
    },
    {
        "Name": 504956285
    },
    {
        "Name": 2851776527
    },
    {
        "Name": 928925199
    },
    {
        "Name": 2011069188
    },
    {
        "Name": 3468230396
    },
    {
        "Name": 2478010376
    },
    {
        "Name": 2035967792
    },
    {
        "Name": 413356554
    },
    {
        "Name": 2149631723
    },
    {
        "Name": 744997923
    },
    {
        "Name": 726824592
    },
    {
        "Name": 1318007526
    },
    {
        "Name": 2050421945
    },
    {
        "Name": 2978828637
    },
    {
        "Name": 3528579553
    },
    {
        "Name": 4153765981
    },
    {
        "Name": 1089656249
    },
    {
        "Name": 3552902284
    },
    {
        "Name": 1913054858
    },
    {
        "Name": 426300567
    },
    {
        "Name": 98738894
    },
    {
        "Name": 4051110398
    },
    {
        "Name": 633144558
    },
    {
        "Name": 2119428603
    },
    {
        "Name": 3836227234
    },
    {
        "Name": 829259587
    },
    {
        "Name": 2371839180
    },
    {
        "Name": 4006901066
    },
    {
        "Name": 1577787156
    },
    {
        "Name": 1198477891
    },
    {
        "Name": 213691474
    },
    {
        "Name": 1528959667
    },
    {
        "Name": 777329178
    },
    {
        "Name": 1006439069
    },
    {
        "Name": 1507510236
    },
    {
        "Name": 2174191521
    },
    {
        "Name": 1251194725
    },
    {
        "Name": 516765692
    },
    {
        "Name": 3860353273
    },
    {
        "Name": 246369079
    },
    {
        "Name": 1525025778
    },
    {
        "Name": 3025827243
    },
    {
        "Name": 241203719
    },
    {
        "Name": 3081518020
    },
    {
        "Name": 3874626206
    },
    {
        "Name": 1851430377
    },
    {
        "Name": 4288299736
    },
    {
        "Name": 1346537302
    },
    {
        "Name": 2508801735
    },
    {
        "Name": 2444373257
    },
    {
        "Name": 2588339232
    },
    {
        "Name": 1129435807
    },
    {
        "Name": 1637965786
    },
    {
        "Name": 3611790646
    },
    {
        "Name": 2698648672
    },
    {
        "Name": 4109704018
    },
    {
        "Name": 2275655399
    },
    {
        "Name": 1598773973
    },
    {
        "Name": 1923566212
    },
    {
        "Name": 1395347628
    },
    {
        "Name": 117479655
    },
    {
        "Name": 3209425593
    },
    {
        "Name": 596739734
    },
    {
        "Name": 2536328308
    },
    {
        "Name": 1165526740
    },
    {
        "Name": 661578909
    },
    {
        "Name": 94325168
    },
    {
        "Name": 3726613381
    },
    {
        "Name": 2918447061
    },
    {
        "Name": 2548260723
    },
    {
        "Name": 1884919411
    },
    {
        "Name": 593029514
    },
    {
        "Name": 2664377809
    },
    {
        "Name": 1600449017
    },
    {
        "Name": 3191396722
    },
    {
        "Name": 3756934354
    },
    {
        "Name": 2774037890
    },
    {
        "Name": 2998183883
    },
    {
        "Name": 4085569253
    },
    {
        "Name": 3121676672
    },
    {
        "Name": 2059688899
    },
    {
        "Name": 1553893871
    },
    {
        "Name": 3014987831
    },
    {
        "Name": 3871716379
    },
    {
        "Name": 2542019816
    },
    {
        "Name": 2859510681
    },
    {
        "Name": 2256026460
    },
    {
        "Name": 4005337307
    },
    {
        "Name": 2946834704
    },
    {
        "Name": 968935156
    },
    {
        "Name": 1000478278
    },
    {
        "Name": 1402163684
    },
    {
        "Name": 1949608365
    },
    {
        "Name": 2320259667
    },
    {
        "Name": 1258562465
    },
    {
        "Name": 1297925900
    },
    {
        "Name": 732286517
    },
    {
        "Name": 2370184879
    },
    {
        "Name": 3627436144
    },
    {
        "Name": 2224017403
    },
    {
        "Name": 3641274610
    },
    {
        "Name": 3066617835
    },
    {
        "Name": 1397153376
    },
    {
        "Name": 3581522020
    },
    {
        "Name": 2684599120
    },
    {
        "Name": 722222288
    },
    {
        "Name": 1851892958
    },
    {
        "Name": 1144299554
    },
    {
        "Name": 1947770608
    },
    {
        "Name": 1758397365
    },
    {
        "Name": 2694171055
    },
    {
        "Name": 1865738817
    },
    {
        "Name": 631834091
    },
    {
        "Name": 868097298
    },
    {
        "Name": 2485572591
    },
    {
        "Name": 4176065798
    },
    {
        "Name": 815959607
    },
    {
        "Name": 1170513367
    },
    {
        "Name": 1589928418
    },
    {
        "Name": 47064716
    },
    {
        "Name": 3599344264
    },
    {
        "Name": 907770968
    },
    {
        "Name": 3474688571
    },
    {
        "Name": 4138245033
    },
    {
        "Name": 1941271392
    },
    {
        "Name": 3372936859
    },
    {
        "Name": 3442943865
    },
    {
        "Name": 1302164221
    },
    {
        "Name": 1155503384
    },
    {
        "Name": 2494718854
    },
    {
        "Name": 930767140
    },
    {
        "Name": 813739492
    },
    {
        "Name": 1348485435
    },
    {
        "Name": 4155082198
    },
    {
        "Name": 1753734847
    },
    {
        "Name": 595929107
    },
    {
        "Name": 2584055807
    },
    {
        "Name": 3207718554
    },
    {
        "Name": 932810997
    },
    {
        "Name": 3723145662
    },
    {
        "Name": 3206194844
    },
    {
        "Name": 1827444186
    },
    {
        "Name": 1377427451
    },
    {
        "Name": 3704618804
    },
    {
        "Name": 14495231
    },
    {
        "Name": 3592086649
    },
    {
        "Name": 1791967351
    },
    {
        "Name": 1098360535
    },
    {
        "Name": 3968919025
    },
    {
        "Name": 935714946
    },
    {
        "Name": 139861142
    },
    {
        "Name": 3884619830
    },
    {
        "Name": 3577202122
    },
    {
        "Name": 1933631739
    },
    {
        "Name": 1525149326
    },
    {
        "Name": 846671164
    },
    {
        "Name": 1851813608
    },
    {
        "Name": 3241156705
    },
    {
        "Name": 3681181527
    },
    {
        "Name": 3547138887
    },
    {
        "Name": 2912586445
    },
    {
        "Name": 1879789601
    },
    {
        "Name": 3367294959
    },
    {
        "Name": 92033726
    },
    {
        "Name": 427821079
    },
    {
        "Name": 3511776980
    },
    {
        "Name": 2829849838
    },
    {
        "Name": 3869343219
    },
    {
        "Name": 4281814106
    },
    {
        "Name": 2676586639
    },
    {
        "Name": 3989583129
    },
    {
        "Name": 3558568113
    },
    {
        "Name": 3845403658
    },
    {
        "Name": 2941968881
    },
    {
        "Name": 2322461926
    },
    {
        "Name": 2944695655
    },
    {
        "Name": 600707503
    },
    {
        "Name": 3707384265
    },
    {
        "Name": 2784404771
    },
    {
        "Name": 4284686973
    },
    {
        "Name": 4274773810
    },
    {
        "Name": 2960553787
    },
    {
        "Name": 3916464604
    },
    {
        "Name": 653597919
    },
    {
        "Name": 402852942
    },
    {
        "Name": 627783320
    },
    {
        "Name": 298925553
    },
    {
        "Name": 3213286064
    },
    {
        "Name": 1932956866
    },
    {
        "Name": 3367007944
    },
    {
        "Name": 4013466393
    },
    {
        "Name": 1495334912
    },
    {
        "Name": 520735130
    },
    {
        "Name": 506143345
    },
    {
        "Name": 3370350549
    },
    {
        "Name": 3621184520
    },
    {
        "Name": 1328496042
    },
    {
        "Name": 1983982876
    },
    {
        "Name": 1469712722
    },
    {
        "Name": 4099572046
    },
    {
        "Name": 2037424808
    },
    {
        "Name": 2324029716
    },
    {
        "Name": 2425213006
    },
    {
        "Name": 2336591905
    },
    {
        "Name": 3481854802
    },
    {
        "Name": 3976245467
    },
    {
        "Name": 1354505828
    },
    {
        "Name": 57937189
    },
    {
        "Name": 2805147367
    },
    {
        "Name": 2043116381
    },
    {
        "Name": 1231491971
    },
    {
        "Name": 1909182882
    },
    {
        "Name": 1546476176
    },
    {
        "Name": 2583720826
    },
    {
        "Name": 211281410
    },
    {
        "Name": 4207381950
    },
    {
        "Name": 75665468
    },
    {
        "Name": 3006985107
    },
    {
        "Name": 1246611556
    },
    {
        "Name": 1101972292
    },
    {
        "Name": 2982854376
    },
    {
        "Name": 1637156838
    },
    {
        "Name": 2873341743
    },
    {
        "Name": 253657329
    },
    {
        "Name": 3609061984
    },
    {
        "Name": 4241418954
    },
    {
        "Name": 3517645843
    },
    {
        "Name": 504333091
    },
    {
        "Name": 2853872613
    },
    {
        "Name": 21381319
    },
    {
        "Name": 1177932131
    },
    {
        "Name": 2290860992
    },
    {
        "Name": 3576641013
    }
]