[
    {
        "VoiceId": 2083989617
    },
    {
        "VoiceId": 4103471564
    },
    {
        "VoiceId": 1021620745
    },
    {
        "VoiceId": 1454925392
    },
    {
        "VoiceId": 2523790191
    },
    {
        "VoiceId": 3718641652
    },
    {
        "VoiceId": 842240341
    },
    {
        "VoiceId": 2132608354
    },
    {
        "VoiceId": 523304395
    },
    {
        "VoiceId": 2847489785
    },
    {
        "VoiceId": 922704681
    },
    {
        "VoiceId": 1168211659
    },
    {
        "VoiceId": 3856065179
    },
    {
        "VoiceId": 2349826539
    },
    {
        "VoiceId": 1112059529
    },
    {
        "VoiceId": 3039126835
    },
    {
        "VoiceId": 865624592
    },
    {
        "VoiceId": 2484489974
    },
    {
        "VoiceId": 2541804240
    },
    {
        "VoiceId": 1334368870
    },
    {
        "VoiceId": 1288308322
    },
    {
        "VoiceId": 29879537
    },
    {
        "VoiceId": 2984067859
    },
    {
        "VoiceId": 667497561
    },
    {
        "VoiceId": 3068880122
    },
    {
        "VoiceId": 727373890
    },
    {
        "VoiceId": 2423993648
    },
    {
        "VoiceId": 263321063
    },
    {
        "VoiceId": 2926750788
    },
    {
        "VoiceId": 2888471518
    },
    {
        "VoiceId": 3005612872
    },
    {
        "VoiceId": 3473112429
    },
    {
        "VoiceId": 2517023123
    },
    {
        "VoiceId": 2716673004
    },
    {
        "VoiceId": 2791366894
    },
    {
        "VoiceId": 2047573936
    },
    {
        "VoiceId": 3481596945
    },
    {
        "VoiceId": 2519147109
    },
    {
        "VoiceId": 1681094737
    },
    {
        "VoiceId": 2826651427
    },
    {
        "VoiceId": 2726212442
    },
    {
        "VoiceId": 2464695563
    },
    {
        "VoiceId": 3955458670
    },
    {
        "VoiceId": 7979890
    },
    {
        "VoiceId": 3179618319
    },
    {
        "VoiceId": 3921132926
    },
    {
        "VoiceId": 299298198
    },
    {
        "VoiceId": 818369847
    },
    {
        "VoiceId": 2500621688
    },
    {
        "VoiceId": 1674962110
    },
    {
        "VoiceId": 2883592378
    },
    {
        "VoiceId": 159961662
    },
    {
        "VoiceId": 2682087628
    },
    {
        "VoiceId": 2482941889
    },
    {
        "VoiceId": 3587181960
    },
    {
        "VoiceId": 2037019094
    },
    {
        "VoiceId": 3639915395
    },
    {
        "VoiceId": 2437451832
    },
    {
        "VoiceId": 3222309551
    },
    {
        "VoiceId": 2592396330
    },
    {
        "VoiceId": 2195316816
    },
    {
        "VoiceId": 2854240684
    },
    {
        "VoiceId": 1585022509
    },
    {
        "VoiceId": 3728761986
    },
    {
        "VoiceId": 495895450
    },
    {
        "VoiceId": 2815338978
    },
    {
        "VoiceId": 1020142953
    },
    {
        "VoiceId": 2487303536
    },
    {
        "VoiceId": 3863715052
    },
    {
        "VoiceId": 921702151
    },
    {
        "VoiceId": 259913315
    },
    {
        "VoiceId": 1610168373
    },
    {
        "VoiceId": 2999824268
    },
    {
        "VoiceId": 2754724893
    },
    {
        "VoiceId": 2862474625
    },
    {
        "VoiceId": 2739651835
    },
    {
        "VoiceId": 242866149
    },
    {
        "VoiceId": 321297021
    },
    {
        "VoiceId": 807340310
    },
    {
        "VoiceId": 2998558667
    },
    {
        "VoiceId": 3684527619
    },
    {
        "VoiceId": 2064142727
    },
    {
        "VoiceId": 2000582095
    },
    {
        "VoiceId": 2766414067
    },
    {
        "VoiceId": 359860756
    }
]