[
    {
        "Id": 1
    },
    {
        "Id": 2
    },
    {
        "Id": 3
    },
    {
        "Id": 4
    },
    {
        "Id": 5
    },
    {
        "Id": 6
    },
    {
        "Id": 5000
    },
    {
        "Id": 5001
    },
    {
        "Id": 5100
    },
    {
        "Id": 5101
    },
    {
        "Id": 5102
    },
    {
        "Id": 5200
    },
    {
        "Id": 5201
    },
    {
        "Id": 5300
    },
    {
        "Id": 5301
    },
    {
        "Id": 5400
    },
    {
        "Id": 5401
    },
    {
        "Id": 5402
    },
    {
        "Id": 5500
    },
    {
        "Id": 5501
    },
    {
        "Id": 5502
    },
    {
        "Id": 6000
    },
    {
        "Id": 6001
    },
    {
        "Id": 6002
    },
    {
        "Id": 6003
    },
    {
        "Id": 6004
    },
    {
        "Id": 6005
    },
    {
        "Id": 6006
    },
    {
        "Id": 6007
    },
    {
        "Id": 6008
    },
    {
        "Id": 6009
    },
    {
        "Id": 6010
    },
    {
        "Id": 6011
    },
    {
        "Id": 6012
    },
    {
        "Id": 6013
    },
    {
        "Id": 6014
    },
    {
        "Id": 6015
    },
    {
        "Id": 6016
    },
    {
        "Id": 6017
    },
    {
        "Id": 6018
    },
    {
        "Id": 6019
    },
    {
        "Id": 6020
    },
    {
        "Id": 6021
    },
    {
        "Id": 6022
    },
    {
        "Id": 6023
    },
    {
        "Id": 6024
    },
    {
        "Id": 6025
    },
    {
        "Id": 6026
    },
    {
        "Id": 6027
    },
    {
        "Id": 6028
    },
    {
        "Id": 6029
    },
    {
        "Id": 6030
    },
    {
        "Id": 6031
    },
    {
        "Id": 6032
    },
    {
        "Id": 6033
    },
    {
        "Id": 6034
    },
    {
        "Id": 6035
    },
    {
        "Id": 6036
    },
    {
        "Id": 6037
    },
    {
        "Id": 6038
    },
    {
        "Id": 6039
    },
    {
        "Id": 6040
    },
    {
        "Id": 6041
    },
    {
        "Id": 6042
    },
    {
        "Id": 6043
    },
    {
        "Id": 6044
    },
    {
        "Id": 6045
    },
    {
        "Id": 6046
    },
    {
        "Id": 6047
    },
    {
        "Id": 6048
    },
    {
        "Id": 6049
    },
    {
        "Id": 6050
    },
    {
        "Id": 6051
    },
    {
        "Id": 6052
    },
    {
        "Id": 6053
    },
    {
        "Id": 6054
    },
    {
        "Id": 6055
    },
    {
        "Id": 6056
    },
    {
        "Id": 6057
    },
    {
        "Id": 6058
    },
    {
        "Id": 6059
    },
    {
        "Id": 6060
    },
    {
        "Id": 6061
    },
    {
        "Id": 6062
    },
    {
        "Id": 6063
    },
    {
        "Id": 6064
    },
    {
        "Id": 6065
    },
    {
        "Id": 6066
    },
    {
        "Id": 6067
    },
    {
        "Id": 6068
    },
    {
        "Id": 6069
    },
    {
        "Id": 6070
    },
    {
        "Id": 6071
    },
    {
        "Id": 6072
    },
    {
        "Id": 6073
    },
    {
        "Id": 6074
    },
    {
        "Id": 6075
    },
    {
        "Id": 6076
    },
    {
        "Id": 6077
    },
    {
        "Id": 6078
    },
    {
        "Id": 6079
    },
    {
        "Id": 6080
    },
    {
        "Id": 6081
    },
    {
        "Id": 6082
    },
    {
        "Id": 6083
    },
    {
        "Id": 6084
    },
    {
        "Id": 6085
    },
    {
        "Id": 6086
    },
    {
        "Id": 6087
    },
    {
        "Id": 6088
    },
    {
        "Id": 6089
    },
    {
        "Id": 6090
    },
    {
        "Id": 6091
    },
    {
        "Id": 6092
    },
    {
        "Id": 6093
    },
    {
        "Id": 6094
    },
    {
        "Id": 6095
    },
    {
        "Id": 6096
    },
    {
        "Id": 6097
    },
    {
        "Id": 6098
    },
    {
        "Id": 6099
    },
    {
        "Id": 6100
    },
    {
        "Id": 6101
    },
    {
        "Id": 6102
    },
    {
        "Id": 6103
    },
    {
        "Id": 6104
    },
    {
        "Id": 6105
    },
    {
        "Id": 6106
    },
    {
        "Id": 6107
    },
    {
        "Id": 6108
    },
    {
        "Id": 6109
    },
    {
        "Id": 6110
    },
    {
        "Id": 6111
    },
    {
        "Id": 6112
    },
    {
        "Id": 6113
    },
    {
        "Id": 6114
    },
    {
        "Id": 6115
    },
    {
        "Id": 6116
    },
    {
        "Id": 6117
    },
    {
        "Id": 6118
    },
    {
        "Id": 6119
    },
    {
        "Id": 6120
    },
    {
        "Id": 6121
    },
    {
        "Id": 6122
    },
    {
        "Id": 6123
    },
    {
        "Id": 6124
    },
    {
        "Id": 6125
    },
    {
        "Id": 6126
    },
    {
        "Id": 6127
    },
    {
        "Id": 6128
    },
    {
        "Id": 10000
    },
    {
        "Id": 10001
    },
    {
        "Id": 10002
    },
    {
        "Id": 10003
    },
    {
        "Id": 10004
    },
    {
        "Id": 10005
    },
    {
        "Id": 10006
    },
    {
        "Id": 10007
    },
    {
        "Id": 10008
    },
    {
        "Id": 10009
    },
    {
        "Id": 10010
    },
    {
        "Id": 10011
    },
    {
        "Id": 10012
    },
    {
        "Id": 10013
    },
    {
        "Id": 10014
    },
    {
        "Id": 10015
    },
    {
        "Id": 10016
    },
    {
        "Id": 10017
    },
    {
        "Id": 10018
    },
    {
        "Id": 10019
    },
    {
        "Id": 10024
    },
    {
        "Id": 10025
    },
    {
        "Id": 10026
    },
    {
        "Id": 10027
    },
    {
        "Id": 10028
    },
    {
        "Id": 10029
    },
    {
        "Id": 10030
    },
    {
        "Id": 10031
    },
    {
        "Id": 10032
    },
    {
        "Id": 11000
    },
    {
        "Id": 11001
    },
    {
        "Id": 11002
    },
    {
        "Id": 11003
    },
    {
        "Id": 11004
    },
    {
        "Id": 20000
    },
    {
        "Id": 20001
    },
    {
        "Id": 20002
    },
    {
        "Id": 100000
    }
]