[
    {
        "Id": 3768440152
    },
    {
        "Id": 2592212350
    },
    {
        "Id": 4080897343
    },
    {
        "Id": 2881349968
    },
    {
        "Id": 2162806836
    },
    {
        "Id": 3768380597
    },
    {
        "Id": 1442705594
    },
    {
        "Id": 1441406980
    },
    {
        "Id": 175729707
    },
    {
        "Id": 920501804
    },
    {
        "Id": 3286887463
    },
    {
        "Id": 1908664167
    },
    {
        "Id": 4117474818
    },
    {
        "Id": 3017329701
    },
    {
        "Id": 418293597
    }
]