[
    {
        "VoiceEvent": 0
    },
    {
        "VoiceEvent": 1
    },
    {
        "VoiceEvent": 2
    },
    {
        "VoiceEvent": 3
    },
    {
        "VoiceEvent": 4
    },
    {
        "VoiceEvent": 5
    },
    {
        "VoiceEvent": 6
    },
    {
        "VoiceEvent": 7
    },
    {
        "VoiceEvent": 8
    },
    {
        "VoiceEvent": 9
    },
    {
        "VoiceEvent": 10
    },
    {
        "VoiceEvent": 11
    },
    {
        "VoiceEvent": 12
    },
    {
        "VoiceEvent": 14
    },
    {
        "VoiceEvent": 15
    },
    {
        "VoiceEvent": 16
    },
    {
        "VoiceEvent": 21
    },
    {
        "VoiceEvent": 23
    },
    {
        "VoiceEvent": 25
    },
    {
        "VoiceEvent": 27
    },
    {
        "VoiceEvent": 22
    },
    {
        "VoiceEvent": 24
    },
    {
        "VoiceEvent": 26
    },
    {
        "VoiceEvent": 28
    },
    {
        "VoiceEvent": 17
    },
    {
        "VoiceEvent": 18
    },
    {
        "VoiceEvent": 19
    },
    {
        "VoiceEvent": 20
    },
    {
        "VoiceEvent": 29
    },
    {
        "VoiceEvent": 30
    },
    {
        "VoiceEvent": 31
    },
    {
        "VoiceEvent": 32
    }
]