[
  {
    "GroupId": 83300100010,
    "LocalizeKR": "周围乱哄哄的呢…"
  },
  {
    "GroupId": 83300100020,
    "LocalizeKR": "哦哦…！\n这真是天大的消息！"
  },
  {
    "GroupId": 83300100110,
    "LocalizeKR": "[놀람]"
  },
  {
    "GroupId": 83300100110,
    "LocalizeKR": "[느낌표]"
  },
  {
    "GroupId": 83300100110,
    "LocalizeKR": "[음표]"
  },
  {
    "GroupId": 83300100110,
    "LocalizeKR": "[음표]"
  },
  {
    "GroupId": 83300100310,
    "LocalizeKR": "真的吗！？\n那个传闻是真的吗？"
  },
  {
    "GroupId": 83300100310,
    "LocalizeKR": "那还用说…！\n当然是真的！"
  },
  {
    "GroupId": 83300100410,
    "LocalizeKR": "从今天算起，只要\n再睡五个晚上…！！"
  },
  {
    "GroupId": 83300100410,
    "LocalizeKR": "好兴奋！\n真让人期待～！"
  },
  {
    "GroupId": 83300100410,
    "LocalizeKR": "[음표]"
  },
  {
    "GroupId": 83300100410,
    "LocalizeKR": "[음표]"
  },
  {
    "GroupId": 83300100510,
    "LocalizeKR": "（歌赫娜的宴会…）"
  },
  {
    "GroupId": 83300100510,
    "LocalizeKR": "（先离开风纪委员会的大楼吧）"
  },
  {
    "GroupId": 83300100520,
    "LocalizeKR": "[속상함]"
  },
  {
    "GroupId": 83300100610,
    "LocalizeKR": "（离开并前往供餐部吧）"
  },
  {
    "GroupId": 83300100610,
    "LocalizeKR": "（感觉不太妙，得抓紧时间）"
  },
  {
    "GroupId": 83300200010,
    "LocalizeKR": "这些都是什么啊～"
  },
  {
    "GroupId": 83300200010,
    "LocalizeKR": "大，大事不好了！"
  },
  {
    "GroupId": 83300200020,
    "LocalizeKR": "风香今天也看起来很忙…"
  },
  {
    "GroupId": 83300200020,
    "LocalizeKR": "这也不是一两天的事了。"
  },
  {
    "GroupId": 83300200030,
    "LocalizeKR": "今天的菜单是…水煮蛋吗？"
  },
  {
    "GroupId": 83300200030,
    "LocalizeKR": "咦！？荷包蛋呢？"
  },
  {
    "GroupId": 83300200030,
    "LocalizeKR": "[속상함]"
  },
  {
    "GroupId": 83300200040,
    "LocalizeKR": "温泉的力量真厉害！"
  },
  {
    "GroupId": 83300200110,
    "LocalizeKR": "（抵达供餐部了）"
  },
  {
    "GroupId": 83300200110,
    "LocalizeKR": "（供餐部部长风香应该在这附近…）"
  },
  {
    "GroupId": 83300200210,
    "LocalizeKR": "（先和风香对话吧）"
  },
  {
    "GroupId": 83300200310,
    "LocalizeKR": "[…]"
  },
  {
    "GroupId": 83300200310,
    "LocalizeKR": "（风香说的食材是这些吗）"
  },
  {
    "GroupId": 83300200510,
    "LocalizeKR": "[!]"
  },
  {
    "GroupId": 83300200510,
    "LocalizeKR": "（回风纪委员会整理吧）"
  },
  {
    "GroupId": 83300300010,
    "LocalizeKR": "[빠직]"
  },
  {
    "GroupId": 83300300010,
    "LocalizeKR": "唔，烦人！"
  },
  {
    "GroupId": 83300300110,
    "LocalizeKR": "[…]"
  },
  {
    "GroupId": 83300300110,
    "LocalizeKR": "（看来必须先讨论对策）"
  },
  {
    "GroupId": 83300300120,
    "LocalizeKR": "[땀]"
  },
  {
    "GroupId": 83300300130,
    "LocalizeKR": "问题学员又在闹事…"
  },
  {
    "GroupId": 83300300130,
    "LocalizeKR": "[속상함]"
  },
  {
    "GroupId": 83300300130,
    "LocalizeKR": "训练明明才刚结束，怎么会…"
  },
  {
    "GroupId": 83300300140,
    "LocalizeKR": "唔唔，好痛…！\n要折寿十年了…"
  },
  {
    "GroupId": 83300300140,
    "LocalizeKR": "有没有哪里受伤？"
  },
  {
    "GroupId": 83300300150,
    "LocalizeKR": "好想休息…"
  },
  {
    "GroupId": 83300300150,
    "LocalizeKR": "实在动不了了…"
  },
  {
    "GroupId": 83300300150,
    "LocalizeKR": "[땀]"
  },
  {
    "GroupId": 83300300210,
    "LocalizeKR": "（伊织说逃到\n旧楼了）"
  },
  {
    "GroupId": 83300300210,
    "LocalizeKR": "（…好，去那里看看吧）"
  },
  {
    "GroupId": 83300400210,
    "LocalizeKR": "（追着问题学员来到了这里，但…）"
  },
  {
    "GroupId": 83300400210,
    "LocalizeKR": "（这些是旧楼\n里搁置很久的\n东西吗…）"
  },
  {
    "GroupId": 83300400310,
    "LocalizeKR": "[…]"
  },
  {
    "GroupId": 83300400310,
    "LocalizeKR": "（这台钢琴…还能弹吗…）"
  },
  {
    "GroupId": 83300400390,
    "LocalizeKR": "[…]"
  },
  {
    "GroupId": 83300400390,
    "LocalizeKR": "（已经扫荡问题学员了，回去吧）"
  },
  {
    "GroupId": 83300400390,
    "LocalizeKR": "[전화]"
  },
  {
    "GroupId": 83300500110,
    "LocalizeKR": "[…]"
  },
  {
    "GroupId": 83300500110,
    "LocalizeKR": "（呼，今天就到此为止吧）"
  },
  {
    "GroupId": 83300500190,
    "LocalizeKR": "[전화]"
  },
  {
    "GroupId": 83300500190,
    "LocalizeKR": "[!]"
  },
  {
    "GroupId": 83301100010,
    "LocalizeKR": "唉…真是的…"
  },
  {
    "GroupId": 83301100110,
    "LocalizeKR": "（必须收集有关温泉开发部的线索）"
  },
  {
    "GroupId": 83301100110,
    "LocalizeKR": "（先和亚子谈谈吧）"
  },
  {
    "GroupId": 83301100120,
    "LocalizeKR": "难以估计这个洞有多深呢。"
  },
  {
    "GroupId": 83301100130,
    "LocalizeKR": "好大的洞…"
  },
  {
    "GroupId": 83301100140,
    "LocalizeKR": "嘻嘻，嘻嘻嘻…！一切都按计划进行…！"
  },
  {
    "GroupId": 83301100140,
    "LocalizeKR": "真期待即将到来的宴会啊！嘻嘻！"
  },
  {
    "GroupId": 83301100150,
    "LocalizeKR": "唉…到底又怎么了…"
  },
  {
    "GroupId": 83301100160,
    "LocalizeKR": "[음표]"
  },
  {
    "GroupId": 83301100160,
    "LocalizeKR": "哇～露营～！\n伊吹好兴奋！"
  },
  {
    "GroupId": 83301100210,
    "LocalizeKR": "呼……真是忙得不可开交。"
  },
  {
    "GroupId": 83301100210,
    "LocalizeKR": "不过就是这种时候才需要我天雨亚子！我不会就这样认输！必须帮上日奈会长的忙！"
  },
  {
    "GroupId": 83301100210,
    "LocalizeKR": "嗯，谢谢。"
  },
  {
    "GroupId": 83301100310,
    "LocalizeKR": "（这洞还真深…）"
  },
  {
    "GroupId": 83301100310,
    "LocalizeKR": "（贸然靠近感觉很危险）"
  },
  {
    "GroupId": 83301100410,
    "LocalizeKR": "（听说温泉开发部想挖掘这附近）"
  },
  {
    "GroupId": 83301100410,
    "LocalizeKR": "（真的单纯是为了开发温泉吗？）"
  },
  {
    "GroupId": 83301100510,
    "LocalizeKR": "（照亚子说的去找学员吧）"
  },
  {
    "GroupId": 83301100510,
    "LocalizeKR": "（看来需要到教室听听她们的说法）"
  },
  {
    "GroupId": 83301200010,
    "LocalizeKR": "呵呵，呵呵呵…！"
  },
  {
    "GroupId": 83301200110,
    "LocalizeKR": "不知道为什么，今天很想做坏事呢。"
  },
  {
    "GroupId": 83301200110,
    "LocalizeKR": "在上课时间偷吃糖果怎么样？"
  },
  {
    "GroupId": 83301200110,
    "LocalizeKR": "呵呵…！\n你真是天才！"
  },
  {
    "GroupId": 83301200110,
    "LocalizeKR": "[음표]"
  },
  {
    "GroupId": 83301200120,
    "LocalizeKR": "忘记写作业了…\n怎么办…"
  },
  {
    "GroupId": 83301200130,
    "LocalizeKR": "唔，肚子好饿…"
  },
  {
    "GroupId": 83301200130,
    "LocalizeKR": "[속상함]"
  },
  {
    "GroupId": 83301200210,
    "LocalizeKR": "呀～日奈亲～"
  },
  {
    "GroupId": 83301200210,
    "LocalizeKR": "[?]"
  },
  {
    "GroupId": 83301200210,
    "LocalizeKR": "（日奈亲…？）"
  },
  {
    "GroupId": 83301200210,
    "LocalizeKR": "歌赫娜温泉\n入场券～？"
  },
  {
    "GroupId": 83301200210,
    "LocalizeKR": "没错～\n我也买了一张～\n听说是温泉的革命～"
  },
  {
    "GroupId": 83301200210,
    "LocalizeKR": "重点是感觉\n很有趣～！"
  },
  {
    "GroupId": 83301200220,
    "LocalizeKR": "温泉的革命～到底是什么呢？"
  },
  {
    "GroupId": 83301200220,
    "LocalizeKR": "我也不知道是怎么回事，但这两个字听起来就很让人心动吧？"
  },
  {
    "GroupId": 83301200310,
    "LocalizeKR": "啊，原来是风纪委员长。"
  },
  {
    "GroupId": 83301200310,
    "LocalizeKR": "啊啊，你是说歌赫娜温泉的抢先体验券吗？"
  },
  {
    "GroupId": 83301200310,
    "LocalizeKR": "嗯，我买了哦。因为温泉开发部的成员卖得很起劲。"
  },
  {
    "GroupId": 83301200310,
    "LocalizeKR": "她们卖的时候好像说是温泉大作战还是什么的。"
  },
  {
    "GroupId": 83301200320,
    "LocalizeKR": "说是只要作战成功，一辈子都不用担心温泉了。"
  },
  {
    "GroupId": 83301200320,
    "LocalizeKR": "真搞不懂是什么意思……"
  },
  {
    "GroupId": 83301200410,
    "LocalizeKR": "（逃走了吗，\n得赶快追上去）"
  },
  {
    "GroupId": 83301200420,
    "LocalizeKR": "啊哈哈！温泉！真令人期待～！"
  },
  {
    "GroupId": 83301200430,
    "LocalizeKR": "有机会用到温泉入浴券吗…"
  },
  {
    "GroupId": 83301300010,
    "LocalizeKR": "唉，真担心…"
  },
  {
    "GroupId": 83301300020,
    "LocalizeKR": "嘻，嘻嘻…！"
  },
  {
    "GroupId": 83301300030,
    "LocalizeKR": "[속상함]"
  },
  {
    "GroupId": 83301300030,
    "LocalizeKR": "好想偷懒…"
  },
  {
    "GroupId": 83301300110,
    "LocalizeKR": "这里还很危险！"
  },
  {
    "GroupId": 83301300120,
    "LocalizeKR": "请小心脚下！"
  },
  {
    "GroupId": 83301300130,
    "LocalizeKR": "伊吹也喜欢温泉～！"
  },
  {
    "GroupId": 83301300130,
    "LocalizeKR": "[음표]"
  },
  {
    "GroupId": 83301300140,
    "LocalizeKR": "[!]"
  },
  {
    "GroupId": 83301300410,
    "LocalizeKR": "[전구]"
  },
  {
    "GroupId": 83301300410,
    "LocalizeKR": "（这样情报就够了。霞现在…）"
  },
  {
    "GroupId": 83301400010,
    "LocalizeKR": "恨啊！我好恨！！"
  },
  {
    "GroupId": 83301400110,
    "LocalizeKR": "在这里请保持肃静！"
  },
  {
    "GroupId": 83301400120,
    "LocalizeKR": "[속상함]"
  },
  {
    "GroupId": 83301400120,
    "LocalizeKR": "我们的远大梦想…呜呜！"
  },
  {
    "GroupId": 83301400130,
    "LocalizeKR": "这次什么时候才能出去呢…"
  },
  {
    "GroupId": 83301400210,
    "LocalizeKR": "[…]"
  },
  {
    "GroupId": 83301400210,
    "LocalizeKR": "（真的是在计划荒谬的事啊）"
  },
  {
    "GroupId": 83301400310,
    "LocalizeKR": "（既然已经解决了，赶紧移动吧）"
  },
  {
    "GroupId": 83301400310,
    "LocalizeKR": "（为了准备钢琴表演，必须加紧练习）"
  },
  {
    "GroupId": 83301400310,
    "LocalizeKR": "（能练习钢琴的地方…）"
  },
  {
    "GroupId": 83301500210,
    "LocalizeKR": "（有条不紊地跟着乐谱…）"
  },
  {
    "GroupId": 83301500210,
    "LocalizeKR": "（不疾不徐，一步一步慢慢来）"
  },
  {
    "GroupId": 83301600110,
    "LocalizeKR": "（今天总算练完了）"
  },
  {
    "GroupId": 83301600110,
    "LocalizeKR": "（明天也要记得练习）"
  },
  {
    "GroupId": 83302100110,
    "LocalizeKR": "[모모톡]"
  },
  {
    "GroupId": 83302100110,
    "LocalizeKR": "（来自老师的\n联络…？）"
  },
  {
    "GroupId": 83302100110,
    "LocalizeKR": "（真琴的状态变奇怪了…？）"
  },
  {
    "GroupId": 83302100110,
    "LocalizeKR": "（唔…）"
  },
  {
    "GroupId": 83302100120,
    "LocalizeKR": "到底发生什么事了…"
  },
  {
    "GroupId": 83302100130,
    "LocalizeKR": "啧，又有骚动吗…"
  },
  {
    "GroupId": 83302100210,
    "LocalizeKR": "会长，要现在出发吗？"
  },
  {
    "GroupId": 83302100210,
    "LocalizeKR": "学员餐厅里居然有怪物，真不敢相信…"
  },
  {
    "GroupId": 83302100310,
    "LocalizeKR": "（说什么来历不明的怪物，真让人摸不着头绪）"
  },
  {
    "GroupId": 83302100310,
    "LocalizeKR": "（不管怎样，如果风香遇到困难必须赶紧帮帮她）"
  },
  {
    "GroupId": 83302200110,
    "LocalizeKR": "发现3只松饼！扫荡它们吧！"
  },
  {
    "GroupId": 83302200110,
    "LocalizeKR": "[땀]"
  },
  {
    "GroupId": 83302200110,
    "LocalizeKR": "[속상함]"
  },
  {
    "GroupId": 83302200110,
    "LocalizeKR": "唔，好恶心…"
  },
  {
    "GroupId": 83302200210,
    "LocalizeKR": "[!]"
  },
  {
    "GroupId": 83302200210,
    "LocalizeKR": "（这是…会动的松饼…？）"
  },
  {
    "GroupId": 83302200410,
    "LocalizeKR": "（这些家伙到底是从哪里冒出来的…）"
  },
  {
    "GroupId": 83302200410,
    "LocalizeKR": "（先到餐厅的调理室找朱莉吧）"
  },
  {
    "GroupId": 83302200510,
    "LocalizeKR": "风香前辈，请一定要平安无事…"
  },
  {
    "GroupId": 83302200520,
    "LocalizeKR": "暴走的松饼，已确定扫荡完毕。"
  },
  {
    "GroupId": 83302200520,
    "LocalizeKR": "您辛苦了，会长。"
  },
  {
    "GroupId": 83302200530,
    "LocalizeKR": "唔，全身都黏答答的…"
  },
  {
    "GroupId": 83302200540,
    "LocalizeKR": "[…]"
  },
  {
    "GroupId": 83302200540,
    "LocalizeKR": "这份食谱就是原因吗？"
  },
  {
    "GroupId": 83302200610,
    "LocalizeKR": "[전화]"
  },
  {
    "GroupId": 83302200610,
    "LocalizeKR": "（是老师打来的电话…）"
  },
  {
    "GroupId": 83302200710,
    "LocalizeKR": "[땀]"
  },
  {
    "GroupId": 83302300110,
    "LocalizeKR": "（呼…总之美食研究会已经逮捕了）"
  },
  {
    "GroupId": 83302300110,
    "LocalizeKR": "（下午再追究她们为什么绑架风香吧）"
  },
  {
    "GroupId": 83302300110,
    "LocalizeKR": "（想去练钢琴了…）"
  },
  {
    "GroupId": 83302300120,
    "LocalizeKR": "散步！松饼！\n心动动！"
  },
  {
    "GroupId": 83302300130,
    "LocalizeKR": "糟糕了，现在公园…"
  },
  {
    "GroupId": 83302300130,
    "LocalizeKR": "[땀]"
  },
  {
    "GroupId": 83302300140,
    "LocalizeKR": "[속상함]"
  },
  {
    "GroupId": 83302300140,
    "LocalizeKR": "原来如此，还没结束啊。"
  },
  {
    "GroupId": 83302300150,
    "LocalizeKR": "那个，有巨大的松饼…"
  },
  {
    "GroupId": 83302300150,
    "LocalizeKR": "什么！？真的吗？"
  },
  {
    "GroupId": 83302300150,
    "LocalizeKR": "应…应该要准备出动吧？"
  },
  {
    "GroupId": 83302300210,
    "LocalizeKR": "[모모톡]"
  },
  {
    "GroupId": 83302300210,
    "LocalizeKR": "（是亚子传来的\n桃信）"
  },
  {
    "GroupId": 83300400099,
    "LocalizeKR": "[속상함]"
  },
  {
    "GroupId": 83302400110,
    "LocalizeKR": "[음표]"
  },
  {
    "GroupId": 83302400120,
    "LocalizeKR": "美食研究会，\n这已经是第几次了…"
  },
  {
    "GroupId": 83302400130,
    "LocalizeKR": "呵呵，\n又被抓到了呢～★"
  },
  {
    "GroupId": 83302400140,
    "LocalizeKR": "唔唔唔～真气人！"
  },
  {
    "GroupId": 83302400140,
    "LocalizeKR": "呜啊啊～！\n快放我出去～！"
  },
  {
    "GroupId": 83302400210,
    "LocalizeKR": "[땀]"
  },
  {
    "GroupId": 83302400210,
    "LocalizeKR": "（美食研究会真没有一天是安分的）"
  },
  {
    "GroupId": 83302400310,
    "LocalizeKR": "（这样今天的工作也大致结束了）"
  },
  {
    "GroupId": 83302400310,
    "LocalizeKR": "（得赶快去练习）"
  },
  {
    "GroupId": 83302500110,
    "LocalizeKR": "[…]"
  },
  {
    "GroupId": 83302500110,
    "LocalizeKR": "（…呼）"
  },
  {
    "GroupId": 83302500210,
    "LocalizeKR": "（跟着画在五线谱上的音符…）"
  },
  {
    "GroupId": 83302500210,
    "LocalizeKR": "（把我能做到的全部发挥出来…）"
  },
  {
    "GroupId": 83302600110,
    "LocalizeKR": "[…]"
  },
  {
    "GroupId": 83303100310,
    "LocalizeKR": "[땀]"
  },
  {
    "GroupId": 83303100310,
    "LocalizeKR": "（真的永远都在惹事。没办法，行动吧）"
  },
  {
    "GroupId": 83303200110,
    "LocalizeKR": "[땀]"
  },
  {
    "GroupId": 83303200110,
    "LocalizeKR": "差不多是风纪委员长行动的时候了…"
  },
  {
    "GroupId": 83303200110,
    "LocalizeKR": "哈哈哈～！\n真是太好笑了～！"
  },
  {
    "GroupId": 83303200310,
    "LocalizeKR": "[빠직]"
  },
  {
    "GroupId": 83303200310,
    "LocalizeKR": "[!]"
  },
  {
    "GroupId": 83303200510,
    "LocalizeKR": "[빠직]"
  },
  {
    "GroupId": 83303200510,
    "LocalizeKR": "（呼，只要把这个清理掉…）"
  },
  {
    "GroupId": 83303300110,
    "LocalizeKR": "真不容易呢…"
  },
  {
    "GroupId": 83303300120,
    "LocalizeKR": "明天因为濑名前辈的请托…"
  },
  {
    "GroupId": 83303300130,
    "LocalizeKR": "[…]"
  },
  {
    "GroupId": 83303300130,
    "LocalizeKR": "啊…！我忘记了！\n明天有定期训练！"
  },
  {
    "GroupId": 83303300310,
    "LocalizeKR": "[모모톡]"
  },
  {
    "GroupId": 83303300310,
    "LocalizeKR": "[?]"
  },
  {
    "GroupId": 83303300320,
    "LocalizeKR": "是紧急任务吗？"
  },
  {
    "GroupId": 83303300320,
    "LocalizeKR": "我也一起处理！"
  },
  {
    "GroupId": 83303300330,
    "LocalizeKR": "会长！\n我也准备好了，\n出发吧！"
  },
  {
    "GroupId": 83303300410,
    "LocalizeKR": "[빠직]"
  },
  {
    "GroupId": 83303400110,
    "LocalizeKR": "活动室恢复了活力，\n真让人开心…"
  },
  {
    "GroupId": 83303400120,
    "LocalizeKR": "状况真是惨烈…"
  },
  {
    "GroupId": 83303400130,
    "LocalizeKR": "哎呀，我的腰…"
  },
  {
    "GroupId": 83303400140,
    "LocalizeKR": "[속상함]"
  },
  {
    "GroupId": 83303400150,
    "LocalizeKR": "真要命…"
  },
  {
    "GroupId": 83303400160,
    "LocalizeKR": "哎唷喂…"
  },
  {
    "GroupId": 83303400170,
    "LocalizeKR": "这里是哪？\n我是谁…？"
  },
  {
    "GroupId": 83303400180,
    "LocalizeKR": "打针，太可怕了…"
  },
  {
    "GroupId": 83303400190,
    "LocalizeKR": "会有点痛哦…！"
  },
  {
    "GroupId": 83303400190,
    "LocalizeKR": "唔…！"
  },
  {
    "GroupId": 83303400310,
    "LocalizeKR": "[…]"
  },
  {
    "GroupId": 83303400310,
    "LocalizeKR": "（软膏…原来在这里啊）"
  },
  {
    "GroupId": 83303400410,
    "LocalizeKR": "（骚动差不多结束了）"
  },
  {
    "GroupId": 83303400410,
    "LocalizeKR": "（…赶快去练习吧）"
  },
  {
    "GroupId": 83303500110,
    "LocalizeKR": "[…]"
  },
  {
    "GroupId": 83303500110,
    "LocalizeKR": "[음표]"
  },
  {
    "GroupId": 83303500210,
    "LocalizeKR": "（…稍微熟练\n一点了吗）"
  },
  {
    "GroupId": 83303500210,
    "LocalizeKR": "（感觉练习越来越愉快了）"
  },
  {
    "GroupId": 83303600110,
    "LocalizeKR": "（今天也这样结束了）"
  },
  {
    "GroupId": 83303600110,
    "LocalizeKR": "（…好像有点累）"
  },
  {
    "GroupId": 83304100210,
    "LocalizeKR": "[…]"
  },
  {
    "GroupId": 83304100210,
    "LocalizeKR": "[전구]"
  },
  {
    "GroupId": 83304100310,
    "LocalizeKR": "[…]"
  },
  {
    "GroupId": 83304100310,
    "LocalizeKR": "（必须先去找亚子）"
  },
  {
    "GroupId": 83304200210,
    "LocalizeKR": "[?]"
  },
  {
    "GroupId": 83304200210,
    "LocalizeKR": "（嗯？这传单\n是…？）"
  },
  {
    "GroupId": 83304200410,
    "LocalizeKR": "[…]"
  },
  {
    "GroupId": 83304200410,
    "LocalizeKR": "（稍微加快点\n脚步吧）"
  },
  {
    "GroupId": 83304200001,
    "LocalizeKR": "今天风纪委员会的行程是…"
  },
  {
    "GroupId": 83304200010,
    "LocalizeKR": "坚决反对战斗？"
  },
  {
    "GroupId": 83304200010,
    "LocalizeKR": "为了歌赫娜的\n和平…？"
  },
  {
    "GroupId": 83304200011,
    "LocalizeKR": "[속상함]"
  },
  {
    "GroupId": 83304200011,
    "LocalizeKR": "昨天是铜像，\n今天是传单…唉…"
  },
  {
    "GroupId": 83304200012,
    "LocalizeKR": "又是谁在恶作剧吗？"
  },
  {
    "GroupId": 83304300610,
    "LocalizeKR": "[…]"
  },
  {
    "GroupId": 83304300610,
    "LocalizeKR": "（到急救医学部找千夏吧）"
  },
  {
    "GroupId": 83304300001,
    "LocalizeKR": "我们是风纪委员会，不是清洁工！"
  },
  {
    "GroupId": 83304300010,
    "LocalizeKR": "[속상함]"
  },
  {
    "GroupId": 83304300010,
    "LocalizeKR": "今天也一样乱七八糟的…"
  },
  {
    "GroupId": 83304300011,
    "LocalizeKR": "什么时候才能全部整理好啊…"
  },
  {
    "GroupId": 83304300020,
    "LocalizeKR": "啊哈哈～！\n根本是一团乱～！"
  },
  {
    "GroupId": 83304300020,
    "LocalizeKR": "一点都不好笑。"
  },
  {
    "GroupId": 83304300021,
    "LocalizeKR": "今天的打扫值日生…是我吗？"
  },
  {
    "GroupId": 83304300030,
    "LocalizeKR": "先去焚化炉…"
  },
  {
    "GroupId": 83304300031,
    "LocalizeKR": "[모모톡]"
  },
  {
    "GroupId": 83304300031,
    "LocalizeKR": "千夏说她在急救医学部那。"
  },
  {
    "GroupId": 83304300032,
    "LocalizeKR": "会长，您辛苦了！"
  },
  {
    "GroupId": 83304300033,
    "LocalizeKR": "这边的传单我们已经回收了。"
  },
  {
    "GroupId": 83304300033,
    "LocalizeKR": "日奈亲～！一直以来都辛苦你了～！"
  },
  {
    "GroupId": 83304300034,
    "LocalizeKR": "得去看看…"
  },
  {
    "GroupId": 83304400210,
    "LocalizeKR": "[…]"
  },
  {
    "GroupId": 83304400210,
    "LocalizeKR": "（千夏应该在这里的某个地方）"
  },
  {
    "GroupId": 83304400310,
    "LocalizeKR": "[!]"
  },
  {
    "GroupId": 83304400310,
    "LocalizeKR": "[속상함]"
  },
  {
    "GroupId": 83304400510,
    "LocalizeKR": "（既然已经找到千夏就先回去吧）"
  },
  {
    "GroupId": 83304400510,
    "LocalizeKR": "（必须赶快开始训练）"
  },
  {
    "GroupId": 83304400002,
    "LocalizeKR": "[빠직]"
  },
  {
    "GroupId": 83304400010,
    "LocalizeKR": "希望伤口不会恶化…"
  },
  {
    "GroupId": 83304400011,
    "LocalizeKR": "呼，幸好这里很干净。"
  },
  {
    "GroupId": 83304400012,
    "LocalizeKR": "要赶快好起来才行…"
  },
  {
    "GroupId": 83304400020,
    "LocalizeKR": "唔唔，好想偷懒…"
  },
  {
    "GroupId": 83304400020,
    "LocalizeKR": "居然说我要1周才能痊愈…！"
  },
  {
    "GroupId": 83304400021,
    "LocalizeKR": "伊吹！已经完全不痛了唷！"
  },
  {
    "GroupId": 83304400022,
    "LocalizeKR": "今天绝对不能就这样算了！"
  },
  {
    "GroupId": 83304400030,
    "LocalizeKR": "今天是定期训练的日子吧？"
  },
  {
    "GroupId": 83304400030,
    "LocalizeKR": "一起回去吧。"
  },
  {
    "GroupId": 83304400031,
    "LocalizeKR": "[음표]"
  },
  {
    "GroupId": 83304400031,
    "LocalizeKR": "会长，差不多该出发了吧？"
  },
  {
    "GroupId": 8330450010,
    "LocalizeKR": "唔，今天的定期训练日程是…"
  },
  {
    "GroupId": 8330450011,
    "LocalizeKR": "训练准备得很完美。"
  },
  {
    "GroupId": 8330450012,
    "LocalizeKR": "是定期训练吗…"
  },
  {
    "GroupId": 8330450020,
    "LocalizeKR": "[음표]"
  },
  {
    "GroupId": 8330450020,
    "LocalizeKR": "会长，请让我来护送吧。"
  },
  {
    "GroupId": 8330450021,
    "LocalizeKR": "[!]"
  },
  {
    "GroupId": 8330450021,
    "LocalizeKR": "今天一定要让你见识我的潜力！会长！"
  },
  {
    "GroupId": 8330450022,
    "LocalizeKR": "训练准备全部\n结束了，会长。"
  },
  {
    "GroupId": 83304600210,
    "LocalizeKR": "[땀]"
  },
  {
    "GroupId": 83304600210,
    "LocalizeKR": "（安排的训练到此结束。先回活动室吧）"
  },
  {
    "GroupId": 83304600310,
    "LocalizeKR": "（重新训练啊，得赶快行动）"
  },
  {
    "GroupId": 83304600310,
    "LocalizeKR": "（不想浪费时间）"
  },
  {
    "GroupId": 83304600010,
    "LocalizeKR": "嘻，嘻嘻嘻…"
  },
  {
    "GroupId": 83304600020,
    "LocalizeKR": "[땀]"
  },
  {
    "GroupId": 83304600020,
    "LocalizeKR": "会长…"
  },
  {
    "GroupId": 83304700110,
    "LocalizeKR": "[…]"
  },
  {
    "GroupId": 83304700110,
    "LocalizeKR": "（今天也开始吧）"
  },
  {
    "GroupId": 83304700210,
    "LocalizeKR": "[속상함]"
  },
  {
    "GroupId": 83304700210,
    "LocalizeKR": "（自由地、\n鲜明地…）"
  },
  {
    "GroupId": 83304800110,
    "LocalizeKR": "[속상함]"
  },
  {
    "GroupId": 83304800110,
    "LocalizeKR": "[…]"
  },
  {
    "GroupId": 83305100210,
    "LocalizeKR": "[…]"
  },
  {
    "GroupId": 83305100210,
    "LocalizeKR": "[전화]"
  },
  {
    "GroupId": 83305100310,
    "LocalizeKR": "[…]"
  },
  {
    "GroupId": 83305100310,
    "LocalizeKR": "[!]"
  },
  {
    "GroupId": 83305300110,
    "LocalizeKR": "（这里是歌赫娜的宴会会场）"
  },
  {
    "GroupId": 83305300110,
    "LocalizeKR": "（今天我会在这里演奏…）"
  },
  {
    "GroupId": 83305300110,
    "LocalizeKR": "（但是在那之前…）"
  },
  {
    "GroupId": 83305300001,
    "LocalizeKR": "会长！我准备好了！"
  },
  {
    "GroupId": 83305300001,
    "LocalizeKR": "嗯，现在立刻出发。"
  },
  {
    "GroupId": 83305300002,
    "LocalizeKR": "一直以来都辛苦你了…"
  },
  {
    "GroupId": 83305300002,
    "LocalizeKR": "后续就交给我吧。"
  },
  {
    "GroupId": 83305300003,
    "LocalizeKR": "拜托你了，\n风纪委员长。"
  },
  {
    "GroupId": 83305300003,
    "LocalizeKR": "我马上回来。"
  },
  {
    "GroupId": 83305300004,
    "LocalizeKR": "日奈亲！加油～！"
  },
  {
    "GroupId": 83305300004,
    "LocalizeKR": "嗯…谢谢…"
  },
  {
    "GroupId": 83305300005,
    "LocalizeKR": "会长，我也来帮忙。"
  },
  {
    "GroupId": 83305300005,
    "LocalizeKR": "谢谢。那就拜托你了。"
  },
  {
    "GroupId": 83305300006,
    "LocalizeKR": "支援就交给我吧！"
  },
  {
    "GroupId": 83305300006,
    "LocalizeKR": "时间所剩不多。出发吧。"
  },
  {
    "GroupId": 83305300007,
    "LocalizeKR": "还有很多要处理的骚动。"
  },
  {
    "GroupId": 83305300010,
    "LocalizeKR": "[속상함]"
  },
  {
    "GroupId": 83305300010,
    "LocalizeKR": "又在惹事，唉…"
  },
  {
    "GroupId": 83305300011,
    "LocalizeKR": "现在出去很危险。"
  },
  {
    "GroupId": 83305300012,
    "LocalizeKR": "今天明明是宴会\n当天，怎么会…"
  },
  {
    "GroupId": 83305300013,
    "LocalizeKR": "请大家冷静，听从管制！"
  },
  {
    "GroupId": 83305300014,
    "LocalizeKR": "该准备出动吗？"
  },
  {
    "GroupId": 83305300020,
    "LocalizeKR": "好像不是享受悠闲的时候。"
  },
  {
    "GroupId": 83305300030,
    "LocalizeKR": "听说现在整个歌赫娜乱成一团耶？"
  },
  {
    "GroupId": 83305300030,
    "LocalizeKR": "[속상함]"
  },
  {
    "GroupId": 83305300030,
    "LocalizeKR": "呿，兴致都没了。"
  },
  {
    "GroupId": 83305300030,
    "LocalizeKR": "[땀]"
  },
  {
    "GroupId": 83305400110,
    "LocalizeKR": "[…]"
  },
  {
    "GroupId": 83305400110,
    "LocalizeKR": "[!]"
  },
  {
    "GroupId": 83306010210,
    "LocalizeKR": "[…]"
  },
  {
    "GroupId": 83306010310,
    "LocalizeKR": "[!]"
  },
  {
    "GroupId": 83306010410,
    "LocalizeKR": "[하트]"
  },
  {
    "GroupId": 83306010410,
    "LocalizeKR": "[음표]"
  },
  {
    "GroupId": 83306020210,
    "LocalizeKR": "[…]"
  },
  {
    "GroupId": 83306020210,
    "LocalizeKR": "[땀]"
  },
  {
    "GroupId": 83306020310,
    "LocalizeKR": "（周围没有人）"
  },
  {
    "GroupId": 83306020310,
    "LocalizeKR": "（不过有动静…）"
  },
  {
    "GroupId": 83306020410,
    "LocalizeKR": "[…]"
  },
  {
    "GroupId": 83306020410,
    "LocalizeKR": "[!]"
  },
  {
    "GroupId": 83306020510,
    "LocalizeKR": "[?]"
  },
  {
    "GroupId": 83306020510,
    "LocalizeKR": "[?!]"
  },
  {
    "GroupId": 83306020520,
    "LocalizeKR": "这样就结束了吗？"
  },
  {
    "GroupId": 83306020520,
    "LocalizeKR": "啊！教室的垃圾桶也要清空！"
  },
  {
    "GroupId": 83306020520,
    "LocalizeKR": "唔，真麻烦…"
  },
  {
    "GroupId": 83306020520,
    "LocalizeKR": "[땀]"
  },
  {
    "GroupId": 83306020530,
    "LocalizeKR": "[전구]"
  },
  {
    "GroupId": 83306020530,
    "LocalizeKR": "今天天气很好，要不要在屋顶上吃午餐？"
  },
  {
    "GroupId": 83306020530,
    "LocalizeKR": "哦！好呀！那我把我的死党也叫来！"
  },
  {
    "GroupId": 83306020540,
    "LocalizeKR": "好像是在找小伊吹遗失的蜡笔。"
  },
  {
    "GroupId": 83306020540,
    "LocalizeKR": "咦，那不是小伊吹的宝贝吗？"
  },
  {
    "GroupId": 83306020540,
    "LocalizeKR": "嗯，我们也帮忙找吧！"
  },
  {
    "GroupId": 83306030110,
    "LocalizeKR": "亚子从刚才就一直在跟电话缠斗…"
  },
  {
    "GroupId": 83306030110,
    "LocalizeKR": "出了什么问题吗？"
  },
  {
    "GroupId": 83306030210,
    "LocalizeKR": ""
  },
  {
    "GroupId": 83306030310,
    "LocalizeKR": ""
  },
  {
    "GroupId": 83306030410,
    "LocalizeKR": ""
  },
  {
    "GroupId": 83306030510,
    "LocalizeKR": "[…]"
  },
  {
    "GroupId": 83306030510,
    "LocalizeKR": "[하트]"
  },
  {
    "GroupId": 83306035210,
    "LocalizeKR": "（可能会在桌上）"
  },
  {
    "GroupId": 83306035210,
    "LocalizeKR": "（不在这里的话…）"
  },
  {
    "GroupId": 83306035310,
    "LocalizeKR": "[!]"
  },
  {
    "GroupId": 83306035310,
    "LocalizeKR": "[속상함]"
  },
  {
    "GroupId": 83306035410,
    "LocalizeKR": "[전구]"
  },
  {
    "GroupId": 83306035410,
    "LocalizeKR": "[속상함]"
  },
  {
    "GroupId": 83306035510,
    "LocalizeKR": "（说不定会在\n这里…）"
  },
  {
    "GroupId": 83306035510,
    "LocalizeKR": "[속상함]"
  },
  {
    "GroupId": 83306035610,
    "LocalizeKR": "[!]"
  },
  {
    "GroupId": 83306035610,
    "LocalizeKR": "[속상함]"
  },
  {
    "GroupId": 83306035620,
    "LocalizeKR": "[?]"
  },
  {
    "GroupId": 83306035630,
    "LocalizeKR": "[음표]"
  },
  {
    "GroupId": 83306040110,
    "LocalizeKR": "因为我的疏忽…害大家受罪了…"
  },
  {
    "GroupId": 83306040120,
    "LocalizeKR": "现在正在调查越狱事件。"
  },
  {
    "GroupId": 83306040130,
    "LocalizeKR": "真伤脑筋…"
  },
  {
    "GroupId": 83306040130,
    "LocalizeKR": "到底是怎么越狱的？"
  },
  {
    "GroupId": 83306040130,
    "LocalizeKR": "铁门明明\n锁得紧紧的…"
  },
  {
    "GroupId": 83306040130,
    "LocalizeKR": "[속상함]"
  },
  {
    "GroupId": 83306040310,
    "LocalizeKR": "[분실물]"
  },
  {
    "GroupId": 83306040310,
    "LocalizeKR": "[…]"
  },
  {
    "GroupId": 83306040410,
    "LocalizeKR": "[분실물]"
  },
  {
    "GroupId": 83306040410,
    "LocalizeKR": "[?]"
  },
  {
    "GroupId": 83306040510,
    "LocalizeKR": "[…]"
  },
  {
    "GroupId": 83306040510,
    "LocalizeKR": "[전구]"
  },
  {
    "GroupId": 83306040520,
    "LocalizeKR": "[땀]"
  },
  {
    "GroupId": 83306040520,
    "LocalizeKR": "这个大洞是什么时候挖的…！"
  },
  {
    "GroupId": 83306040520,
    "LocalizeKR": "[속상함]"
  },
  {
    "GroupId": 83306040520,
    "LocalizeKR": "果然不是省油的灯…"
  },
  {
    "GroupId": 83306050210,
    "LocalizeKR": "[전구]"
  },
  {
    "GroupId": 83306050210,
    "LocalizeKR": "（这里还有另一本日志）"
  },
  {
    "GroupId": 83306050210,
    "LocalizeKR": "（“实力都没有\n进步，是我没有天分\n吗”…）"
  },
  {
    "GroupId": 83306050310,
    "LocalizeKR": "[분실물]"
  },
  {
    "GroupId": 83306050310,
    "LocalizeKR": "（啊，这里也有…）"
  },
  {
    "GroupId": 83306050310,
    "LocalizeKR": "（“今天又在大会\n上落选。感觉更累\n了”…）"
  },
  {
    "GroupId": 83306050310,
    "LocalizeKR": "[…]"
  },
  {
    "GroupId": 83306060110,
    "LocalizeKR": "[속상함]"
  },
  {
    "GroupId": 83306060110,
    "LocalizeKR": "（必须调查原因）"
  },
  {
    "GroupId": 83306060120,
    "LocalizeKR": "要死了…"
  },
  {
    "GroupId": 83306060130,
    "LocalizeKR": "谁快来阻止她们…"
  },
  {
    "GroupId": 83306060140,
    "LocalizeKR": "唔，唔唔…"
  },
  {
    "GroupId": 83306060150,
    "LocalizeKR": "这是恶梦…"
  },
  {
    "GroupId": 83306060160,
    "LocalizeKR": "哼哼～！像这样混合一下…"
  },
  {
    "GroupId": 83306060160,
    "LocalizeKR": "[음표]"
  },
  {
    "GroupId": 83306060170,
    "LocalizeKR": "（再观察一下周围吧）"
  },
  {
    "GroupId": 83306060180,
    "LocalizeKR": "（再观察一下周围吧）"
  },
  {
    "GroupId": 83306060190,
    "LocalizeKR": "（再观察一下周围吧）"
  },
  {
    "GroupId": 83306060210,
    "LocalizeKR": "[속상함]"
  },
  {
    "GroupId": 83306060210,
    "LocalizeKR": "（不只风纪委员会，连其他社团都…）"
  },
  {
    "GroupId": 83306060310,
    "LocalizeKR": "[…]"
  },
  {
    "GroupId": 83306060310,
    "LocalizeKR": "（没有反应，\n只是个单纯的伤员）"
  },
  {
    "GroupId": 83306060310,
    "LocalizeKR": "（骚动的根源是调理室吗？）"
  },
  {
    "GroupId": 83306060510,
    "LocalizeKR": "看来今天也会很忙呢。"
  },
  {
    "GroupId": 83306065110,
    "LocalizeKR": "叫声是从哪里传来的呢…？"
  },
  {
    "GroupId": 83306065120,
    "LocalizeKR": "今天的菜单是…"
  },
  {
    "GroupId": 83306065130,
    "LocalizeKR": "今天是想喝薄荷绿茶的心情…！"
  },
  {
    "GroupId": 83306065130,
    "LocalizeKR": "[음표]"
  },
  {
    "GroupId": 83306065140,
    "LocalizeKR": "听说万魔殿在搜索蜡笔？"
  },
  {
    "GroupId": 83306065140,
    "LocalizeKR": "嗯？蜡笔？"
  },
  {
    "GroupId": 83306065140,
    "LocalizeKR": "嗯，说是要翻遍学院的垃圾桶还是什么的。"
  },
  {
    "GroupId": 83306065210,
    "LocalizeKR": "[…]"
  },
  {
    "GroupId": 83306065210,
    "LocalizeKR": "（以防万一，\n来找找看吧）"
  },
  {
    "GroupId": 83306065310,
    "LocalizeKR": "[분실물]"
  },
  {
    "GroupId": 83306065310,
    "LocalizeKR": "[전구]"
  },
  {
    "GroupId": 83306065510,
    "LocalizeKR": "（这附近应该有能给猫咪喝的牛奶）"
  },
  {
    "GroupId": 83306065510,
    "LocalizeKR": "（先安抚一下饿着肚子的它吧）"
  },
  {
    "GroupId": 83306065610,
    "LocalizeKR": "[…]"
  },
  {
    "GroupId": 83306065610,
    "LocalizeKR": "[하트]"
  },
  {
    "GroupId": 83306065610,
    "LocalizeKR": "（擅自拿了牛奶，得跟供餐部说一声才行）"
  },
  {
    "GroupId": 83306065710,
    "LocalizeKR": "[하트]"
  },
  {
    "GroupId": 83306065720,
    "LocalizeKR": "果然很可爱…"
  },
  {
    "GroupId": 83306070110,
    "LocalizeKR": "身体不舒服的人请举手。"
  },
  {
    "GroupId": 83306070120,
    "LocalizeKR": "这附近应该有绷带吧？"
  },
  {
    "GroupId": 83306070130,
    "LocalizeKR": "81mm迫击炮果然很痛…"
  },
  {
    "GroupId": 83306070210,
    "LocalizeKR": "[분실물]"
  },
  {
    "GroupId": 83306070210,
    "LocalizeKR": "（找到了）"
  },
  {
    "GroupId": 83306070310,
    "LocalizeKR": "[…]"
  },
  {
    "GroupId": 83306070310,
    "LocalizeKR": "[땀]"
  },
  {
    "GroupId": 83306070310,
    "LocalizeKR": "[하트]"
  },
  {
    "GroupId": 83306070410,
    "LocalizeKR": "[속상함]"
  },
  {
    "GroupId": 83306070410,
    "LocalizeKR": "[…]"
  },
  {
    "GroupId": 83306070410,
    "LocalizeKR": "[!]"
  },
  {
    "GroupId": 83306070410,
    "LocalizeKR": "[하트]"
  },
  {
    "GroupId": 83306070510,
    "LocalizeKR": "我也想接受治愈之手的治疗…"
  },
  {
    "GroupId": 83306070510,
    "LocalizeKR": "好羡慕……"
  },
  {
    "GroupId": 83306070520,
    "LocalizeKR": "我也想接受治愈之手的治疗…"
  },
  {
    "GroupId": 83306070530,
    "LocalizeKR": "好羡慕……"
  },
  {
    "GroupId": 83306075110,
    "LocalizeKR": "[속상함]"
  },
  {
    "GroupId": 83306075110,
    "LocalizeKR": "快想想办法啊！"
  },
  {
    "GroupId": 83306075110,
    "LocalizeKR": "[땀]"
  },
  {
    "GroupId": 83306075110,
    "LocalizeKR": "呀啊～！对我这样的少女来说太勉强了！"
  },
  {
    "GroupId": 83306075210,
    "LocalizeKR": "[…]"
  },
  {
    "GroupId": 83306075210,
    "LocalizeKR": "（…不在这里吗）"
  },
  {
    "GroupId": 83306075410,
    "LocalizeKR": "（应该是往这边逃的才对）"
  },
  {
    "GroupId": 83306075410,
    "LocalizeKR": "（没有看到）"
  },
  {
    "GroupId": 83306075510,
    "LocalizeKR": "[분실물]"
  },
  {
    "GroupId": 83306075510,
    "LocalizeKR": "（…抓到了）"
  },
  {
    "GroupId": 83306075610,
    "LocalizeKR": "我的腿还在抖…"
  },
  {
    "GroupId": 83306075620,
    "LocalizeKR": "居然徒手抓那个东西…"
  },
  {
    "GroupId": 83306075630,
    "LocalizeKR": "这就是风纪委员会的力量吗…"
  },
  {
    "GroupId": 83306080110,
    "LocalizeKR": "[음표]"
  },
  {
    "GroupId": 83306080110,
    "LocalizeKR": "今天的我是厨师！"
  },
  {
    "GroupId": 83306080120,
    "LocalizeKR": "复原似乎需要花一点时间。"
  },
  {
    "GroupId": 83306080130,
    "LocalizeKR": "朱莉前辈说要做好吃的给我吃！"
  },
  {
    "GroupId": 83306080130,
    "LocalizeKR": "伊吹！好期待～！"
  },
  {
    "GroupId": 83306080140,
    "LocalizeKR": "露宿生活要持续到什么时候…"
  },
  {
    "GroupId": 83306080150,
    "LocalizeKR": "大，大事不好了！松饼又…"
  },
  {
    "GroupId": 83306080160,
    "LocalizeKR": "哇啊！伊吹也想和松饼一起玩！"
  },
  {
    "GroupId": 83306080170,
    "LocalizeKR": "那个，这到底…"
  },
  {
    "GroupId": 83306080210,
    "LocalizeKR": "[!]"
  },
  {
    "GroupId": 83306080210,
    "LocalizeKR": "（松饼又开始\n动了…）"
  },
  {
    "GroupId": 83306080310,
    "LocalizeKR": "[…]"
  },
  {
    "GroupId": 83306080310,
    "LocalizeKR": "（这么一看，还真是难以用言语形容的景象）"
  },
  {
    "GroupId": 83306080410,
    "LocalizeKR": "[!]"
  },
  {
    "GroupId": 83306080410,
    "LocalizeKR": "（这样就结束\n了…！）"
  },
  {
    "GroupId": 83306080510,
    "LocalizeKR": "呼，差点就出大事了。"
  },
  {
    "GroupId": 83306080520,
    "LocalizeKR": "不管看多少遍都无法适应这个景象。"
  },
  {
    "GroupId": 83306080530,
    "LocalizeKR": "[하트]"
  },
  {
    "GroupId": 83306080530,
    "LocalizeKR": "嘿嘿～！会动的松饼真可爱！"
  },
  {
    "GroupId": 83306080540,
    "LocalizeKR": "[땀]"
  },
  {
    "GroupId": 83306080540,
    "LocalizeKR": "那就是传闻中的那个松饼吗？"
  },
  {
    "GroupId": 83306085110,
    "LocalizeKR": "真是场悲剧…"
  },
  {
    "GroupId": 83306085120,
    "LocalizeKR": "竟然在这种地方发生失踪事件…"
  },
  {
    "GroupId": 83306085130,
    "LocalizeKR": "真琴前辈，又在大惊小怪了…"
  },
  {
    "GroupId": 83306085140,
    "LocalizeKR": "[땀]"
  },
  {
    "GroupId": 83306085140,
    "LocalizeKR": "依议长的要求，正在搜查线索。"
  },
  {
    "GroupId": 83306085210,
    "LocalizeKR": "[분실물]"
  },
  {
    "GroupId": 83306085210,
    "LocalizeKR": "（不在这里…也就是说）"
  },
  {
    "GroupId": 83306085310,
    "LocalizeKR": "[전구]"
  },
  {
    "GroupId": 83306085310,
    "LocalizeKR": "（嗯？这个包包里装的东西是…布丁？）"
  },
  {
    "GroupId": 83306085410,
    "LocalizeKR": "我真琴大人，又进一步成长了。"
  },
  {
    "GroupId": 83306085420,
    "LocalizeKR": "布丁的确是重要\n物品，咳哼！"
  },
  {
    "GroupId": 83306085430,
    "LocalizeKR": "幸好只是个小插曲。"
  },
  {
    "GroupId": 83306085440,
    "LocalizeKR": "[하트]"
  },
  {
    "GroupId": 83306085440,
    "LocalizeKR": "从小伊吹手中收到了布丁。"
  },
  {
    "GroupId": 83306085450,
    "LocalizeKR": "[음표]"
  },
  {
    "GroupId": 83306085450,
    "LocalizeKR": "啊！我也准备了日奈前辈的布丁！"
  },
  {
    "GroupId": 83306090110,
    "LocalizeKR": "到底跑哪去了？"
  },
  {
    "GroupId": 83306090120,
    "LocalizeKR": "等等想去吃蜂蜜巧克力芭菲冰淇淋，一起去吗？"
  },
  {
    "GroupId": 83306090120,
    "LocalizeKR": "我要去！"
  },
  {
    "GroupId": 83306090210,
    "LocalizeKR": "[…]"
  },
  {
    "GroupId": 83306090210,
    "LocalizeKR": "（整理一下这里…）"
  },
  {
    "GroupId": 83306090310,
    "LocalizeKR": "[땀]"
  },
  {
    "GroupId": 83306090310,
    "LocalizeKR": "（呼…要整理的量超出预期）"
  },
  {
    "GroupId": 83306090410,
    "LocalizeKR": "（只要清掉这个…）"
  },
  {
    "GroupId": 83306090410,
    "LocalizeKR": "（…很好）"
  },
  {
    "GroupId": 83306090510,
    "LocalizeKR": "要和小日奈玩什么好呢？"
  },
  {
    "GroupId": 83306090520,
    "LocalizeKR": "[음표]"
  },
  {
    "GroupId": 83306090520,
    "LocalizeKR": "和风纪委员长一起回家吗，真令人期待。"
  },
  {
    "GroupId": 83306095110,
    "LocalizeKR": "独自整理应该很吃力…"
  },
  {
    "GroupId": 83306095120,
    "LocalizeKR": "听说小伊吹弄丢了蜡笔。"
  },
  {
    "GroupId": 83306095120,
    "LocalizeKR": "[전구]"
  },
  {
    "GroupId": 83306095120,
    "LocalizeKR": "记得有在讲堂的哪里看到…"
  },
  {
    "GroupId": 83306095210,
    "LocalizeKR": "（贴满了海报呢）"
  },
  {
    "GroupId": 83306095210,
    "LocalizeKR": "[…]"
  },
  {
    "GroupId": 83306095310,
    "LocalizeKR": "（把真琴的脸画得像狐狸一样…）"
  },
  {
    "GroupId": 83306095310,
    "LocalizeKR": "（原来是在讽刺啊）"
  },
  {
    "GroupId": 83306095410,
    "LocalizeKR": "[…]"
  },
  {
    "GroupId": 83306095410,
    "LocalizeKR": "（不知道是不是用强力胶贴的，好难撕下来）"
  },
  {
    "GroupId": 83306095510,
    "LocalizeKR": "[…]"
  },
  {
    "GroupId": 83306095510,
    "LocalizeKR": "（呼，这样应该可以了吧？）"
  },
  {
    "GroupId": 83306095610,
    "LocalizeKR": "[음표]"
  },
  {
    "GroupId": 83306095610,
    "LocalizeKR": "大家一定会很羡慕！"
  },
  {
    "GroupId": 83306100110,
    "LocalizeKR": "[…]"
  },
  {
    "GroupId": 83306100120,
    "LocalizeKR": "我也来学学看钢琴吧…"
  },
  {
    "GroupId": 83306100130,
    "LocalizeKR": "直到最后都不会松懈。"
  },
  {
    "GroupId": 83306100140,
    "LocalizeKR": "今天也是多灾多难的一天。"
  },
  {
    "GroupId": 83306100150,
    "LocalizeKR": "[속상함]"
  },
  {
    "GroupId": 83306100150,
    "LocalizeKR": "唉，竟然要负责善后工作…"
  },
  {
    "GroupId": 83306100160,
    "LocalizeKR": "（那么就开始吧…）"
  },
  {
    "GroupId": 83306100210,
    "LocalizeKR": "[분실물]"
  },
  {
    "GroupId": 83306100220,
    "LocalizeKR": "[!]"
  },
  {
    "GroupId": 83306100220,
    "LocalizeKR": "[음표]"
  },
  {
    "GroupId": 83306100220,
    "LocalizeKR": "啊哈哈！\n被发现了～！"
  },
  {
    "GroupId": 83306100230,
    "LocalizeKR": "啊哈哈！\n被发现了～！"
  },
  {
    "GroupId": 83306100310,
    "LocalizeKR": "（还有绘梨香…）"
  },
  {
    "GroupId": 83306100320,
    "LocalizeKR": "[…]"
  },
  {
    "GroupId": 83306100320,
    "LocalizeKR": "选错藏身处了吗…"
  },
  {
    "GroupId": 83306100330,
    "LocalizeKR": "选错藏身处了吗…"
  },
  {
    "GroupId": 83306100410,
    "LocalizeKR": "[분실물]"
  },
  {
    "GroupId": 83306100410,
    "LocalizeKR": "[…]"
  },
  {
    "GroupId": 83306100411,
    "LocalizeKR": "[분실물]"
  },
  {
    "GroupId": 83306100411,
    "LocalizeKR": "[…]"
  },
  {
    "GroupId": 83306100412,
    "LocalizeKR": "[분실물]"
  },
  {
    "GroupId": 83306100412,
    "LocalizeKR": "[…]"
  },
  {
    "GroupId": 83306100413,
    "LocalizeKR": "[분실물]"
  },
  {
    "GroupId": 83306100413,
    "LocalizeKR": "[…]"
  },
  {
    "GroupId": 83306100414,
    "LocalizeKR": "[분실물]"
  },
  {
    "GroupId": 83306100414,
    "LocalizeKR": "[…]"
  },
  {
    "GroupId": 83306100415,
    "LocalizeKR": "[분실물]"
  },
  {
    "GroupId": 83306100415,
    "LocalizeKR": "[…]"
  },
  {
    "GroupId": 83306100416,
    "LocalizeKR": "[분실물]"
  },
  {
    "GroupId": 83306100416,
    "LocalizeKR": "[…]"
  },
  {
    "GroupId": 83306100417,
    "LocalizeKR": "[분실물]"
  },
  {
    "GroupId": 83306100417,
    "LocalizeKR": "[…]"
  },
  {
    "GroupId": 83306100418,
    "LocalizeKR": "[분실물]"
  },
  {
    "GroupId": 83306100418,
    "LocalizeKR": "[…]"
  },
  {
    "GroupId": 83306100419,
    "LocalizeKR": "[분실물]"
  },
  {
    "GroupId": 83306100419,
    "LocalizeKR": "[…]"
  },
  {
    "GroupId": 83306100710,
    "LocalizeKR": "[분실물]"
  },
  {
    "GroupId": 83306100710,
    "LocalizeKR": "[전구]"
  },
  {
    "GroupId": 83306100720,
    "LocalizeKR": "前辈们！我们下次玩过家家吧！"
  },
  {
    "GroupId": 83306100720,
    "LocalizeKR": "跟伊吹说好了哦～！"
  },
  {
    "GroupId": 83306100720,
    "LocalizeKR": "嗯～！拉钩～！"
  },
  {
    "GroupId": 83306100720,
    "LocalizeKR": "唔，我答应你…"
  },
  {
    "GroupId": 83306100720,
    "LocalizeKR": "[하트]"
  },
  {
    "GroupId": 83306105110,
    "LocalizeKR": "呜呜…\n怎么会这样…！"
  },
  {
    "GroupId": 83306105120,
    "LocalizeKR": "离开前请确认一下有没有遗失物。"
  },
  {
    "GroupId": 83306105130,
    "LocalizeKR": "幸好宴会圆满\n结束了。"
  },
  {
    "GroupId": 83306105140,
    "LocalizeKR": "[…]"
  },
  {
    "GroupId": 83306105140,
    "LocalizeKR": "今天的宴会真的很开心吧？"
  },
  {
    "GroupId": 83306105140,
    "LocalizeKR": "嗯，非常棒。"
  },
  {
    "GroupId": 83306105150,
    "LocalizeKR": "也算是场挺开心的宴会…"
  },
  {
    "GroupId": 83306105160,
    "LocalizeKR": "这有点伤脑筋呢…"
  },
  {
    "GroupId": 83306105160,
    "LocalizeKR": "哎呀～★"
  },
  {
    "GroupId": 83306105160,
    "LocalizeKR": "这个跟那个看起来都好好吃…！"
  },
  {
    "GroupId": 83306105210,
    "LocalizeKR": "[분실물]"
  },
  {
    "GroupId": 83306105210,
    "LocalizeKR": "[…]"
  },
  {
    "GroupId": 83306105220,
    "LocalizeKR": "到底在哪里！"
  },
  {
    "GroupId": 83306105230,
    "LocalizeKR": "好像不在这里～♣"
  },
  {
    "GroupId": 83306105240,
    "LocalizeKR": "嗯，是这边吗…"
  },
  {
    "GroupId": 83306105250,
    "LocalizeKR": "啊啊，肚子好饿！"
  },
  {
    "GroupId": 83306105310,
    "LocalizeKR": "[분실물]"
  },
  {
    "GroupId": 83306105310,
    "LocalizeKR": "（唔嗯，这里好像也没有）"
  },
  {
    "GroupId": 83306105410,
    "LocalizeKR": "[분실물]"
  },
  {
    "GroupId": 83306105410,
    "LocalizeKR": "（这里也空空的）"
  },
  {
    "GroupId": 83306105510,
    "LocalizeKR": "[분실물]"
  },
  {
    "GroupId": 83306105510,
    "LocalizeKR": "[…]"
  },
  {
    "GroupId": 83306105510,
    "LocalizeKR": "（到处都找不到\n餐券…有什么\n办法吗…）"
  },
  {
    "GroupId": 83306105610,
    "LocalizeKR": "谢谢大家帮忙…"
  },
  {
    "GroupId": 83306105610,
    "LocalizeKR": "呵呵，现在来享用美食吧。"
  },
  {
    "GroupId": 83306105610,
    "LocalizeKR": "[음표]"
  },
  {
    "GroupId": 83306105610,
    "LocalizeKR": "哼哼～要从什么开始吃起呢…？"
  },
  {
    "GroupId": 83306105620,
    "LocalizeKR": "谢谢大家帮忙…"
  },
  {
    "GroupId": 83306500110,
    "LocalizeKR": "（嗯嗯…）"
  },
  {
    "GroupId": 83306500110,
    "LocalizeKR": "（今天用这份乐谱练习…）"
  },
  {
    "GroupId": 83306600110,
    "LocalizeKR": "[…]"
  },
  {
    "GroupId": 83306600110,
    "LocalizeKR": "（最近来这里的时光都很开心）"
  },
  {
    "GroupId": 83306700110,
    "LocalizeKR": "（今天的练习也很令人期待…）"
  },
  {
    "GroupId": 83306700110,
    "LocalizeKR": "[음표]"
  },
  {
    "GroupId": 83306800110,
    "LocalizeKR": "（把身体交付给旋律…）"
  },
  {
    "GroupId": 83306800110,
    "LocalizeKR": "（原来是这么开心的事啊）"
  },
  {
    "GroupId": 83306900110,
    "LocalizeKR": "（不知道老师喜欢什么样的曲子？）"
  },
  {
    "GroupId": 83306900110,
    "LocalizeKR": "（之后要不要用桃信问问看呢…）"
  },
  {
    "GroupId": 83399000000,
    "LocalizeKR": "[속상함]"
  },
  {
    "GroupId": 83399000001,
    "LocalizeKR": "[?]"
  },
  {
    "GroupId": 83399000002,
    "LocalizeKR": "[전구]"
  },
  {
    "GroupId": 83399000003,
    "LocalizeKR": "[음표]"
  },
  {
    "GroupId": 83399000004,
    "LocalizeKR": "[하트]"
  },
  {
    "GroupId": 83399000005,
    "LocalizeKR": "[!]"
  },
  {
    "GroupId": 83399000006,
    "LocalizeKR": "[…]"
  },
  {
    "GroupId": 83399000010,
    "LocalizeKR": "（还有事要做）"
  },
  {
    "GroupId": 83399000011,
    "LocalizeKR": "（不能去这个地方）"
  },
  {
    "GroupId": 83399000020,
    "LocalizeKR": "[음표]"
  },
  {
    "GroupId": 83399000021,
    "LocalizeKR": "[속상함]"
  },
  {
    "GroupId": 83399000022,
    "LocalizeKR": "[빠직]"
  },
  {
    "GroupId": 83399000023,
    "LocalizeKR": "[…]"
  },
  {
    "GroupId": 83399000024,
    "LocalizeKR": "[!]"
  },
  {
    "GroupId": 83399000025,
    "LocalizeKR": "[?]"
  },
  {
    "GroupId": 83399000026,
    "LocalizeKR": "[?!]"
  },
  {
    "GroupId": 83399000027,
    "LocalizeKR": "[전구]"
  },
  {
    "GroupId": 83399000028,
    "LocalizeKR": "[하트]"
  },
  {
    "GroupId": 83399000029,
    "LocalizeKR": "[땀]"
  },
  {
    "GroupId": 83399000030,
    "LocalizeKR": "[모모톡]"
  },
  {
    "GroupId": 83399000031,
    "LocalizeKR": "[전화]"
  },
  {
    "GroupId": 83399000032,
    "LocalizeKR": "[키워드]"
  },
  {
    "GroupId": 83399000033,
    "LocalizeKR": "[분실물]"
  },
  {
    "GroupId": 83399000034,
    "LocalizeKR": "[음표]"
  },
  {
    "GroupId": 83399000034,
    "LocalizeKR": "[하트]"
  },
  {
    "GroupId": 83399000035,
    "LocalizeKR": "[빠직]"
  },
  {
    "GroupId": 83399000035,
    "LocalizeKR": "[음표]"
  },
  {
    "GroupId": 83399000035,
    "LocalizeKR": "[땀]"
  },
  {
    "GroupId": 83399000036,
    "LocalizeKR": "[음표]"
  },
  {
    "GroupId": 83399000036,
    "LocalizeKR": "[속상함]"
  },
  {
    "GroupId": 83399000037,
    "LocalizeKR": "[전구]"
  },
  {
    "GroupId": 83399000037,
    "LocalizeKR": "[음표]"
  },
  {
    "GroupId": 1,
    "LocalizeKR": "다이얼로그 테스트. 페이즈 0. 타겟 0"
  },
  {
    "GroupId": 1,
    "LocalizeKR": "다이얼로그 테스트. 페이즈 1. 타겟 1"
  },
  {
    "GroupId": 1,
    "LocalizeKR": "다이얼로그 테스트. 페이즈 2. 타겟 2"
  },
  {
    "GroupId": 1,
    "LocalizeKR": "다이얼로그 테스트. 페이즈 3. 타겟 0"
  },
  {
    "GroupId": 1,
    "LocalizeKR": "다이얼로그 테스트. 페이즈 3. 타겟 1"
  },
  {
    "GroupId": 1,
    "LocalizeKR": "다이얼로그 테스트. 페이즈 3. 타겟 2"
  },
  {
    "GroupId": 1,
    "LocalizeKR": ""
  },
  {
    "GroupId": 1,
    "LocalizeKR": ""
  },
  {
    "GroupId": 1,
    "LocalizeKR": ""
  },
  {
    "GroupId": 1,
    "LocalizeKR": "다이얼로그 테스트 끝"
  },
  {
    "GroupId": 2,
    "LocalizeKR": "다이얼로그 테스트. 페이즈 0. 타겟 0"
  },
  {
    "GroupId": 2,
    "LocalizeKR": "다이얼로그 테스트. 페이즈 1. 타겟 1"
  },
  {
    "GroupId": 2,
    "LocalizeKR": "다이얼로그 테스트. 페이즈 2. 타겟 2"
  },
  {
    "GroupId": 2,
    "LocalizeKR": "다이얼로그 테스트. 페이즈 3. 타겟 0"
  },
  {
    "GroupId": 2,
    "LocalizeKR": "다이얼로그 테스트. 페이즈 3. 타겟 1"
  },
  {
    "GroupId": 2,
    "LocalizeKR": "다이얼로그 테스트. 페이즈 3. 타겟 2"
  },
  {
    "GroupId": 83399901,
    "LocalizeKR": ""
  },
  {
    "GroupId": 84300100110,
    "LocalizeKR": "별 일 없어야 할텐데…"
  },
  {
    "GroupId": 84300100110,
    "LocalizeKR": "응, 좋은 느낌이 들어!"
  },
  {
    "GroupId": 84300100120,
    "LocalizeKR": "여기가 밀레니엄 학원…"
  },
  {
    "GroupId": 84300100120,
    "LocalizeKR": "과연. 트리니티 학원과는 느낌이 다르네요!"
  },
  {
    "GroupId": 84300100121,
    "LocalizeKR": "으음…"
  },
  {
    "GroupId": 84300100122,
    "LocalizeKR": "환영하는 분위기… 일까나?"
  },
  {
    "GroupId": 84300100130,
    "LocalizeKR": "쟤가 그 티파티의 아가씨?"
  },
  {
    "GroupId": 84300100130,
    "LocalizeKR": "몸이 안좋다고 들었는데… 괜찮나 봐?"
  },
  {
    "GroupId": 84300100140,
    "LocalizeKR": "[!]"
  },
  {
    "GroupId": 84300100140,
    "LocalizeKR": "[땀]"
  },
  {
    "GroupId": 84300100150,
    "LocalizeKR": "[음표]"
  },
  {
    "GroupId": 84300100150,
    "LocalizeKR": "[속상함]"
  },
  {
    "GroupId": 84300100210,
    "LocalizeKR": "어라……. 선생님은?"
  },
  {
    "GroupId": 84300100210,
    "LocalizeKR": "……사람들이 너무 많아 놓쳐버린 것 같군요."
  },
  {
    "GroupId": 84300100210,
    "LocalizeKR": "우선 저분들께 말씀드려 볼까요."
  },
  {
    "GroupId": 84300100410,
    "LocalizeKR": "[?]"
  },
  {
    "GroupId": 84300100410,
    "LocalizeKR": "뭐였죠, 방금……?"
  },
  {
    "GroupId": 84300100410,
    "LocalizeKR": "잠시만 확인해 보도록 할까요."
  },
  {
    "GroupId": 84300200110,
    "LocalizeKR": "(잘 안 들리는데, 더 가까이 가보면…)"
  },
  {
    "GroupId": 84300200110,
    "LocalizeKR": "(뭔가 몸을 감출 만한 것이 없을까요.)"
  },
  {
    "GroupId": 84300200120,
    "LocalizeKR": "음… 역사에 남을 발명품을 만들고 싶은데…"
  },
  {
    "GroupId": 84300200120,
    "LocalizeKR": "예를 들면, 아방가르드군 같은 거?"
  },
  {
    "GroupId": 84300200130,
    "LocalizeKR": "음음. 심오한 조각상이군."
  },
  {
    "GroupId": 84300200140,
    "LocalizeKR": "과연… 이쪽이 취약하겠어."
  },
  {
    "GroupId": 84300200141,
    "LocalizeKR": "[땀]"
  },
  {
    "GroupId": 84300200141,
    "LocalizeKR": "뭘 연구하고 있는 거야?"
  },
  {
    "GroupId": 84300200150,
    "LocalizeKR": "… … …."
  },
  {
    "GroupId": 84300200150,
    "LocalizeKR": "…… …."
  },
  {
    "GroupId": 84300200210,
    "LocalizeKR": "(으음……. 이건 좀…….)"
  },
  {
    "GroupId": 84300200210,
    "LocalizeKR": "(다른 걸 찾아보죠.)"
  },
  {
    "GroupId": 84300200310,
    "LocalizeKR": "(살짝 부족하네요.)"
  },
  {
    "GroupId": 84300200310,
    "LocalizeKR": "[전구]"
  },
  {
    "GroupId": 84300200310,
    "LocalizeKR": "(……저거라면 괜찮겠어요.)"
  },
  {
    "GroupId": 84300200410,
    "LocalizeKR": "(훌륭하네요. 이거라면 되겠어요.)"
  },
  {
    "GroupId": 84300200410,
    "LocalizeKR": "(그럼 더 가까이 다가가 보도록 할까요.)"
  },
  {
    "GroupId": 84300300110,
    "LocalizeKR": "(이곳은……?)"
  },
  {
    "GroupId": 84300300110,
    "LocalizeKR": "(은신처로 사용 중인 것 같군요.)"
  },
  {
    "GroupId": 84300300120,
    "LocalizeKR": "[…]"
  },
  {
    "GroupId": 84300300120,
    "LocalizeKR": "쳇. 귀찮은 일에 휘말렸네."
  },
  {
    "GroupId": 84300300310,
    "LocalizeKR": "밀레니엄 엑스포의 파국?"
  },
  {
    "GroupId": 84300300310,
    "LocalizeKR": "녀석들… 꽤나 큰 꿈을 꾸고 있었잖아?"
  },
  {
    "GroupId": 84300300310,
    "LocalizeKR": "[…]"
  },
  {
    "GroupId": 84300300310,
    "LocalizeKR": "과연, 그런 거였나……"
  },
  {
    "GroupId": 84300300610,
    "LocalizeKR": "(행사장과 그 주변을 자연스레 조사하기 위해선…)"
  },
  {
    "GroupId": 84300300610,
    "LocalizeKR": "(우선은 자연스럽게 대열에 합류해야겠네요.)"
  },
  {
    "GroupId": 84300300620,
    "LocalizeKR": "이번 작전은 <양동이 작전>이야."
  },
  {
    "GroupId": 84300300620,
    "LocalizeKR": "[땀]"
  },
  {
    "GroupId": 84301100110,
    "LocalizeKR": "(지금부터 어디로 가는 게 좋을까요.)"
  },
  {
    "GroupId": 84301100110,
    "LocalizeKR": "[…]"
  },
  {
    "GroupId": 84301100110,
    "LocalizeKR": "……직접 여쭤보는 게 빠르겠군요."
  },
  {
    "GroupId": 84301100120,
    "LocalizeKR": "쉽지 않네."
  },
  {
    "GroupId": 84301100120,
    "LocalizeKR": "으음… 어쩐지 미묘한 기분인데."
  },
  {
    "GroupId": 84301100130,
    "LocalizeKR": "[속상함]"
  },
  {
    "GroupId": 84301100130,
    "LocalizeKR": "으으… 이번에도 예산이 깎여버리면…"
  },
  {
    "GroupId": 84301100140,
    "LocalizeKR": "큭큭… 굉장한 아이디어가 떠올랐어."
  },
  {
    "GroupId": 84301100150,
    "LocalizeKR": "오오! 제법 귀여운데?"
  },
  {
    "GroupId": 84301100150,
    "LocalizeKR": "큭! 밀레니엄에는 이렇게 귀여운 로봇이 잔뜩…!"
  },
  {
    "GroupId": 84301100150,
    "LocalizeKR": "[하트]"
  },
  {
    "GroupId": 84301100160,
    "LocalizeKR": "[음표]"
  },
  {
    "GroupId": 84301100160,
    "LocalizeKR": "[전구]"
  },
  {
    "GroupId": 84301100160,
    "LocalizeKR": "[재잘]"
  },
  {
    "GroupId": 84301100170,
    "LocalizeKR": "[!]"
  },
  {
    "GroupId": 84301100170,
    "LocalizeKR": "[재잘]"
  },
  {
    "GroupId": 84301100170,
    "LocalizeKR": "[?]"
  },
  {
    "GroupId": 84301100180,
    "LocalizeKR": "[모모톡]"
  },
  {
    "GroupId": 84301100180,
    "LocalizeKR": "[속상함]"
  },
  {
    "GroupId": 84301100190,
    "LocalizeKR": "[재잘]"
  },
  {
    "GroupId": 84301100190,
    "LocalizeKR": "[음표]"
  },
  {
    "GroupId": 84301100190,
    "LocalizeKR": "[음표]"
  },
  {
    "GroupId": 84301100310,
    "LocalizeKR": "일반 학생 분들이 많이 계실만한 곳……."
  },
  {
    "GroupId": 84301100310,
    "LocalizeKR": "……역시 <교실>이려나요."
  },
  {
    "GroupId": 84301200110,
    "LocalizeKR": "(이곳이 밀레니엄의 교실…….)"
  },
  {
    "GroupId": 84301200110,
    "LocalizeKR": "(저희 학교와는 분위기가 사뭇 다르군요.)"
  },
  {
    "GroupId": 84301200120,
    "LocalizeKR": "뭔가 평소보다 더 시끄럽지 않아?"
  },
  {
    "GroupId": 84301200130,
    "LocalizeKR": "SNS에 재미있는 게 많이 올라오네."
  },
  {
    "GroupId": 84301200140,
    "LocalizeKR": "오늘은 또 무슨 일이 일어날까~"
  },
  {
    "GroupId": 84301200140,
    "LocalizeKR": "[땀]"
  },
  {
    "GroupId": 84301200140,
    "LocalizeKR": "수업이 전혀 되질 않아……"
  },
  {
    "GroupId": 84301200150,
    "LocalizeKR": "나도 구경이나 다닐까?"
  },
  {
    "GroupId": 84301200160,
    "LocalizeKR": "여기, 꽤 귀여운 게 많아 보여."
  },
  {
    "GroupId": 84301200160,
    "LocalizeKR": "모두에게서 열정이 느껴지는 곳……!"
  },
  {
    "GroupId": 84301200160,
    "LocalizeKR": "왜 벌써 피곤하지……? 당분 부족?"
  },
  {
    "GroupId": 84301200160,
    "LocalizeKR": "꽤 정신사나운 곳이었네."
  },
  {
    "GroupId": 84301200210,
    "LocalizeKR": "엑스포 기간에 문제가 생길 만한 곳?"
  },
  {
    "GroupId": 84301200210,
    "LocalizeKR": "한두 곳이 아닐 것 같은데……"
  },
  {
    "GroupId": 84301200210,
    "LocalizeKR": "(비슷한 반응이로군요.)"
  },
  {
    "GroupId": 84301200310,
    "LocalizeKR": "불안한 곳?"
  },
  {
    "GroupId": 84301200310,
    "LocalizeKR": "사건 사고가 일어날 곳……?"
  },
  {
    "GroupId": 84301200310,
    "LocalizeKR": "[…]"
  },
  {
    "GroupId": 84301200310,
    "LocalizeKR": "……우리 학교 전체? 하하하!"
  },
  {
    "GroupId": 84301200310,
    "LocalizeKR": "[땀]"
  },
  {
    "GroupId": 84301200310,
    "LocalizeKR": "그, 그렇군요……."
  },
  {
    "GroupId": 84301200390,
    "LocalizeKR": "(이래서야 끝이 없겠네요.)"
  },
  {
    "GroupId": 84301200390,
    "LocalizeKR": "(안 되겠어요. 직접 찾는 수밖에……)"
  },
  {
    "GroupId": 84301300110,
    "LocalizeKR": "다들 그다지 놀라지도 않는 것 같고…"
  },
  {
    "GroupId": 84301300110,
    "LocalizeKR": "밀레니엄에선 흔한 일인가 보군요."
  },
  {
    "GroupId": 84301300120,
    "LocalizeKR": "깜짝 놀랐어……"
  },
  {
    "GroupId": 84301300120,
    "LocalizeKR": "거대 메카 악어라니, SO HOT…….!"
  },
  {
    "GroupId": 84301300120,
    "LocalizeKR": "진짜 별의 별 게 다 있구나, 여기는."
  },
  {
    "GroupId": 84301300120,
    "LocalizeKR": "괜찮은 거야, 이 학교?"
  },
  {
    "GroupId": 84301300210,
    "LocalizeKR": "(엔지니어부라……)"
  },
  {
    "GroupId": 84301300210,
    "LocalizeKR": "[…]"
  },
  {
    "GroupId": 84301300210,
    "LocalizeKR": "(기우라면 좋을텐데 말이죠…)"
  },
  {
    "GroupId": 84301300220,
    "LocalizeKR": "하아. 이런 실수를…"
  },
  {
    "GroupId": 84301300220,
    "LocalizeKR": "하하핫! 직접 보고 싶었는데."
  },
  {
    "GroupId": 84301400110,
    "LocalizeKR": "아하하핫! 재밌었어."
  },
  {
    "GroupId": 84301400110,
    "LocalizeKR": "또 이런 사고를…"
  },
  {
    "GroupId": 84301400110,
    "LocalizeKR": "아아, 한 번만 봐달라고."
  },
  {
    "GroupId": 84301400120,
    "LocalizeKR": "으아아아! 안돼!"
  },
  {
    "GroupId": 84301400120,
    "LocalizeKR": "시즌 387호 아방가르드군이…!"
  },
  {
    "GroupId": 84301400120,
    "LocalizeKR": "[땀]"
  },
  {
    "GroupId": 84301400130,
    "LocalizeKR": "[전구]"
  },
  {
    "GroupId": 84301400130,
    "LocalizeKR": "[땀]"
  },
  {
    "GroupId": 84301400140,
    "LocalizeKR": "으으… 엔지니어부 녀석들은 매번…"
  },
  {
    "GroupId": 84301400150,
    "LocalizeKR": "젠장, 이런 걸 봐버린 이상…!"
  },
  {
    "GroupId": 84301400310,
    "LocalizeKR": "(아방가르드군 쪽으로 가보죠.)"
  },
  {
    "GroupId": 84301400410,
    "LocalizeKR": "(……? 저건?)"
  },
  {
    "GroupId": 84301400410,
    "LocalizeKR": "(뭔가 있네요.)"
  },
  {
    "GroupId": 84301400510,
    "LocalizeKR": "(아방가르드군 안에 들어있던 기계 같네요.)"
  },
  {
    "GroupId": 84301400510,
    "LocalizeKR": "(하지만 저로선 뭔지 알 길이…….)"
  },
  {
    "GroupId": 84301400520,
    "LocalizeKR": "(로봇 강아지?)"
  },
  {
    "GroupId": 84301400520,
    "LocalizeKR": "(혹시……?)"
  },
  {
    "GroupId": 84301500110,
    "LocalizeKR": "……"
  },
  {
    "GroupId": 84301500310,
    "LocalizeKR": "(……변했다?)"
  },
  {
    "GroupId": 84301500310,
    "LocalizeKR": "(제가…… 말인가요.)"
  },
  {
    "GroupId": 84302100110,
    "LocalizeKR": "……"
  },
  {
    "GroupId": 84302100310,
    "LocalizeKR": "이게 그 <보안키>라는 건가."
  },
  {
    "GroupId": 84302100310,
    "LocalizeKR": "으음……."
  },
  {
    "GroupId": 84302100410,
    "LocalizeKR": "이건가. 그럼 준비는 다됐고……"
  },
  {
    "GroupId": 84302100410,
    "LocalizeKR": "슬슬 데이터 센터로 가볼까."
  },
  {
    "GroupId": 84302300110,
    "LocalizeKR": "역시 C&C의 리더다운 행동력이군요."
  },
  {
    "GroupId": 84302300110,
    "LocalizeKR": "…늦었어."
  },
  {
    "GroupId": 84302300310,
    "LocalizeKR": "하, 재미있어졌잖아."
  },
  {
    "GroupId": 84302300310,
    "LocalizeKR": "뭐 하는 녀석들인진 몰라도……"
  },
  {
    "GroupId": 84302300310,
    "LocalizeKR": "어디 한 번 해보자고."
  },
  {
    "GroupId": 84302300320,
    "LocalizeKR": "……"
  },
  {
    "GroupId": 84302300320,
    "LocalizeKR": "무서운 음모가 벌어지고 있었네요…"
  },
  {
    "GroupId": 84303100110,
    "LocalizeKR": "[…]"
  },
  {
    "GroupId": 84303100110,
    "LocalizeKR": "리오가 옳아요."
  },
  {
    "GroupId": 84303100110,
    "LocalizeKR": "계속해서 비슷한 실수를……."
  },
  {
    "GroupId": 84303100120,
    "LocalizeKR": "[!]"
  },
  {
    "GroupId": 84303100120,
    "LocalizeKR": "어, 저기 있다!"
  },
  {
    "GroupId": 84303100130,
    "LocalizeKR": "지금이라도 경호를 붙어야 할까…"
  },
  {
    "GroupId": 84303100130,
    "LocalizeKR": "뭐, 별일 없지 않을까!"
  },
  {
    "GroupId": 84303100210,
    "LocalizeKR": "(방금 헤어진 참인데 갑자기 연락이라니.)"
  },
  {
    "GroupId": 84303100210,
    "LocalizeKR": "(일단 조용한 곳으로 이동해야겠어요.)"
  },
  {
    "GroupId": 84303200110,
    "LocalizeKR": "(여기가 게임개발부실……)"
  },
  {
    "GroupId": 84303200110,
    "LocalizeKR": "(어쩐지 조용한 느낌인데요.)"
  },
  {
    "GroupId": 84303200110,
    "LocalizeKR": "(일단은… 게임개발부 부원을 찾아볼까요.)"
  },
  {
    "GroupId": 84303200120,
    "LocalizeKR": "[음표]"
  },
  {
    "GroupId": 84303200120,
    "LocalizeKR": "좋은 결과가 있을 것입니다!"
  },
  {
    "GroupId": 84303300110,
    "LocalizeKR": "(사람들이 굉장히 많군요.)"
  },
  {
    "GroupId": 84303300110,
    "LocalizeKR": "(…일단은 아리스 씨와 합류해야겠네요.)"
  },
  {
    "GroupId": 84303300120,
    "LocalizeKR": "[음표]"
  },
  {
    "GroupId": 84303300120,
    "LocalizeKR": "이 기회에 예산을 잔뜩 따는 거야!"
  },
  {
    "GroupId": 84303300130,
    "LocalizeKR": "많이들 와서 즐겨주세요!"
  },
  {
    "GroupId": 84303300140,
    "LocalizeKR": "아리스도 두근두근합니다!"
  },
  {
    "GroupId": 84303300150,
    "LocalizeKR": "[음표]"
  },
  {
    "GroupId": 84303300160,
    "LocalizeKR": "[전구]"
  },
  {
    "GroupId": 84303300170,
    "LocalizeKR": "[재잘]"
  },
  {
    "GroupId": 84303300170,
    "LocalizeKR": "[재잘]"
  },
  {
    "GroupId": 84303300185,
    "LocalizeKR": "여기서 게임을 체험할 수 있다는 거지?"
  },
  {
    "GroupId": 84303300185,
    "LocalizeKR": "음… 불안한데…"
  },
  {
    "GroupId": 84303300185,
    "LocalizeKR": "[음표]"
  },
  {
    "GroupId": 84303300185,
    "LocalizeKR": "드디어 대작 한번 나오나?"
  },
  {
    "GroupId": 84303300185,
    "LocalizeKR": "[재잘]"
  },
  {
    "GroupId": 84303300185,
    "LocalizeKR": "[!]"
  },
  {
    "GroupId": 84303300185,
    "LocalizeKR": "기대된다, 기대돼!"
  },
  {
    "GroupId": 84303300185,
    "LocalizeKR": "[하트]"
  },
  {
    "GroupId": 84303300210,
    "LocalizeKR": "[땀]"
  },
  {
    "GroupId": 84303300210,
    "LocalizeKR": "(이것 또한 조사……라 할 수 있겠죠.)"
  },
  {
    "GroupId": 84303300310,
    "LocalizeKR": "(겉보기에는 평범해 보이는데……)"
  },
  {
    "GroupId": 84303300310,
    "LocalizeKR": "(그래도 리오의 말입니다. 뭔가 있겠죠.)"
  },
  {
    "GroupId": 84303300410,
    "LocalizeKR": "뭐, 뭐였죠 방금……?"
  },
  {
    "GroupId": 84303300410,
    "LocalizeKR": "이, 이게…… 게임?"
  },
  {
    "GroupId": 84303300410,
    "LocalizeKR": "……뭔가 이상해요."
  },
  {
    "GroupId": 84303300410,
    "LocalizeKR": "……한 번 여쭤봐야겠군요."
  },
  {
    "GroupId": 84303300610,
    "LocalizeKR": "이딴 게 게임이냐!"
  },
  {
    "GroupId": 84303300610,
    "LocalizeKR": "뭐 인마?"
  },
  {
    "GroupId": 84303300620,
    "LocalizeKR": "[빠직]"
  },
  {
    "GroupId": 84303300620,
    "LocalizeKR": "[빠직]"
  },
  {
    "GroupId": 84303300630,
    "LocalizeKR": "내 인생 최악의 게임이었어…"
  },
  {
    "GroupId": 84303300630,
    "LocalizeKR": "말이 너무 심한 거 아니야?"
  },
  {
    "GroupId": 84303300640,
    "LocalizeKR": "으아아, 어떡하지?"
  },
  {
    "GroupId": 84303300641,
    "LocalizeKR": "크, 큰일인데… 어떡하지?"
  },
  {
    "GroupId": 84303300650,
    "LocalizeKR": "으아아아! 대위기입니다!"
  },
  {
    "GroupId": 84303300710,
    "LocalizeKR": "여러분, 진정하세요."
  },
  {
    "GroupId": 84303300711,
    "LocalizeKR": "학우 분도 멈춰 주세요. 이건 티파티의 명입니다."
  },
  {
    "GroupId": 84303300910,
    "LocalizeKR": "지금의 감정은 정상적인 상태가 아니에요."
  },
  {
    "GroupId": 84303300910,
    "LocalizeKR": "잠시 숨을 고르고, 조금 있다 다시 말씀하시죠."
  },
  {
    "GroupId": 84303301010,
    "LocalizeKR": "(분명 그녀라면 이 게임을 분석할 수 있겠죠.)"
  },
  {
    "GroupId": 84303301010,
    "LocalizeKR": "(……은신처로 돌아가야겠어요.)"
  },
  {
    "GroupId": 84303301045,
    "LocalizeKR": "이번에는 참고 넘어갈 테니까."
  },
  {
    "GroupId": 84303301045,
    "LocalizeKR": "……??? 누가 할 소릴?"
  },
  {
    "GroupId": 84303301045,
    "LocalizeKR": "[…]"
  },
  {
    "GroupId": 84303301045,
    "LocalizeKR": "[속상함]"
  },
  {
    "GroupId": 84303301045,
    "LocalizeKR": "[속상함]"
  },
  {
    "GroupId": 84303301045,
    "LocalizeKR": "[빠직]"
  },
  {
    "GroupId": 84303301050,
    "LocalizeKR": "겨, 겨우 진정됐다…"
  },
  {
    "GroupId": 84303301050,
    "LocalizeKR": "정말 다행입니다……"
  },
  {
    "GroupId": 84303301055,
    "LocalizeKR": "하아…… 큰일 날뻔했어."
  },
  {
    "GroupId": 84303400110,
    "LocalizeKR": "흐음…"
  },
  {
    "GroupId": 84303400210,
    "LocalizeKR": "(여러 의미로 굉장한 게임이었네요.)"
  },
  {
    "GroupId": 84303400210,
    "LocalizeKR": "(리오가 게임을 추가로 분석하는 동안……)"
  },
  {
    "GroupId": 84303400210,
    "LocalizeKR": "(잠시 기다리도록 하죠.)"
  },
  {
    "GroupId": 84304100110,
    "LocalizeKR": "하…… 아직도 분이 안 풀리네."
  },
  {
    "GroupId": 84304100110,
    "LocalizeKR": "[…]"
  },
  {
    "GroupId": 84304100110,
    "LocalizeKR": "그래도 일은 해야겠지."
  },
  {
    "GroupId": 84304100120,
    "LocalizeKR": "여기는 사람이 별로 없네?"
  },
  {
    "GroupId": 84304100130,
    "LocalizeKR": "오늘은 상체 운동을 가볍게…"
  },
  {
    "GroupId": 84304100140,
    "LocalizeKR": "대단해요, 하스미 선배!"
  },
  {
    "GroupId": 84304100140,
    "LocalizeKR": "너무 그렇게 보지 말아줘…"
  },
  {
    "GroupId": 84304100210,
    "LocalizeKR": "여기는 딱히 수상한 점이 안 보이는데…"
  },
  {
    "GroupId": 84304100310,
    "LocalizeKR": "으음, 여기도 문제는 없어 보이네."
  },
  {
    "GroupId": 84304100310,
    "LocalizeKR": "어쩐다… 차라리 물어봐야 하나?"
  },
  {
    "GroupId": 84304100610,
    "LocalizeKR": "녀석들이 분명해."
  },
  {
    "GroupId": 84304100610,
    "LocalizeKR": "좋아, 이번에는 놓치지 않는다고."
  },
  {
    "GroupId": 84304100620,
    "LocalizeKR": "크, 큰일 날뻔했어요…"
  },
  {
    "GroupId": 84304100620,
    "LocalizeKR": "[땀]"
  },
  {
    "GroupId": 84304200110,
    "LocalizeKR": "[속상함]"
  },
  {
    "GroupId": 84304200110,
    "LocalizeKR": "으으… 때린 데를 또 때리다니…"
  },
  {
    "GroupId": 84304200110,
    "LocalizeKR": "나, 나는 아무 것도 몰라!"
  },
  {
    "GroupId": 84304300110,
    "LocalizeKR": "……."
  },
  {
    "GroupId": 84304300110,
    "LocalizeKR": "설마했는데, 정말로 흑막이 있었군요…"
  },
  {
    "GroupId": 84305100110,
    "LocalizeKR": "준비라……"
  },
  {
    "GroupId": 84305100110,
    "LocalizeKR": "이번에도 '그걸' 챙겨볼까요."
  },
  {
    "GroupId": 84305100120,
    "LocalizeKR": "……."
  },
  {
    "GroupId": 84305100120,
    "LocalizeKR": "다치면 곤란해."
  },
  {
    "GroupId": 84305100120,
    "LocalizeKR": "준비를 철저히 해야 할 거야."
  },
  {
    "GroupId": 84305300110,
    "LocalizeKR": "[…]"
  },
  {
    "GroupId": 84305300130,
    "LocalizeKR": "지금 저쪽으로 가선 안 돼…!"
  },
  {
    "GroupId": 84305300180,
    "LocalizeKR": "[땀]"
  },
  {
    "GroupId": 84305300180,
    "LocalizeKR": "가, 갑자기 이게 무슨…"
  },
  {
    "GroupId": 84305300180,
    "LocalizeKR": "스, 습격이라고?"
  },
  {
    "GroupId": 84305300180,
    "LocalizeKR": "그럼 우리는 어떻게 되는 거야?"
  },
  {
    "GroupId": 84305300180,
    "LocalizeKR": "아직 잔금이 남았는데…!"
  },
  {
    "GroupId": 84305300210,
    "LocalizeKR": "조금만 기다려 봐."
  },
  {
    "GroupId": 84305300210,
    "LocalizeKR": "재밌는 걸 볼 수 있을 테니."
  },
  {
    "GroupId": 84305300210,
    "LocalizeKR": "지금쯤이면… 시작했으려나."
  },
  {
    "GroupId": 84305400110,
    "LocalizeKR": "후우……"
  },
  {
    "GroupId": 84305400110,
    "LocalizeKR": "(굉장히 길게 느껴진 하루였네요.)"
  },
  {
    "GroupId": 84305400110,
    "LocalizeKR": "(마지막으로 상황을 정리하죠.)"
  },
  {
    "GroupId": 84305400120,
    "LocalizeKR": "[…]"
  },
  {
    "GroupId": 84305400120,
    "LocalizeKR": "[음표]"
  },
  {
    "GroupId": 84306100110,
    "LocalizeKR": "(생각보다 빠른 호출……)"
  },
  {
    "GroupId": 84306100110,
    "LocalizeKR": "(뭔가 찾아냈나 보군요.)"
  },
  {
    "GroupId": 84306100120,
    "LocalizeKR": "[…]"
  },
  {
    "GroupId": 84306100120,
    "LocalizeKR": "왔구나."
  },
  {
    "GroupId": 84306100510,
    "LocalizeKR": "[…]"
  },
  {
    "GroupId": 84306100510,
    "LocalizeKR": "갑자기 전시 물품이 사라졌으니…"
  },
  {
    "GroupId": 84306100510,
    "LocalizeKR": "출품자가 찾고 있진 않을까 걱정이네요."
  },
  {
    "GroupId": 84306100520,
    "LocalizeKR": "아직은 시킬 일이 없어."
  },
  {
    "GroupId": 84306100520,
    "LocalizeKR": "오늘은 이만 쉬도록 해."
  },
  {
    "GroupId": 84306100530,
    "LocalizeKR": "키가 크게 해주는 기술이라고?"
  },
  {
    "GroupId": 84306100530,
    "LocalizeKR": "…천잰데? 안정화는 어떻게 해결했지?"
  },
  {
    "GroupId": 84306100530,
    "LocalizeKR": "[속상함]"
  },
  {
    "GroupId": 84306100530,
    "LocalizeKR": "어디로 사라졌을까."
  },
  {
    "GroupId": 84306100530,
    "LocalizeKR": "힘들게 제작한 물건인데…"
  },
  {
    "GroupId": 84306100550,
    "LocalizeKR": "그, 부분은 아직 우리도 잘……"
  },
  {
    "GroupId": 84306100550,
    "LocalizeKR": "설명이 안 되시는 건가요? 같이 알아보죠!"
  },
  {
    "GroupId": 84306100560,
    "LocalizeKR": "히비키! 이 부분을 잘 모르겠는데…"
  },
  {
    "GroupId": 84306100560,
    "LocalizeKR": "그 부분은 그러니까…"
  },
  {
    "GroupId": 84307100110,
    "LocalizeKR": "후…… 뭐가 이리 일이 많냐."
  },
  {
    "GroupId": 84307100110,
    "LocalizeKR": "어이, 언니 왔다-."
  },
  {
    "GroupId": 84307100210,
    "LocalizeKR": "[…]"
  },
  {
    "GroupId": 84307100210,
    "LocalizeKR": "은밀하게. 알았지?"
  },
  {
    "GroupId": 84307100410,
    "LocalizeKR": "[속상함]"
  },
  {
    "GroupId": 84307100410,
    "LocalizeKR": "주황머리 녀석한테 리더가 잡혀가다니…"
  },
  {
    "GroupId": 84307100410,
    "LocalizeKR": "우린 이제 어떡하지?"
  },
  {
    "GroupId": 84307100410,
    "LocalizeKR": "가만… 리더를 새로 뽑으면 되잖아?"
  },
  {
    "GroupId": 84307100410,
    "LocalizeKR": "[!]"
  },
  {
    "GroupId": 84307100410,
    "LocalizeKR": "오! 천잰데?"
  },
  {
    "GroupId": 84307100590,
    "LocalizeKR": "[모모톡]"
  },
  {
    "GroupId": 84307100590,
    "LocalizeKR": "…아스나?"
  },
  {
    "GroupId": 84308100110,
    "LocalizeKR": "어서 와."
  },
  {
    "GroupId": 84308100110,
    "LocalizeKR": "하아… 정신없네."
  },
  {
    "GroupId": 84308100310,
    "LocalizeKR": "[…]"
  },
  {
    "GroupId": 84308100310,
    "LocalizeKR": "게임개발부의 헤프닝이었다니…"
  },
  {
    "GroupId": 84308100310,
    "LocalizeKR": "그래도 큰일이 아니라 다행이네요."
  },
  {
    "GroupId": 84308100410,
    "LocalizeKR": "완벽한 수행이었어."
  },
  {
    "GroupId": 84308100410,
    "LocalizeKR": "오늘은 여기까지야. 수고 많았어."
  },
  {
    "GroupId": 84308100420,
    "LocalizeKR": "[빠직]"
  },
  {
    "GroupId": 84308100420,
    "LocalizeKR": "에, 에헤헤…"
  },
  {
    "GroupId": 84308100420,
    "LocalizeKR": "웃을 일이 아니잖아…!"
  },
  {
    "GroupId": 84308100420,
    "LocalizeKR": "아리스는 업데이트에 성공했습니다!"
  },
  {
    "GroupId": 84308100420,
    "LocalizeKR": "[땀]"
  },
  {
    "GroupId": 84309100110,
    "LocalizeKR": "왔어?"
  },
  {
    "GroupId": 84309100110,
    "LocalizeKR": "[속상함]"
  },
  {
    "GroupId": 84309100310,
    "LocalizeKR": "후우, 어떻게 잘 마무리 됐네요."
  },
  {
    "GroupId": 84309100310,
    "LocalizeKR": "세미나분들은…… 지금쯤 자고 있겠죠?"
  },
  {
    "GroupId": 84309100410,
    "LocalizeKR": "정신 없이 문제를 해결하다 보니 날이 밝았네요."
  },
  {
    "GroupId": 84309100410,
    "LocalizeKR": "[…]"
  },
  {
    "GroupId": 84309100410,
    "LocalizeKR": "으음… 시연장은 별다른 문제가 없겠죠?"
  },
  {
    "GroupId": 84309100420,
    "LocalizeKR": "오늘은 이만 쉬도록 해."
  },
  {
    "GroupId": 84309100420,
    "LocalizeKR": "엥? 그게 끝?!"
  },
  {
    "GroupId": 84309100430,
    "LocalizeKR": "[?]"
  },
  {
    "GroupId": 84309100430,
    "LocalizeKR": "으응…?"
  },
  {
    "GroupId": 84309100430,
    "LocalizeKR": "어제랑 뭔가 다른 것 같은데…"
  },
  {
    "GroupId": 84309100440,
    "LocalizeKR": "음… 뭔가 재밌는 게 없으려나."
  },
  {
    "GroupId": 84309100450,
    "LocalizeKR": "야, 게임개발부 부스 가봤어?"
  },
  {
    "GroupId": 84309100450,
    "LocalizeKR": "으음…"
  },
  {
    "GroupId": 84309100460,
    "LocalizeKR": "흐아암~ 오늘은 한가하네."
  },
  {
    "GroupId": 84309100460,
    "LocalizeKR": "언니! 제대로 좀 서 있어!"
  },
  {
    "GroupId": 84309100470,
    "LocalizeKR": "생각보다 뭐가 많진 않은데?"
  },
  {
    "GroupId": 84309100470,
    "LocalizeKR": "위험하다고 다 치웠다나봐."
  },
  {
    "GroupId": 84309100470,
    "LocalizeKR": "[땀]"
  },
  {
    "GroupId": 84309100480,
    "LocalizeKR": "[음표]"
  },
  {
    "GroupId": 84310100110,
    "LocalizeKR": "[…]"
  },
  {
    "GroupId": 84310100110,
    "LocalizeKR": "[빠직]"
  },
  {
    "GroupId": 84310100210,
    "LocalizeKR": "우선 도착은 했지만……"
  },
  {
    "GroupId": 84310100210,
    "LocalizeKR": "(어디부터 돌아보는 게 좋을까요.)"
  },
  {
    "GroupId": 84310100210,
    "LocalizeKR": "……가끔은 무계획도 좋겠지요."
  },
  {
    "GroupId": 84310100220,
    "LocalizeKR": "더… 더 이상은…!"
  },
  {
    "GroupId": 84310100220,
    "LocalizeKR": "자, 자. 마지막으로 한 개만 더!"
  },
  {
    "GroupId": 84310100220,
    "LocalizeKR": "으아아… 차라리 날 죽여…"
  },
  {
    "GroupId": 84310100260,
    "LocalizeKR": "[음표]"
  },
  {
    "GroupId": 84310100265,
    "LocalizeKR": "어, 어서오세요…"
  },
  {
    "GroupId": 84310100270,
    "LocalizeKR": "호오… 과연."
  },
  {
    "GroupId": 84310100280,
    "LocalizeKR": "[땀]"
  },
  {
    "GroupId": 84310100280,
    "LocalizeKR": "얼마나 저러고 있는 거야?"
  },
  {
    "GroupId": 84310100290,
    "LocalizeKR": "[속상함]"
  },
  {
    "GroupId": 84310100290,
    "LocalizeKR": "[속상함]"
  },
  {
    "GroupId": 84310100290,
    "LocalizeKR": "[속상함]"
  },
  {
    "GroupId": 84310100290,
    "LocalizeKR": "[속상함]"
  },
  {
    "GroupId": 84310100310,
    "LocalizeKR": "(무슨 상황인 걸까요.)"
  },
  {
    "GroupId": 84310100310,
    "LocalizeKR": "(……처벌? 아니, 그럴 리가……)"
  },
  {
    "GroupId": 84310100310,
    "LocalizeKR": "(가서 여쭤보는 것 정도는 괜찮겠지요.)"
  },
  {
    "GroupId": 84310100610,
    "LocalizeKR": "……살았다."
  },
  {
    "GroupId": 84310100610,
    "LocalizeKR": "어라, 저 방금…… "
  },
  {
    "GroupId": 84310100610,
    "LocalizeKR": "……'살았다'라고 했나요?"
  },
  {
    "GroupId": 84310100620,
    "LocalizeKR": "하스미 부장… 어디로 사라진거지?"
  },
  {
    "GroupId": 84310100650,
    "LocalizeKR": "으으… 겨우 도망쳤어…"
  },
  {
    "GroupId": 84310100650,
    "LocalizeKR": "그녀석은 악마야…"
  },
  {
    "GroupId": 84310100710,
    "LocalizeKR": "…힘들었겠네."
  },
  {
    "GroupId": 84310100710,
    "LocalizeKR": "쯧쯧쯧…"
  },
  {
    "GroupId": 84311100110,
    "LocalizeKR": "흠…"
  },
  {
    "GroupId": 84311100110,
    "LocalizeKR": "[속상함]"
  },
  {
    "GroupId": 84311100110,
    "LocalizeKR": "하아…"
  },
  {
    "GroupId": 84311100310,
    "LocalizeKR": "정말이지 큰일 날 뻔했어요."
  },
  {
    "GroupId": 84311100310,
    "LocalizeKR": "대체 무슨 일이었을까요."
  },
  {
    "GroupId": 84311100310,
    "LocalizeKR": "……아무리 생각해도 수상합니다."
  },
  {
    "GroupId": 84311100410,
    "LocalizeKR": "당분간 조심하는 게 좋곘어."
  },
  {
    "GroupId": 84311100420,
    "LocalizeKR": "후우… 모처럼 즐거웠네."
  },
  {
    "GroupId": 84311100430,
    "LocalizeKR": "정말 바람 잘 날 없는 곳이네, 여기도."
  },
  {
    "GroupId": 84311100430,
    "LocalizeKR": "어떤 의미에선 우리보다 더……"
  },
  {
    "GroupId": 84311100440,
    "LocalizeKR": "유우카 선배가 많이 화가 난 모양이던데…."
  },
  {
    "GroupId": 84311100440,
    "LocalizeKR": "오늘은 조심해야겠다."
  },
  {
    "GroupId": 84311100450,
    "LocalizeKR": "[음표]"
  },
  {
    "GroupId": 84311100450,
    "LocalizeKR": "후후후, 그렇단 말이지…"
  },
  {
    "GroupId": 84312100110,
    "LocalizeKR": "(그럼 어디서부터 둘러볼까요……)"
  },
  {
    "GroupId": 84312100110,
    "LocalizeKR": "……일단 캠퍼스로 나가죠."
  },
  {
    "GroupId": 84312100120,
    "LocalizeKR": "[…]"
  },
  {
    "GroupId": 84312100210,
    "LocalizeKR": "응! 오늘 완전 운이 좋은데?"
  },
  {
    "GroupId": 84312100210,
    "LocalizeKR": "음… 도대체 누가…"
  },
  {
    "GroupId": 84312100220,
    "LocalizeKR": "어디 떨어진 동전 없나…"
  },
  {
    "GroupId": 84312100230,
    "LocalizeKR": "[음표]"
  },
  {
    "GroupId": 84312100240,
    "LocalizeKR": "아! 선물 사야하는데!"
  },
  {
    "GroupId": 84312100240,
    "LocalizeKR": "푸하하! 그걸 이제 떠올리면 어떡해!"
  },
  {
    "GroupId": 84312100250,
    "LocalizeKR": "으음… 과학의 길은 심오하네…"
  },
  {
    "GroupId": 84312100260,
    "LocalizeKR": "으으… 어디다 뒀더라…"
  },
  {
    "GroupId": 84312100260,
    "LocalizeKR": "언니! 다 쓴 물건은 제자리에 뒀어야지!"
  },
  {
    "GroupId": 84312100260,
    "LocalizeKR": "지, 진정하고 잘 찾아보자."
  },
  {
    "GroupId": 84312100260,
    "LocalizeKR": "[음표]"
  },
  {
    "GroupId": 84312100310,
    "LocalizeKR": "깨끗해진 건 좋은 거니까요."
  },
  {
    "GroupId": 84312100310,
    "LocalizeKR": "(다음은 어디로 가볼까요.)"
  },
  {
    "GroupId": 84312100310,
    "LocalizeKR": "(……게임개발부?)"
  },
  {
    "GroupId": 84312100510,
    "LocalizeKR": "[?]"
  },
  {
    "GroupId": 84312100510,
    "LocalizeKR": "저건……."
  },
  {
    "GroupId": 84312100610,
    "LocalizeKR": "꽤 즐거웠네요, 게임도 재미있었고."
  },
  {
    "GroupId": 84312100610,
    "LocalizeKR": "다음은……"
  },
  {
    "GroupId": 84312100610,
    "LocalizeKR": "엔지니어부를 찾아가 보죠."
  },
  {
    "GroupId": 84312100710,
    "LocalizeKR": "으으… 이길 수 있었는데…"
  },
  {
    "GroupId": 84312100710,
    "LocalizeKR": "으이그… 언니는 너무 덤벙대."
  },
  {
    "GroupId": 84312100710,
    "LocalizeKR": "[땀]"
  },
  {
    "GroupId": 84312100710,
    "LocalizeKR": "아리스도 장인이 되고 싶습니다!"
  },
  {
    "GroupId": 84312100910,
    "LocalizeKR": "(찝찝함의 근원이 이거였군요.)"
  },
  {
    "GroupId": 84312100910,
    "LocalizeKR": "(붙잡지 못한 로봇 악어……)"
  },
  {
    "GroupId": 84312100910,
    "LocalizeKR": "(어서 리오에게 알려야겠어요.)"
  },
  {
    "GroupId": 84312101210,
    "LocalizeKR": "멋진 서포팅이었습니다, 리오."
  },
  {
    "GroupId": 84312101210,
    "LocalizeKR": "[?]"
  },
  {
    "GroupId": 84312101210,
    "LocalizeKR": "……뭔가 조용하네요."
  },
  {
    "GroupId": 84312101310,
    "LocalizeKR": "쳇… 누구 때문에 고생했는데."
  },
  {
    "GroupId": 84312101320,
    "LocalizeKR": "아무래도 공격 기능이 조금…"
  },
  {
    "GroupId": 84312101320,
    "LocalizeKR": "나도 그렇게 생각해."
  },
  {
    "GroupId": 84312101320,
    "LocalizeKR": "[전구]"
  },
  {
    "GroupId": 84312101330,
    "LocalizeKR": "또 무슨 작당모의를…"
  },
  {
    "GroupId": 84312101340,
    "LocalizeKR": "[음표]"
  },
  {
    "GroupId": 84312101350,
    "LocalizeKR": "이게 그 유명한 아방가르드군…?"
  },
  {
    "GroupId": 84312101350,
    "LocalizeKR": "[?]"
  },
  {
    "GroupId": 84312101350,
    "LocalizeKR": "들은 거랑 다른 거 같은데…"
  },
  {
    "GroupId": 84312101360,
    "LocalizeKR": "모모톡 교환하지 않을래?"
  },
  {
    "GroupId": 84312101360,
    "LocalizeKR": "좋아!"
  },
  {
    "GroupId": 84312101370,
    "LocalizeKR": "[하트]"
  },
  {
    "GroupId": 84312101370,
    "LocalizeKR": "보고 싶을 거야…"
  },
  {
    "GroupId": 84312101370,
    "LocalizeKR": "[땀]"
  },
  {
    "GroupId": 84312101370,
    "LocalizeKR": "음… 나도."
  },
  {
    "GroupId": 84312101380,
    "LocalizeKR": "왜? 할 말 있어?"
  },
  {
    "GroupId": 84312101380,
    "LocalizeKR": "아, 아니, 그게…"
  },
  {
    "GroupId": 84312101390,
    "LocalizeKR": "좋은 정보 고마워!"
  },
  {
    "GroupId": 84312101390,
    "LocalizeKR": "너야말로!"
  },
  {
    "GroupId": 84399000001,
    "LocalizeKR": "[음표]"
  },
  {
    "GroupId": 84399000002,
    "LocalizeKR": "[속상함]"
  },
  {
    "GroupId": 84399000003,
    "LocalizeKR": "[빠직]"
  },
  {
    "GroupId": 84399000004,
    "LocalizeKR": "[…]"
  },
  {
    "GroupId": 84399000005,
    "LocalizeKR": "[!]"
  },
  {
    "GroupId": 84399000006,
    "LocalizeKR": "[?]"
  },
  {
    "GroupId": 84399000007,
    "LocalizeKR": "[?!]"
  },
  {
    "GroupId": 84399000008,
    "LocalizeKR": "[전구]"
  },
  {
    "GroupId": 84399000009,
    "LocalizeKR": "[하트]"
  },
  {
    "GroupId": 84399000010,
    "LocalizeKR": "[땀]"
  },
  {
    "GroupId": 84399000011,
    "LocalizeKR": "[모모톡]"
  },
  {
    "GroupId": 84399000012,
    "LocalizeKR": "[전화]"
  },
  {
    "GroupId": 84399000013,
    "LocalizeKR": "[키워드]"
  },
  {
    "GroupId": 84399000014,
    "LocalizeKR": "[분실물]"
  },
  {
    "GroupId": 84399000015,
    "LocalizeKR": "[재잘]"
  },
  {
    "GroupId": 84399000016,
    "LocalizeKR": "[재잘]"
  },
  {
    "GroupId": 84399000016,
    "LocalizeKR": "[재잘]"
  },
  {
    "GroupId": 83399000017,
    "LocalizeKR": "[하트]"
  },
  {
    "GroupId": 83399000017,
    "LocalizeKR": "[재잘]"
  },
  {
    "GroupId": 83399000017,
    "LocalizeKR": "[땀]"
  },
  {
    "GroupId": 84399000018,
    "LocalizeKR": "[!]"
  },
  {
    "GroupId": 84399000018,
    "LocalizeKR": "[땀]"
  },
  {
    "GroupId": 84399000019,
    "LocalizeKR": "[음표]"
  },
  {
    "GroupId": 84399000019,
    "LocalizeKR": "[?]"
  },
  {
    "GroupId": 84399000019,
    "LocalizeKR": "[전구]"
  },
  {
    "GroupId": 84399000019,
    "LocalizeKR": "[재잘]"
  },
  {
    "GroupId": 84399000019,
    "LocalizeKR": "[땀]"
  },
  {
    "GroupId": 84399000019,
    "LocalizeKR": "[재잘]"
  },
  {
    "GroupId": 84399000020,
    "LocalizeKR": "(지금은 다른 할 일이 있죠.)"
  },
  {
    "GroupId": 84399000021,
    "LocalizeKR": "[재잘]"
  },
  {
    "GroupId": 84399000021,
    "LocalizeKR": "[땀]"
  },
  {
    "GroupId": 84399000022,
    "LocalizeKR": "[음표]"
  },
  {
    "GroupId": 84399000022,
    "LocalizeKR": "[재잘]"
  },
  {
    "GroupId": 84399000023,
    "LocalizeKR": "[?]"
  },
  {
    "GroupId": 84399000023,
    "LocalizeKR": "[?!]"
  },
  {
    "GroupId": 84399000024,
    "LocalizeKR": "[…]"
  },
  {
    "GroupId": 84399000024,
    "LocalizeKR": "[?]"
  },
  {
    "GroupId": 84399000025,
    "LocalizeKR": "[음표]"
  },
  {
    "GroupId": 84399000025,
    "LocalizeKR": "[빠직]"
  },
  {
    "GroupId": 84399000025,
    "LocalizeKR": "[하트]"
  },
  {
    "GroupId": 84399000025,
    "LocalizeKR": "[하트]"
  },
  {
    "GroupId": 84399000025,
    "LocalizeKR": "[하트]"
  },
  {
    "GroupId": 84399000026,
    "LocalizeKR": "[음표]"
  },
  {
    "GroupId": 84399000026,
    "LocalizeKR": "[빠직]"
  },
  {
    "GroupId": 84399000026,
    "LocalizeKR": "[땀]"
  },
  {
    "GroupId": 84399000026,
    "LocalizeKR": "[재잘]"
  },
  {
    "GroupId": 84399000027,
    "LocalizeKR": "[속상함]"
  },
  {
    "GroupId": 84399000027,
    "LocalizeKR": "[?]"
  },
  {
    "GroupId": 84399000028,
    "LocalizeKR": "[재잘]"
  },
  {
    "GroupId": 84399000028,
    "LocalizeKR": "[재잘]"
  },
  {
    "GroupId": 84399000028,
    "LocalizeKR": "[재잘]"
  },
  {
    "GroupId": 84399000028,
    "LocalizeKR": "[전구]"
  },
  {
    "GroupId": 84399000028,
    "LocalizeKR": "[재잘]"
  },
  {
    "GroupId": 84399000028,
    "LocalizeKR": "[재잘]"
  },
  {
    "GroupId": 84399000028,
    "LocalizeKR": "[재잘]"
  },
  {
    "GroupId": 84399000028,
    "LocalizeKR": "[?]"
  },
  {
    "GroupId": 84399000028,
    "LocalizeKR": "[재잘]"
  },
  {
    "GroupId": 84399000028,
    "LocalizeKR": "[재잘]"
  },
  {
    "GroupId": 84399000028,
    "LocalizeKR": "[재잘]"
  },
  {
    "GroupId": 84399000028,
    "LocalizeKR": "[재잘]"
  },
  {
    "GroupId": 84399000028,
    "LocalizeKR": "[재잘]"
  },
  {
    "GroupId": 84399000028,
    "LocalizeKR": "[재잘]"
  },
  {
    "GroupId": 84399000028,
    "LocalizeKR": "[재잘]"
  },
  {
    "GroupId": 84399000028,
    "LocalizeKR": "[?]"
  },
  {
    "GroupId": 84399000028,
    "LocalizeKR": "[재잘]"
  },
  {
    "GroupId": 84399000028,
    "LocalizeKR": "[재잘]"
  },
  {
    "GroupId": 84399000029,
    "LocalizeKR": "[재잘]"
  },
  {
    "GroupId": 84399000029,
    "LocalizeKR": "[음표]"
  },
  {
    "GroupId": 84399000029,
    "LocalizeKR": "[하트]"
  },
  {
    "GroupId": 84399000029,
    "LocalizeKR": "[…]"
  },
  {
    "GroupId": 84399000029,
    "LocalizeKR": "[땀]"
  },
  {
    "GroupId": 84399000030,
    "LocalizeKR": "[땀]"
  },
  {
    "GroupId": 84399000030,
    "LocalizeKR": "[재잘]"
  },
  {
    "GroupId": 84399000030,
    "LocalizeKR": "[재잘]"
  },
  {
    "GroupId": 84399000031,
    "LocalizeKR": "[땀]"
  },
  {
    "GroupId": 84399000031,
    "LocalizeKR": "[…]"
  },
  {
    "GroupId": 84399000031,
    "LocalizeKR": "[전구]"
  },
  {
    "GroupId": 84399000031,
    "LocalizeKR": "[모모톡]"
  },
  {
    "GroupId": 84399000031,
    "LocalizeKR": "[!]"
  },
  {
    "GroupId": 84399000031,
    "LocalizeKR": "[재잘]"
  },
  {
    "GroupId": 84399000031,
    "LocalizeKR": "[모모톡]"
  },
  {
    "GroupId": 84399000031,
    "LocalizeKR": "[음표]"
  },
  {
    "GroupId": 84399000031,
    "LocalizeKR": "[재잘]"
  },
  {
    "GroupId": 84399000031,
    "LocalizeKR": "[재잘]"
  },
  {
    "GroupId": 84399000032,
    "LocalizeKR": "[모모톡]"
  },
  {
    "GroupId": 84399000032,
    "LocalizeKR": "[모모톡]"
  },
  {
    "GroupId": 84399000032,
    "LocalizeKR": "[모모톡]"
  },
  {
    "GroupId": 84399000032,
    "LocalizeKR": "[모모톡]"
  },
  {
    "GroupId": 84399000032,
    "LocalizeKR": "[모모톡]"
  },
  {
    "GroupId": 84399000032,
    "LocalizeKR": "[모모톡]"
  },
  {
    "GroupId": 84399000032,
    "LocalizeKR": "[모모톡]"
  },
  {
    "GroupId": 84399000032,
    "LocalizeKR": "[모모톡]"
  },
  {
    "GroupId": 84399000032,
    "LocalizeKR": "[모모톡]"
  },
  {
    "GroupId": 84399000032,
    "LocalizeKR": "[땀]"
  },
  {
    "GroupId": 84399000033,
    "LocalizeKR": "[재잘]"
  },
  {
    "GroupId": 84399000033,
    "LocalizeKR": "[…]"
  },
  {
    "GroupId": 84399000033,
    "LocalizeKR": "[재잘]"
  },
  {
    "GroupId": 84399000034,
    "LocalizeKR": "[…]"
  },
  {
    "GroupId": 84399000034,
    "LocalizeKR": "[?]"
  },
  {
    "GroupId": 84399000035,
    "LocalizeKR": "[?!]"
  },
  {
    "GroupId": 84399000035,
    "LocalizeKR": "[음표]"
  },
  {
    "GroupId": 84399000036,
    "LocalizeKR": "[…]"
  },
  {
    "GroupId": 84399000036,
    "LocalizeKR": "[음표]"
  }
]