[
  {
    "GroupId": 83300100010,
    "LocalizeJP": "周りが騒がしいですね…。"
  },
  {
    "GroupId": 83300100020,
    "LocalizeJP": "おお…！これはビッグニュースだ！"
  },
  {
    "GroupId": 83300100110,
    "LocalizeJP": "[놀람]"
  },
  {
    "GroupId": 83300100110,
    "LocalizeJP": "[느낌표]"
  },
  {
    "GroupId": 83300100110,
    "LocalizeJP": "[음표]"
  },
  {
    "GroupId": 83300100110,
    "LocalizeJP": "[음표]"
  },
  {
    "GroupId": 83300100310,
    "LocalizeJP": "あの噂、本当だったの？"
  },
  {
    "GroupId": 83300100310,
    "LocalizeJP": "そう…！本当だって！"
  },
  {
    "GroupId": 83300100410,
    "LocalizeJP": "あと5日で…！"
  },
  {
    "GroupId": 83300100410,
    "LocalizeJP": "ワクワク！楽しみ～！"
  },
  {
    "GroupId": 83300100410,
    "LocalizeJP": "[음표]"
  },
  {
    "GroupId": 83300100410,
    "LocalizeJP": "[음표]"
  },
  {
    "GroupId": 83300100510,
    "LocalizeJP": "（ゲヘナのパーティーか…）"
  },
  {
    "GroupId": 83300100510,
    "LocalizeJP": "（まずは風紀委員会の建物を出よう）"
  },
  {
    "GroupId": 83300100520,
    "LocalizeJP": "[속상함]"
  },
  {
    "GroupId": 83300100610,
    "LocalizeJP": "（…よし、給食部に向かおう）"
  },
  {
    "GroupId": 83300100610,
    "LocalizeJP": "（嫌な感じがする。急がないと）"
  },
  {
    "GroupId": 83300200010,
    "LocalizeJP": "もう、どうして…"
  },
  {
    "GroupId": 83300200010,
    "LocalizeJP": "た、大変です！"
  },
  {
    "GroupId": 83300200020,
    "LocalizeJP": "フウカさん、今日も忙しそう…。"
  },
  {
    "GroupId": 83300200020,
    "LocalizeJP": "今に始まったことじゃないんじゃない？"
  },
  {
    "GroupId": 83300200030,
    "LocalizeJP": "今日の献立に…ゆで卵はなかったような…。"
  },
  {
    "GroupId": 83300200030,
    "LocalizeJP": "あれ！？目玉焼きはどこ！？"
  },
  {
    "GroupId": 83300200030,
    "LocalizeJP": "[속상함]"
  },
  {
    "GroupId": 83300200040,
    "LocalizeJP": "温泉の力って、すごい！"
  },
  {
    "GroupId": 83300200110,
    "LocalizeJP": "（着いた）"
  },
  {
    "GroupId": 83300200110,
    "LocalizeJP": "（部長のフウカはどこに…）"
  },
  {
    "GroupId": 83300200210,
    "LocalizeJP": "（先にフウカと話そう）"
  },
  {
    "GroupId": 83300200310,
    "LocalizeJP": "[…]"
  },
  {
    "GroupId": 83300200310,
    "LocalizeJP": "（フウカが言ってた食材はこれか）"
  },
  {
    "GroupId": 83300200510,
    "LocalizeJP": "[!]"
  },
  {
    "GroupId": 83300200510,
    "LocalizeJP": "（風紀委員会に戻って整理しよう）"
  },
  {
    "GroupId": 83300300010,
    "LocalizeJP": "[빠직]"
  },
  {
    "GroupId": 83300300010,
    "LocalizeJP": "くっ、ムカつく！"
  },
  {
    "GroupId": 83300300110,
    "LocalizeJP": "[…]"
  },
  {
    "GroupId": 83300300110,
    "LocalizeJP": "（対策を練らないと…）"
  },
  {
    "GroupId": 83300300120,
    "LocalizeJP": "[땀]"
  },
  {
    "GroupId": 83300300130,
    "LocalizeJP": "問題児がまた…"
  },
  {
    "GroupId": 83300300130,
    "LocalizeJP": "[속상함]"
  },
  {
    "GroupId": 83300300130,
    "LocalizeJP": "訓練が終わった矢先にこんなことに…。"
  },
  {
    "GroupId": 83300300140,
    "LocalizeJP": "いたた…今のは痛かった…。"
  },
  {
    "GroupId": 83300300140,
    "LocalizeJP": "怪我はないか？"
  },
  {
    "GroupId": 83300300150,
    "LocalizeJP": "休みたい…。"
  },
  {
    "GroupId": 83300300150,
    "LocalizeJP": "これ以上は動けない、もう無理…。"
  },
  {
    "GroupId": 83300300150,
    "LocalizeJP": "[땀]"
  },
  {
    "GroupId": 83300300210,
    "LocalizeJP": "（どうやら旧校舎の方に逃げていったらしい）"
  },
  {
    "GroupId": 83300300210,
    "LocalizeJP": "（…よし、行ってみよう）"
  },
  {
    "GroupId": 83300400210,
    "LocalizeJP": "（問題児たちを追いかけていたら、気づけばこんな奥まで…）"
  },
  {
    "GroupId": 83300400210,
    "LocalizeJP": "（長いこと使われずに放置されていたのね…）"
  },
  {
    "GroupId": 83300400310,
    "LocalizeJP": "[…]"
  },
  {
    "GroupId": 83300400310,
    "LocalizeJP": "（ピアノ…まだ弾けるかしら）"
  },
  {
    "GroupId": 83300400390,
    "LocalizeJP": "[…]"
  },
  {
    "GroupId": 83300400390,
    "LocalizeJP": "（問題児たちは倒したし帰ろう）"
  },
  {
    "GroupId": 83300400390,
    "LocalizeJP": "[전화]"
  },
  {
    "GroupId": 83300500110,
    "LocalizeJP": "[…]"
  },
  {
    "GroupId": 83300500110,
    "LocalizeJP": "（ふぅ、今日の仕事はこれで終わりか）"
  },
  {
    "GroupId": 83300500190,
    "LocalizeJP": "[전화]"
  },
  {
    "GroupId": 83300500190,
    "LocalizeJP": "[!]"
  },
  {
    "GroupId": 83301100010,
    "LocalizeJP": "もう…まったく…。"
  },
  {
    "GroupId": 83301100110,
    "LocalizeJP": "（温泉開発部の手がかりを集めないと）"
  },
  {
    "GroupId": 83301100110,
    "LocalizeJP": "（まずはアコと話してみよう）"
  },
  {
    "GroupId": 83301100120,
    "LocalizeJP": "この穴、ずいぶん深いですね。"
  },
  {
    "GroupId": 83301100130,
    "LocalizeJP": "すごい穴…。"
  },
  {
    "GroupId": 83301100140,
    "LocalizeJP": "キッ、キキキッ…！すべて、計画通りだ…！"
  },
  {
    "GroupId": 83301100140,
    "LocalizeJP": "パーティーの日が待ち遠しいな！キキッ！"
  },
  {
    "GroupId": 83301100150,
    "LocalizeJP": "はあ…一体なんの騒ぎですか…。"
  },
  {
    "GroupId": 83301100160,
    "LocalizeJP": "[음표]"
  },
  {
    "GroupId": 83301100160,
    "LocalizeJP": "わあ！キャンプ～！イブキ、ワクワクする！"
  },
  {
    "GroupId": 83301100210,
    "LocalizeJP": "ふぅ……今日も休んでいる余裕なんてありませんね。"
  },
  {
    "GroupId": 83301100210,
    "LocalizeJP": "ですが、こういう時こそ委員長の力にならなくては！"
  },
  {
    "GroupId": 83301100210,
    "LocalizeJP": "いつもありがとう、アコ。"
  },
  {
    "GroupId": 83301100310,
    "LocalizeJP": "（結構深い穴だ…）"
  },
  {
    "GroupId": 83301100310,
    "LocalizeJP": "（下手に近づくと危ない）"
  },
  {
    "GroupId": 83301100410,
    "LocalizeJP": "（温泉開発部は、この辺りを掘ろうとしてたらしいけど…）"
  },
  {
    "GroupId": 83301100410,
    "LocalizeJP": "（ただ温泉を作りたかっただけなのか、それとも…）"
  },
  {
    "GroupId": 83301100510,
    "LocalizeJP": "（アコが言っていた噂が気になる）"
  },
  {
    "GroupId": 83301100510,
    "LocalizeJP": "（教室に行って誰かに話を聞いてみよう）"
  },
  {
    "GroupId": 83301200010,
    "LocalizeJP": "ふふ、ふふふっ…！"
  },
  {
    "GroupId": 83301200110,
    "LocalizeJP": "今日はなんだか、羽目を外したい気分だ。"
  },
  {
    "GroupId": 83301200110,
    "LocalizeJP": "授業中、こっそりキャンディーをなめるのはどうだ？"
  },
  {
    "GroupId": 83301200110,
    "LocalizeJP": "くくっ…！お前天才だな！"
  },
  {
    "GroupId": 83301200110,
    "LocalizeJP": "[음표]"
  },
  {
    "GroupId": 83301200120,
    "LocalizeJP": "宿題忘れてた…どうしよう…。"
  },
  {
    "GroupId": 83301200130,
    "LocalizeJP": "うう、お腹空いた…。"
  },
  {
    "GroupId": 83301200130,
    "LocalizeJP": "[속상함]"
  },
  {
    "GroupId": 83301200210,
    "LocalizeJP": "はろはろ～ヒナっち～"
  },
  {
    "GroupId": 83301200210,
    "LocalizeJP": "[?]"
  },
  {
    "GroupId": 83301200210,
    "LocalizeJP": "（ヒナっち…？）"
  },
  {
    "GroupId": 83301200210,
    "LocalizeJP": "温泉の優先入場券？"
  },
  {
    "GroupId": 83301200210,
    "LocalizeJP": "あ～それね？私も一枚買ったよ！温泉の革命だって言うからさ～"
  },
  {
    "GroupId": 83301200210,
    "LocalizeJP": "めっちゃ面白そーじゃん？"
  },
  {
    "GroupId": 83301200220,
    "LocalizeJP": "温泉の革命って何なんだろ？"
  },
  {
    "GroupId": 83301200220,
    "LocalizeJP": "よく分かんないけど、なんかワクワクする言葉だね～"
  },
  {
    "GroupId": 83301200310,
    "LocalizeJP": "あ、風紀委員長。"
  },
  {
    "GroupId": 83301200310,
    "LocalizeJP": "温泉の優先入場券の話？"
  },
  {
    "GroupId": 83301200310,
    "LocalizeJP": "うん、買ったよ。温泉開発部が売ってたやつでしょ？"
  },
  {
    "GroupId": 83301200310,
    "LocalizeJP": "わくわく何とかって言ってた気がする。"
  },
  {
    "GroupId": 83301200320,
    "LocalizeJP": "この作戦が成功したら、一生温泉には困らないんだとか……"
  },
  {
    "GroupId": 83301200320,
    "LocalizeJP": "なに言ってるのかよく分かんなかったけどね。"
  },
  {
    "GroupId": 83301200410,
    "LocalizeJP": "（逃げ切られる前に追わないと）"
  },
  {
    "GroupId": 83301200420,
    "LocalizeJP": "あはは！温泉だって！超楽しみ～！"
  },
  {
    "GroupId": 83301200430,
    "LocalizeJP": "温泉入浴券って、使うことあるかな…。"
  },
  {
    "GroupId": 83301300010,
    "LocalizeJP": "はあ、心配です…。"
  },
  {
    "GroupId": 83301300020,
    "LocalizeJP": "キッ、キキッ…！"
  },
  {
    "GroupId": 83301300030,
    "LocalizeJP": "[속상함]"
  },
  {
    "GroupId": 83301300030,
    "LocalizeJP": "サボりたい…。"
  },
  {
    "GroupId": 83301300110,
    "LocalizeJP": "ここは危険です！"
  },
  {
    "GroupId": 83301300120,
    "LocalizeJP": "足元に気をつけてください！"
  },
  {
    "GroupId": 83301300130,
    "LocalizeJP": "イブキも温泉好き～！"
  },
  {
    "GroupId": 83301300130,
    "LocalizeJP": "[음표]"
  },
  {
    "GroupId": 83301300140,
    "LocalizeJP": "[!]"
  },
  {
    "GroupId": 83301300410,
    "LocalizeJP": "[전구]"
  },
  {
    "GroupId": 83301300410,
    "LocalizeJP": "（これで情報は揃った）"
  },
  {
    "GroupId": 83301400010,
    "LocalizeJP": "悔しい！悔しいぞ！！"
  },
  {
    "GroupId": 83301400110,
    "LocalizeJP": "静粛に！静粛にお願いします！"
  },
  {
    "GroupId": 83301400120,
    "LocalizeJP": "[속상함]"
  },
  {
    "GroupId": 83301400120,
    "LocalizeJP": "我々の壮大な夢が…くうっ！"
  },
  {
    "GroupId": 83301400130,
    "LocalizeJP": "今回は、いつになったら出られるんだろう…。"
  },
  {
    "GroupId": 83301400210,
    "LocalizeJP": "[…]"
  },
  {
    "GroupId": 83301400210,
    "LocalizeJP": "（もし実現していたら、どうなっていたことか…）"
  },
  {
    "GroupId": 83301400310,
    "LocalizeJP": "（問題は解決したし、そろそろ帰ろう）"
  },
  {
    "GroupId": 83301400310,
    "LocalizeJP": "（演奏本番に備えて準備をしないと）"
  },
  {
    "GroupId": 83301400310,
    "LocalizeJP": "（でも、どこで練習しようかしら…）"
  },
  {
    "GroupId": 83301500210,
    "LocalizeJP": "（楽譜に沿って…）"
  },
  {
    "GroupId": 83301500210,
    "LocalizeJP": "（焦らず、一音ずつ…）"
  },
  {
    "GroupId": 83301600110,
    "LocalizeJP": "（今日はここまでにしておこう）"
  },
  {
    "GroupId": 83301600110,
    "LocalizeJP": "（明日も練習しないと）"
  },
  {
    "GroupId": 83302100110,
    "LocalizeJP": "[모모톡]"
  },
  {
    "GroupId": 83302100110,
    "LocalizeJP": "（先生から連絡…？）"
  },
  {
    "GroupId": 83302100110,
    "LocalizeJP": "（マコトの様子がおかしくなったって、いったい何が…？）"
  },
  {
    "GroupId": 83302100110,
    "LocalizeJP": "（ふむ…）"
  },
  {
    "GroupId": 83302100120,
    "LocalizeJP": "これは一体、何事でしょうか…。"
  },
  {
    "GroupId": 83302100130,
    "LocalizeJP": "ちっ、また事件か…。"
  },
  {
    "GroupId": 83302100210,
    "LocalizeJP": "委員長、今から出発？"
  },
  {
    "GroupId": 83302100210,
    "LocalizeJP": "学生食堂に怪物だなんて、信じられないな…。"
  },
  {
    "GroupId": 83302100310,
    "LocalizeJP": "（正体不明の怪物だなんて、何かの冗談だと思うけど）"
  },
  {
    "GroupId": 83302100310,
    "LocalizeJP": "（いずれにせよ、フウカが困っているなら助けに行かないと）"
  },
  {
    "GroupId": 83302200110,
    "LocalizeJP": "パンケーキ3匹発見！掃討します。"
  },
  {
    "GroupId": 83302200110,
    "LocalizeJP": "[땀]"
  },
  {
    "GroupId": 83302200110,
    "LocalizeJP": "[속상함]"
  },
  {
    "GroupId": 83302200110,
    "LocalizeJP": "うぅ、気持ち悪い···"
  },
  {
    "GroupId": 83302200210,
    "LocalizeJP": "[!]"
  },
  {
    "GroupId": 83302200210,
    "LocalizeJP": "（これが…動くパンケーキ？）"
  },
  {
    "GroupId": 83302200410,
    "LocalizeJP": "（一体どこから…）"
  },
  {
    "GroupId": 83302200410,
    "LocalizeJP": "（まずは食堂の調理室に行って、ジュリから話を聞こう）"
  },
  {
    "GroupId": 83302200510,
    "LocalizeJP": "フウカ先輩、無事だといいのですが…。"
  },
  {
    "GroupId": 83302200520,
    "LocalizeJP": "暴走パンケーキ、掃討完了を確認。"
  },
  {
    "GroupId": 83302200520,
    "LocalizeJP": "お疲れ様でした、委員長。"
  },
  {
    "GroupId": 83302200530,
    "LocalizeJP": "うう、全身がべとべと…。"
  },
  {
    "GroupId": 83302200540,
    "LocalizeJP": "[…]"
  },
  {
    "GroupId": 83302200540,
    "LocalizeJP": "原因はこのレシピ？"
  },
  {
    "GroupId": 83302200610,
    "LocalizeJP": "[전화]"
  },
  {
    "GroupId": 83302200610,
    "LocalizeJP": "（先生から電話が…）"
  },
  {
    "GroupId": 83302200710,
    "LocalizeJP": "[땀]"
  },
  {
    "GroupId": 83302300110,
    "LocalizeJP": "（ふぅ…美食研究会は何とか捕まえた）"
  },
  {
    "GroupId": 83302300110,
    "LocalizeJP": "（フウカを誘拐した理由は後で問いただすとして…）"
  },
  {
    "GroupId": 83302300110,
    "LocalizeJP": "（そろそろピアノの練習をしないと）"
  },
  {
    "GroupId": 83302300120,
    "LocalizeJP": "お散歩！パンケーキ！ワクワク！"
  },
  {
    "GroupId": 83302300130,
    "LocalizeJP": "大変だ、いま公園に…。"
  },
  {
    "GroupId": 83302300130,
    "LocalizeJP": "[땀]"
  },
  {
    "GroupId": 83302300140,
    "LocalizeJP": "[속상함]"
  },
  {
    "GroupId": 83302300140,
    "LocalizeJP": "そうですか、事件はまだ終わってない、と。"
  },
  {
    "GroupId": 83302300150,
    "LocalizeJP": "実は、巨大なパンケーキが…。"
  },
  {
    "GroupId": 83302300150,
    "LocalizeJP": "なに！？それは本当か？"
  },
  {
    "GroupId": 83302300150,
    "LocalizeJP": "しゅ、出動準備…しないと、ですよね？"
  },
  {
    "GroupId": 83302300210,
    "LocalizeJP": "[모모톡]"
  },
  {
    "GroupId": 83302300210,
    "LocalizeJP": "（アコからのモモトークか）"
  },
  {
    "GroupId": 83300400099,
    "LocalizeJP": "[속상함]"
  },
  {
    "GroupId": 83302400110,
    "LocalizeJP": "[음표]"
  },
  {
    "GroupId": 83302400120,
    "LocalizeJP": "もう何度目だ？美食研究会め…。"
  },
  {
    "GroupId": 83302400130,
    "LocalizeJP": "ふふ、また捕まってしまいましたね～★"
  },
  {
    "GroupId": 83302400140,
    "LocalizeJP": "うううっ～悔しいよ～！"
  },
  {
    "GroupId": 83302400140,
    "LocalizeJP": "ふええん～！ここから出してよ～！"
  },
  {
    "GroupId": 83302400210,
    "LocalizeJP": "[땀]"
  },
  {
    "GroupId": 83302400210,
    "LocalizeJP": "（相変わらず問題ばかり起こすわね、美食研究会は）"
  },
  {
    "GroupId": 83302400310,
    "LocalizeJP": "（これで今日の仕事も大体終わったし…）"
  },
  {
    "GroupId": 83302400310,
    "LocalizeJP": "（すぐ練習に向かわないと）"
  },
  {
    "GroupId": 83302500110,
    "LocalizeJP": "[…]"
  },
  {
    "GroupId": 83302500110,
    "LocalizeJP": "（…ふぅ）"
  },
  {
    "GroupId": 83302500210,
    "LocalizeJP": "（楽譜に沿って…）"
  },
  {
    "GroupId": 83302500210,
    "LocalizeJP": "（優しく、丁寧に…）"
  },
  {
    "GroupId": 83302600110,
    "LocalizeJP": "[…]"
  },
  {
    "GroupId": 83303100310,
    "LocalizeJP": "[땀]"
  },
  {
    "GroupId": 83303100310,
    "LocalizeJP": "（本当に、いつもいつもトラブルを…）"
  },
  {
    "GroupId": 83303200110,
    "LocalizeJP": "[땀]"
  },
  {
    "GroupId": 83303200110,
    "LocalizeJP": "そろそろ、風紀委員長が動くころ…。"
  },
  {
    "GroupId": 83303200110,
    "LocalizeJP": "あははっ～！これ超ウケる～！"
  },
  {
    "GroupId": 83303200310,
    "LocalizeJP": "[빠직]"
  },
  {
    "GroupId": 83303200310,
    "LocalizeJP": "[!]"
  },
  {
    "GroupId": 83303200510,
    "LocalizeJP": "[빠직]"
  },
  {
    "GroupId": 83303200510,
    "LocalizeJP": "（ふぅ、これだけ片付けて…）"
  },
  {
    "GroupId": 83303300110,
    "LocalizeJP": "簡単じゃありませんね…。"
  },
  {
    "GroupId": 83303300120,
    "LocalizeJP": "明日は、セナ部長に頼まれたことが…。"
  },
  {
    "GroupId": 83303300130,
    "LocalizeJP": "[…]"
  },
  {
    "GroupId": 83303300130,
    "LocalizeJP": "…明日の定期訓練！忘れてた！"
  },
  {
    "GroupId": 83303300310,
    "LocalizeJP": "[모모톡]"
  },
  {
    "GroupId": 83303300310,
    "LocalizeJP": "[?]"
  },
  {
    "GroupId": 83303300320,
    "LocalizeJP": "緊急任務ですか？"
  },
  {
    "GroupId": 83303300320,
    "LocalizeJP": "私もお供します！"
  },
  {
    "GroupId": 83303300330,
    "LocalizeJP": "委員長！こっちも準備できてる、出発しよう！"
  },
  {
    "GroupId": 83303300410,
    "LocalizeJP": "[빠직]"
  },
  {
    "GroupId": 83303400110,
    "LocalizeJP": "部室が賑やかになってうれし…"
  },
  {
    "GroupId": 83303400120,
    "LocalizeJP": "痛々しい惨状ですね…。"
  },
  {
    "GroupId": 83303400130,
    "LocalizeJP": "腰が…痛い…。"
  },
  {
    "GroupId": 83303400140,
    "LocalizeJP": "[속상함]"
  },
  {
    "GroupId": 83303400150,
    "LocalizeJP": "うう、つらい…。"
  },
  {
    "GroupId": 83303400160,
    "LocalizeJP": "いたた…。"
  },
  {
    "GroupId": 83303400170,
    "LocalizeJP": "ここはどこ… 私は誰…？"
  },
  {
    "GroupId": 83303400180,
    "LocalizeJP": "注射…怖すぎる…。"
  },
  {
    "GroupId": 83303400190,
    "LocalizeJP": "すこしチクッとしますよ…！"
  },
  {
    "GroupId": 83303400190,
    "LocalizeJP": "ううっ…!"
  },
  {
    "GroupId": 83303400310,
    "LocalizeJP": "[…]"
  },
  {
    "GroupId": 83303400310,
    "LocalizeJP": "（軟膏は…これね）"
  },
  {
    "GroupId": 83303400410,
    "LocalizeJP": "（それじゃあ、今日の問題も片付いたことだし…）"
  },
  {
    "GroupId": 83303400410,
    "LocalizeJP": "（…早く戻って練習をしないと）"
  },
  {
    "GroupId": 83303500110,
    "LocalizeJP": "[…]"
  },
  {
    "GroupId": 83303500110,
    "LocalizeJP": "[음표]"
  },
  {
    "GroupId": 83303500210,
    "LocalizeJP": "（…多少は弾けるようになってきた）"
  },
  {
    "GroupId": 83303500210,
    "LocalizeJP": "（段々、練習が楽しく感じる）"
  },
  {
    "GroupId": 83303600110,
    "LocalizeJP": "（けど、今日はもう終わりにしよう）"
  },
  {
    "GroupId": 83303600110,
    "LocalizeJP": "（…少し、疲れたわ）"
  },
  {
    "GroupId": 83304100210,
    "LocalizeJP": "[…]"
  },
  {
    "GroupId": 83304100210,
    "LocalizeJP": "[전구]"
  },
  {
    "GroupId": 83304100310,
    "LocalizeJP": "[…]"
  },
  {
    "GroupId": 83304100310,
    "LocalizeJP": "（そのためにも、まずはアコに会っておかないと）"
  },
  {
    "GroupId": 83304200210,
    "LocalizeJP": "[?]"
  },
  {
    "GroupId": 83304200210,
    "LocalizeJP": "（ん？このチラシは…？）"
  },
  {
    "GroupId": 83304200410,
    "LocalizeJP": "[…]"
  },
  {
    "GroupId": 83304200410,
    "LocalizeJP": "（少し急ごう）"
  },
  {
    "GroupId": 83304200001,
    "LocalizeJP": "今日の風紀委員会のスケジュールは…。"
  },
  {
    "GroupId": 83304200010,
    "LocalizeJP": "喧嘩をしてはなりません?"
  },
  {
    "GroupId": 83304200010,
    "LocalizeJP": "全ては平和のため…？"
  },
  {
    "GroupId": 83304200011,
    "LocalizeJP": "[속상함]"
  },
  {
    "GroupId": 83304200011,
    "LocalizeJP": "昨日は銅像、今日はチラシ…はぁ…。"
  },
  {
    "GroupId": 83304200012,
    "LocalizeJP": "また誰かのいたずらか？"
  },
  {
    "GroupId": 83304300610,
    "LocalizeJP": "[…]"
  },
  {
    "GroupId": 83304300610,
    "LocalizeJP": "（救急医学部に行こう）"
  },
  {
    "GroupId": 83304300001,
    "LocalizeJP": "私たちは風紀委員だ、掃除屋じゃない！"
  },
  {
    "GroupId": 83304300010,
    "LocalizeJP": "[속상함]"
  },
  {
    "GroupId": 83304300010,
    "LocalizeJP": "今日も、変わらずめちゃくちゃですね…。"
  },
  {
    "GroupId": 83304300011,
    "LocalizeJP": "これを全部片づけるのか…。"
  },
  {
    "GroupId": 83304300020,
    "LocalizeJP": "あはは～！超修羅場だね～！"
  },
  {
    "GroupId": 83304300020,
    "LocalizeJP": "笑いごとじゃないよ。"
  },
  {
    "GroupId": 83304300021,
    "LocalizeJP": "今日の掃除当番は…私か？"
  },
  {
    "GroupId": 83304300030,
    "LocalizeJP": "先に焼却炉によって…。"
  },
  {
    "GroupId": 83304300031,
    "LocalizeJP": "[모모톡]"
  },
  {
    "GroupId": 83304300031,
    "LocalizeJP": "チナツは救急医学部室にいるとのことです。"
  },
  {
    "GroupId": 83304300032,
    "LocalizeJP": "委員長、お疲れ様でした！"
  },
  {
    "GroupId": 83304300033,
    "LocalizeJP": "こっちのチラシは、あたしたちが片づけといたよ。"
  },
  {
    "GroupId": 83304300033,
    "LocalizeJP": "ヒナっち～！お疲れ様～！"
  },
  {
    "GroupId": 83304300034,
    "LocalizeJP": "気になる…。"
  },
  {
    "GroupId": 83304400210,
    "LocalizeJP": "[…]"
  },
  {
    "GroupId": 83304400210,
    "LocalizeJP": "（チナツ、どこに居るんだろう）"
  },
  {
    "GroupId": 83304400310,
    "LocalizeJP": "[!]"
  },
  {
    "GroupId": 83304400310,
    "LocalizeJP": "[속상함]"
  },
  {
    "GroupId": 83304400510,
    "LocalizeJP": "（とりあえずチナツも見つかったし戻ろうかしら）"
  },
  {
    "GroupId": 83304400510,
    "LocalizeJP": "（これ以上遅くなる前に訓練を始めないと）"
  },
  {
    "GroupId": 83304400002,
    "LocalizeJP": "[빠직]"
  },
  {
    "GroupId": 83304400010,
    "LocalizeJP": "傷口が開かないと良いのですが…。"
  },
  {
    "GroupId": 83304400011,
    "LocalizeJP": "ふぅ、幸い、ここはキレイですね。"
  },
  {
    "GroupId": 83304400012,
    "LocalizeJP": "早く、本調子に戻らなきゃ…。"
  },
  {
    "GroupId": 83304400020,
    "LocalizeJP": "うう、サボっちゃいたい…。"
  },
  {
    "GroupId": 83304400020,
    "LocalizeJP": "この私が、全治1週間だなんて…！"
  },
  {
    "GroupId": 83304400021,
    "LocalizeJP": "イブキ！もう全然痛くないよ～！"
  },
  {
    "GroupId": 83304400022,
    "LocalizeJP": "今日こそ、ただじゃ済ませませんよ！"
  },
  {
    "GroupId": 83304400030,
    "LocalizeJP": "たしかに今日は、定期訓練日でしたよね？"
  },
  {
    "GroupId": 83304400030,
    "LocalizeJP": "行きましょう。"
  },
  {
    "GroupId": 83304400031,
    "LocalizeJP": "[음표]"
  },
  {
    "GroupId": 83304400031,
    "LocalizeJP": "ヒナ委員長、そろそろ行きましょうか？"
  },
  {
    "GroupId": 8330450010,
    "LocalizeJP": "ふむ、今日の定期訓練は…。"
  },
  {
    "GroupId": 8330450011,
    "LocalizeJP": "訓練準備は完璧にできています。"
  },
  {
    "GroupId": 8330450012,
    "LocalizeJP": "定期訓練かぁ…。"
  },
  {
    "GroupId": 8330450020,
    "LocalizeJP": "[음표]"
  },
  {
    "GroupId": 8330450020,
    "LocalizeJP": "委員長、エスコートは私に任せてください。"
  },
  {
    "GroupId": 8330450021,
    "LocalizeJP": "[!]"
  },
  {
    "GroupId": 8330450021,
    "LocalizeJP": "私の本気、見せてやるよ！委員長！"
  },
  {
    "GroupId": 8330450022,
    "LocalizeJP": "訓練準備、完了です。委員長。"
  },
  {
    "GroupId": 83304600210,
    "LocalizeJP": "[땀]"
  },
  {
    "GroupId": 83304600210,
    "LocalizeJP": "（これで予定していた訓練は終わったし…とりあえず、部室に戻ろう）"
  },
  {
    "GroupId": 83304600310,
    "LocalizeJP": "（もう一度、みんなを集めないと…）"
  },
  {
    "GroupId": 83304600310,
    "LocalizeJP": "（時間を無駄にしてる場合じゃない）"
  },
  {
    "GroupId": 83304600010,
    "LocalizeJP": "キ、キキキッ…。"
  },
  {
    "GroupId": 83304600020,
    "LocalizeJP": "[땀]"
  },
  {
    "GroupId": 83304600020,
    "LocalizeJP": "ヒナ委員長…。"
  },
  {
    "GroupId": 83304700110,
    "LocalizeJP": "[…]"
  },
  {
    "GroupId": 83304700110,
    "LocalizeJP": "（今日も始めよう）"
  },
  {
    "GroupId": 83304700210,
    "LocalizeJP": "[속상함]"
  },
  {
    "GroupId": 83304700210,
    "LocalizeJP": "（優しく、丁寧に…）"
  },
  {
    "GroupId": 83304800110,
    "LocalizeJP": "[속상함]"
  },
  {
    "GroupId": 83304800110,
    "LocalizeJP": "[…]"
  },
  {
    "GroupId": 83305100210,
    "LocalizeJP": "[…]"
  },
  {
    "GroupId": 83305100210,
    "LocalizeJP": "[전화]"
  },
  {
    "GroupId": 83305100310,
    "LocalizeJP": "[…]"
  },
  {
    "GroupId": 83305100310,
    "LocalizeJP": "[!]"
  },
  {
    "GroupId": 83305300110,
    "LocalizeJP": "（これがパーティー会場）"
  },
  {
    "GroupId": 83305300110,
    "LocalizeJP": "（私は今日、ここで演奏を…）"
  },
  {
    "GroupId": 83305300110,
    "LocalizeJP": "（でも、その前に…）"
  },
  {
    "GroupId": 83305300001,
    "LocalizeJP": "委員長！準備オッケーだよ！"
  },
  {
    "GroupId": 83305300001,
    "LocalizeJP": "うん。すぐに出発しよう。"
  },
  {
    "GroupId": 83305300002,
    "LocalizeJP": "いつも、ご苦労様です…。"
  },
  {
    "GroupId": 83305300002,
    "LocalizeJP": "後片付けは任せて。"
  },
  {
    "GroupId": 83305300003,
    "LocalizeJP": "よろしくね、風紀委員長。"
  },
  {
    "GroupId": 83305300003,
    "LocalizeJP": "すぐ戻ってくる。"
  },
  {
    "GroupId": 83305300004,
    "LocalizeJP": "ヒナっち！ファイト～！"
  },
  {
    "GroupId": 83305300004,
    "LocalizeJP": "うん…ありがとう…"
  },
  {
    "GroupId": 83305300005,
    "LocalizeJP": "委員長、お供します。"
  },
  {
    "GroupId": 83305300005,
    "LocalizeJP": "ありがとう。じゃあ、頼むわね。"
  },
  {
    "GroupId": 83305300006,
    "LocalizeJP": "サポートいたします！"
  },
  {
    "GroupId": 83305300006,
    "LocalizeJP": "時間がないわ。出発する。"
  },
  {
    "GroupId": 83305300007,
    "LocalizeJP": "まだ騒ぎが残ってますね。"
  },
  {
    "GroupId": 83305300010,
    "LocalizeJP": "[속상함]"
  },
  {
    "GroupId": 83305300010,
    "LocalizeJP": "また面倒ごと…はぁ…。"
  },
  {
    "GroupId": 83305300011,
    "LocalizeJP": "いま外に出ては危険です。"
  },
  {
    "GroupId": 83305300012,
    "LocalizeJP": "パーティー当日に、こんな…。"
  },
  {
    "GroupId": 83305300013,
    "LocalizeJP": "みな落ち着いて、案内に従ってください！"
  },
  {
    "GroupId": 83305300014,
    "LocalizeJP": "出動準備、したほうがよいでしょうか？"
  },
  {
    "GroupId": 83305300020,
    "LocalizeJP": "ゆっくりしている場合じゃありませんね。"
  },
  {
    "GroupId": 83305300030,
    "LocalizeJP": "ゲヘナ全域が大変なことになってるんだろう？"
  },
  {
    "GroupId": 83305300030,
    "LocalizeJP": "[속상함]"
  },
  {
    "GroupId": 83305300030,
    "LocalizeJP": "ちっ、興ざめだ。"
  },
  {
    "GroupId": 83305300030,
    "LocalizeJP": "[땀]"
  },
  {
    "GroupId": 83305400110,
    "LocalizeJP": "[…]"
  },
  {
    "GroupId": 83305400110,
    "LocalizeJP": "[!]"
  },
  {
    "GroupId": 83306010210,
    "LocalizeJP": "[…]"
  },
  {
    "GroupId": 83306010310,
    "LocalizeJP": "[!]"
  },
  {
    "GroupId": 83306010410,
    "LocalizeJP": "[하트]"
  },
  {
    "GroupId": 83306010410,
    "LocalizeJP": "[음표]"
  },
  {
    "GroupId": 83306020210,
    "LocalizeJP": "[…]"
  },
  {
    "GroupId": 83306020210,
    "LocalizeJP": "[땀]"
  },
  {
    "GroupId": 83306020310,
    "LocalizeJP": "（周りに誰も居ない）"
  },
  {
    "GroupId": 83306020310,
    "LocalizeJP": "（でも人の気配が…）"
  },
  {
    "GroupId": 83306020410,
    "LocalizeJP": "[…]"
  },
  {
    "GroupId": 83306020410,
    "LocalizeJP": "[!]"
  },
  {
    "GroupId": 83306020510,
    "LocalizeJP": "[?]"
  },
  {
    "GroupId": 83306020510,
    "LocalizeJP": "[?!]"
  },
  {
    "GroupId": 83306020520,
    "LocalizeJP": "これで掃除は終わりかな？"
  },
  {
    "GroupId": 83306020520,
    "LocalizeJP": "あ！教室のゴミ箱も捨てなきゃ！"
  },
  {
    "GroupId": 83306020520,
    "LocalizeJP": "うう、面倒くさいな…。"
  },
  {
    "GroupId": 83306020520,
    "LocalizeJP": "[땀]"
  },
  {
    "GroupId": 83306020530,
    "LocalizeJP": "[전구]"
  },
  {
    "GroupId": 83306020530,
    "LocalizeJP": "天気もいいし、今日のお昼は屋上で食べない？"
  },
  {
    "GroupId": 83306020530,
    "LocalizeJP": "いいね！私の友達も呼んでくる！"
  },
  {
    "GroupId": 83306020540,
    "LocalizeJP": "イブキちゃんが失くしたクレヨンを探してるみたい。"
  },
  {
    "GroupId": 83306020540,
    "LocalizeJP": "それ、イブキちゃんが大切にしていたものだろう？"
  },
  {
    "GroupId": 83306020540,
    "LocalizeJP": "クレヨン探し、私たちも手伝おう！"
  },
  {
    "GroupId": 83306030110,
    "LocalizeJP": "アコちゃん、さっきから電話に出てばかり…。"
  },
  {
    "GroupId": 83306030110,
    "LocalizeJP": "なんか問題でもあったのか？"
  },
  {
    "GroupId": 83306030210,
    "LocalizeJP": ""
  },
  {
    "GroupId": 83306030310,
    "LocalizeJP": ""
  },
  {
    "GroupId": 83306030410,
    "LocalizeJP": ""
  },
  {
    "GroupId": 83306030510,
    "LocalizeJP": "[…]"
  },
  {
    "GroupId": 83306030510,
    "LocalizeJP": "[하트]"
  },
  {
    "GroupId": 83306035210,
    "LocalizeJP": "（もしかしたら机の方に…）"
  },
  {
    "GroupId": 83306035210,
    "LocalizeJP": "（ここにも無いなら…）"
  },
  {
    "GroupId": 83306035310,
    "LocalizeJP": "[!]"
  },
  {
    "GroupId": 83306035310,
    "LocalizeJP": "[속상함]"
  },
  {
    "GroupId": 83306035410,
    "LocalizeJP": "[전구]"
  },
  {
    "GroupId": 83306035410,
    "LocalizeJP": "[속상함]"
  },
  {
    "GroupId": 83306035510,
    "LocalizeJP": "（こっちは…）"
  },
  {
    "GroupId": 83306035510,
    "LocalizeJP": "[속상함]"
  },
  {
    "GroupId": 83306035610,
    "LocalizeJP": "[!]"
  },
  {
    "GroupId": 83306035610,
    "LocalizeJP": "[속상함]"
  },
  {
    "GroupId": 83306035620,
    "LocalizeJP": "[?]"
  },
  {
    "GroupId": 83306035630,
    "LocalizeJP": "[음표]"
  },
  {
    "GroupId": 83306040110,
    "LocalizeJP": "私のミスのせいで…みなさんが苦労をして…。"
  },
  {
    "GroupId": 83306040120,
    "LocalizeJP": "現在、脱獄事件を調査しております。"
  },
  {
    "GroupId": 83306040130,
    "LocalizeJP": "参ったな…。"
  },
  {
    "GroupId": 83306040130,
    "LocalizeJP": "どうやって脱獄したんだ？"
  },
  {
    "GroupId": 83306040130,
    "LocalizeJP": "鉄格子はしっかり閉まっていたのに…。"
  },
  {
    "GroupId": 83306040130,
    "LocalizeJP": "[속상함]"
  },
  {
    "GroupId": 83306040310,
    "LocalizeJP": "[분실물]"
  },
  {
    "GroupId": 83306040310,
    "LocalizeJP": "[…]"
  },
  {
    "GroupId": 83306040410,
    "LocalizeJP": "[분실물]"
  },
  {
    "GroupId": 83306040410,
    "LocalizeJP": "[?]"
  },
  {
    "GroupId": 83306040510,
    "LocalizeJP": "[…]"
  },
  {
    "GroupId": 83306040510,
    "LocalizeJP": "[전구]"
  },
  {
    "GroupId": 83306040520,
    "LocalizeJP": "[땀]"
  },
  {
    "GroupId": 83306040520,
    "LocalizeJP": "いつの間にこんな大きな穴を…！"
  },
  {
    "GroupId": 83306040520,
    "LocalizeJP": "[속상함]"
  },
  {
    "GroupId": 83306040520,
    "LocalizeJP": "やはり、侮れないな…。"
  },
  {
    "GroupId": 83306050210,
    "LocalizeJP": "[전구]"
  },
  {
    "GroupId": 83306050210,
    "LocalizeJP": "（別の日誌が…）"
  },
  {
    "GroupId": 83306050210,
    "LocalizeJP": "（「なかなか実力が伸びない。才能がないのかな…」）"
  },
  {
    "GroupId": 83306050310,
    "LocalizeJP": "[분실물]"
  },
  {
    "GroupId": 83306050310,
    "LocalizeJP": "（こっちにも…）"
  },
  {
    "GroupId": 83306050310,
    "LocalizeJP": "（「今日も大会で賞を取れなかった…」）"
  },
  {
    "GroupId": 83306050310,
    "LocalizeJP": "[…]"
  },
  {
    "GroupId": 83306060110,
    "LocalizeJP": "[속상함]"
  },
  {
    "GroupId": 83306060110,
    "LocalizeJP": "（こうなった原因を調べてみよう）"
  },
  {
    "GroupId": 83306060120,
    "LocalizeJP": "ううう…。"
  },
  {
    "GroupId": 83306060130,
    "LocalizeJP": "誰かあいつらを止めて…。"
  },
  {
    "GroupId": 83306060140,
    "LocalizeJP": "うっ、うう…。"
  },
  {
    "GroupId": 83306060150,
    "LocalizeJP": "これは…悪夢だ…。"
  },
  {
    "GroupId": 83306060160,
    "LocalizeJP": "ふふん～！これをこうやって、混ぜ混ぜして…。"
  },
  {
    "GroupId": 83306060160,
    "LocalizeJP": "[음표]"
  },
  {
    "GroupId": 83306060170,
    "LocalizeJP": "（もう少し周りをよく見てみよう）"
  },
  {
    "GroupId": 83306060180,
    "LocalizeJP": "（もう少し周りをよく見てみよう）"
  },
  {
    "GroupId": 83306060190,
    "LocalizeJP": "（もう少し周りをよく見てみよう）"
  },
  {
    "GroupId": 83306060210,
    "LocalizeJP": "[속상함]"
  },
  {
    "GroupId": 83306060210,
    "LocalizeJP": "（風紀委員会だけじゃなくて、他の部活も…）"
  },
  {
    "GroupId": 83306060310,
    "LocalizeJP": "[…]"
  },
  {
    "GroupId": 83306060310,
    "LocalizeJP": "（ここにも負傷者が…）"
  },
  {
    "GroupId": 83306060310,
    "LocalizeJP": "（おそらく、原因は調理室ね）"
  },
  {
    "GroupId": 83306060510,
    "LocalizeJP": "今日も、忙しくなりそうですね。"
  },
  {
    "GroupId": 83306065110,
    "LocalizeJP": "どこからか鳴き声が…。"
  },
  {
    "GroupId": 83306065120,
    "LocalizeJP": "今日のメニューは…。"
  },
  {
    "GroupId": 83306065130,
    "LocalizeJP": "今日はミント風味緑茶の気分…！"
  },
  {
    "GroupId": 83306065130,
    "LocalizeJP": "[음표]"
  },
  {
    "GroupId": 83306065140,
    "LocalizeJP": "万魔殿でクレヨンを捜索中らしいよ？"
  },
  {
    "GroupId": 83306065140,
    "LocalizeJP": "え？クレヨン？"
  },
  {
    "GroupId": 83306065140,
    "LocalizeJP": "そう、学園中のゴミ箱を調べているんだとか。"
  },
  {
    "GroupId": 83306065210,
    "LocalizeJP": "[…]"
  },
  {
    "GroupId": 83306065210,
    "LocalizeJP": "（少し手伝っていこう）"
  },
  {
    "GroupId": 83306065310,
    "LocalizeJP": "[분실물]"
  },
  {
    "GroupId": 83306065310,
    "LocalizeJP": "[전구]"
  },
  {
    "GroupId": 83306065510,
    "LocalizeJP": "（たしか、給食部の牛乳があったような）"
  },
  {
    "GroupId": 83306065510,
    "LocalizeJP": "（お腹がいっぱいになったら、この子も落ち着いてくれるはず）"
  },
  {
    "GroupId": 83306065610,
    "LocalizeJP": "[…]"
  },
  {
    "GroupId": 83306065610,
    "LocalizeJP": "[하트]"
  },
  {
    "GroupId": 83306065610,
    "LocalizeJP": "（勝手に牛乳をあげちゃったから、給食部に謝っておかないと）"
  },
  {
    "GroupId": 83306065710,
    "LocalizeJP": "[하트]"
  },
  {
    "GroupId": 83306065720,
    "LocalizeJP": "やっぱり、かわいい…。"
  },
  {
    "GroupId": 83306070110,
    "LocalizeJP": "体調が優れない方は、手を挙げてください。"
  },
  {
    "GroupId": 83306070120,
    "LocalizeJP": "この辺に絆創膏があるはず…。"
  },
  {
    "GroupId": 83306070130,
    "LocalizeJP": "やっぱ痛いなぁ…81mm迫撃砲…。"
  },
  {
    "GroupId": 83306070210,
    "LocalizeJP": "[분실물]"
  },
  {
    "GroupId": 83306070210,
    "LocalizeJP": "（見つけた）"
  },
  {
    "GroupId": 83306070310,
    "LocalizeJP": "[…]"
  },
  {
    "GroupId": 83306070310,
    "LocalizeJP": "[땀]"
  },
  {
    "GroupId": 83306070310,
    "LocalizeJP": "[하트]"
  },
  {
    "GroupId": 83306070410,
    "LocalizeJP": "[속상함]"
  },
  {
    "GroupId": 83306070410,
    "LocalizeJP": "[…]"
  },
  {
    "GroupId": 83306070410,
    "LocalizeJP": "[!]"
  },
  {
    "GroupId": 83306070410,
    "LocalizeJP": "[하트]"
  },
  {
    "GroupId": 83306070510,
    "LocalizeJP": "私も癒しの手に治療してもらいたい…。"
  },
  {
    "GroupId": 83306070510,
    "LocalizeJP": "羨ましい…。"
  },
  {
    "GroupId": 83306070520,
    "LocalizeJP": "私も癒しの手に治療してもらいたい…。"
  },
  {
    "GroupId": 83306070530,
    "LocalizeJP": "羨ましい…。"
  },
  {
    "GroupId": 83306075110,
    "LocalizeJP": "[속상함]"
  },
  {
    "GroupId": 83306075110,
    "LocalizeJP": "早くなんとかして！"
  },
  {
    "GroupId": 83306075110,
    "LocalizeJP": "[땀]"
  },
  {
    "GroupId": 83306075110,
    "LocalizeJP": "きゃあん～！私みたいなか弱い女の子には無理よ！"
  },
  {
    "GroupId": 83306075210,
    "LocalizeJP": "[…]"
  },
  {
    "GroupId": 83306075210,
    "LocalizeJP": "（…ここには居ないか）"
  },
  {
    "GroupId": 83306075410,
    "LocalizeJP": "（まだ部屋の中に居るはず…）"
  },
  {
    "GroupId": 83306075410,
    "LocalizeJP": "（どこに行ったんだろう）"
  },
  {
    "GroupId": 83306075510,
    "LocalizeJP": "[분실물]"
  },
  {
    "GroupId": 83306075510,
    "LocalizeJP": "（…捕まえた）"
  },
  {
    "GroupId": 83306075610,
    "LocalizeJP": "まだ足がガクガクする…。"
  },
  {
    "GroupId": 83306075620,
    "LocalizeJP": "あれを素手で捕まえるなんて…。"
  },
  {
    "GroupId": 83306075630,
    "LocalizeJP": "これが、風紀委員会の力…。"
  },
  {
    "GroupId": 83306080110,
    "LocalizeJP": "[음표]"
  },
  {
    "GroupId": 83306080110,
    "LocalizeJP": "今日は、私がコックです！"
  },
  {
    "GroupId": 83306080120,
    "LocalizeJP": "復旧には、もう少し時間がかかるかと。"
  },
  {
    "GroupId": 83306080130,
    "LocalizeJP": "ジュリ先輩が美味しいものを作ってくれるって！"
  },
  {
    "GroupId": 83306080130,
    "LocalizeJP": "イブキ！楽しみ～！"
  },
  {
    "GroupId": 83306080140,
    "LocalizeJP": "テント生活、いつまで続くのでしょうか…。"
  },
  {
    "GroupId": 83306080150,
    "LocalizeJP": "た、大変です！パンちゃんがまた…"
  },
  {
    "GroupId": 83306080160,
    "LocalizeJP": "わあ！イブキもパンケーキと遊びたい！"
  },
  {
    "GroupId": 83306080170,
    "LocalizeJP": "あれは、いったい…"
  },
  {
    "GroupId": 83306080210,
    "LocalizeJP": "[!]"
  },
  {
    "GroupId": 83306080210,
    "LocalizeJP": "（またパンケーキが動いてる…）"
  },
  {
    "GroupId": 83306080310,
    "LocalizeJP": "[…]"
  },
  {
    "GroupId": 83306080310,
    "LocalizeJP": "（あらためて見ても何とも言えないわね）"
  },
  {
    "GroupId": 83306080410,
    "LocalizeJP": "[!]"
  },
  {
    "GroupId": 83306080410,
    "LocalizeJP": "（これで最後…！）"
  },
  {
    "GroupId": 83306080510,
    "LocalizeJP": "ふぅ、大変な目にあうところでした。"
  },
  {
    "GroupId": 83306080520,
    "LocalizeJP": "何度見ても、この風景には慣れませんね。"
  },
  {
    "GroupId": 83306080530,
    "LocalizeJP": "[하트]"
  },
  {
    "GroupId": 83306080530,
    "LocalizeJP": "へへ～！動くパンケーキ、かわいかった！"
  },
  {
    "GroupId": 83306080540,
    "LocalizeJP": "[땀]"
  },
  {
    "GroupId": 83306080540,
    "LocalizeJP": "あれが噂のパンケーキ…？"
  },
  {
    "GroupId": 83306085110,
    "LocalizeJP": "なんという悲劇…。"
  },
  {
    "GroupId": 83306085120,
    "LocalizeJP": "こんなところで、失踪事件だなんて…。"
  },
  {
    "GroupId": 83306085130,
    "LocalizeJP": "マコト先輩、大げさな…。"
  },
  {
    "GroupId": 83306085140,
    "LocalizeJP": "[땀]"
  },
  {
    "GroupId": 83306085140,
    "LocalizeJP": "議長の要請により、手がかりを捜索中です。"
  },
  {
    "GroupId": 83306085210,
    "LocalizeJP": "[분실물]"
  },
  {
    "GroupId": 83306085210,
    "LocalizeJP": "（こっちには無いわね。じゃあ次は…）"
  },
  {
    "GroupId": 83306085310,
    "LocalizeJP": "[전구]"
  },
  {
    "GroupId": 83306085310,
    "LocalizeJP": "（ん？リュックの中にあるなんて…）"
  },
  {
    "GroupId": 83306085410,
    "LocalizeJP": "マコト様は、より一層成長を遂げた。"
  },
  {
    "GroupId": 83306085420,
    "LocalizeJP": "たしかにプリンは、重大事項ではあります。ごほん！"
  },
  {
    "GroupId": 83306085430,
    "LocalizeJP": "何事もなくてよかったです。"
  },
  {
    "GroupId": 83306085440,
    "LocalizeJP": "[하트]"
  },
  {
    "GroupId": 83306085440,
    "LocalizeJP": "イブキちゃんにプリンをもらいました。"
  },
  {
    "GroupId": 83306085450,
    "LocalizeJP": "[음표]"
  },
  {
    "GroupId": 83306085450,
    "LocalizeJP": "プリン、ヒナ先輩の分もとっておいたよ～！"
  },
  {
    "GroupId": 83306090110,
    "LocalizeJP": "一体どこに行った？"
  },
  {
    "GroupId": 83306090120,
    "LocalizeJP": "このあと、ハニーチョコパフェ、行く？"
  },
  {
    "GroupId": 83306090120,
    "LocalizeJP": "行く！！"
  },
  {
    "GroupId": 83306090210,
    "LocalizeJP": "[…]"
  },
  {
    "GroupId": 83306090210,
    "LocalizeJP": "（ここを整理して…）"
  },
  {
    "GroupId": 83306090310,
    "LocalizeJP": "[땀]"
  },
  {
    "GroupId": 83306090310,
    "LocalizeJP": "（ふぅ…エリカの言う通り、結構な量ね）"
  },
  {
    "GroupId": 83306090410,
    "LocalizeJP": "（こっちは、こうして…）"
  },
  {
    "GroupId": 83306090410,
    "LocalizeJP": "（…よし）"
  },
  {
    "GroupId": 83306090510,
    "LocalizeJP": "ヒナっちと何して遊ぼ～？"
  },
  {
    "GroupId": 83306090520,
    "LocalizeJP": "[음표]"
  },
  {
    "GroupId": 83306090520,
    "LocalizeJP": "風紀委員長と下校か、楽しみだな。"
  },
  {
    "GroupId": 83306095110,
    "LocalizeJP": "1人で片づけるのは、大変だと思うけど…。"
  },
  {
    "GroupId": 83306095120,
    "LocalizeJP": "イブキちゃんがクレヨンを失くしたらしい。"
  },
  {
    "GroupId": 83306095120,
    "LocalizeJP": "[전구]"
  },
  {
    "GroupId": 83306095120,
    "LocalizeJP": "あれ、教室のどっかで見た覚えがあるな…。"
  },
  {
    "GroupId": 83306095210,
    "LocalizeJP": "（ポスターがいっぱい…）"
  },
  {
    "GroupId": 83306095210,
    "LocalizeJP": "[…]"
  },
  {
    "GroupId": 83306095310,
    "LocalizeJP": "（それもマコトの顔をタヌキみたいに描くなんて…）"
  },
  {
    "GroupId": 83306095310,
    "LocalizeJP": "（面白い風刺画）"
  },
  {
    "GroupId": 83306095410,
    "LocalizeJP": "[…]"
  },
  {
    "GroupId": 83306095410,
    "LocalizeJP": "（ボンドで貼られているのか、なかなか剥がせない）"
  },
  {
    "GroupId": 83306095510,
    "LocalizeJP": "[…]"
  },
  {
    "GroupId": 83306095510,
    "LocalizeJP": "（ふぅ、これで大丈夫かな？）"
  },
  {
    "GroupId": 83306095610,
    "LocalizeJP": "[음표]"
  },
  {
    "GroupId": 83306095610,
    "LocalizeJP": "みんな、羨ましく思うことでしょう！"
  },
  {
    "GroupId": 83306100110,
    "LocalizeJP": "[…]"
  },
  {
    "GroupId": 83306100120,
    "LocalizeJP": "私もピアノ、学ぼうかな…。"
  },
  {
    "GroupId": 83306100130,
    "LocalizeJP": "最後まで、気を引き締めていきます。"
  },
  {
    "GroupId": 83306100140,
    "LocalizeJP": "今日一日も、波乱万丈でしたね。"
  },
  {
    "GroupId": 83306100150,
    "LocalizeJP": "[속상함]"
  },
  {
    "GroupId": 83306100150,
    "LocalizeJP": "はあ、後始末なんて、面倒くさい…。"
  },
  {
    "GroupId": 83306100160,
    "LocalizeJP": "（では始めようか…）"
  },
  {
    "GroupId": 83306100210,
    "LocalizeJP": "[분실물]"
  },
  {
    "GroupId": 83306100220,
    "LocalizeJP": "[!]"
  },
  {
    "GroupId": 83306100220,
    "LocalizeJP": "[음표]"
  },
  {
    "GroupId": 83306100220,
    "LocalizeJP": "あはは！バレちゃった～！"
  },
  {
    "GroupId": 83306100230,
    "LocalizeJP": "あはは！バレちゃった～！"
  },
  {
    "GroupId": 83306100310,
    "LocalizeJP": "（そしてエリカは…）"
  },
  {
    "GroupId": 83306100320,
    "LocalizeJP": "[…]"
  },
  {
    "GroupId": 83306100320,
    "LocalizeJP": "隠れる場所、間違えたかな…。"
  },
  {
    "GroupId": 83306100330,
    "LocalizeJP": "隠れる場所、間違えたかな…。"
  },
  {
    "GroupId": 83306100410,
    "LocalizeJP": "[분실물]"
  },
  {
    "GroupId": 83306100410,
    "LocalizeJP": "[…]"
  },
  {
    "GroupId": 83306100411,
    "LocalizeJP": "[분실물]"
  },
  {
    "GroupId": 83306100411,
    "LocalizeJP": "[…]"
  },
  {
    "GroupId": 83306100412,
    "LocalizeJP": "[분실물]"
  },
  {
    "GroupId": 83306100412,
    "LocalizeJP": "[…]"
  },
  {
    "GroupId": 83306100413,
    "LocalizeJP": "[분실물]"
  },
  {
    "GroupId": 83306100413,
    "LocalizeJP": "[…]"
  },
  {
    "GroupId": 83306100414,
    "LocalizeJP": "[분실물]"
  },
  {
    "GroupId": 83306100414,
    "LocalizeJP": "[…]"
  },
  {
    "GroupId": 83306100415,
    "LocalizeJP": "[분실물]"
  },
  {
    "GroupId": 83306100415,
    "LocalizeJP": "[…]"
  },
  {
    "GroupId": 83306100416,
    "LocalizeJP": "[분실물]"
  },
  {
    "GroupId": 83306100416,
    "LocalizeJP": "[…]"
  },
  {
    "GroupId": 83306100417,
    "LocalizeJP": "[분실물]"
  },
  {
    "GroupId": 83306100417,
    "LocalizeJP": "[…]"
  },
  {
    "GroupId": 83306100418,
    "LocalizeJP": "[분실물]"
  },
  {
    "GroupId": 83306100418,
    "LocalizeJP": "[…]"
  },
  {
    "GroupId": 83306100419,
    "LocalizeJP": "[분실물]"
  },
  {
    "GroupId": 83306100419,
    "LocalizeJP": "[…]"
  },
  {
    "GroupId": 83306100710,
    "LocalizeJP": "[분실물]"
  },
  {
    "GroupId": 83306100710,
    "LocalizeJP": "[전구]"
  },
  {
    "GroupId": 83306100720,
    "LocalizeJP": "先輩たち！次はままごとしようね！"
  },
  {
    "GroupId": 83306100720,
    "LocalizeJP": "イブキと、約束だよ～！"
  },
  {
    "GroupId": 83306100720,
    "LocalizeJP": "うん～！指きりげんまん～！"
  },
  {
    "GroupId": 83306100720,
    "LocalizeJP": "…いいよ、約束。"
  },
  {
    "GroupId": 83306100720,
    "LocalizeJP": "[하트]"
  },
  {
    "GroupId": 83306105110,
    "LocalizeJP": "ぐっすん…信じられない…！"
  },
  {
    "GroupId": 83306105120,
    "LocalizeJP": "退室前に忘れ物はないかもう一度ご確認ください。"
  },
  {
    "GroupId": 83306105130,
    "LocalizeJP": "パーティーが無事に終わってよかったです。"
  },
  {
    "GroupId": 83306105140,
    "LocalizeJP": "[…]"
  },
  {
    "GroupId": 83306105140,
    "LocalizeJP": "今日のパーティー、楽しかったよな？"
  },
  {
    "GroupId": 83306105140,
    "LocalizeJP": "ああ、最高だった。"
  },
  {
    "GroupId": 83306105150,
    "LocalizeJP": "でもまあ、それなりにいいパーティーでしたよ…。"
  },
  {
    "GroupId": 83306105160,
    "LocalizeJP": "これは、困りましたわね…。"
  },
  {
    "GroupId": 83306105160,
    "LocalizeJP": "あら～★"
  },
  {
    "GroupId": 83306105160,
    "LocalizeJP": "あれもこれも、全部美味しそう…！"
  },
  {
    "GroupId": 83306105210,
    "LocalizeJP": "[분실물]"
  },
  {
    "GroupId": 83306105210,
    "LocalizeJP": "[…]"
  },
  {
    "GroupId": 83306105220,
    "LocalizeJP": "一体どこにあるのよ！"
  },
  {
    "GroupId": 83306105230,
    "LocalizeJP": "ここにはないみたいですね～♣"
  },
  {
    "GroupId": 83306105240,
    "LocalizeJP": "それでは、こちらでしょうか…"
  },
  {
    "GroupId": 83306105250,
    "LocalizeJP": "あーん、お腹すいた～！"
  },
  {
    "GroupId": 83306105310,
    "LocalizeJP": "[분실물]"
  },
  {
    "GroupId": 83306105310,
    "LocalizeJP": "（うーん、こっちにも落ちてない）"
  },
  {
    "GroupId": 83306105410,
    "LocalizeJP": "[분실물]"
  },
  {
    "GroupId": 83306105410,
    "LocalizeJP": "（ここも空っぽね）"
  },
  {
    "GroupId": 83306105510,
    "LocalizeJP": "[분실물]"
  },
  {
    "GroupId": 83306105510,
    "LocalizeJP": "[…]"
  },
  {
    "GroupId": 83306105510,
    "LocalizeJP": "（食券がどこにもない…仕方ない…）"
  },
  {
    "GroupId": 83306105610,
    "LocalizeJP": "みんなありがとう、助けてくれて…。"
  },
  {
    "GroupId": 83306105610,
    "LocalizeJP": "ふふ、では、美食を堪能するとしましょう。"
  },
  {
    "GroupId": 83306105610,
    "LocalizeJP": "[음표]"
  },
  {
    "GroupId": 83306105610,
    "LocalizeJP": "ふふん～何から食べよっかな～！"
  },
  {
    "GroupId": 83306105620,
    "LocalizeJP": "みんなありがとう、助けてくれて…。"
  },
  {
    "GroupId": 83306500110,
    "LocalizeJP": "（ふむ…）"
  },
  {
    "GroupId": 83306500110,
    "LocalizeJP": "（今日はこの譜面で練習を…）"
  },
  {
    "GroupId": 83306600110,
    "LocalizeJP": "[…]"
  },
  {
    "GroupId": 83306600110,
    "LocalizeJP": "（最近ここに来るのが楽しみ）"
  },
  {
    "GroupId": 83306700110,
    "LocalizeJP": "（今日の練習も楽しみ…）"
  },
  {
    "GroupId": 83306700110,
    "LocalizeJP": "[音符]"
  },
  {
    "GroupId": 83306800110,
    "LocalizeJP": "（旋律に身を委ねるのは…）"
  },
  {
    "GroupId": 83306800110,
    "LocalizeJP": "（こんなに楽しいことなんだね）"
  },
  {
    "GroupId": 83306900110,
    "LocalizeJP": "（先生はどんな曲が好きかな）"
  },
  {
    "GroupId": 83306900110,
    "LocalizeJP": "（後でモモトークで聞いてみようかな…）"
  },
  {
    "GroupId": 83399000000,
    "LocalizeJP": "[속상함]"
  },
  {
    "GroupId": 83399000001,
    "LocalizeJP": "[?]"
  },
  {
    "GroupId": 83399000002,
    "LocalizeJP": "[전구]"
  },
  {
    "GroupId": 83399000003,
    "LocalizeJP": "[음표]"
  },
  {
    "GroupId": 83399000004,
    "LocalizeJP": "[하트]"
  },
  {
    "GroupId": 83399000005,
    "LocalizeJP": "[!]"
  },
  {
    "GroupId": 83399000006,
    "LocalizeJP": "[…]"
  },
  {
    "GroupId": 83399000010,
    "LocalizeJP": "（まだやることが残ってる）"
  },
  {
    "GroupId": 83399000011,
    "LocalizeJP": "（ここには行けない…）"
  },
  {
    "GroupId": 83399000020,
    "LocalizeJP": "[음표]"
  },
  {
    "GroupId": 83399000021,
    "LocalizeJP": "[속상함]"
  },
  {
    "GroupId": 83399000022,
    "LocalizeJP": "[빠직]"
  },
  {
    "GroupId": 83399000023,
    "LocalizeJP": "[…]"
  },
  {
    "GroupId": 83399000024,
    "LocalizeJP": "[!]"
  },
  {
    "GroupId": 83399000025,
    "LocalizeJP": "[?]"
  },
  {
    "GroupId": 83399000026,
    "LocalizeJP": "[?!]"
  },
  {
    "GroupId": 83399000027,
    "LocalizeJP": "[전구]"
  },
  {
    "GroupId": 83399000028,
    "LocalizeJP": "[하트]"
  },
  {
    "GroupId": 83399000029,
    "LocalizeJP": "[땀]"
  },
  {
    "GroupId": 83399000030,
    "LocalizeJP": "[모모톡]"
  },
  {
    "GroupId": 83399000031,
    "LocalizeJP": "[전화]"
  },
  {
    "GroupId": 83399000032,
    "LocalizeJP": "[키워드]"
  },
  {
    "GroupId": 83399000033,
    "LocalizeJP": "[분실물]"
  },
  {
    "GroupId": 83399000034,
    "LocalizeJP": "[음표]"
  },
  {
    "GroupId": 83399000034,
    "LocalizeJP": "[하트]"
  },
  {
    "GroupId": 83399000035,
    "LocalizeJP": "[빠직]"
  },
  {
    "GroupId": 83399000035,
    "LocalizeJP": "[음표]"
  },
  {
    "GroupId": 83399000035,
    "LocalizeJP": "[땀]"
  },
  {
    "GroupId": 83399000036,
    "LocalizeJP": "[음표]"
  },
  {
    "GroupId": 83399000036,
    "LocalizeJP": "[속상함]"
  },
  {
    "GroupId": 83399000037,
    "LocalizeJP": "[전구]"
  },
  {
    "GroupId": 83399000037,
    "LocalizeJP": "[음표]"
  },
  {
    "GroupId": 1,
    "LocalizeJP": ""
  },
  {
    "GroupId": 1,
    "LocalizeJP": ""
  },
  {
    "GroupId": 1,
    "LocalizeJP": ""
  },
  {
    "GroupId": 1,
    "LocalizeJP": ""
  },
  {
    "GroupId": 1,
    "LocalizeJP": ""
  },
  {
    "GroupId": 1,
    "LocalizeJP": ""
  },
  {
    "GroupId": 1,
    "LocalizeJP": ""
  },
  {
    "GroupId": 1,
    "LocalizeJP": ""
  },
  {
    "GroupId": 1,
    "LocalizeJP": ""
  },
  {
    "GroupId": 1,
    "LocalizeJP": ""
  },
  {
    "GroupId": 2,
    "LocalizeJP": ""
  },
  {
    "GroupId": 2,
    "LocalizeJP": ""
  },
  {
    "GroupId": 2,
    "LocalizeJP": ""
  },
  {
    "GroupId": 2,
    "LocalizeJP": ""
  },
  {
    "GroupId": 2,
    "LocalizeJP": ""
  },
  {
    "GroupId": 2,
    "LocalizeJP": ""
  },
  {
    "GroupId": 83399901,
    "LocalizeJP": ""
  },
  {
    "GroupId": 84300100110,
    "LocalizeJP": "何事もないといいが…。"
  },
  {
    "GroupId": 84300100110,
    "LocalizeJP": "なんか楽しそう！"
  },
  {
    "GroupId": 84300100120,
    "LocalizeJP": "ここがミレニアムサイエンススクール…。"
  },
  {
    "GroupId": 84300100120,
    "LocalizeJP": "トリニティとは随分違いますわね。"
  },
  {
    "GroupId": 84300100121,
    "LocalizeJP": "うーん…。"
  },
  {
    "GroupId": 84300100122,
    "LocalizeJP": "歓迎されてる…のかな？"
  },
  {
    "GroupId": 84300100130,
    "LocalizeJP": "あれがあのティーパーティーの人？"
  },
  {
    "GroupId": 84300100130,
    "LocalizeJP": "病弱って聞いてたけど…元気になったのかな？"
  },
  {
    "GroupId": 84300100140,
    "LocalizeJP": "[!]"
  },
  {
    "GroupId": 84300100140,
    "LocalizeJP": "[땀]"
  },
  {
    "GroupId": 84300100150,
    "LocalizeJP": "[음표]"
  },
  {
    "GroupId": 84300100150,
    "LocalizeJP": "[속상함]"
  },
  {
    "GroupId": 84300100210,
    "LocalizeJP": "（おや？先生がいない…？）"
  },
  {
    "GroupId": 84300100210,
    "LocalizeJP": "（はぐれてしまったか…）"
  },
  {
    "GroupId": 84300100210,
    "LocalizeJP": "（誰か、手を貸してくれる者は…）"
  },
  {
    "GroupId": 84300100410,
    "LocalizeJP": "[?]"
  },
  {
    "GroupId": 84300100410,
    "LocalizeJP": "（今のは…？）"
  },
  {
    "GroupId": 84300100410,
    "LocalizeJP": "少々、引っかかるな…。"
  },
  {
    "GroupId": 84300200110,
    "LocalizeJP": "（まだ距離がある…）"
  },
  {
    "GroupId": 84300200110,
    "LocalizeJP": "（しかし、これ以上近づいては…隠れるべきか）"
  },
  {
    "GroupId": 84300200120,
    "LocalizeJP": "歴史に残るような発明品を作りたい…。"
  },
  {
    "GroupId": 84300200120,
    "LocalizeJP": "アバンギャルド君、みたいな？"
  },
  {
    "GroupId": 84300200130,
    "LocalizeJP": "ふむ…興味深い彫刻ね。"
  },
  {
    "GroupId": 84300200140,
    "LocalizeJP": "この部分は脆そう。"
  },
  {
    "GroupId": 84300200141,
    "LocalizeJP": "[땀]"
  },
  {
    "GroupId": 84300200141,
    "LocalizeJP": "これは何の研究なんだろ…？"
  },
  {
    "GroupId": 84300200150,
    "LocalizeJP": "…。"
  },
  {
    "GroupId": 84300200150,
    "LocalizeJP": "…。"
  },
  {
    "GroupId": 84300200210,
    "LocalizeJP": "（これは…）"
  },
  {
    "GroupId": 84300200210,
    "LocalizeJP": "（他を当たろう）"
  },
  {
    "GroupId": 84300200310,
    "LocalizeJP": "（少し心許無いな）"
  },
  {
    "GroupId": 84300200310,
    "LocalizeJP": "[전구]"
  },
  {
    "GroupId": 84300200310,
    "LocalizeJP": "（…あれならどうだろうか）"
  },
  {
    "GroupId": 84300200410,
    "LocalizeJP": "（ふむ…これで身を隠せていると良いのだが…）"
  },
  {
    "GroupId": 84300200410,
    "LocalizeJP": "（少し近づいてみるとしよう）"
  },
  {
    "GroupId": 84300300110,
    "LocalizeJP": "（…ここは）"
  },
  {
    "GroupId": 84300300110,
    "LocalizeJP": "（隠れ家として使っているのか）"
  },
  {
    "GroupId": 84300300120,
    "LocalizeJP": "[…]"
  },
  {
    "GroupId": 84300300120,
    "LocalizeJP": "めんどくせぇことになっちまったな。"
  },
  {
    "GroupId": 84300300310,
    "LocalizeJP": "EXPOの破綻？"
  },
  {
    "GroupId": 84300300310,
    "LocalizeJP": "大きく出たな。"
  },
  {
    "GroupId": 84300300310,
    "LocalizeJP": "[…]"
  },
  {
    "GroupId": 84300300310,
    "LocalizeJP": "…なるほど。"
  },
  {
    "GroupId": 84300300610,
    "LocalizeJP": "（会場と周辺を調査するなら）"
  },
  {
    "GroupId": 84300300610,
    "LocalizeJP": "（悟られず、うまく溶け込むことが肝要だろう）"
  },
  {
    "GroupId": 84300300620,
    "LocalizeJP": "作戦名は「ヨーヨー作戦」よ。"
  },
  {
    "GroupId": 84300300620,
    "LocalizeJP": "[땀]"
  },
  {
    "GroupId": 84301100110,
    "LocalizeJP": "（どこへ向かうのが正しいのか…）"
  },
  {
    "GroupId": 84301100110,
    "LocalizeJP": "[…]"
  },
  {
    "GroupId": 84301100110,
    "LocalizeJP": "（…聞いた方が早いだろうか）"
  },
  {
    "GroupId": 84301100120,
    "LocalizeJP": "そう簡単にはいかないか。"
  },
  {
    "GroupId": 84301100120,
    "LocalizeJP": "うーん、なんか変な感じ？"
  },
  {
    "GroupId": 84301100130,
    "LocalizeJP": "[속상함]"
  },
  {
    "GroupId": 84301100130,
    "LocalizeJP": "うう…これ以上予算が削られちゃったら…。"
  },
  {
    "GroupId": 84301100140,
    "LocalizeJP": "クックッ…ひらめいたぞ！"
  },
  {
    "GroupId": 84301100150,
    "LocalizeJP": "意外とかわいいんじゃない！？"
  },
  {
    "GroupId": 84301100150,
    "LocalizeJP": "ミレニアムにはこんなかわいいロボットがいるんだ…！"
  },
  {
    "GroupId": 84301100150,
    "LocalizeJP": "[하트]"
  },
  {
    "GroupId": 84301100160,
    "LocalizeJP": "[음표]"
  },
  {
    "GroupId": 84301100160,
    "LocalizeJP": "[전구]"
  },
  {
    "GroupId": 84301100160,
    "LocalizeJP": "[재잘]"
  },
  {
    "GroupId": 84301100170,
    "LocalizeJP": "[!]"
  },
  {
    "GroupId": 84301100170,
    "LocalizeJP": "[재잘]"
  },
  {
    "GroupId": 84301100170,
    "LocalizeJP": "[?]"
  },
  {
    "GroupId": 84301100180,
    "LocalizeJP": "[모모톡]"
  },
  {
    "GroupId": 84301100180,
    "LocalizeJP": "[속상함]"
  },
  {
    "GroupId": 84301100190,
    "LocalizeJP": "[재잘]"
  },
  {
    "GroupId": 84301100190,
    "LocalizeJP": "[음표]"
  },
  {
    "GroupId": 84301100190,
    "LocalizeJP": "[음표]"
  },
  {
    "GroupId": 84301100310,
    "LocalizeJP": "（生徒が居そうな場所…）"
  },
  {
    "GroupId": 84301100310,
    "LocalizeJP": "（「教室」へ行ってみようか）"
  },
  {
    "GroupId": 84301200110,
    "LocalizeJP": "（ここがミレニアムの教室…）"
  },
  {
    "GroupId": 84301200110,
    "LocalizeJP": "（トリニティとは随分と雰囲気が違う）"
  },
  {
    "GroupId": 84301200120,
    "LocalizeJP": "なんかいつもより騒がしくない？"
  },
  {
    "GroupId": 84301200130,
    "LocalizeJP": "SNSに色々投稿されてるね。"
  },
  {
    "GroupId": 84301200140,
    "LocalizeJP": "今日は何が起きるんだろ？"
  },
  {
    "GroupId": 84301200140,
    "LocalizeJP": "[땀]"
  },
  {
    "GroupId": 84301200140,
    "LocalizeJP": "全然勉強に集中できないんだけど…。"
  },
  {
    "GroupId": 84301200150,
    "LocalizeJP": "私も見学に行こうかな？"
  },
  {
    "GroupId": 84301200160,
    "LocalizeJP": "ここ、かわいいものでいっぱいだね。"
  },
  {
    "GroupId": 84301200160,
    "LocalizeJP": "みなぎる…パッション！"
  },
  {
    "GroupId": 84301200160,
    "LocalizeJP": "疲れた…糖分が足りてないかも…。"
  },
  {
    "GroupId": 84301200160,
    "LocalizeJP": "なんか落ち着かないよね。"
  },
  {
    "GroupId": 84301200210,
    "LocalizeJP": "問題が起きそうな場所？"
  },
  {
    "GroupId": 84301200210,
    "LocalizeJP": "起きない場所の方が珍しいと思うけど。"
  },
  {
    "GroupId": 84301200210,
    "LocalizeJP": "（先ほどまでと同様の答えだ）"
  },
  {
    "GroupId": 84301200310,
    "LocalizeJP": "不安な場所とか、"
  },
  {
    "GroupId": 84301200310,
    "LocalizeJP": "トラブルが起きそうな場所…？"
  },
  {
    "GroupId": 84301200310,
    "LocalizeJP": "[…]"
  },
  {
    "GroupId": 84301200310,
    "LocalizeJP": "…学園全体かな？あははっ！"
  },
  {
    "GroupId": 84301200310,
    "LocalizeJP": "[땀]"
  },
  {
    "GroupId": 84301200310,
    "LocalizeJP": "…なるほど。"
  },
  {
    "GroupId": 84301200390,
    "LocalizeJP": "（これはミレニアムの共通認識らしい）"
  },
  {
    "GroupId": 84301200390,
    "LocalizeJP": "（であるのなら、自分の足で探すより他はない、か）"
  },
  {
    "GroupId": 84301300110,
    "LocalizeJP": "これでも驚く生徒はいない、か…。"
  },
  {
    "GroupId": 84301300110,
    "LocalizeJP": "ここではよくあることなのだろうか。"
  },
  {
    "GroupId": 84301300120,
    "LocalizeJP": "ビックリした…。"
  },
  {
    "GroupId": 84301300120,
    "LocalizeJP": "巨大ワニロボット…素晴らしい！！"
  },
  {
    "GroupId": 84301300120,
    "LocalizeJP": "ほんっと、いろんなのが出てくるわね…。"
  },
  {
    "GroupId": 84301300120,
    "LocalizeJP": "この学園、大丈夫なんだよね？"
  },
  {
    "GroupId": 84301300210,
    "LocalizeJP": "（エンジニア部…）"
  },
  {
    "GroupId": 84301300210,
    "LocalizeJP": "[…]"
  },
  {
    "GroupId": 84301300210,
    "LocalizeJP": "（杞憂で済むと良いのだが）"
  },
  {
    "GroupId": 84301300220,
    "LocalizeJP": "こんなミスをするなんて…。"
  },
  {
    "GroupId": 84301300220,
    "LocalizeJP": "あははっ！見てみたかったな～！"
  },
  {
    "GroupId": 84301400110,
    "LocalizeJP": "あははっ！面白かった！"
  },
  {
    "GroupId": 84301400110,
    "LocalizeJP": "また事故が…。"
  },
  {
    "GroupId": 84301400110,
    "LocalizeJP": "今回は大目に見てくれないか…？"
  },
  {
    "GroupId": 84301400120,
    "LocalizeJP": "あああーーっダメですーー！！"
  },
  {
    "GroupId": 84301400120,
    "LocalizeJP": "アバンギャルド君Mk.387が…！"
  },
  {
    "GroupId": 84301400120,
    "LocalizeJP": "[땀]"
  },
  {
    "GroupId": 84301400130,
    "LocalizeJP": "[전구]"
  },
  {
    "GroupId": 84301400130,
    "LocalizeJP": "[땀]"
  },
  {
    "GroupId": 84301400140,
    "LocalizeJP": "エンジニア部の奴らはいつもいつも…！"
  },
  {
    "GroupId": 84301400150,
    "LocalizeJP": "こんなの見せられちゃあ…！"
  },
  {
    "GroupId": 84301400310,
    "LocalizeJP": "（アバンギャルド君の方へ行こう）"
  },
  {
    "GroupId": 84301400410,
    "LocalizeJP": "（…あれは？）"
  },
  {
    "GroupId": 84301400410,
    "LocalizeJP": "（何かある…）"
  },
  {
    "GroupId": 84301400510,
    "LocalizeJP": "（アバンギャルド君の中に入っていた機械か？）"
  },
  {
    "GroupId": 84301400510,
    "LocalizeJP": "（何のための機械なのか…果たして…）"
  },
  {
    "GroupId": 84301400520,
    "LocalizeJP": "（…まさか、ロボット犬？）"
  },
  {
    "GroupId": 84301400520,
    "LocalizeJP": "（あれは…？）"
  },
  {
    "GroupId": 84301500110,
    "LocalizeJP": "…。"
  },
  {
    "GroupId": 84301500310,
    "LocalizeJP": "（私は…）"
  },
  {
    "GroupId": 84301500310,
    "LocalizeJP": "（変わっているのか…？）"
  },
  {
    "GroupId": 84302100110,
    "LocalizeJP": "…。"
  },
  {
    "GroupId": 84302100310,
    "LocalizeJP": "これが「セキュリティキー」か。"
  },
  {
    "GroupId": 84302100310,
    "LocalizeJP": "ふぅん…。"
  },
  {
    "GroupId": 84302100410,
    "LocalizeJP": "これだな。準備よし…。"
  },
  {
    "GroupId": 84302100410,
    "LocalizeJP": "データセンターを拝みに行くとするかね。"
  },
  {
    "GroupId": 84302300110,
    "LocalizeJP": "リーダーの肩書は伊達じゃないようだ。"
  },
  {
    "GroupId": 84302300110,
    "LocalizeJP": "…遅いわ。"
  },
  {
    "GroupId": 84302300310,
    "LocalizeJP": "ハッ！面白くなってきたじゃねえか。"
  },
  {
    "GroupId": 84302300310,
    "LocalizeJP": "どこのどいつか知らねぇが…。"
  },
  {
    "GroupId": 84302300310,
    "LocalizeJP": "やってやろうじゃん。"
  },
  {
    "GroupId": 84302300320,
    "LocalizeJP": "…。"
  },
  {
    "GroupId": 84302300320,
    "LocalizeJP": "恐ろしいものだ…。"
  },
  {
    "GroupId": 84303100110,
    "LocalizeJP": "[…]"
  },
  {
    "GroupId": 84303100110,
    "LocalizeJP": "リオの言う通りだ。"
  },
  {
    "GroupId": 84303100110,
    "LocalizeJP": "私は同じ失敗を…。"
  },
  {
    "GroupId": 84303100120,
    "LocalizeJP": "[!]"
  },
  {
    "GroupId": 84303100120,
    "LocalizeJP": "あっ、みっけ！"
  },
  {
    "GroupId": 84303100130,
    "LocalizeJP": "今からでも警護に当たるべきか…？"
  },
  {
    "GroupId": 84303100130,
    "LocalizeJP": "まっ、大丈夫じゃない？"
  },
  {
    "GroupId": 84303100210,
    "LocalizeJP": "（この短時間で一体なにが）"
  },
  {
    "GroupId": 84303100210,
    "LocalizeJP": "（静かな場所へ移動しよう）"
  },
  {
    "GroupId": 84303200110,
    "LocalizeJP": "（ここがゲーム開発部の部室か…）"
  },
  {
    "GroupId": 84303200110,
    "LocalizeJP": "（静かだ）"
  },
  {
    "GroupId": 84303200110,
    "LocalizeJP": "（まずは部員を探してみようか）"
  },
  {
    "GroupId": 84303200120,
    "LocalizeJP": "[음표]"
  },
  {
    "GroupId": 84303200120,
    "LocalizeJP": "良い結果が待っているはずです！"
  },
  {
    "GroupId": 84303300110,
    "LocalizeJP": "（すごい人だかりだ）"
  },
  {
    "GroupId": 84303300110,
    "LocalizeJP": "（まずはアリスと合流しよう）"
  },
  {
    "GroupId": 84303300120,
    "LocalizeJP": "[음표]"
  },
  {
    "GroupId": 84303300120,
    "LocalizeJP": "予算ゲットのチャンスだね！"
  },
  {
    "GroupId": 84303300130,
    "LocalizeJP": "皆さんぜひお楽しみください！"
  },
  {
    "GroupId": 84303300140,
    "LocalizeJP": "アリス、ドキドキしてます！"
  },
  {
    "GroupId": 84303300150,
    "LocalizeJP": "[음표]"
  },
  {
    "GroupId": 84303300160,
    "LocalizeJP": "[전구]"
  },
  {
    "GroupId": 84303300170,
    "LocalizeJP": "[재잘]"
  },
  {
    "GroupId": 84303300170,
    "LocalizeJP": "[재잘]"
  },
  {
    "GroupId": 84303300185,
    "LocalizeJP": "ここでゲームができるんだよね？"
  },
  {
    "GroupId": 84303300185,
    "LocalizeJP": "ちょっと不安だな…。"
  },
  {
    "GroupId": 84303300185,
    "LocalizeJP": "[음표]"
  },
  {
    "GroupId": 84303300185,
    "LocalizeJP": "ついに大作が…？"
  },
  {
    "GroupId": 84303300185,
    "LocalizeJP": "[재잘]"
  },
  {
    "GroupId": 84303300185,
    "LocalizeJP": "[!]"
  },
  {
    "GroupId": 84303300185,
    "LocalizeJP": "楽しみー！"
  },
  {
    "GroupId": 84303300185,
    "LocalizeJP": "[하트]"
  },
  {
    "GroupId": 84303300210,
    "LocalizeJP": "[땀]"
  },
  {
    "GroupId": 84303300210,
    "LocalizeJP": "（これも調査の一環…だな）"
  },
  {
    "GroupId": 84303300310,
    "LocalizeJP": "（普通のゲーム機に見える）"
  },
  {
    "GroupId": 84303300310,
    "LocalizeJP": "（だがリオのことだ、何かあるはず）"
  },
  {
    "GroupId": 84303300410,
    "LocalizeJP": "今の感情は何だ…？"
  },
  {
    "GroupId": 84303300410,
    "LocalizeJP": "ゲームは怒りを誘発するのか？"
  },
  {
    "GroupId": 84303300410,
    "LocalizeJP": "…何かおかしい気がする。"
  },
  {
    "GroupId": 84303300410,
    "LocalizeJP": "確認してみよう。"
  },
  {
    "GroupId": 84303300610,
    "LocalizeJP": "こんなのっ！ゲームじゃない！"
  },
  {
    "GroupId": 84303300610,
    "LocalizeJP": "はあ！？"
  },
  {
    "GroupId": 84303300620,
    "LocalizeJP": "[빠직]"
  },
  {
    "GroupId": 84303300620,
    "LocalizeJP": "[빠직]"
  },
  {
    "GroupId": 84303300630,
    "LocalizeJP": "こんなに酷いゲームやったことない…。"
  },
  {
    "GroupId": 84303300630,
    "LocalizeJP": "おい、それはあんまりじゃね？"
  },
  {
    "GroupId": 84303300640,
    "LocalizeJP": "うああ、どうしよう！？"
  },
  {
    "GroupId": 84303300641,
    "LocalizeJP": "た、大変…！どうしたら…。"
  },
  {
    "GroupId": 84303300650,
    "LocalizeJP": "あわわ！大ピンチです！"
  },
  {
    "GroupId": 84303300710,
    "LocalizeJP": "皆、落ち着くんだ。"
  },
  {
    "GroupId": 84303300711,
    "LocalizeJP": "トリニティの生徒は聞いてくれ。これはティーパーティーからのお願いだ。"
  },
  {
    "GroupId": 84303300910,
    "LocalizeJP": "今は我を忘れているようだ。"
  },
  {
    "GroupId": 84303300910,
    "LocalizeJP": "落ち着いたらまた話をしよう。"
  },
  {
    "GroupId": 84303301010,
    "LocalizeJP": "（リオなら分析できるはずだ）"
  },
  {
    "GroupId": 84303301010,
    "LocalizeJP": "（隠れ家に戻ろう）"
  },
  {
    "GroupId": 84303301045,
    "LocalizeJP": "今回は大目に見てあげる。"
  },
  {
    "GroupId": 84303301045,
    "LocalizeJP": "こっちの台詞なんだけど？"
  },
  {
    "GroupId": 84303301045,
    "LocalizeJP": "[…]"
  },
  {
    "GroupId": 84303301045,
    "LocalizeJP": "[속상함]"
  },
  {
    "GroupId": 84303301045,
    "LocalizeJP": "[속상함]"
  },
  {
    "GroupId": 84303301045,
    "LocalizeJP": "[빠직]"
  },
  {
    "GroupId": 84303301050,
    "LocalizeJP": "やっ、やっと落ち着いた…。"
  },
  {
    "GroupId": 84303301050,
    "LocalizeJP": "アリス、ホッとしました…。"
  },
  {
    "GroupId": 84303301055,
    "LocalizeJP": "はあ…危なかった。"
  },
  {
    "GroupId": 84303400110,
    "LocalizeJP": "ふむ…。"
  },
  {
    "GroupId": 84303400210,
    "LocalizeJP": "（印象的なゲームだった）"
  },
  {
    "GroupId": 84303400210,
    "LocalizeJP": "（リオがゲームを調べ終わるまで）"
  },
  {
    "GroupId": 84303400210,
    "LocalizeJP": "（もう少し待ってみよう）"
  },
  {
    "GroupId": 84304100110,
    "LocalizeJP": "はぁ…気が乗らねぇな…。"
  },
  {
    "GroupId": 84304100110,
    "LocalizeJP": "[…]"
  },
  {
    "GroupId": 84304100110,
    "LocalizeJP": "つっても、仕事はしねぇとだしな。"
  },
  {
    "GroupId": 84304100120,
    "LocalizeJP": "ここはあまり人がいないね。"
  },
  {
    "GroupId": 84304100130,
    "LocalizeJP": "今日は上半身を軽めに…。"
  },
  {
    "GroupId": 84304100140,
    "LocalizeJP": "すごいですハスミ先輩！"
  },
  {
    "GroupId": 84304100140,
    "LocalizeJP": "あまり見ないでください…。"
  },
  {
    "GroupId": 84304100210,
    "LocalizeJP": "怪しいとこは特に無さそうだな。"
  },
  {
    "GroupId": 84304100310,
    "LocalizeJP": "ここも問題なし、と。"
  },
  {
    "GroupId": 84304100310,
    "LocalizeJP": "聞き込みでもしてみるか？"
  },
  {
    "GroupId": 84304100610,
    "LocalizeJP": "あいつらで間違いねぇ。"
  },
  {
    "GroupId": 84304100610,
    "LocalizeJP": "今度は逃さねぇぞ。"
  },
  {
    "GroupId": 84304100620,
    "LocalizeJP": "た、大変なことになるところでした…。"
  },
  {
    "GroupId": 84304100620,
    "LocalizeJP": "[땀]"
  },
  {
    "GroupId": 84304200110,
    "LocalizeJP": "[속상함]"
  },
  {
    "GroupId": 84304200110,
    "LocalizeJP": "何度も同じとこ殴りやがって…。"
  },
  {
    "GroupId": 84304200110,
    "LocalizeJP": "わ、私たちは何も知らねぇ！"
  },
  {
    "GroupId": 84304300110,
    "LocalizeJP": "…。"
  },
  {
    "GroupId": 84304300110,
    "LocalizeJP": "黒幕が居たとはね。"
  },
  {
    "GroupId": 84305100110,
    "LocalizeJP": "（準備…）"
  },
  {
    "GroupId": 84305100110,
    "LocalizeJP": "（今回もアレを持っていこうか）"
  },
  {
    "GroupId": 84305100120,
    "LocalizeJP": "…。"
  },
  {
    "GroupId": 84305100120,
    "LocalizeJP": "怪我されちゃ困るからよ。"
  },
  {
    "GroupId": 84305100120,
    "LocalizeJP": "徹底的に準備するぞ。"
  },
  {
    "GroupId": 84305300110,
    "LocalizeJP": "[…]"
  },
  {
    "GroupId": 84305300130,
    "LocalizeJP": "（今あちらに行っては…！）"
  },
  {
    "GroupId": 84305300180,
    "LocalizeJP": "[땀]"
  },
  {
    "GroupId": 84305300180,
    "LocalizeJP": "これはどういう…。"
  },
  {
    "GroupId": 84305300180,
    "LocalizeJP": "きっ、奇襲！？"
  },
  {
    "GroupId": 84305300180,
    "LocalizeJP": "私たちどうなっちゃうの…！？"
  },
  {
    "GroupId": 84305300180,
    "LocalizeJP": "まだ報酬が…！"
  },
  {
    "GroupId": 84305300210,
    "LocalizeJP": "ちょっと待ってろ。"
  },
  {
    "GroupId": 84305300210,
    "LocalizeJP": "おもしれぇもんが見れるから。"
  },
  {
    "GroupId": 84305300210,
    "LocalizeJP": "…そろそろだな。"
  },
  {
    "GroupId": 84305400110,
    "LocalizeJP": "ふぅ…。"
  },
  {
    "GroupId": 84305400110,
    "LocalizeJP": "（長い一日だった…）"
  },
  {
    "GroupId": 84305400110,
    "LocalizeJP": "（最後に状況を整理しよう）"
  },
  {
    "GroupId": 84305400120,
    "LocalizeJP": "[…]"
  },
  {
    "GroupId": 84305400120,
    "LocalizeJP": "[음표]"
  },
  {
    "GroupId": 84306100110,
    "LocalizeJP": "（呼び出しか…）"
  },
  {
    "GroupId": 84306100110,
    "LocalizeJP": "（何か見つけたようだね）"
  },
  {
    "GroupId": 84306100120,
    "LocalizeJP": "[…]"
  },
  {
    "GroupId": 84306100120,
    "LocalizeJP": "来たのね。"
  },
  {
    "GroupId": 84306100510,
    "LocalizeJP": "[…]"
  },
  {
    "GroupId": 84306100510,
    "LocalizeJP": "展示品が消えたことで…。"
  },
  {
    "GroupId": 84306100510,
    "LocalizeJP": "出展者が驚いてないといいのだが。"
  },
  {
    "GroupId": 84306100520,
    "LocalizeJP": "特に今お願いしたいことは無いわ。"
  },
  {
    "GroupId": 84306100520,
    "LocalizeJP": "今日はもう休んでちょうだい。"
  },
  {
    "GroupId": 84306100530,
    "LocalizeJP": "身長を伸ばす技術？"
  },
  {
    "GroupId": 84306100530,
    "LocalizeJP": "すごいね。どうやって安定化させたんだい？"
  },
  {
    "GroupId": 84306100530,
    "LocalizeJP": "[속상함]"
  },
  {
    "GroupId": 84306100530,
    "LocalizeJP": "どこ行っちゃったんだろ。"
  },
  {
    "GroupId": 84306100530,
    "LocalizeJP": "せっかく頑張って作ったのに…。"
  },
  {
    "GroupId": 84306100550,
    "LocalizeJP": "えっと、それは私たちもまだ…。"
  },
  {
    "GroupId": 84306100550,
    "LocalizeJP": "説明が難しいなら、一緒に調べましょうか？"
  },
  {
    "GroupId": 84306100560,
    "LocalizeJP": "ヒビキ、ここがよくわからないんだけど…。"
  },
  {
    "GroupId": 84306100560,
    "LocalizeJP": "これは…。"
  },
  {
    "GroupId": 84307100110,
    "LocalizeJP": "はぁ…やることが多すぎる。"
  },
  {
    "GroupId": 84307100110,
    "LocalizeJP": "おーい、戻ったぞ。"
  },
  {
    "GroupId": 84307100210,
    "LocalizeJP": "[…]"
  },
  {
    "GroupId": 84307100210,
    "LocalizeJP": "ひっそりよ。いいわね？"
  },
  {
    "GroupId": 84307100410,
    "LocalizeJP": "[속상함]"
  },
  {
    "GroupId": 84307100410,
    "LocalizeJP": "リーダーが連れてかれちまった…。"
  },
  {
    "GroupId": 84307100410,
    "LocalizeJP": "どうする？これから。"
  },
  {
    "GroupId": 84307100410,
    "LocalizeJP": "新しいリーダーを選べばいいんじゃない？"
  },
  {
    "GroupId": 84307100410,
    "LocalizeJP": "[!]"
  },
  {
    "GroupId": 84307100410,
    "LocalizeJP": "天才～！"
  },
  {
    "GroupId": 84307100590,
    "LocalizeJP": "[모모톡]"
  },
  {
    "GroupId": 84307100590,
    "LocalizeJP": "…アスナ？"
  },
  {
    "GroupId": 84308100110,
    "LocalizeJP": "来たわね。"
  },
  {
    "GroupId": 84308100110,
    "LocalizeJP": "あー、忙しい忙しい。"
  },
  {
    "GroupId": 84308100310,
    "LocalizeJP": "[…]"
  },
  {
    "GroupId": 84308100310,
    "LocalizeJP": "大事ではなくてよかった。"
  },
  {
    "GroupId": 84308100310,
    "LocalizeJP": "大事に至らなくて良かった。"
  },
  {
    "GroupId": 84308100410,
    "LocalizeJP": "流石の手際ね。"
  },
  {
    "GroupId": 84308100410,
    "LocalizeJP": "今日はここまでよ。お疲れ様。"
  },
  {
    "GroupId": 84308100420,
    "LocalizeJP": "[빠직]"
  },
  {
    "GroupId": 84308100420,
    "LocalizeJP": "え、えへへっ…。"
  },
  {
    "GroupId": 84308100420,
    "LocalizeJP": "お姉ちゃん！"
  },
  {
    "GroupId": 84308100420,
    "LocalizeJP": "アリスはアップデートに成功しました！"
  },
  {
    "GroupId": 84308100420,
    "LocalizeJP": "[땀]"
  },
  {
    "GroupId": 84309100110,
    "LocalizeJP": "おかえり。"
  },
  {
    "GroupId": 84309100110,
    "LocalizeJP": "[속상함]"
  },
  {
    "GroupId": 84309100310,
    "LocalizeJP": "…一件落着だね。"
  },
  {
    "GroupId": 84309100310,
    "LocalizeJP": "他人の睡眠を守る日が私に訪れるとはな。"
  },
  {
    "GroupId": 84309100410,
    "LocalizeJP": "…もう朝か。"
  },
  {
    "GroupId": 84309100410,
    "LocalizeJP": "[…]"
  },
  {
    "GroupId": 84309100410,
    "LocalizeJP": "EXPOを守れていると良いのだが…。"
  },
  {
    "GroupId": 84309100420,
    "LocalizeJP": "今日はもう休んでいいわ。"
  },
  {
    "GroupId": 84309100420,
    "LocalizeJP": "えっ？終わり！？"
  },
  {
    "GroupId": 84309100430,
    "LocalizeJP": "[?]"
  },
  {
    "GroupId": 84309100430,
    "LocalizeJP": "ん…？"
  },
  {
    "GroupId": 84309100430,
    "LocalizeJP": "なんか昨日と違うような…。"
  },
  {
    "GroupId": 84309100440,
    "LocalizeJP": "何か面白いものないかなー。"
  },
  {
    "GroupId": 84309100450,
    "LocalizeJP": "ねえ、ゲーム開発部のブース行った？"
  },
  {
    "GroupId": 84309100450,
    "LocalizeJP": "うーん…。"
  },
  {
    "GroupId": 84309100460,
    "LocalizeJP": "ふあぁ…今日は暇だね～。"
  },
  {
    "GroupId": 84309100460,
    "LocalizeJP": "お姉ちゃん、みっともないよ…。"
  },
  {
    "GroupId": 84309100470,
    "LocalizeJP": "出し物全然ないね。"
  },
  {
    "GroupId": 84309100470,
    "LocalizeJP": "危ないから片付けたのかも？"
  },
  {
    "GroupId": 84309100470,
    "LocalizeJP": "[땀]"
  },
  {
    "GroupId": 84309100480,
    "LocalizeJP": "[음표]"
  },
  {
    "GroupId": 84310100110,
    "LocalizeJP": "[…]"
  },
  {
    "GroupId": 84310100110,
    "LocalizeJP": "[빠직]"
  },
  {
    "GroupId": 84310100210,
    "LocalizeJP": "（とは言ったものの…）"
  },
  {
    "GroupId": 84310100210,
    "LocalizeJP": "（どこから回るべきか）"
  },
  {
    "GroupId": 84310100210,
    "LocalizeJP": "…時には気ままに行こうか。"
  },
  {
    "GroupId": 84310100220,
    "LocalizeJP": "こっ、これ以上はもう…！"
  },
  {
    "GroupId": 84310100220,
    "LocalizeJP": "はい、最後の1回です！"
  },
  {
    "GroupId": 84310100220,
    "LocalizeJP": "いっそ殺してくれぇ…。"
  },
  {
    "GroupId": 84310100260,
    "LocalizeJP": "[음표]"
  },
  {
    "GroupId": 84310100265,
    "LocalizeJP": "こ、こんにちは…。"
  },
  {
    "GroupId": 84310100270,
    "LocalizeJP": "へえ…なるほどね。"
  },
  {
    "GroupId": 84310100280,
    "LocalizeJP": "[땀]"
  },
  {
    "GroupId": 84310100280,
    "LocalizeJP": "いつからやってんだろ、あれ。"
  },
  {
    "GroupId": 84310100290,
    "LocalizeJP": "[속상함]"
  },
  {
    "GroupId": 84310100290,
    "LocalizeJP": "[속상함]"
  },
  {
    "GroupId": 84310100290,
    "LocalizeJP": "[속상함]"
  },
  {
    "GroupId": 84310100290,
    "LocalizeJP": "[속상함]"
  },
  {
    "GroupId": 84310100310,
    "LocalizeJP": "（苦しんでいるようだが…）"
  },
  {
    "GroupId": 84310100310,
    "LocalizeJP": "（ペナルティ…ではあるまい）"
  },
  {
    "GroupId": 84310100310,
    "LocalizeJP": "（話を聞いてみようか）"
  },
  {
    "GroupId": 84310100610,
    "LocalizeJP": "逃げ切れた、か…？"
  },
  {
    "GroupId": 84310100610,
    "LocalizeJP": "…助かった。"
  },
  {
    "GroupId": 84310100610,
    "LocalizeJP": "（まさか声が出てしまうとは）"
  },
  {
    "GroupId": 84310100620,
    "LocalizeJP": "ハスミ先輩はどこに…？"
  },
  {
    "GroupId": 84310100650,
    "LocalizeJP": "うぅ…やっと逃げられた。"
  },
  {
    "GroupId": 84310100650,
    "LocalizeJP": "悪魔だ…。"
  },
  {
    "GroupId": 84310100710,
    "LocalizeJP": "…大変だったわね。"
  },
  {
    "GroupId": 84310100710,
    "LocalizeJP": "やれやれ…。"
  },
  {
    "GroupId": 84311100110,
    "LocalizeJP": "ふむ…。"
  },
  {
    "GroupId": 84311100110,
    "LocalizeJP": "[속상함]"
  },
  {
    "GroupId": 84311100110,
    "LocalizeJP": "はぁ…。"
  },
  {
    "GroupId": 84311100310,
    "LocalizeJP": "危なかった…"
  },
  {
    "GroupId": 84311100310,
    "LocalizeJP": "何が起きているのだろうか。"
  },
  {
    "GroupId": 84311100310,
    "LocalizeJP": "…不可解なことだらけだ"
  },
  {
    "GroupId": 84311100410,
    "LocalizeJP": "しばらくは注意した方がよさそうね。"
  },
  {
    "GroupId": 84311100420,
    "LocalizeJP": "面白かったな。"
  },
  {
    "GroupId": 84311100430,
    "LocalizeJP": "いっつも騒がしいよね。"
  },
  {
    "GroupId": 84311100430,
    "LocalizeJP": "トリニティ以上かも。"
  },
  {
    "GroupId": 84311100440,
    "LocalizeJP": "ユウカ先輩めっちゃ怒ってなかった？"
  },
  {
    "GroupId": 84311100440,
    "LocalizeJP": "今日は大人しくしてよっか…。"
  },
  {
    "GroupId": 84311100450,
    "LocalizeJP": "[음표]"
  },
  {
    "GroupId": 84311100450,
    "LocalizeJP": "ふっふっふ…となれば…！"
  },
  {
    "GroupId": 84312100110,
    "LocalizeJP": "（どこから回るべきか）"
  },
  {
    "GroupId": 84312100110,
    "LocalizeJP": "（まずはキャンパスに行ってみよう）"
  },
  {
    "GroupId": 84312100120,
    "LocalizeJP": "[…]"
  },
  {
    "GroupId": 84312100210,
    "LocalizeJP": "今日はツイてるかも！"
  },
  {
    "GroupId": 84312100210,
    "LocalizeJP": "一体誰が…。"
  },
  {
    "GroupId": 84312100220,
    "LocalizeJP": "どこかにコイン落ちてないかな…。"
  },
  {
    "GroupId": 84312100230,
    "LocalizeJP": "[음표]"
  },
  {
    "GroupId": 84312100240,
    "LocalizeJP": "あっ、お土産買い忘れた！"
  },
  {
    "GroupId": 84312100240,
    "LocalizeJP": "あははっ！もう遅いよ！"
  },
  {
    "GroupId": 84312100250,
    "LocalizeJP": "ふむ…科学は奥が深い…。"
  },
  {
    "GroupId": 84312100260,
    "LocalizeJP": "どこ置いたんだっけ…。"
  },
  {
    "GroupId": 84312100260,
    "LocalizeJP": "使った後、元の場所に戻さないから…。"
  },
  {
    "GroupId": 84312100260,
    "LocalizeJP": "お、落ち着いて探してみよう。"
  },
  {
    "GroupId": 84312100260,
    "LocalizeJP": "[음표]"
  },
  {
    "GroupId": 84312100310,
    "LocalizeJP": "（綺麗になったのは良いことだ）"
  },
  {
    "GroupId": 84312100310,
    "LocalizeJP": "（次はどこに行こうか）"
  },
  {
    "GroupId": 84312100310,
    "LocalizeJP": "（…ゲーム開発部の様子を見てみようか）"
  },
  {
    "GroupId": 84312100510,
    "LocalizeJP": "[?]"
  },
  {
    "GroupId": 84312100510,
    "LocalizeJP": "（あれは…）"
  },
  {
    "GroupId": 84312100610,
    "LocalizeJP": "（楽しい時間だった）"
  },
  {
    "GroupId": 84312100610,
    "LocalizeJP": "（次は…）"
  },
  {
    "GroupId": 84312100610,
    "LocalizeJP": "（エンジニア部を訪ねてみようか）"
  },
  {
    "GroupId": 84312100710,
    "LocalizeJP": "うぅ…勝てたのにぃ…。"
  },
  {
    "GroupId": 84312100710,
    "LocalizeJP": "ドジしちゃうから…。"
  },
  {
    "GroupId": 84312100710,
    "LocalizeJP": "[땀]"
  },
  {
    "GroupId": 84312100710,
    "LocalizeJP": "アリスもマスターになりたいです！"
  },
  {
    "GroupId": 84312100910,
    "LocalizeJP": "（嫌な予感はこれだったのか）"
  },
  {
    "GroupId": 84312100910,
    "LocalizeJP": "（いつだったか取り逃がしたワニロボット…）"
  },
  {
    "GroupId": 84312100910,
    "LocalizeJP": "（リオに知らせなければ）"
  },
  {
    "GroupId": 84312101210,
    "LocalizeJP": "良い支援だった、リオ。"
  },
  {
    "GroupId": 84312101210,
    "LocalizeJP": "[?]"
  },
  {
    "GroupId": 84312101210,
    "LocalizeJP": "…応答がないな。"
  },
  {
    "GroupId": 84312101310,
    "LocalizeJP": "チッ…誰のために頑張ったと思ってんだか。"
  },
  {
    "GroupId": 84312101320,
    "LocalizeJP": "攻撃機能がどうもね…。"
  },
  {
    "GroupId": 84312101320,
    "LocalizeJP": "私もそう思う。"
  },
  {
    "GroupId": 84312101320,
    "LocalizeJP": "[전구]"
  },
  {
    "GroupId": 84312101330,
    "LocalizeJP": "今度は何を企んで…。"
  },
  {
    "GroupId": 84312101340,
    "LocalizeJP": "[음표]"
  },
  {
    "GroupId": 84312101350,
    "LocalizeJP": "これが…あの有名なアバンギャルド君？"
  },
  {
    "GroupId": 84312101350,
    "LocalizeJP": "[?]"
  },
  {
    "GroupId": 84312101350,
    "LocalizeJP": "聞いてたのと違うような…。"
  },
  {
    "GroupId": 84312101360,
    "LocalizeJP": "モモトーク、交換しない？"
  },
  {
    "GroupId": 84312101360,
    "LocalizeJP": "いいよ！"
  },
  {
    "GroupId": 84312101370,
    "LocalizeJP": "[하트]"
  },
  {
    "GroupId": 84312101370,
    "LocalizeJP": "寂しくなるね…。"
  },
  {
    "GroupId": 84312101370,
    "LocalizeJP": "[땀]"
  },
  {
    "GroupId": 84312101370,
    "LocalizeJP": "う、うん…私も。"
  },
  {
    "GroupId": 84312101380,
    "LocalizeJP": "ん？どうかした？"
  },
  {
    "GroupId": 84312101380,
    "LocalizeJP": "あっいや、その…。"
  },
  {
    "GroupId": 84312101390,
    "LocalizeJP": "有用な情報に感謝する！"
  },
  {
    "GroupId": 84312101390,
    "LocalizeJP": "こちらこそ！"
  },
  {
    "GroupId": 84399000001,
    "LocalizeJP": "[음표]"
  },
  {
    "GroupId": 84399000002,
    "LocalizeJP": "[속상함]"
  },
  {
    "GroupId": 84399000003,
    "LocalizeJP": "[빠직]"
  },
  {
    "GroupId": 84399000004,
    "LocalizeJP": "[…]"
  },
  {
    "GroupId": 84399000005,
    "LocalizeJP": "[!]"
  },
  {
    "GroupId": 84399000006,
    "LocalizeJP": "[?]"
  },
  {
    "GroupId": 84399000007,
    "LocalizeJP": "[?!]"
  },
  {
    "GroupId": 84399000008,
    "LocalizeJP": "[전구]"
  },
  {
    "GroupId": 84399000009,
    "LocalizeJP": "[하트]"
  },
  {
    "GroupId": 84399000010,
    "LocalizeJP": "[땀]"
  },
  {
    "GroupId": 84399000011,
    "LocalizeJP": "[모모톡]"
  },
  {
    "GroupId": 84399000012,
    "LocalizeJP": "[전화]"
  },
  {
    "GroupId": 84399000013,
    "LocalizeJP": "[키워드]"
  },
  {
    "GroupId": 84399000014,
    "LocalizeJP": "[분실물]"
  },
  {
    "GroupId": 84399000015,
    "LocalizeJP": "[재잘]"
  },
  {
    "GroupId": 84399000016,
    "LocalizeJP": "[재잘]"
  },
  {
    "GroupId": 84399000016,
    "LocalizeJP": "[재잘]"
  },
  {
    "GroupId": 83399000017,
    "LocalizeJP": "[하트]"
  },
  {
    "GroupId": 83399000017,
    "LocalizeJP": "[재잘]"
  },
  {
    "GroupId": 83399000017,
    "LocalizeJP": "[땀]"
  },
  {
    "GroupId": 84399000018,
    "LocalizeJP": "[!]"
  },
  {
    "GroupId": 84399000018,
    "LocalizeJP": "[땀]"
  },
  {
    "GroupId": 84399000019,
    "LocalizeJP": "[음표]"
  },
  {
    "GroupId": 84399000019,
    "LocalizeJP": "[?]"
  },
  {
    "GroupId": 84399000019,
    "LocalizeJP": "[전구]"
  },
  {
    "GroupId": 84399000019,
    "LocalizeJP": "[재잘]"
  },
  {
    "GroupId": 84399000019,
    "LocalizeJP": "[땀]"
  },
  {
    "GroupId": 84399000019,
    "LocalizeJP": "[재잘]"
  },
  {
    "GroupId": 84399000020,
    "LocalizeJP": "（今は他にやるべきことがある）"
  },
  {
    "GroupId": 84399000021,
    "LocalizeJP": "[재잘]"
  },
  {
    "GroupId": 84399000021,
    "LocalizeJP": "[땀]"
  },
  {
    "GroupId": 84399000022,
    "LocalizeJP": "[음표]"
  },
  {
    "GroupId": 84399000022,
    "LocalizeJP": "[재잘]"
  },
  {
    "GroupId": 84399000023,
    "LocalizeJP": "[?]"
  },
  {
    "GroupId": 84399000023,
    "LocalizeJP": "[?!]"
  },
  {
    "GroupId": 84399000024,
    "LocalizeJP": "[…]"
  },
  {
    "GroupId": 84399000024,
    "LocalizeJP": "[?]"
  },
  {
    "GroupId": 84399000025,
    "LocalizeJP": "[음표]"
  },
  {
    "GroupId": 84399000025,
    "LocalizeJP": "[빠직]"
  },
  {
    "GroupId": 84399000025,
    "LocalizeJP": "[하트]"
  },
  {
    "GroupId": 84399000025,
    "LocalizeJP": "[하트]"
  },
  {
    "GroupId": 84399000025,
    "LocalizeJP": "[하트]"
  },
  {
    "GroupId": 84399000026,
    "LocalizeJP": "[음표]"
  },
  {
    "GroupId": 84399000026,
    "LocalizeJP": "[빠직]"
  },
  {
    "GroupId": 84399000026,
    "LocalizeJP": "[땀]"
  },
  {
    "GroupId": 84399000026,
    "LocalizeJP": "[재잘]"
  },
  {
    "GroupId": 84399000027,
    "LocalizeJP": "[속상함]"
  },
  {
    "GroupId": 84399000027,
    "LocalizeJP": "[?]"
  },
  {
    "GroupId": 84399000028,
    "LocalizeJP": "[재잘]"
  },
  {
    "GroupId": 84399000028,
    "LocalizeJP": "[재잘]"
  },
  {
    "GroupId": 84399000028,
    "LocalizeJP": "[재잘]"
  },
  {
    "GroupId": 84399000028,
    "LocalizeJP": "[전구]"
  },
  {
    "GroupId": 84399000028,
    "LocalizeJP": "[재잘]"
  },
  {
    "GroupId": 84399000028,
    "LocalizeJP": "[재잘]"
  },
  {
    "GroupId": 84399000028,
    "LocalizeJP": "[재잘]"
  },
  {
    "GroupId": 84399000028,
    "LocalizeJP": "[?]"
  },
  {
    "GroupId": 84399000028,
    "LocalizeJP": "[재잘]"
  },
  {
    "GroupId": 84399000028,
    "LocalizeJP": "[재잘]"
  },
  {
    "GroupId": 84399000028,
    "LocalizeJP": "[재잘]"
  },
  {
    "GroupId": 84399000028,
    "LocalizeJP": "[재잘]"
  },
  {
    "GroupId": 84399000028,
    "LocalizeJP": "[재잘]"
  },
  {
    "GroupId": 84399000028,
    "LocalizeJP": "[재잘]"
  },
  {
    "GroupId": 84399000028,
    "LocalizeJP": "[재잘]"
  },
  {
    "GroupId": 84399000028,
    "LocalizeJP": "[?]"
  },
  {
    "GroupId": 84399000028,
    "LocalizeJP": "[재잘]"
  },
  {
    "GroupId": 84399000028,
    "LocalizeJP": "[재잘]"
  },
  {
    "GroupId": 84399000029,
    "LocalizeJP": "[재잘]"
  },
  {
    "GroupId": 84399000029,
    "LocalizeJP": "[음표]"
  },
  {
    "GroupId": 84399000029,
    "LocalizeJP": "[하트]"
  },
  {
    "GroupId": 84399000029,
    "LocalizeJP": "[…]"
  },
  {
    "GroupId": 84399000029,
    "LocalizeJP": "[땀]"
  },
  {
    "GroupId": 84399000030,
    "LocalizeJP": "[땀]"
  },
  {
    "GroupId": 84399000030,
    "LocalizeJP": "[재잘]"
  },
  {
    "GroupId": 84399000030,
    "LocalizeJP": "[재잘]"
  },
  {
    "GroupId": 84399000031,
    "LocalizeJP": "[땀]"
  },
  {
    "GroupId": 84399000031,
    "LocalizeJP": "[…]"
  },
  {
    "GroupId": 84399000031,
    "LocalizeJP": "[전구]"
  },
  {
    "GroupId": 84399000031,
    "LocalizeJP": "[모모톡]"
  },
  {
    "GroupId": 84399000031,
    "LocalizeJP": "[!]"
  },
  {
    "GroupId": 84399000031,
    "LocalizeJP": "[재잘]"
  },
  {
    "GroupId": 84399000031,
    "LocalizeJP": "[모모톡]"
  },
  {
    "GroupId": 84399000031,
    "LocalizeJP": "[음표]"
  },
  {
    "GroupId": 84399000031,
    "LocalizeJP": "[재잘]"
  },
  {
    "GroupId": 84399000031,
    "LocalizeJP": "[재잘]"
  },
  {
    "GroupId": 84399000032,
    "LocalizeJP": "[모모톡]"
  },
  {
    "GroupId": 84399000032,
    "LocalizeJP": "[모모톡]"
  },
  {
    "GroupId": 84399000032,
    "LocalizeJP": "[모모톡]"
  },
  {
    "GroupId": 84399000032,
    "LocalizeJP": "[모모톡]"
  },
  {
    "GroupId": 84399000032,
    "LocalizeJP": "[모모톡]"
  },
  {
    "GroupId": 84399000032,
    "LocalizeJP": "[모모톡]"
  },
  {
    "GroupId": 84399000032,
    "LocalizeJP": "[모모톡]"
  },
  {
    "GroupId": 84399000032,
    "LocalizeJP": "[모모톡]"
  },
  {
    "GroupId": 84399000032,
    "LocalizeJP": "[모모톡]"
  },
  {
    "GroupId": 84399000032,
    "LocalizeJP": "[땀]"
  },
  {
    "GroupId": 84399000033,
    "LocalizeJP": "[재잘]"
  },
  {
    "GroupId": 84399000033,
    "LocalizeJP": "[…]"
  },
  {
    "GroupId": 84399000033,
    "LocalizeJP": "[재잘]"
  },
  {
    "GroupId": 84399000034,
    "LocalizeJP": "[…]"
  },
  {
    "GroupId": 84399000034,
    "LocalizeJP": "[?]"
  },
  {
    "GroupId": 84399000035,
    "LocalizeJP": "[?!]"
  },
  {
    "GroupId": 84399000035,
    "LocalizeJP": "[음표]"
  },
  {
    "GroupId": 84399000036,
    "LocalizeJP": "[…]"
  },
  {
    "GroupId": 84399000036,
    "LocalizeJP": "[음표]"
  }
]