[
  {
    "GroupId": 83300100010,
    "LocalizeTW": "周遭亂哄哄的呢…"
  },
  {
    "GroupId": 83300100020,
    "LocalizeTW": "哦哦…！\n這真是天大的消息！"
  },
  {
    "GroupId": 83300100110,
    "LocalizeTW": "[놀람]"
  },
  {
    "GroupId": 83300100110,
    "LocalizeTW": "[느낌표]"
  },
  {
    "GroupId": 83300100110,
    "LocalizeTW": "[음표]"
  },
  {
    "GroupId": 83300100110,
    "LocalizeTW": "[음표]"
  },
  {
    "GroupId": 83300100310,
    "LocalizeTW": "真的嗎！？\n那個傳聞是真的嗎？"
  },
  {
    "GroupId": 83300100310,
    "LocalizeTW": "那還用說…！\n當然是真的！"
  },
  {
    "GroupId": 83300100410,
    "LocalizeTW": "從今天算起，只要\n再睡五個晚上…！！"
  },
  {
    "GroupId": 83300100410,
    "LocalizeTW": "好興奮！真讓人期待～！"
  },
  {
    "GroupId": 83300100410,
    "LocalizeTW": "[음표]"
  },
  {
    "GroupId": 83300100410,
    "LocalizeTW": "[음표]"
  },
  {
    "GroupId": 83300100510,
    "LocalizeTW": "（格黑娜的派對…）"
  },
  {
    "GroupId": 83300100510,
    "LocalizeTW": "（先離開風紀委員會的大樓吧）"
  },
  {
    "GroupId": 83300100520,
    "LocalizeTW": "[속상함]"
  },
  {
    "GroupId": 83300100610,
    "LocalizeTW": "（離開並前往供給部吧）"
  },
  {
    "GroupId": 83300100610,
    "LocalizeTW": "（感覺不太妙，得抓緊時間）"
  },
  {
    "GroupId": 83300200010,
    "LocalizeTW": "這些都是什麼啊～"
  },
  {
    "GroupId": 83300200010,
    "LocalizeTW": "大，大事不好了！"
  },
  {
    "GroupId": 83300200020,
    "LocalizeTW": "風華同學，今天也看起來很忙…"
  },
  {
    "GroupId": 83300200020,
    "LocalizeTW": "這也不是一兩天的事了。"
  },
  {
    "GroupId": 83300200030,
    "LocalizeTW": "今天的菜單是…水煮蛋嗎？"
  },
  {
    "GroupId": 83300200030,
    "LocalizeTW": "咦！？荷包蛋呢？"
  },
  {
    "GroupId": 83300200030,
    "LocalizeTW": "[속상함]"
  },
  {
    "GroupId": 83300200040,
    "LocalizeTW": "溫泉的力量真厲害！"
  },
  {
    "GroupId": 83300200110,
    "LocalizeTW": "（抵達供給部了）"
  },
  {
    "GroupId": 83300200110,
    "LocalizeTW": "（供給部部長風華應該在這附近…）"
  },
  {
    "GroupId": 83300200210,
    "LocalizeTW": "（先和風華對話吧）"
  },
  {
    "GroupId": 83300200310,
    "LocalizeTW": "[…]"
  },
  {
    "GroupId": 83300200310,
    "LocalizeTW": "（風華說的食材是這些嗎）"
  },
  {
    "GroupId": 83300200510,
    "LocalizeTW": "[!]"
  },
  {
    "GroupId": 83300200510,
    "LocalizeTW": "（回風紀委員會整理吧）"
  },
  {
    "GroupId": 83300300010,
    "LocalizeTW": "[빠직]"
  },
  {
    "GroupId": 83300300010,
    "LocalizeTW": "唔，真煩！"
  },
  {
    "GroupId": 83300300110,
    "LocalizeTW": "[…]"
  },
  {
    "GroupId": 83300300110,
    "LocalizeTW": "（看來必須先討論對策）"
  },
  {
    "GroupId": 83300300120,
    "LocalizeTW": "[땀]"
  },
  {
    "GroupId": 83300300130,
    "LocalizeTW": "問題學生又在鬧事…"
  },
  {
    "GroupId": 83300300130,
    "LocalizeTW": "[속상함]"
  },
  {
    "GroupId": 83300300130,
    "LocalizeTW": "訓練明明才剛結束，怎麼會…"
  },
  {
    "GroupId": 83300300140,
    "LocalizeTW": "唔唔，好痛…！\n要折壽十年了…"
  },
  {
    "GroupId": 83300300140,
    "LocalizeTW": "有沒有哪裡受傷？"
  },
  {
    "GroupId": 83300300150,
    "LocalizeTW": "好想休息…"
  },
  {
    "GroupId": 83300300150,
    "LocalizeTW": "實在動不了了…"
  },
  {
    "GroupId": 83300300150,
    "LocalizeTW": "[땀]"
  },
  {
    "GroupId": 83300300210,
    "LocalizeTW": "（伊織說逃到舊校舍了）"
  },
  {
    "GroupId": 83300300210,
    "LocalizeTW": "（…好，去那裡看看吧）"
  },
  {
    "GroupId": 83300400210,
    "LocalizeTW": "（追著問題學生來到了這裡，但…）"
  },
  {
    "GroupId": 83300400210,
    "LocalizeTW": "（這些是舊校舍被擱置很久的東西嗎…）"
  },
  {
    "GroupId": 83300400310,
    "LocalizeTW": "[…]"
  },
  {
    "GroupId": 83300400310,
    "LocalizeTW": "（這台鋼琴…還能彈嗎…）"
  },
  {
    "GroupId": 83300400390,
    "LocalizeTW": "[…]"
  },
  {
    "GroupId": 83300400390,
    "LocalizeTW": "（已經掃蕩問題學生了，回去吧）"
  },
  {
    "GroupId": 83300400390,
    "LocalizeTW": "[전화]"
  },
  {
    "GroupId": 83300500110,
    "LocalizeTW": "[…]"
  },
  {
    "GroupId": 83300500110,
    "LocalizeTW": "（呼，今天就到此為止吧）"
  },
  {
    "GroupId": 83300500190,
    "LocalizeTW": "[전화]"
  },
  {
    "GroupId": 83300500190,
    "LocalizeTW": "[!]"
  },
  {
    "GroupId": 83301100010,
    "LocalizeTW": "唉…真是的…"
  },
  {
    "GroupId": 83301100110,
    "LocalizeTW": "（必須收集有關溫泉開發部的線索）"
  },
  {
    "GroupId": 83301100110,
    "LocalizeTW": "（先和亞子談談吧）"
  },
  {
    "GroupId": 83301100120,
    "LocalizeTW": "難以估計這個洞有多深呢。"
  },
  {
    "GroupId": 83301100130,
    "LocalizeTW": "好大的洞…"
  },
  {
    "GroupId": 83301100140,
    "LocalizeTW": "嘻嘻，嘻嘻嘻…！一切都按計畫進行…！"
  },
  {
    "GroupId": 83301100140,
    "LocalizeTW": "真期待即將到來的派對啊！嘻嘻！"
  },
  {
    "GroupId": 83301100150,
    "LocalizeTW": "唉…到底又怎麼了…"
  },
  {
    "GroupId": 83301100160,
    "LocalizeTW": "[음표]"
  },
  {
    "GroupId": 83301100160,
    "LocalizeTW": "哇～露營～！\n伊吹好興奮！"
  },
  {
    "GroupId": 83301100210,
    "LocalizeTW": "呼……真是忙得不可開交。"
  },
  {
    "GroupId": 83301100210,
    "LocalizeTW": "不過就是這種時候才需要我天雨亞子！我不會就這樣認輸！必須幫上委員長的忙！"
  },
  {
    "GroupId": 83301100210,
    "LocalizeTW": "嗯，謝謝。"
  },
  {
    "GroupId": 83301100310,
    "LocalizeTW": "（這洞還真深…）"
  },
  {
    "GroupId": 83301100310,
    "LocalizeTW": "（貿然靠近感覺很危險）"
  },
  {
    "GroupId": 83301100410,
    "LocalizeTW": "（聽說溫泉開發部想挖掘這附近）"
  },
  {
    "GroupId": 83301100410,
    "LocalizeTW": "（真的單純是為了開發溫泉嗎？）"
  },
  {
    "GroupId": 83301100510,
    "LocalizeTW": "（照亞子說的去找學生吧）"
  },
  {
    "GroupId": 83301100510,
    "LocalizeTW": "（看來需要到教室聽聽他們的說法）"
  },
  {
    "GroupId": 83301200010,
    "LocalizeTW": "呵呵，呵呵呵…！"
  },
  {
    "GroupId": 83301200110,
    "LocalizeTW": "不知道為什麼，今天很想做壞事呢。"
  },
  {
    "GroupId": 83301200110,
    "LocalizeTW": "在上課時間偷吃糖果怎麼樣？"
  },
  {
    "GroupId": 83301200110,
    "LocalizeTW": "呵呵…！\n你真是天才！"
  },
  {
    "GroupId": 83301200110,
    "LocalizeTW": "[음표]"
  },
  {
    "GroupId": 83301200120,
    "LocalizeTW": "忘記寫作業了…\n怎麼辦…"
  },
  {
    "GroupId": 83301200130,
    "LocalizeTW": "唔，肚子好餓…"
  },
  {
    "GroupId": 83301200130,
    "LocalizeTW": "[속상함]"
  },
  {
    "GroupId": 83301200210,
    "LocalizeTW": "呀齁～陽奈親～ "
  },
  {
    "GroupId": 83301200210,
    "LocalizeTW": "[?]"
  },
  {
    "GroupId": 83301200210,
    "LocalizeTW": "（陽奈親…？）"
  },
  {
    "GroupId": 83301200210,
    "LocalizeTW": "格黑娜溫泉泡湯券～？"
  },
  {
    "GroupId": 83301200210,
    "LocalizeTW": "沒錯～我也買了一張～聽說是溫泉的革命～"
  },
  {
    "GroupId": 83301200210,
    "LocalizeTW": "重點是感覺很有趣～！"
  },
  {
    "GroupId": 83301200220,
    "LocalizeTW": "溫泉的革命～到底是什麼呢？"
  },
  {
    "GroupId": 83301200220,
    "LocalizeTW": "我也不知道是怎麼回事，但這兩個字聽起來就很讓人心動吧？"
  },
  {
    "GroupId": 83301200310,
    "LocalizeTW": "啊，原來是風紀委員長。"
  },
  {
    "GroupId": 83301200310,
    "LocalizeTW": "啊啊，你是說格黑娜溫泉的搶先體驗券嗎？"
  },
  {
    "GroupId": 83301200310,
    "LocalizeTW": "嗯，我買了哦。因為溫泉開發部的成員賣得很起勁。"
  },
  {
    "GroupId": 83301200310,
    "LocalizeTW": "他們賣的時候好像說是溫泉大作戰還是什麼的。"
  },
  {
    "GroupId": 83301200320,
    "LocalizeTW": "說是只要作戰成功，一輩子都不用擔心溫泉了。"
  },
  {
    "GroupId": 83301200320,
    "LocalizeTW": "真搞不懂是什麼意思……"
  },
  {
    "GroupId": 83301200410,
    "LocalizeTW": "（逃走了嗎，\n得趕快追上去）"
  },
  {
    "GroupId": 83301200420,
    "LocalizeTW": "啊哈哈！溫泉！真令人期待～！"
  },
  {
    "GroupId": 83301200430,
    "LocalizeTW": "有機會用到溫泉入浴券嗎…"
  },
  {
    "GroupId": 83301300010,
    "LocalizeTW": "唉，真擔心…"
  },
  {
    "GroupId": 83301300020,
    "LocalizeTW": "嘻，嘻嘻…！"
  },
  {
    "GroupId": 83301300030,
    "LocalizeTW": "[속상함]"
  },
  {
    "GroupId": 83301300030,
    "LocalizeTW": "好想偷懶…"
  },
  {
    "GroupId": 83301300110,
    "LocalizeTW": "這裡還很危險！"
  },
  {
    "GroupId": 83301300120,
    "LocalizeTW": "請小心腳下！"
  },
  {
    "GroupId": 83301300130,
    "LocalizeTW": "伊吹也喜歡溫泉～！"
  },
  {
    "GroupId": 83301300130,
    "LocalizeTW": "[음표]"
  },
  {
    "GroupId": 83301300140,
    "LocalizeTW": "[!]"
  },
  {
    "GroupId": 83301300410,
    "LocalizeTW": "[전구]"
  },
  {
    "GroupId": 83301300410,
    "LocalizeTW": "（這樣情報就夠了。佳澄現在…）"
  },
  {
    "GroupId": 83301400010,
    "LocalizeTW": "恨啊！我好恨！！"
  },
  {
    "GroupId": 83301400110,
    "LocalizeTW": "在這裡請保持肅靜！"
  },
  {
    "GroupId": 83301400120,
    "LocalizeTW": "[속상함]"
  },
  {
    "GroupId": 83301400120,
    "LocalizeTW": "我們的遠大夢想…嗚嗚！"
  },
  {
    "GroupId": 83301400130,
    "LocalizeTW": "這次什麼時候才能出去呢…"
  },
  {
    "GroupId": 83301400210,
    "LocalizeTW": "[…]"
  },
  {
    "GroupId": 83301400210,
    "LocalizeTW": "（真的是在計畫荒謬的事啊）"
  },
  {
    "GroupId": 83301400310,
    "LocalizeTW": "（既然已經解決了，趕緊移動吧）"
  },
  {
    "GroupId": 83301400310,
    "LocalizeTW": "（為了準備鋼琴表演，必須加緊練習）"
  },
  {
    "GroupId": 83301400310,
    "LocalizeTW": "（能練習鋼琴的地方…）"
  },
  {
    "GroupId": 83301500210,
    "LocalizeTW": "（有條不紊地跟著樂譜…）"
  },
  {
    "GroupId": 83301500210,
    "LocalizeTW": "（不疾不徐，一步一步慢慢來）"
  },
  {
    "GroupId": 83301600110,
    "LocalizeTW": "（今天總算練完了）"
  },
  {
    "GroupId": 83301600110,
    "LocalizeTW": "（明天也要記得練習）"
  },
  {
    "GroupId": 83302100110,
    "LocalizeTW": "[모모톡]"
  },
  {
    "GroupId": 83302100110,
    "LocalizeTW": "（來自老師的聯絡…？）"
  },
  {
    "GroupId": 83302100110,
    "LocalizeTW": "（真琴的狀態變奇怪了…？）"
  },
  {
    "GroupId": 83302100110,
    "LocalizeTW": "（哼嗯…）"
  },
  {
    "GroupId": 83302100120,
    "LocalizeTW": "到底發生什麼事了…"
  },
  {
    "GroupId": 83302100130,
    "LocalizeTW": "嘖，又有騷動嗎…"
  },
  {
    "GroupId": 83302100210,
    "LocalizeTW": "委員長，要現在出發嗎？"
  },
  {
    "GroupId": 83302100210,
    "LocalizeTW": "學生餐廳居然有怪物，真不敢相信…"
  },
  {
    "GroupId": 83302100310,
    "LocalizeTW": "（說什麼來歷不明的怪物，真讓人摸不著頭緒）"
  },
  {
    "GroupId": 83302100310,
    "LocalizeTW": "（不管怎樣，如果風華遇到困難必須趕緊幫幫他）"
  },
  {
    "GroupId": 83302200110,
    "LocalizeTW": "發現3隻鬆餅！掃蕩它們吧！"
  },
  {
    "GroupId": 83302200110,
    "LocalizeTW": "[땀]"
  },
  {
    "GroupId": 83302200110,
    "LocalizeTW": "[속상함]"
  },
  {
    "GroupId": 83302200110,
    "LocalizeTW": "唔，好噁…"
  },
  {
    "GroupId": 83302200210,
    "LocalizeTW": "[!]"
  },
  {
    "GroupId": 83302200210,
    "LocalizeTW": "（這是…會動的鬆餅…？）"
  },
  {
    "GroupId": 83302200410,
    "LocalizeTW": "（這些傢伙到底是從哪裡冒出來的…）"
  },
  {
    "GroupId": 83302200410,
    "LocalizeTW": "（先到餐廳的調理室找茱莉吧）"
  },
  {
    "GroupId": 83302200510,
    "LocalizeTW": "風華前輩，請一定要平安無事…"
  },
  {
    "GroupId": 83302200520,
    "LocalizeTW": "暴走的鬆餅，已確定掃蕩完畢。"
  },
  {
    "GroupId": 83302200520,
    "LocalizeTW": "您辛苦了，委員長。"
  },
  {
    "GroupId": 83302200530,
    "LocalizeTW": "唔，全身都黏答答的…"
  },
  {
    "GroupId": 83302200540,
    "LocalizeTW": "[…]"
  },
  {
    "GroupId": 83302200540,
    "LocalizeTW": "這份食譜就是原因嗎？"
  },
  {
    "GroupId": 83302200610,
    "LocalizeTW": "[전화]"
  },
  {
    "GroupId": 83302200610,
    "LocalizeTW": "（是老師打來的電話…）"
  },
  {
    "GroupId": 83302200710,
    "LocalizeTW": "[땀]"
  },
  {
    "GroupId": 83302300110,
    "LocalizeTW": "（呼…總之美食研究會已經逮捕了）"
  },
  {
    "GroupId": 83302300110,
    "LocalizeTW": "（下午再追究他們為什麼綁架風華吧）"
  },
  {
    "GroupId": 83302300110,
    "LocalizeTW": "（想去練鋼琴了…）"
  },
  {
    "GroupId": 83302300120,
    "LocalizeTW": "散步！鬆餅！\n心動動！"
  },
  {
    "GroupId": 83302300130,
    "LocalizeTW": "糟糕了，現在公園…"
  },
  {
    "GroupId": 83302300130,
    "LocalizeTW": "[땀]"
  },
  {
    "GroupId": 83302300140,
    "LocalizeTW": "[속상함]"
  },
  {
    "GroupId": 83302300140,
    "LocalizeTW": "原來如此，還沒結束啊。"
  },
  {
    "GroupId": 83302300150,
    "LocalizeTW": "那個，有巨大的鬆餅…"
  },
  {
    "GroupId": 83302300150,
    "LocalizeTW": "什麼！？真的嗎？"
  },
  {
    "GroupId": 83302300150,
    "LocalizeTW": "應…應該要準備出動吧？"
  },
  {
    "GroupId": 83302300210,
    "LocalizeTW": "[모모톡]"
  },
  {
    "GroupId": 83302300210,
    "LocalizeTW": "（是亞子傳來的MomoTalk）"
  },
  {
    "GroupId": 83300400099,
    "LocalizeTW": "[속상함]"
  },
  {
    "GroupId": 83302400110,
    "LocalizeTW": "[음표]"
  },
  {
    "GroupId": 83302400120,
    "LocalizeTW": "美食研究會，\n這已經是第幾次了…"
  },
  {
    "GroupId": 83302400130,
    "LocalizeTW": "呵呵，又被抓到了呢～★"
  },
  {
    "GroupId": 83302400140,
    "LocalizeTW": "唔唔唔～真氣人！"
  },
  {
    "GroupId": 83302400140,
    "LocalizeTW": "嗚啊啊～！\n快放我出去～！"
  },
  {
    "GroupId": 83302400210,
    "LocalizeTW": "[땀]"
  },
  {
    "GroupId": 83302400210,
    "LocalizeTW": "（美食研究會真沒有一天是安分的）"
  },
  {
    "GroupId": 83302400310,
    "LocalizeTW": "（這樣今天的工作也大致結束了）"
  },
  {
    "GroupId": 83302400310,
    "LocalizeTW": "（得趕快去練習）"
  },
  {
    "GroupId": 83302500110,
    "LocalizeTW": "[…]"
  },
  {
    "GroupId": 83302500110,
    "LocalizeTW": "（…呼）"
  },
  {
    "GroupId": 83302500210,
    "LocalizeTW": "（跟著畫在五線譜上的音符…）"
  },
  {
    "GroupId": 83302500210,
    "LocalizeTW": "（把我能做到的全部發揮出來…）"
  },
  {
    "GroupId": 83302600110,
    "LocalizeTW": "[…]"
  },
  {
    "GroupId": 83303100310,
    "LocalizeTW": "[땀]"
  },
  {
    "GroupId": 83303100310,
    "LocalizeTW": "（真的永遠都在惹事。沒辦法，行動吧）"
  },
  {
    "GroupId": 83303200110,
    "LocalizeTW": "[땀]"
  },
  {
    "GroupId": 83303200110,
    "LocalizeTW": "差不多是風紀委員長行動的時候了…"
  },
  {
    "GroupId": 83303200110,
    "LocalizeTW": "哈哈哈～！\n真是太好笑了～！"
  },
  {
    "GroupId": 83303200310,
    "LocalizeTW": "[빠직]"
  },
  {
    "GroupId": 83303200310,
    "LocalizeTW": "[!]"
  },
  {
    "GroupId": 83303200510,
    "LocalizeTW": "[빠직]"
  },
  {
    "GroupId": 83303200510,
    "LocalizeTW": "（呼，只要把這個清理掉…）"
  },
  {
    "GroupId": 83303300110,
    "LocalizeTW": "真不容易呢…"
  },
  {
    "GroupId": 83303300120,
    "LocalizeTW": "明天因為瀬奈前輩的請託…"
  },
  {
    "GroupId": 83303300130,
    "LocalizeTW": "[…]"
  },
  {
    "GroupId": 83303300130,
    "LocalizeTW": "啊…！我忘記了！\n明天有定期訓練！"
  },
  {
    "GroupId": 83303300310,
    "LocalizeTW": "[모모톡]"
  },
  {
    "GroupId": 83303300310,
    "LocalizeTW": "[?]"
  },
  {
    "GroupId": 83303300320,
    "LocalizeTW": "是緊急任務嗎？"
  },
  {
    "GroupId": 83303300320,
    "LocalizeTW": "我也一起處理！"
  },
  {
    "GroupId": 83303300330,
    "LocalizeTW": "委員長！我也準備好了，出發吧！"
  },
  {
    "GroupId": 83303300410,
    "LocalizeTW": "[빠직]"
  },
  {
    "GroupId": 83303400110,
    "LocalizeTW": "部室恢復了活力，\n真讓人開心…"
  },
  {
    "GroupId": 83303400120,
    "LocalizeTW": "狀況真是慘烈…"
  },
  {
    "GroupId": 83303400130,
    "LocalizeTW": "哎呀，我的腰…"
  },
  {
    "GroupId": 83303400140,
    "LocalizeTW": "[속상함]"
  },
  {
    "GroupId": 83303400150,
    "LocalizeTW": "真要命…"
  },
  {
    "GroupId": 83303400160,
    "LocalizeTW": "哎唷喂…"
  },
  {
    "GroupId": 83303400170,
    "LocalizeTW": "這裡是哪？\n我是誰…？"
  },
  {
    "GroupId": 83303400180,
    "LocalizeTW": "打針，太可怕了…"
  },
  {
    "GroupId": 83303400190,
    "LocalizeTW": "會有點刺痛喔…！"
  },
  {
    "GroupId": 83303400190,
    "LocalizeTW": "唔…！"
  },
  {
    "GroupId": 83303400310,
    "LocalizeTW": "[…]"
  },
  {
    "GroupId": 83303400310,
    "LocalizeTW": "（軟膏…原來在這裡啊）"
  },
  {
    "GroupId": 83303400410,
    "LocalizeTW": "（騷動差不多結束了）"
  },
  {
    "GroupId": 83303400410,
    "LocalizeTW": "（…趕快去練習吧）"
  },
  {
    "GroupId": 83303500110,
    "LocalizeTW": "[…]"
  },
  {
    "GroupId": 83303500110,
    "LocalizeTW": "[음표]"
  },
  {
    "GroupId": 83303500210,
    "LocalizeTW": "（…稍微比較熟練了嗎）"
  },
  {
    "GroupId": 83303500210,
    "LocalizeTW": "（感覺練習越來越愉快了）"
  },
  {
    "GroupId": 83303600110,
    "LocalizeTW": "（今天也這樣結束了）"
  },
  {
    "GroupId": 83303600110,
    "LocalizeTW": "（…好像有點累）"
  },
  {
    "GroupId": 83304100210,
    "LocalizeTW": "[…]"
  },
  {
    "GroupId": 83304100210,
    "LocalizeTW": "[전구]"
  },
  {
    "GroupId": 83304100310,
    "LocalizeTW": "[…]"
  },
  {
    "GroupId": 83304100310,
    "LocalizeTW": "（必須先去找亞子）"
  },
  {
    "GroupId": 83304200210,
    "LocalizeTW": "[?]"
  },
  {
    "GroupId": 83304200210,
    "LocalizeTW": "（嗯？這個傳單是…？）"
  },
  {
    "GroupId": 83304200410,
    "LocalizeTW": "[…]"
  },
  {
    "GroupId": 83304200410,
    "LocalizeTW": "（稍微加快腳步吧）"
  },
  {
    "GroupId": 83304200001,
    "LocalizeTW": "今天風紀委員會的行程是…"
  },
  {
    "GroupId": 83304200010,
    "LocalizeTW": "堅決反對戰鬥？"
  },
  {
    "GroupId": 83304200010,
    "LocalizeTW": "為了格黑娜的和平…？"
  },
  {
    "GroupId": 83304200011,
    "LocalizeTW": "[속상함]"
  },
  {
    "GroupId": 83304200011,
    "LocalizeTW": "昨天是銅像，\n今天是傳單…唉…"
  },
  {
    "GroupId": 83304200012,
    "LocalizeTW": "又是誰在惡作劇嗎？"
  },
  {
    "GroupId": 83304300610,
    "LocalizeTW": "[…]"
  },
  {
    "GroupId": 83304300610,
    "LocalizeTW": "（到急救醫學部室找千夏吧）"
  },
  {
    "GroupId": 83304300001,
    "LocalizeTW": "我們是風紀委員會，不是整潔部！"
  },
  {
    "GroupId": 83304300010,
    "LocalizeTW": "[속상함]"
  },
  {
    "GroupId": 83304300010,
    "LocalizeTW": "今天也一樣亂七八糟的…"
  },
  {
    "GroupId": 83304300011,
    "LocalizeTW": "什麼時候才能全部整理好啊…"
  },
  {
    "GroupId": 83304300020,
    "LocalizeTW": "啊哈哈～！\n根本是一團亂～！"
  },
  {
    "GroupId": 83304300020,
    "LocalizeTW": "一點都不好笑。"
  },
  {
    "GroupId": 83304300021,
    "LocalizeTW": "今天的打掃值日生…是我嗎？"
  },
  {
    "GroupId": 83304300030,
    "LocalizeTW": "先去焚化爐…"
  },
  {
    "GroupId": 83304300031,
    "LocalizeTW": "[모모톡]"
  },
  {
    "GroupId": 83304300031,
    "LocalizeTW": "千夏說他在急救醫學部室。"
  },
  {
    "GroupId": 83304300032,
    "LocalizeTW": "委員長，您辛苦了！"
  },
  {
    "GroupId": 83304300033,
    "LocalizeTW": "這邊的傳單我們已經回收了。"
  },
  {
    "GroupId": 83304300033,
    "LocalizeTW": "陽奈親～！一直以來都辛苦你了～！"
  },
  {
    "GroupId": 83304300034,
    "LocalizeTW": "得去看看…"
  },
  {
    "GroupId": 83304400210,
    "LocalizeTW": "[…]"
  },
  {
    "GroupId": 83304400210,
    "LocalizeTW": "（千夏應該在這裡的某個地方）"
  },
  {
    "GroupId": 83304400310,
    "LocalizeTW": "[!]"
  },
  {
    "GroupId": 83304400310,
    "LocalizeTW": "[속상함]"
  },
  {
    "GroupId": 83304400510,
    "LocalizeTW": "（既然已經找到千夏就先回去吧）"
  },
  {
    "GroupId": 83304400510,
    "LocalizeTW": "（必須趕快開始訓練）"
  },
  {
    "GroupId": 83304400002,
    "LocalizeTW": "[빠직]"
  },
  {
    "GroupId": 83304400010,
    "LocalizeTW": "希望傷口不會惡化…"
  },
  {
    "GroupId": 83304400011,
    "LocalizeTW": "呼，幸好這裡很乾淨。"
  },
  {
    "GroupId": 83304400012,
    "LocalizeTW": "要趕快好起來才行…"
  },
  {
    "GroupId": 83304400020,
    "LocalizeTW": "唔唔，好想偷懶…"
  },
  {
    "GroupId": 83304400020,
    "LocalizeTW": "居然說我要1週才能痊癒…！"
  },
  {
    "GroupId": 83304400021,
    "LocalizeTW": "伊吹！已經完全不痛了唷！"
  },
  {
    "GroupId": 83304400022,
    "LocalizeTW": "今天絕對不能就這樣算了！"
  },
  {
    "GroupId": 83304400030,
    "LocalizeTW": "今天是定期訓練的日子吧？"
  },
  {
    "GroupId": 83304400030,
    "LocalizeTW": "一起回去吧。"
  },
  {
    "GroupId": 83304400031,
    "LocalizeTW": "[음표]"
  },
  {
    "GroupId": 83304400031,
    "LocalizeTW": "委員長，差不多該出發了吧？"
  },
  {
    "GroupId": 8330450010,
    "LocalizeTW": "唔嗯，今天的定期訓練日程是…"
  },
  {
    "GroupId": 8330450011,
    "LocalizeTW": "訓練準備得很完美。"
  },
  {
    "GroupId": 8330450012,
    "LocalizeTW": "是定期訓練嗎…"
  },
  {
    "GroupId": 8330450020,
    "LocalizeTW": "[음표]"
  },
  {
    "GroupId": 8330450020,
    "LocalizeTW": "委員長，請讓我來護送吧。"
  },
  {
    "GroupId": 8330450021,
    "LocalizeTW": "[!]"
  },
  {
    "GroupId": 8330450021,
    "LocalizeTW": "今天一定要讓你見識我的潛力！委員長！"
  },
  {
    "GroupId": 8330450022,
    "LocalizeTW": "訓練準備全部結束了，委員長。"
  },
  {
    "GroupId": 83304600210,
    "LocalizeTW": "[땀]"
  },
  {
    "GroupId": 83304600210,
    "LocalizeTW": "（安排的訓練到此結束。先回部室吧）"
  },
  {
    "GroupId": 83304600310,
    "LocalizeTW": "（重新訓練啊，得趕快行動）"
  },
  {
    "GroupId": 83304600310,
    "LocalizeTW": "（不想浪費時間）"
  },
  {
    "GroupId": 83304600010,
    "LocalizeTW": "嘻，嘻嘻嘻…"
  },
  {
    "GroupId": 83304600020,
    "LocalizeTW": "[땀]"
  },
  {
    "GroupId": 83304600020,
    "LocalizeTW": "委員長…"
  },
  {
    "GroupId": 83304700110,
    "LocalizeTW": "[…]"
  },
  {
    "GroupId": 83304700110,
    "LocalizeTW": "（今天也開始吧）"
  },
  {
    "GroupId": 83304700210,
    "LocalizeTW": "[속상함]"
  },
  {
    "GroupId": 83304700210,
    "LocalizeTW": "（自由地、鮮明地…）"
  },
  {
    "GroupId": 83304800110,
    "LocalizeTW": "[속상함]"
  },
  {
    "GroupId": 83304800110,
    "LocalizeTW": "[…]"
  },
  {
    "GroupId": 83305100210,
    "LocalizeTW": "[…]"
  },
  {
    "GroupId": 83305100210,
    "LocalizeTW": "[전화]"
  },
  {
    "GroupId": 83305100310,
    "LocalizeTW": "[…]"
  },
  {
    "GroupId": 83305100310,
    "LocalizeTW": "[!]"
  },
  {
    "GroupId": 83305300110,
    "LocalizeTW": "（這裡是格黑娜的派對會場）"
  },
  {
    "GroupId": 83305300110,
    "LocalizeTW": "（今天我會在這裡演奏…）"
  },
  {
    "GroupId": 83305300110,
    "LocalizeTW": "（但是在那之前…）"
  },
  {
    "GroupId": 83305300001,
    "LocalizeTW": "委員長！我準備好了！"
  },
  {
    "GroupId": 83305300001,
    "LocalizeTW": "嗯，現在立刻出發。"
  },
  {
    "GroupId": 83305300002,
    "LocalizeTW": "一直以來都辛苦你了…"
  },
  {
    "GroupId": 83305300002,
    "LocalizeTW": "後續就交給我吧。"
  },
  {
    "GroupId": 83305300003,
    "LocalizeTW": "拜託你了，風紀委員長。"
  },
  {
    "GroupId": 83305300003,
    "LocalizeTW": "我馬上回來。"
  },
  {
    "GroupId": 83305300004,
    "LocalizeTW": "陽奈親！加油～！"
  },
  {
    "GroupId": 83305300004,
    "LocalizeTW": "嗯…謝謝…"
  },
  {
    "GroupId": 83305300005,
    "LocalizeTW": "委員長，我也來幫忙。"
  },
  {
    "GroupId": 83305300005,
    "LocalizeTW": "謝謝。那就拜託你了。"
  },
  {
    "GroupId": 83305300006,
    "LocalizeTW": "支援就交給我吧！"
  },
  {
    "GroupId": 83305300006,
    "LocalizeTW": "時間所剩不多。出發吧。"
  },
  {
    "GroupId": 83305300007,
    "LocalizeTW": "還有很多要處理的騷動。"
  },
  {
    "GroupId": 83305300010,
    "LocalizeTW": "[속상함]"
  },
  {
    "GroupId": 83305300010,
    "LocalizeTW": "又在惹事，唉…"
  },
  {
    "GroupId": 83305300011,
    "LocalizeTW": "現在出去很危險。"
  },
  {
    "GroupId": 83305300012,
    "LocalizeTW": "今天明明是派對當天，怎麼會…"
  },
  {
    "GroupId": 83305300013,
    "LocalizeTW": "請大家冷靜，聽從管制！"
  },
  {
    "GroupId": 83305300014,
    "LocalizeTW": "該準備出動嗎？"
  },
  {
    "GroupId": 83305300020,
    "LocalizeTW": "好像不是享受悠閒的時候。"
  },
  {
    "GroupId": 83305300030,
    "LocalizeTW": "聽說現在整個格黑娜亂成一團耶？"
  },
  {
    "GroupId": 83305300030,
    "LocalizeTW": "[속상함]"
  },
  {
    "GroupId": 83305300030,
    "LocalizeTW": "呿，興致都沒了。"
  },
  {
    "GroupId": 83305300030,
    "LocalizeTW": "[땀]"
  },
  {
    "GroupId": 83305400110,
    "LocalizeTW": "[…]"
  },
  {
    "GroupId": 83305400110,
    "LocalizeTW": "[!]"
  },
  {
    "GroupId": 83306010210,
    "LocalizeTW": "[…]"
  },
  {
    "GroupId": 83306010310,
    "LocalizeTW": "[!]"
  },
  {
    "GroupId": 83306010410,
    "LocalizeTW": "[하트]"
  },
  {
    "GroupId": 83306010410,
    "LocalizeTW": "[음표]"
  },
  {
    "GroupId": 83306020210,
    "LocalizeTW": "[…]"
  },
  {
    "GroupId": 83306020210,
    "LocalizeTW": "[땀]"
  },
  {
    "GroupId": 83306020310,
    "LocalizeTW": "（周圍沒有人）"
  },
  {
    "GroupId": 83306020310,
    "LocalizeTW": "（不過有動靜…）"
  },
  {
    "GroupId": 83306020410,
    "LocalizeTW": "[…]"
  },
  {
    "GroupId": 83306020410,
    "LocalizeTW": "[!]"
  },
  {
    "GroupId": 83306020510,
    "LocalizeTW": "[?]"
  },
  {
    "GroupId": 83306020510,
    "LocalizeTW": "[?!]"
  },
  {
    "GroupId": 83306020520,
    "LocalizeTW": "這樣就結束了嗎？"
  },
  {
    "GroupId": 83306020520,
    "LocalizeTW": "啊！教室的垃圾桶也要清空！"
  },
  {
    "GroupId": 83306020520,
    "LocalizeTW": "唔，真麻煩…"
  },
  {
    "GroupId": 83306020520,
    "LocalizeTW": "[땀]"
  },
  {
    "GroupId": 83306020530,
    "LocalizeTW": "[전구]"
  },
  {
    "GroupId": 83306020530,
    "LocalizeTW": "今天天氣很好，要不要在屋頂上吃午餐？"
  },
  {
    "GroupId": 83306020530,
    "LocalizeTW": "哦！好呀！那我把我的死黨也叫來！"
  },
  {
    "GroupId": 83306020540,
    "LocalizeTW": "好像是在找伊吹醬遺失的蠟筆。"
  },
  {
    "GroupId": 83306020540,
    "LocalizeTW": "咦，那不是伊吹醬的寶貝嗎？"
  },
  {
    "GroupId": 83306020540,
    "LocalizeTW": "嗯，我們也幫忙找吧！"
  },
  {
    "GroupId": 83306030110,
    "LocalizeTW": "亞子醬從剛才就一直在跟電話纏鬥…"
  },
  {
    "GroupId": 83306030110,
    "LocalizeTW": "出了什麼問題嗎？"
  },
  {
    "GroupId": 83306030210,
    "LocalizeTW": ""
  },
  {
    "GroupId": 83306030310,
    "LocalizeTW": ""
  },
  {
    "GroupId": 83306030410,
    "LocalizeTW": ""
  },
  {
    "GroupId": 83306030510,
    "LocalizeTW": "[…]"
  },
  {
    "GroupId": 83306030510,
    "LocalizeTW": "[하트]"
  },
  {
    "GroupId": 83306035210,
    "LocalizeTW": "（可能會在桌上）"
  },
  {
    "GroupId": 83306035210,
    "LocalizeTW": "（不在這裡的話…）"
  },
  {
    "GroupId": 83306035310,
    "LocalizeTW": "[!]"
  },
  {
    "GroupId": 83306035310,
    "LocalizeTW": "[속상함]"
  },
  {
    "GroupId": 83306035410,
    "LocalizeTW": "[전구]"
  },
  {
    "GroupId": 83306035410,
    "LocalizeTW": "[속상함]"
  },
  {
    "GroupId": 83306035510,
    "LocalizeTW": "（說不定會在這裡…）"
  },
  {
    "GroupId": 83306035510,
    "LocalizeTW": "[속상함]"
  },
  {
    "GroupId": 83306035610,
    "LocalizeTW": "[!]"
  },
  {
    "GroupId": 83306035610,
    "LocalizeTW": "[속상함]"
  },
  {
    "GroupId": 83306035620,
    "LocalizeTW": "[?]"
  },
  {
    "GroupId": 83306035630,
    "LocalizeTW": "[음표]"
  },
  {
    "GroupId": 83306040110,
    "LocalizeTW": "因為我的疏失…害大家受罪了…"
  },
  {
    "GroupId": 83306040120,
    "LocalizeTW": "現在正在調查逃獄事件。"
  },
  {
    "GroupId": 83306040130,
    "LocalizeTW": "真傷腦筋…"
  },
  {
    "GroupId": 83306040130,
    "LocalizeTW": "到底是怎麼逃獄的？"
  },
  {
    "GroupId": 83306040130,
    "LocalizeTW": "鐵窗明明就鎖得緊緊的…"
  },
  {
    "GroupId": 83306040130,
    "LocalizeTW": "[속상함]"
  },
  {
    "GroupId": 83306040310,
    "LocalizeTW": "[분실물]"
  },
  {
    "GroupId": 83306040310,
    "LocalizeTW": "[…]"
  },
  {
    "GroupId": 83306040410,
    "LocalizeTW": "[분실물]"
  },
  {
    "GroupId": 83306040410,
    "LocalizeTW": "[?]"
  },
  {
    "GroupId": 83306040510,
    "LocalizeTW": "[…]"
  },
  {
    "GroupId": 83306040510,
    "LocalizeTW": "[전구]"
  },
  {
    "GroupId": 83306040520,
    "LocalizeTW": "[땀]"
  },
  {
    "GroupId": 83306040520,
    "LocalizeTW": "這個大洞是什麼時候挖的…！"
  },
  {
    "GroupId": 83306040520,
    "LocalizeTW": "[속상함]"
  },
  {
    "GroupId": 83306040520,
    "LocalizeTW": "果然不是省油的燈…"
  },
  {
    "GroupId": 83306050210,
    "LocalizeTW": "[전구]"
  },
  {
    "GroupId": 83306050210,
    "LocalizeTW": "（這裡還有另一本日誌）"
  },
  {
    "GroupId": 83306050210,
    "LocalizeTW": "（「實力都沒有進步，是我沒有天分嗎」…）"
  },
  {
    "GroupId": 83306050310,
    "LocalizeTW": "[분실물]"
  },
  {
    "GroupId": 83306050310,
    "LocalizeTW": "（啊，這裡也有…）"
  },
  {
    "GroupId": 83306050310,
    "LocalizeTW": "（「今天又在大會上落選。感覺更累了」…）"
  },
  {
    "GroupId": 83306050310,
    "LocalizeTW": "[…]"
  },
  {
    "GroupId": 83306060110,
    "LocalizeTW": "[속상함]"
  },
  {
    "GroupId": 83306060110,
    "LocalizeTW": "（必須調查原因）"
  },
  {
    "GroupId": 83306060120,
    "LocalizeTW": "要死了…"
  },
  {
    "GroupId": 83306060130,
    "LocalizeTW": "誰快來阻止他們…"
  },
  {
    "GroupId": 83306060140,
    "LocalizeTW": "唔，唔唔…"
  },
  {
    "GroupId": 83306060150,
    "LocalizeTW": "這是惡夢…"
  },
  {
    "GroupId": 83306060160,
    "LocalizeTW": "哼哼～！像這樣混合一下…"
  },
  {
    "GroupId": 83306060160,
    "LocalizeTW": "[음표]"
  },
  {
    "GroupId": 83306060170,
    "LocalizeTW": "（再觀察一下周圍吧）"
  },
  {
    "GroupId": 83306060180,
    "LocalizeTW": "（再觀察一下周圍吧）"
  },
  {
    "GroupId": 83306060190,
    "LocalizeTW": "（再觀察一下周圍吧）"
  },
  {
    "GroupId": 83306060210,
    "LocalizeTW": "[속상함]"
  },
  {
    "GroupId": 83306060210,
    "LocalizeTW": "（不只風紀委員會，連其他社團都…）"
  },
  {
    "GroupId": 83306060310,
    "LocalizeTW": "[…]"
  },
  {
    "GroupId": 83306060310,
    "LocalizeTW": "（沒有反應，\n只是個單純的傷患）"
  },
  {
    "GroupId": 83306060310,
    "LocalizeTW": "（騷動的根源是調理室嗎？）"
  },
  {
    "GroupId": 83306060510,
    "LocalizeTW": "看來今天也會很忙呢。"
  },
  {
    "GroupId": 83306065110,
    "LocalizeTW": "叫聲是從哪裡傳來的呢…？"
  },
  {
    "GroupId": 83306065120,
    "LocalizeTW": "今天的菜單是…"
  },
  {
    "GroupId": 83306065130,
    "LocalizeTW": "今天是想喝薄荷綠茶的心情…！"
  },
  {
    "GroupId": 83306065130,
    "LocalizeTW": "[음표]"
  },
  {
    "GroupId": 83306065140,
    "LocalizeTW": "聽說萬魔殿在搜索蠟筆？"
  },
  {
    "GroupId": 83306065140,
    "LocalizeTW": "嗯？蠟筆？"
  },
  {
    "GroupId": 83306065140,
    "LocalizeTW": "嗯，說是要翻遍學園的垃圾桶還是什麼的。"
  },
  {
    "GroupId": 83306065210,
    "LocalizeTW": "[…]"
  },
  {
    "GroupId": 83306065210,
    "LocalizeTW": "（以防萬一，\n來找找看吧）"
  },
  {
    "GroupId": 83306065310,
    "LocalizeTW": "[분실물]"
  },
  {
    "GroupId": 83306065310,
    "LocalizeTW": "[전구]"
  },
  {
    "GroupId": 83306065510,
    "LocalizeTW": "（這附近應該有能給貓咪喝的牛奶）"
  },
  {
    "GroupId": 83306065510,
    "LocalizeTW": "（先安撫一下牠的飢餓感吧）"
  },
  {
    "GroupId": 83306065610,
    "LocalizeTW": "[…]"
  },
  {
    "GroupId": 83306065610,
    "LocalizeTW": "[하트]"
  },
  {
    "GroupId": 83306065610,
    "LocalizeTW": "（擅自拿了牛奶，得跟供給部說一聲才行）"
  },
  {
    "GroupId": 83306065710,
    "LocalizeTW": "[하트]"
  },
  {
    "GroupId": 83306065720,
    "LocalizeTW": "果然很可愛…"
  },
  {
    "GroupId": 83306070110,
    "LocalizeTW": "身體不舒服的人請舉手。"
  },
  {
    "GroupId": 83306070120,
    "LocalizeTW": "這附近應該有OK繃吧？"
  },
  {
    "GroupId": 83306070130,
    "LocalizeTW": "81mm迫擊砲果然很痛…"
  },
  {
    "GroupId": 83306070210,
    "LocalizeTW": "[분실물]"
  },
  {
    "GroupId": 83306070210,
    "LocalizeTW": "（找到了）"
  },
  {
    "GroupId": 83306070310,
    "LocalizeTW": "[…]"
  },
  {
    "GroupId": 83306070310,
    "LocalizeTW": "[땀]"
  },
  {
    "GroupId": 83306070310,
    "LocalizeTW": "[하트]"
  },
  {
    "GroupId": 83306070410,
    "LocalizeTW": "[속상함]"
  },
  {
    "GroupId": 83306070410,
    "LocalizeTW": "[…]"
  },
  {
    "GroupId": 83306070410,
    "LocalizeTW": "[!]"
  },
  {
    "GroupId": 83306070410,
    "LocalizeTW": "[하트]"
  },
  {
    "GroupId": 83306070510,
    "LocalizeTW": "我也想接受治癒之手的治療…"
  },
  {
    "GroupId": 83306070510,
    "LocalizeTW": "好羨慕……"
  },
  {
    "GroupId": 83306070520,
    "LocalizeTW": "我也想接受治癒之手的治療…"
  },
  {
    "GroupId": 83306070530,
    "LocalizeTW": "好羨慕……"
  },
  {
    "GroupId": 83306075110,
    "LocalizeTW": "[속상함]"
  },
  {
    "GroupId": 83306075110,
    "LocalizeTW": "快想想辦法啊！"
  },
  {
    "GroupId": 83306075110,
    "LocalizeTW": "[땀]"
  },
  {
    "GroupId": 83306075110,
    "LocalizeTW": "呀啊～！對我這樣的少女來說太勉強了！"
  },
  {
    "GroupId": 83306075210,
    "LocalizeTW": "[…]"
  },
  {
    "GroupId": 83306075210,
    "LocalizeTW": "（…不在這裡嗎）"
  },
  {
    "GroupId": 83306075410,
    "LocalizeTW": "（應該是往這邊逃才對）"
  },
  {
    "GroupId": 83306075410,
    "LocalizeTW": "（沒有看到）"
  },
  {
    "GroupId": 83306075510,
    "LocalizeTW": "[분실물]"
  },
  {
    "GroupId": 83306075510,
    "LocalizeTW": "（…抓到了）"
  },
  {
    "GroupId": 83306075610,
    "LocalizeTW": "我的腿還在抖…"
  },
  {
    "GroupId": 83306075620,
    "LocalizeTW": "居然徒手抓那個東西…"
  },
  {
    "GroupId": 83306075630,
    "LocalizeTW": "這就是風紀委員會的力量嗎…"
  },
  {
    "GroupId": 83306080110,
    "LocalizeTW": "[음표]"
  },
  {
    "GroupId": 83306080110,
    "LocalizeTW": "今天的我是廚師！"
  },
  {
    "GroupId": 83306080120,
    "LocalizeTW": "復原似乎需要花一點時間。"
  },
  {
    "GroupId": 83306080130,
    "LocalizeTW": "茱莉前輩說要做好吃的給我吃！"
  },
  {
    "GroupId": 83306080130,
    "LocalizeTW": "伊吹！好期待～！"
  },
  {
    "GroupId": 83306080140,
    "LocalizeTW": "露宿生活要持續到什麼時候…"
  },
  {
    "GroupId": 83306080150,
    "LocalizeTW": "大，大事不好了！鬆餅醬又…"
  },
  {
    "GroupId": 83306080160,
    "LocalizeTW": "哇啊！伊吹也想和鬆餅一起玩！"
  },
  {
    "GroupId": 83306080170,
    "LocalizeTW": "那個，這到底…"
  },
  {
    "GroupId": 83306080210,
    "LocalizeTW": "[!]"
  },
  {
    "GroupId": 83306080210,
    "LocalizeTW": "（鬆餅又開始動了…）"
  },
  {
    "GroupId": 83306080310,
    "LocalizeTW": "[…]"
  },
  {
    "GroupId": 83306080310,
    "LocalizeTW": "（這麼一看，還真是難以用言語形容的景象）"
  },
  {
    "GroupId": 83306080410,
    "LocalizeTW": "[!]"
  },
  {
    "GroupId": 83306080410,
    "LocalizeTW": "（這樣就結束了…！）"
  },
  {
    "GroupId": 83306080510,
    "LocalizeTW": "呼，差點就出大事了。"
  },
  {
    "GroupId": 83306080520,
    "LocalizeTW": "這個景象，不管看多少遍都無法適應。"
  },
  {
    "GroupId": 83306080530,
    "LocalizeTW": "[하트]"
  },
  {
    "GroupId": 83306080530,
    "LocalizeTW": "嘿嘿～！會動的鬆餅真可愛！"
  },
  {
    "GroupId": 83306080540,
    "LocalizeTW": "[땀]"
  },
  {
    "GroupId": 83306080540,
    "LocalizeTW": "那就是傳聞中的那個鬆餅嗎？"
  },
  {
    "GroupId": 83306085110,
    "LocalizeTW": "真是場悲劇…"
  },
  {
    "GroupId": 83306085120,
    "LocalizeTW": "竟然在這種地方發生失蹤事件…"
  },
  {
    "GroupId": 83306085130,
    "LocalizeTW": "真琴前輩，又在大驚小怪了…"
  },
  {
    "GroupId": 83306085140,
    "LocalizeTW": "[땀]"
  },
  {
    "GroupId": 83306085140,
    "LocalizeTW": "依議長的要求，正在搜查線索。"
  },
  {
    "GroupId": 83306085210,
    "LocalizeTW": "[분실물]"
  },
  {
    "GroupId": 83306085210,
    "LocalizeTW": "（不在這裡…也就是說）"
  },
  {
    "GroupId": 83306085310,
    "LocalizeTW": "[전구]"
  },
  {
    "GroupId": 83306085310,
    "LocalizeTW": "（嗯？這個包包裡裝的東西是…布丁？）"
  },
  {
    "GroupId": 83306085410,
    "LocalizeTW": "我真琴大人，又進一步成長了。"
  },
  {
    "GroupId": 83306085420,
    "LocalizeTW": "布丁的確是重要物品，咳哼！"
  },
  {
    "GroupId": 83306085430,
    "LocalizeTW": "幸好只是個小插曲。"
  },
  {
    "GroupId": 83306085440,
    "LocalizeTW": "[하트]"
  },
  {
    "GroupId": 83306085440,
    "LocalizeTW": "從伊吹醬手中收到了布丁。"
  },
  {
    "GroupId": 83306085450,
    "LocalizeTW": "[음표]"
  },
  {
    "GroupId": 83306085450,
    "LocalizeTW": "啊！我也準備了陽奈前輩的布丁！"
  },
  {
    "GroupId": 83306090110,
    "LocalizeTW": "到底跑哪去了？"
  },
  {
    "GroupId": 83306090120,
    "LocalizeTW": "等等想去吃蜂蜜巧克力百匯冰淇淋，一起嗎？"
  },
  {
    "GroupId": 83306090120,
    "LocalizeTW": "加一！！"
  },
  {
    "GroupId": 83306090210,
    "LocalizeTW": "[…]"
  },
  {
    "GroupId": 83306090210,
    "LocalizeTW": "（整理一下這裡…）"
  },
  {
    "GroupId": 83306090310,
    "LocalizeTW": "[땀]"
  },
  {
    "GroupId": 83306090310,
    "LocalizeTW": "（呼…要整理的量超出預期）"
  },
  {
    "GroupId": 83306090410,
    "LocalizeTW": "（只要清掉這個…）"
  },
  {
    "GroupId": 83306090410,
    "LocalizeTW": "（…很好）"
  },
  {
    "GroupId": 83306090510,
    "LocalizeTW": "要和陽奈親玩什麼好呢？"
  },
  {
    "GroupId": 83306090520,
    "LocalizeTW": "[음표]"
  },
  {
    "GroupId": 83306090520,
    "LocalizeTW": "和風紀委員長一起放學嗎，真令人期待。"
  },
  {
    "GroupId": 83306095110,
    "LocalizeTW": "獨自整理應該很吃力…"
  },
  {
    "GroupId": 83306095120,
    "LocalizeTW": "聽說伊吹醬弄丟了蠟筆。"
  },
  {
    "GroupId": 83306095120,
    "LocalizeTW": "[전구]"
  },
  {
    "GroupId": 83306095120,
    "LocalizeTW": "記得有在教室的哪裡看到…"
  },
  {
    "GroupId": 83306095210,
    "LocalizeTW": "（貼滿了海報呢）"
  },
  {
    "GroupId": 83306095210,
    "LocalizeTW": "[…]"
  },
  {
    "GroupId": 83306095310,
    "LocalizeTW": "（把真琴的臉畫得像狐狸一樣…）"
  },
  {
    "GroupId": 83306095310,
    "LocalizeTW": "（原來是諷刺畫啊）"
  },
  {
    "GroupId": 83306095410,
    "LocalizeTW": "[…]"
  },
  {
    "GroupId": 83306095410,
    "LocalizeTW": "（不知道是不是用強力膠貼的，好難撕下來）"
  },
  {
    "GroupId": 83306095510,
    "LocalizeTW": "[…]"
  },
  {
    "GroupId": 83306095510,
    "LocalizeTW": "（呼，這樣應該可以了吧？）"
  },
  {
    "GroupId": 83306095610,
    "LocalizeTW": "[음표]"
  },
  {
    "GroupId": 83306095610,
    "LocalizeTW": "大家一定會很羨慕！"
  },
  {
    "GroupId": 83306100110,
    "LocalizeTW": "[…]"
  },
  {
    "GroupId": 83306100120,
    "LocalizeTW": "我也來學學看鋼琴吧…"
  },
  {
    "GroupId": 83306100130,
    "LocalizeTW": "直到最後都不會鬆懈。"
  },
  {
    "GroupId": 83306100140,
    "LocalizeTW": "今天也是多災多難的一天呢。"
  },
  {
    "GroupId": 83306100150,
    "LocalizeTW": "[속상함]"
  },
  {
    "GroupId": 83306100150,
    "LocalizeTW": "唉，竟然要負責善後工作…"
  },
  {
    "GroupId": 83306100160,
    "LocalizeTW": "（那麼就開始吧…）"
  },
  {
    "GroupId": 83306100210,
    "LocalizeTW": "[분실물]"
  },
  {
    "GroupId": 83306100220,
    "LocalizeTW": "[!]"
  },
  {
    "GroupId": 83306100220,
    "LocalizeTW": "[음표]"
  },
  {
    "GroupId": 83306100220,
    "LocalizeTW": "啊哈哈！\n被發現了～！"
  },
  {
    "GroupId": 83306100230,
    "LocalizeTW": "啊哈哈！\n被發現了～！"
  },
  {
    "GroupId": 83306100310,
    "LocalizeTW": "（還有繪里香…）"
  },
  {
    "GroupId": 83306100320,
    "LocalizeTW": "[…]"
  },
  {
    "GroupId": 83306100320,
    "LocalizeTW": "選錯藏身處了嗎…"
  },
  {
    "GroupId": 83306100330,
    "LocalizeTW": "選錯藏身處了嗎…"
  },
  {
    "GroupId": 83306100410,
    "LocalizeTW": "[분실물]"
  },
  {
    "GroupId": 83306100410,
    "LocalizeTW": "[…]"
  },
  {
    "GroupId": 83306100411,
    "LocalizeTW": "[분실물]"
  },
  {
    "GroupId": 83306100411,
    "LocalizeTW": "[…]"
  },
  {
    "GroupId": 83306100412,
    "LocalizeTW": "[분실물]"
  },
  {
    "GroupId": 83306100412,
    "LocalizeTW": "[…]"
  },
  {
    "GroupId": 83306100413,
    "LocalizeTW": "[분실물]"
  },
  {
    "GroupId": 83306100413,
    "LocalizeTW": "[…]"
  },
  {
    "GroupId": 83306100414,
    "LocalizeTW": "[분실물]"
  },
  {
    "GroupId": 83306100414,
    "LocalizeTW": "[…]"
  },
  {
    "GroupId": 83306100415,
    "LocalizeTW": "[분실물]"
  },
  {
    "GroupId": 83306100415,
    "LocalizeTW": "[…]"
  },
  {
    "GroupId": 83306100416,
    "LocalizeTW": "[분실물]"
  },
  {
    "GroupId": 83306100416,
    "LocalizeTW": "[…]"
  },
  {
    "GroupId": 83306100417,
    "LocalizeTW": "[분실물]"
  },
  {
    "GroupId": 83306100417,
    "LocalizeTW": "[…]"
  },
  {
    "GroupId": 83306100418,
    "LocalizeTW": "[분실물]"
  },
  {
    "GroupId": 83306100418,
    "LocalizeTW": "[…]"
  },
  {
    "GroupId": 83306100419,
    "LocalizeTW": "[분실물]"
  },
  {
    "GroupId": 83306100419,
    "LocalizeTW": "[…]"
  },
  {
    "GroupId": 83306100710,
    "LocalizeTW": "[분실물]"
  },
  {
    "GroupId": 83306100710,
    "LocalizeTW": "[전구]"
  },
  {
    "GroupId": 83306100720,
    "LocalizeTW": "姐姐們！我們下次玩扮家家酒吧！"
  },
  {
    "GroupId": 83306100720,
    "LocalizeTW": "跟伊吹說好了喔～！"
  },
  {
    "GroupId": 83306100720,
    "LocalizeTW": "嗯～！打勾勾～！"
  },
  {
    "GroupId": 83306100720,
    "LocalizeTW": "唔，我答應你…"
  },
  {
    "GroupId": 83306100720,
    "LocalizeTW": "[하트]"
  },
  {
    "GroupId": 83306105110,
    "LocalizeTW": "嗚嗚…怎麼會這樣…！"
  },
  {
    "GroupId": 83306105120,
    "LocalizeTW": "離開前請確認一下有沒有遺失物。"
  },
  {
    "GroupId": 83306105130,
    "LocalizeTW": "幸好派對圓滿結束了。"
  },
  {
    "GroupId": 83306105140,
    "LocalizeTW": "[…]"
  },
  {
    "GroupId": 83306105140,
    "LocalizeTW": "今天的派對真的很開心吧？"
  },
  {
    "GroupId": 83306105140,
    "LocalizeTW": "嗯，非常棒。"
  },
  {
    "GroupId": 83306105150,
    "LocalizeTW": "也算是挺開心的派對…"
  },
  {
    "GroupId": 83306105160,
    "LocalizeTW": "這有點傷腦筋呢…"
  },
  {
    "GroupId": 83306105160,
    "LocalizeTW": "哎呀～★"
  },
  {
    "GroupId": 83306105160,
    "LocalizeTW": "這個跟那個看起來都好好吃…！"
  },
  {
    "GroupId": 83306105210,
    "LocalizeTW": "[분실물]"
  },
  {
    "GroupId": 83306105210,
    "LocalizeTW": "[…]"
  },
  {
    "GroupId": 83306105220,
    "LocalizeTW": "到底在哪裡！"
  },
  {
    "GroupId": 83306105230,
    "LocalizeTW": "好像不在這裡～♣"
  },
  {
    "GroupId": 83306105240,
    "LocalizeTW": "哼嗯，是這邊嗎…"
  },
  {
    "GroupId": 83306105250,
    "LocalizeTW": "啊啊，肚子好餓！"
  },
  {
    "GroupId": 83306105310,
    "LocalizeTW": "[분실물]"
  },
  {
    "GroupId": 83306105310,
    "LocalizeTW": "（唔嗯，這裡好像也沒有）"
  },
  {
    "GroupId": 83306105410,
    "LocalizeTW": "[분실물]"
  },
  {
    "GroupId": 83306105410,
    "LocalizeTW": "（這裡也空空的）"
  },
  {
    "GroupId": 83306105510,
    "LocalizeTW": "[분실물]"
  },
  {
    "GroupId": 83306105510,
    "LocalizeTW": "[…]"
  },
  {
    "GroupId": 83306105510,
    "LocalizeTW": "（到處都找不到餐券…有什麼辦法嗎…）"
  },
  {
    "GroupId": 83306105610,
    "LocalizeTW": "謝謝大家幫忙…"
  },
  {
    "GroupId": 83306105610,
    "LocalizeTW": "呵呵，現在來享用美食吧。"
  },
  {
    "GroupId": 83306105610,
    "LocalizeTW": "[음표]"
  },
  {
    "GroupId": 83306105610,
    "LocalizeTW": "哼哼～要從什麼開始吃起呢…？"
  },
  {
    "GroupId": 83306105620,
    "LocalizeTW": "謝謝大家幫忙…"
  },
  {
    "GroupId": 83306500110,
    "LocalizeTW": "（嗯嗯…）"
  },
  {
    "GroupId": 83306500110,
    "LocalizeTW": "（今天用這份樂譜練習…）"
  },
  {
    "GroupId": 83306600110,
    "LocalizeTW": "[…]"
  },
  {
    "GroupId": 83306600110,
    "LocalizeTW": "（最近來這裡的時光都很開心）"
  },
  {
    "GroupId": 83306700110,
    "LocalizeTW": "（今天的練習也很令人期待…）"
  },
  {
    "GroupId": 83306700110,
    "LocalizeTW": "[음표]"
  },
  {
    "GroupId": 83306800110,
    "LocalizeTW": "（把身體交付給旋律…）"
  },
  {
    "GroupId": 83306800110,
    "LocalizeTW": "（原來是這麼開心的事啊）"
  },
  {
    "GroupId": 83306900110,
    "LocalizeTW": "（不知道老師喜歡什麼樣的曲子？）"
  },
  {
    "GroupId": 83306900110,
    "LocalizeTW": "（之後要不要用MomoTalk問問看呢…）"
  },
  {
    "GroupId": 83399000000,
    "LocalizeTW": "[속상함]"
  },
  {
    "GroupId": 83399000001,
    "LocalizeTW": "[?]"
  },
  {
    "GroupId": 83399000002,
    "LocalizeTW": "[전구]"
  },
  {
    "GroupId": 83399000003,
    "LocalizeTW": "[음표]"
  },
  {
    "GroupId": 83399000004,
    "LocalizeTW": "[하트]"
  },
  {
    "GroupId": 83399000005,
    "LocalizeTW": "[!]"
  },
  {
    "GroupId": 83399000006,
    "LocalizeTW": "[…]"
  },
  {
    "GroupId": 83399000010,
    "LocalizeTW": "（還有事要做）"
  },
  {
    "GroupId": 83399000011,
    "LocalizeTW": "（不能去這個地方）"
  },
  {
    "GroupId": 83399000020,
    "LocalizeTW": "[음표]"
  },
  {
    "GroupId": 83399000021,
    "LocalizeTW": "[속상함]"
  },
  {
    "GroupId": 83399000022,
    "LocalizeTW": "[빠직]"
  },
  {
    "GroupId": 83399000023,
    "LocalizeTW": "[…]"
  },
  {
    "GroupId": 83399000024,
    "LocalizeTW": "[!]"
  },
  {
    "GroupId": 83399000025,
    "LocalizeTW": "[?]"
  },
  {
    "GroupId": 83399000026,
    "LocalizeTW": "[?!]"
  },
  {
    "GroupId": 83399000027,
    "LocalizeTW": "[전구]"
  },
  {
    "GroupId": 83399000028,
    "LocalizeTW": "[하트]"
  },
  {
    "GroupId": 83399000029,
    "LocalizeTW": "[땀]"
  },
  {
    "GroupId": 83399000030,
    "LocalizeTW": "[모모톡]"
  },
  {
    "GroupId": 83399000031,
    "LocalizeTW": "[전화]"
  },
  {
    "GroupId": 83399000032,
    "LocalizeTW": "[키워드]"
  },
  {
    "GroupId": 83399000033,
    "LocalizeTW": "[분실물]"
  },
  {
    "GroupId": 83399000034,
    "LocalizeTW": "[음표]"
  },
  {
    "GroupId": 83399000034,
    "LocalizeTW": "[하트]"
  },
  {
    "GroupId": 83399000035,
    "LocalizeTW": "[빠직]"
  },
  {
    "GroupId": 83399000035,
    "LocalizeTW": "[음표]"
  },
  {
    "GroupId": 83399000035,
    "LocalizeTW": "[땀]"
  },
  {
    "GroupId": 83399000036,
    "LocalizeTW": "[음표]"
  },
  {
    "GroupId": 83399000036,
    "LocalizeTW": "[속상함]"
  },
  {
    "GroupId": 83399000037,
    "LocalizeTW": "[전구]"
  },
  {
    "GroupId": 83399000037,
    "LocalizeTW": "[음표]"
  },
  {
    "GroupId": 1,
    "LocalizeTW": "다이얼로그 테스트. 페이즈 0. 타겟 0"
  },
  {
    "GroupId": 1,
    "LocalizeTW": "다이얼로그 테스트. 페이즈 1. 타겟 1"
  },
  {
    "GroupId": 1,
    "LocalizeTW": "다이얼로그 테스트. 페이즈 2. 타겟 2"
  },
  {
    "GroupId": 1,
    "LocalizeTW": "다이얼로그 테스트. 페이즈 3. 타겟 0"
  },
  {
    "GroupId": 1,
    "LocalizeTW": "다이얼로그 테스트. 페이즈 3. 타겟 1"
  },
  {
    "GroupId": 1,
    "LocalizeTW": "다이얼로그 테스트. 페이즈 3. 타겟 2"
  },
  {
    "GroupId": 1,
    "LocalizeTW": ""
  },
  {
    "GroupId": 1,
    "LocalizeTW": ""
  },
  {
    "GroupId": 1,
    "LocalizeTW": ""
  },
  {
    "GroupId": 1,
    "LocalizeTW": "다이얼로그 테스트 끝"
  },
  {
    "GroupId": 2,
    "LocalizeTW": "다이얼로그 테스트. 페이즈 0. 타겟 0"
  },
  {
    "GroupId": 2,
    "LocalizeTW": "다이얼로그 테스트. 페이즈 1. 타겟 1"
  },
  {
    "GroupId": 2,
    "LocalizeTW": "다이얼로그 테스트. 페이즈 2. 타겟 2"
  },
  {
    "GroupId": 2,
    "LocalizeTW": "다이얼로그 테스트. 페이즈 3. 타겟 0"
  },
  {
    "GroupId": 2,
    "LocalizeTW": "다이얼로그 테스트. 페이즈 3. 타겟 1"
  },
  {
    "GroupId": 2,
    "LocalizeTW": "다이얼로그 테스트. 페이즈 3. 타겟 2"
  },
  {
    "GroupId": 83399901,
    "LocalizeTW": ""
  },
  {
    "GroupId": 84300100110,
    "LocalizeTW": "希望會沒事…"
  },
  {
    "GroupId": 84300100110,
    "LocalizeTW": "嗯，感覺很好！"
  },
  {
    "GroupId": 84300100120,
    "LocalizeTW": "千年學園這裡…"
  },
  {
    "GroupId": 84300100120,
    "LocalizeTW": "確實。跟三一學園的感覺不一樣！"
  },
  {
    "GroupId": 84300100121,
    "LocalizeTW": "唔唔…"
  },
  {
    "GroupId": 84300100122,
    "LocalizeTW": "熱情歡迎的…氣氛？"
  },
  {
    "GroupId": 84300100130,
    "LocalizeTW": "他就是那個茶會的小姐嗎？"
  },
  {
    "GroupId": 84300100130,
    "LocalizeTW": "聽說他身體不好…\n沒問題嗎？"
  },
  {
    "GroupId": 84300100140,
    "LocalizeTW": "[!]"
  },
  {
    "GroupId": 84300100140,
    "LocalizeTW": "[땀]"
  },
  {
    "GroupId": 84300100150,
    "LocalizeTW": "[음표]"
  },
  {
    "GroupId": 84300100150,
    "LocalizeTW": "[속상함]"
  },
  {
    "GroupId": 84300100210,
    "LocalizeTW": "咦……老師呢？"
  },
  {
    "GroupId": 84300100210,
    "LocalizeTW": "……好像因為人太多而走散了。"
  },
  {
    "GroupId": 84300100210,
    "LocalizeTW": "先跟那些人搭話吧。"
  },
  {
    "GroupId": 84300100410,
    "LocalizeTW": "[?]"
  },
  {
    "GroupId": 84300100410,
    "LocalizeTW": "剛才那個人是……？"
  },
  {
    "GroupId": 84300100410,
    "LocalizeTW": "去確認一下吧。"
  },
  {
    "GroupId": 84300200110,
    "LocalizeTW": "（聽不太清楚，要是能再靠近一點…）"
  },
  {
    "GroupId": 84300200110,
    "LocalizeTW": "（有東西可以讓我藏身嗎？）"
  },
  {
    "GroupId": 84300200120,
    "LocalizeTW": "嗯…想創造出青史留名的發明物…"
  },
  {
    "GroupId": 84300200120,
    "LocalizeTW": "比如前衛君之類的？"
  },
  {
    "GroupId": 84300200130,
    "LocalizeTW": "嗯嗯，好深奧的雕像。"
  },
  {
    "GroupId": 84300200140,
    "LocalizeTW": "這個…果然很脆弱。"
  },
  {
    "GroupId": 84300200141,
    "LocalizeTW": "[땀]"
  },
  {
    "GroupId": 84300200141,
    "LocalizeTW": "這是在研究什麼啊？"
  },
  {
    "GroupId": 84300200150,
    "LocalizeTW": "……"
  },
  {
    "GroupId": 84300200150,
    "LocalizeTW": "……"
  },
  {
    "GroupId": 84300200210,
    "LocalizeTW": "（唔嗯……\n這個有點……）"
  },
  {
    "GroupId": 84300200210,
    "LocalizeTW": "（找找看其他的吧）"
  },
  {
    "GroupId": 84300200310,
    "LocalizeTW": "（有點不夠呢）"
  },
  {
    "GroupId": 84300200310,
    "LocalizeTW": "[전구]"
  },
  {
    "GroupId": 84300200310,
    "LocalizeTW": "（……那個的話應該就沒問題了）"
  },
  {
    "GroupId": 84300200410,
    "LocalizeTW": "（很好。這個應該就沒問題了）"
  },
  {
    "GroupId": 84300200410,
    "LocalizeTW": "（再靠近一點看看吧）"
  },
  {
    "GroupId": 84300300110,
    "LocalizeTW": "（這裡是……？）"
  },
  {
    "GroupId": 84300300110,
    "LocalizeTW": "（好像被用來當作藏身處）"
  },
  {
    "GroupId": 84300300120,
    "LocalizeTW": "[…]"
  },
  {
    "GroupId": 84300300120,
    "LocalizeTW": "呿，好像被捲進麻煩的事裡了。"
  },
  {
    "GroupId": 84300300310,
    "LocalizeTW": "千年博覽會的悲劇收場？"
  },
  {
    "GroupId": 84300300310,
    "LocalizeTW": "那些傢伙…野心還真大啊？"
  },
  {
    "GroupId": 84300300310,
    "LocalizeTW": "[…]"
  },
  {
    "GroupId": 84300300310,
    "LocalizeTW": "原來如此……"
  },
  {
    "GroupId": 84300300610,
    "LocalizeTW": "（為了自然地調查活動現場和周遭…）"
  },
  {
    "GroupId": 84300300610,
    "LocalizeTW": "（看來得先自然地融入隊伍）"
  },
  {
    "GroupId": 84300300620,
    "LocalizeTW": "這次的行動叫做「水桶行動」。"
  },
  {
    "GroupId": 84300300620,
    "LocalizeTW": "[땀]"
  },
  {
    "GroupId": 84301100110,
    "LocalizeTW": "（現在該去哪裡好呢？）"
  },
  {
    "GroupId": 84301100110,
    "LocalizeTW": "[…]"
  },
  {
    "GroupId": 84301100110,
    "LocalizeTW": "……直接問比較快吧。"
  },
  {
    "GroupId": 84301100120,
    "LocalizeTW": "真不容易呢。"
  },
  {
    "GroupId": 84301100120,
    "LocalizeTW": "唔嗯…心情有點微妙。"
  },
  {
    "GroupId": 84301100130,
    "LocalizeTW": "[속상함]"
  },
  {
    "GroupId": 84301100130,
    "LocalizeTW": "唔唔…要是預算又被砍的話…"
  },
  {
    "GroupId": 84301100140,
    "LocalizeTW": "咯咯…我想到了一個超棒的主意。"
  },
  {
    "GroupId": 84301100150,
    "LocalizeTW": "哦哦！超可愛的耶？"
  },
  {
    "GroupId": 84301100150,
    "LocalizeTW": "呵！千年滿滿都是可愛的機器人…"
  },
  {
    "GroupId": 84301100150,
    "LocalizeTW": "[하트]"
  },
  {
    "GroupId": 84301100160,
    "LocalizeTW": "[음표]"
  },
  {
    "GroupId": 84301100160,
    "LocalizeTW": "[전구]"
  },
  {
    "GroupId": 84301100160,
    "LocalizeTW": "[재잘]"
  },
  {
    "GroupId": 84301100170,
    "LocalizeTW": "[!]"
  },
  {
    "GroupId": 84301100170,
    "LocalizeTW": "[재잘]"
  },
  {
    "GroupId": 84301100170,
    "LocalizeTW": "[…]"
  },
  {
    "GroupId": 84301100180,
    "LocalizeTW": "[모모톡]"
  },
  {
    "GroupId": 84301100180,
    "LocalizeTW": "[속상함]"
  },
  {
    "GroupId": 84301100190,
    "LocalizeTW": "[재잘]"
  },
  {
    "GroupId": 84301100190,
    "LocalizeTW": "[음표]"
  },
  {
    "GroupId": 84301100190,
    "LocalizeTW": "[음표]"
  },
  {
    "GroupId": 84301100310,
    "LocalizeTW": "會有很多普通學生的地方……"
  },
  {
    "GroupId": 84301100310,
    "LocalizeTW": "……果然還是「教室」嗎？"
  },
  {
    "GroupId": 84301200110,
    "LocalizeTW": "（這裡就是千年的教室……）"
  },
  {
    "GroupId": 84301200110,
    "LocalizeTW": "（氣氛跟我們學園天差地遠呢）"
  },
  {
    "GroupId": 84301200120,
    "LocalizeTW": "不覺得比平常還要吵嗎？"
  },
  {
    "GroupId": 84301200130,
    "LocalizeTW": "社群網站有很多有趣的東西。"
  },
  {
    "GroupId": 84301200140,
    "LocalizeTW": "今天又會發生什麼事呢～"
  },
  {
    "GroupId": 84301200140,
    "LocalizeTW": "[땀]"
  },
  {
    "GroupId": 84301200140,
    "LocalizeTW": "根本上不了課……"
  },
  {
    "GroupId": 84301200150,
    "LocalizeTW": "我也去逛逛吧？"
  },
  {
    "GroupId": 84301200160,
    "LocalizeTW": "這裡看起來有很多可愛的東西。"
  },
  {
    "GroupId": 84301200160,
    "LocalizeTW": "能從大家身上感受到熱情……！"
  },
  {
    "GroupId": 84301200160,
    "LocalizeTW": "怎麼這麼快就累了呢……？因為低血糖？"
  },
  {
    "GroupId": 84301200160,
    "LocalizeTW": "這裡真讓人頭昏眼花。"
  },
  {
    "GroupId": 84301200210,
    "LocalizeTW": "博覽會期間可能會發生問題的地方？"
  },
  {
    "GroupId": 84301200210,
    "LocalizeTW": "感覺不只一個兩個……"
  },
  {
    "GroupId": 84301200210,
    "LocalizeTW": "（反應差不多呢）"
  },
  {
    "GroupId": 84301200310,
    "LocalizeTW": "不安的地方？"
  },
  {
    "GroupId": 84301200310,
    "LocalizeTW": "可能發生意外的地方……？"
  },
  {
    "GroupId": 84301200310,
    "LocalizeTW": "[…]"
  },
  {
    "GroupId": 84301200310,
    "LocalizeTW": "……整間學園都是吧？哈哈哈！"
  },
  {
    "GroupId": 84301200310,
    "LocalizeTW": "[땀]"
  },
  {
    "GroupId": 84301200310,
    "LocalizeTW": "原，原來如此……"
  },
  {
    "GroupId": 84301200390,
    "LocalizeTW": "（這樣根本沒完沒了）"
  },
  {
    "GroupId": 84301200390,
    "LocalizeTW": "（看來只能直接去找了……）"
  },
  {
    "GroupId": 84301300110,
    "LocalizeTW": "大家好像不是很驚訝…"
  },
  {
    "GroupId": 84301300110,
    "LocalizeTW": "看來這在千年稀鬆平常。"
  },
  {
    "GroupId": 84301300120,
    "LocalizeTW": "嚇我一跳……"
  },
  {
    "GroupId": 84301300120,
    "LocalizeTW": "居然是巨型機械鱷魚，SO HOT……！"
  },
  {
    "GroupId": 84301300120,
    "LocalizeTW": "這裡真是無奇不有。"
  },
  {
    "GroupId": 84301300120,
    "LocalizeTW": "這間學園真的沒問題嗎？"
  },
  {
    "GroupId": 84301300210,
    "LocalizeTW": "（工程師部啊……）"
  },
  {
    "GroupId": 84301300210,
    "LocalizeTW": "[…]"
  },
  {
    "GroupId": 84301300210,
    "LocalizeTW": "（希望是我杞人憂天…）"
  },
  {
    "GroupId": 84301300220,
    "LocalizeTW": "唉，居然犯了這種錯…"
  },
  {
    "GroupId": 84301300220,
    "LocalizeTW": "哈哈哈！我想親自看看。"
  },
  {
    "GroupId": 84301400110,
    "LocalizeTW": "啊哈哈哈！真有趣！"
  },
  {
    "GroupId": 84301400110,
    "LocalizeTW": "又闖了這種禍…"
  },
  {
    "GroupId": 84301400110,
    "LocalizeTW": "啊啊～就饒過我這次吧。"
  },
  {
    "GroupId": 84301400120,
    "LocalizeTW": "唔啊啊啊！不行！"
  },
  {
    "GroupId": 84301400120,
    "LocalizeTW": "前衛君Mk.387居然…！"
  },
  {
    "GroupId": 84301400120,
    "LocalizeTW": "[땀]"
  },
  {
    "GroupId": 84301400130,
    "LocalizeTW": "[전구]"
  },
  {
    "GroupId": 84301400130,
    "LocalizeTW": "[땀]"
  },
  {
    "GroupId": 84301400140,
    "LocalizeTW": "唔…工程師部那些傢伙每次都…"
  },
  {
    "GroupId": 84301400150,
    "LocalizeTW": "該死，既然看到了…！"
  },
  {
    "GroupId": 84301400310,
    "LocalizeTW": "（去前衛君那邊吧）"
  },
  {
    "GroupId": 84301400410,
    "LocalizeTW": "（……那是？）"
  },
  {
    "GroupId": 84301400410,
    "LocalizeTW": "（有什麼東西）"
  },
  {
    "GroupId": 84301400510,
    "LocalizeTW": "（好像是前衛君體內的機械）"
  },
  {
    "GroupId": 84301400510,
    "LocalizeTW": "（但我看不出來是什麼東西……）"
  },
  {
    "GroupId": 84301400520,
    "LocalizeTW": "（機器狗？）"
  },
  {
    "GroupId": 84301400520,
    "LocalizeTW": "（難道是……？）"
  },
  {
    "GroupId": 84301500110,
    "LocalizeTW": "……"
  },
  {
    "GroupId": 84301500310,
    "LocalizeTW": "（……變了？）"
  },
  {
    "GroupId": 84301500310,
    "LocalizeTW": "（我……變了嗎？）"
  },
  {
    "GroupId": 84302100110,
    "LocalizeTW": "……"
  },
  {
    "GroupId": 84302100310,
    "LocalizeTW": "這就是「保全鑰匙」嗎？"
  },
  {
    "GroupId": 84302100310,
    "LocalizeTW": "唔嗯……"
  },
  {
    "GroupId": 84302100410,
    "LocalizeTW": "是這個吧。看來準備都做好了……"
  },
  {
    "GroupId": 84302100410,
    "LocalizeTW": "差不多該去資料中心了。"
  },
  {
    "GroupId": 84302300110,
    "LocalizeTW": "不愧是C&C的隊長，行動力超強。"
  },
  {
    "GroupId": 84302300110,
    "LocalizeTW": "…你來晚了。"
  },
  {
    "GroupId": 84302300310,
    "LocalizeTW": "哈，還挺好玩的嘛。"
  },
  {
    "GroupId": 84302300310,
    "LocalizeTW": "雖然不知道那些傢伙是什麼來頭……"
  },
  {
    "GroupId": 84302300310,
    "LocalizeTW": "就來試試看吧。"
  },
  {
    "GroupId": 84302300320,
    "LocalizeTW": "……"
  },
  {
    "GroupId": 84302300320,
    "LocalizeTW": "可怕的陰謀正在醞釀…"
  },
  {
    "GroupId": 84303100110,
    "LocalizeTW": "[…]"
  },
  {
    "GroupId": 84303100110,
    "LocalizeTW": "莉央是對的。"
  },
  {
    "GroupId": 84303100110,
    "LocalizeTW": "我又犯下了相同的錯誤……"
  },
  {
    "GroupId": 84303100120,
    "LocalizeTW": "[!]"
  },
  {
    "GroupId": 84303100120,
    "LocalizeTW": "啊，在那邊！"
  },
  {
    "GroupId": 84303100130,
    "LocalizeTW": "要現在加派警衛嗎…"
  },
  {
    "GroupId": 84303100130,
    "LocalizeTW": "嗯，應該不會有事吧！"
  },
  {
    "GroupId": 84303100210,
    "LocalizeTW": "（居然才剛分開就突然聯絡）"
  },
  {
    "GroupId": 84303100210,
    "LocalizeTW": "（看來得先移動到安靜的地方了）"
  },
  {
    "GroupId": 84303200110,
    "LocalizeTW": "（這裡是遊戲開發部的部室……）"
  },
  {
    "GroupId": 84303200110,
    "LocalizeTW": "（感覺莫名安靜）"
  },
  {
    "GroupId": 84303200110,
    "LocalizeTW": "（先來…找找遊戲開發部的成員吧）"
  },
  {
    "GroupId": 84303200120,
    "LocalizeTW": "[음표]"
  },
  {
    "GroupId": 84303200120,
    "LocalizeTW": "會有好結果的！"
  },
  {
    "GroupId": 84303300110,
    "LocalizeTW": "（真是人山人海）"
  },
  {
    "GroupId": 84303300110,
    "LocalizeTW": "（…看來得先跟愛麗絲會合）"
  },
  {
    "GroupId": 84303300120,
    "LocalizeTW": "[음표]"
  },
  {
    "GroupId": 84303300120,
    "LocalizeTW": "我要趁機爭取更多的預算！"
  },
  {
    "GroupId": 84303300130,
    "LocalizeTW": "還請各位踴躍參與，盡情享受！"
  },
  {
    "GroupId": 84303300140,
    "LocalizeTW": "愛麗絲也非常期待！"
  },
  {
    "GroupId": 84303300150,
    "LocalizeTW": "[음표]"
  },
  {
    "GroupId": 84303300160,
    "LocalizeTW": "[전구]"
  },
  {
    "GroupId": 84303300170,
    "LocalizeTW": "[재잘]"
  },
  {
    "GroupId": 84303300170,
    "LocalizeTW": "[재잘]"
  },
  {
    "GroupId": 84303300185,
    "LocalizeTW": "可以在這裡體驗遊戲對吧？"
  },
  {
    "GroupId": 84303300185,
    "LocalizeTW": "嗯…有點不安…"
  },
  {
    "GroupId": 84303300185,
    "LocalizeTW": "[음표]"
  },
  {
    "GroupId": 84303300185,
    "LocalizeTW": "終於要推出大作了嗎？"
  },
  {
    "GroupId": 84303300185,
    "LocalizeTW": "[재잘]"
  },
  {
    "GroupId": 84303300185,
    "LocalizeTW": "[!]"
  },
  {
    "GroupId": 84303300185,
    "LocalizeTW": "好期待，好期待！"
  },
  {
    "GroupId": 84303300185,
    "LocalizeTW": "[하트]"
  },
  {
    "GroupId": 84303300210,
    "LocalizeTW": "[땀]"
  },
  {
    "GroupId": 84303300210,
    "LocalizeTW": "（這也可以稱作是……調查吧）"
  },
  {
    "GroupId": 84303300310,
    "LocalizeTW": "（外觀看起來很平凡……）"
  },
  {
    "GroupId": 84303300310,
    "LocalizeTW": "（但是莉央之所以那麼說，肯定有某些原因吧）"
  },
  {
    "GroupId": 84303300410,
    "LocalizeTW": "剛，剛才那是怎麼回事……？"
  },
  {
    "GroupId": 84303300410,
    "LocalizeTW": "這，這個……遊戲？"
  },
  {
    "GroupId": 84303300410,
    "LocalizeTW": "……不太對勁。"
  },
  {
    "GroupId": 84303300410,
    "LocalizeTW": "……看來得請教一下。"
  },
  {
    "GroupId": 84303300610,
    "LocalizeTW": "這才不是遊戲！"
  },
  {
    "GroupId": 84303300610,
    "LocalizeTW": "你說什麼？"
  },
  {
    "GroupId": 84303300620,
    "LocalizeTW": "[빠직]"
  },
  {
    "GroupId": 84303300620,
    "LocalizeTW": "[빠직]"
  },
  {
    "GroupId": 84303300630,
    "LocalizeTW": "這是我人生中最糟糕的遊戲…"
  },
  {
    "GroupId": 84303300630,
    "LocalizeTW": "你會不會說得太過分了？"
  },
  {
    "GroupId": 84303300640,
    "LocalizeTW": "唔啊啊，怎麼辦？"
  },
  {
    "GroupId": 84303300641,
    "LocalizeTW": "糟，糟了…該怎麼辦？"
  },
  {
    "GroupId": 84303300650,
    "LocalizeTW": "啊哇哇！發生了大危機！"
  },
  {
    "GroupId": 84303300710,
    "LocalizeTW": "各位先冷靜一點。"
  },
  {
    "GroupId": 84303300711,
    "LocalizeTW": "也請同學們住手。這是茶會的命令。"
  },
  {
    "GroupId": 84303300910,
    "LocalizeTW": "這股情緒顯然不正常。"
  },
  {
    "GroupId": 84303300910,
    "LocalizeTW": "先緩和一下再說吧。"
  },
  {
    "GroupId": 84303301010,
    "LocalizeTW": "（他一定可以分析這個遊戲吧）"
  },
  {
    "GroupId": 84303301010,
    "LocalizeTW": "（……該回去藏身處了）"
  },
  {
    "GroupId": 84303301045,
    "LocalizeTW": "這次我就忍耐一下。"
  },
  {
    "GroupId": 84303301045,
    "LocalizeTW": "……？？？\n那是我該說的話吧？"
  },
  {
    "GroupId": 84303301045,
    "LocalizeTW": "[…]"
  },
  {
    "GroupId": 84303301045,
    "LocalizeTW": "[속상함]"
  },
  {
    "GroupId": 84303301045,
    "LocalizeTW": "[속상함]"
  },
  {
    "GroupId": 84303301045,
    "LocalizeTW": "[빠직]"
  },
  {
    "GroupId": 84303301050,
    "LocalizeTW": "總，總算冷靜下來了…"
  },
  {
    "GroupId": 84303301050,
    "LocalizeTW": "真是太好了……"
  },
  {
    "GroupId": 84303301055,
    "LocalizeTW": "哈啊……差點就要出大事了。"
  },
  {
    "GroupId": 84303400110,
    "LocalizeTW": "唔嗯…"
  },
  {
    "GroupId": 84303400210,
    "LocalizeTW": "（從各方面來說，這個遊戲還真厲害）"
  },
  {
    "GroupId": 84303400210,
    "LocalizeTW": "（在莉央進一步分析遊戲的期間……）"
  },
  {
    "GroupId": 84303400210,
    "LocalizeTW": "（先等等吧）"
  },
  {
    "GroupId": 84304100110,
    "LocalizeTW": "唉……還是好不爽。"
  },
  {
    "GroupId": 84304100110,
    "LocalizeTW": "[…]"
  },
  {
    "GroupId": 84304100110,
    "LocalizeTW": "但工作還是得做啊。"
  },
  {
    "GroupId": 84304100120,
    "LocalizeTW": "這裡沒什麼人耶？"
  },
  {
    "GroupId": 84304100130,
    "LocalizeTW": "今天簡單做個上半身運動…"
  },
  {
    "GroupId": 84304100140,
    "LocalizeTW": "蓮實前輩，好厲害！"
  },
  {
    "GroupId": 84304100140,
    "LocalizeTW": "不要那樣盯著我看…"
  },
  {
    "GroupId": 84304100210,
    "LocalizeTW": "這裡看起來沒什麼可疑之處…"
  },
  {
    "GroupId": 84304100310,
    "LocalizeTW": "唔嗯，這裡看起來也沒問題。"
  },
  {
    "GroupId": 84304100310,
    "LocalizeTW": "怎麼辦…乾脆問問看吧？"
  },
  {
    "GroupId": 84304100610,
    "LocalizeTW": "肯定是那些傢伙。"
  },
  {
    "GroupId": 84304100610,
    "LocalizeTW": "好，這次我不會錯過的。"
  },
  {
    "GroupId": 84304100620,
    "LocalizeTW": "差，差點就出大事了…"
  },
  {
    "GroupId": 84304100620,
    "LocalizeTW": "[땀]"
  },
  {
    "GroupId": 84304200110,
    "LocalizeTW": "[속상함]"
  },
  {
    "GroupId": 84304200110,
    "LocalizeTW": "呃啊…居然又打已經挨揍的地方…"
  },
  {
    "GroupId": 84304200110,
    "LocalizeTW": "我，我什麼都不知道！"
  },
  {
    "GroupId": 84304300110,
    "LocalizeTW": "……"
  },
  {
    "GroupId": 84304300110,
    "LocalizeTW": "我本來還半信半疑的，原來真的有幕後黑手啊…"
  },
  {
    "GroupId": 84305100110,
    "LocalizeTW": "準備啊……"
  },
  {
    "GroupId": 84305100110,
    "LocalizeTW": "這次也帶上「那個」吧。"
  },
  {
    "GroupId": 84305100120,
    "LocalizeTW": "……"
  },
  {
    "GroupId": 84305100120,
    "LocalizeTW": "要是受傷就麻煩了。"
  },
  {
    "GroupId": 84305100120,
    "LocalizeTW": "必須做好萬全的準備。"
  },
  {
    "GroupId": 84305300110,
    "LocalizeTW": "[…]"
  },
  {
    "GroupId": 84305300130,
    "LocalizeTW": "現在不可以去那邊…！"
  },
  {
    "GroupId": 84305300180,
    "LocalizeTW": "[땀]"
  },
  {
    "GroupId": 84305300180,
    "LocalizeTW": "這，這是怎麼回事…"
  },
  {
    "GroupId": 84305300180,
    "LocalizeTW": "襲，襲擊？"
  },
  {
    "GroupId": 84305300180,
    "LocalizeTW": "那我們會怎樣？"
  },
  {
    "GroupId": 84305300180,
    "LocalizeTW": "還有尾款耶…！"
  },
  {
    "GroupId": 84305300210,
    "LocalizeTW": "稍等一下吧。"
  },
  {
    "GroupId": 84305300210,
    "LocalizeTW": "應該能看到很有趣的畫面。"
  },
  {
    "GroupId": 84305300210,
    "LocalizeTW": "現在…應該差不多了吧。"
  },
  {
    "GroupId": 84305400110,
    "LocalizeTW": "呼……"
  },
  {
    "GroupId": 84305400110,
    "LocalizeTW": "（真是漫長的一天）"
  },
  {
    "GroupId": 84305400110,
    "LocalizeTW": "（最後來整理一下情況吧）"
  },
  {
    "GroupId": 84305400120,
    "LocalizeTW": "[…]"
  },
  {
    "GroupId": 84305400120,
    "LocalizeTW": "[음표]"
  },
  {
    "GroupId": 84306100110,
    "LocalizeTW": "（沒想到這麼快就收到呼叫……）"
  },
  {
    "GroupId": 84306100110,
    "LocalizeTW": "（看來是找到了什麼吧）"
  },
  {
    "GroupId": 84306100120,
    "LocalizeTW": "[…]"
  },
  {
    "GroupId": 84306100120,
    "LocalizeTW": "你來啦。"
  },
  {
    "GroupId": 84306100510,
    "LocalizeTW": "[…]"
  },
  {
    "GroupId": 84306100510,
    "LocalizeTW": "展示品突然不見…"
  },
  {
    "GroupId": 84306100510,
    "LocalizeTW": "真擔心作者會不會在找它。"
  },
  {
    "GroupId": 84306100520,
    "LocalizeTW": "目前還沒有事要吩咐。"
  },
  {
    "GroupId": 84306100520,
    "LocalizeTW": "今天就先休息吧。"
  },
  {
    "GroupId": 84306100530,
    "LocalizeTW": "讓身高變高的技術？"
  },
  {
    "GroupId": 84306100530,
    "LocalizeTW": "…真是天才？怎麼解決穩定化問題的呢？"
  },
  {
    "GroupId": 84306100530,
    "LocalizeTW": "[속상함]"
  },
  {
    "GroupId": 84306100530,
    "LocalizeTW": "消失到哪裡去了呢？"
  },
  {
    "GroupId": 84306100530,
    "LocalizeTW": "那明明是我辛苦製作出來的東西…"
  },
  {
    "GroupId": 84306100550,
    "LocalizeTW": "那個部分我們目前也還……"
  },
  {
    "GroupId": 84306100550,
    "LocalizeTW": "沒辦法說明嗎？那一起調查看看吧！"
  },
  {
    "GroupId": 84306100560,
    "LocalizeTW": "響！這個部分我不太清楚…"
  },
  {
    "GroupId": 84306100560,
    "LocalizeTW": "那個部分是…"
  },
  {
    "GroupId": 84307100110,
    "LocalizeTW": "唉……事情怎麼這麼多？"
  },
  {
    "GroupId": 84307100110,
    "LocalizeTW": "喂，姐姐來了──"
  },
  {
    "GroupId": 84307100210,
    "LocalizeTW": "[…]"
  },
  {
    "GroupId": 84307100210,
    "LocalizeTW": "要隱密行動，明白了嗎？"
  },
  {
    "GroupId": 84307100410,
    "LocalizeTW": "[속상함]"
  },
  {
    "GroupId": 84307100410,
    "LocalizeTW": "隊長被橘頭髮抓走了…"
  },
  {
    "GroupId": 84307100410,
    "LocalizeTW": "我們現在該怎麼辦？"
  },
  {
    "GroupId": 84307100410,
    "LocalizeTW": "等等…重新選一個隊長不就好了？"
  },
  {
    "GroupId": 84307100410,
    "LocalizeTW": "[!]"
  },
  {
    "GroupId": 84307100410,
    "LocalizeTW": "哦！你是天才嗎？"
  },
  {
    "GroupId": 84307100590,
    "LocalizeTW": "[모모톡]"
  },
  {
    "GroupId": 84307100590,
    "LocalizeTW": "…明日奈？"
  },
  {
    "GroupId": 84308100110,
    "LocalizeTW": "你來啦。"
  },
  {
    "GroupId": 84308100110,
    "LocalizeTW": "唉…真是暈頭轉向的。"
  },
  {
    "GroupId": 84308100310,
    "LocalizeTW": "[…]"
  },
  {
    "GroupId": 84308100310,
    "LocalizeTW": "居然是遊戲開發部的偶發事件…"
  },
  {
    "GroupId": 84308100310,
    "LocalizeTW": "幸好不是嚴重的意外。"
  },
  {
    "GroupId": 84308100410,
    "LocalizeTW": "真是一次出色的行動。"
  },
  {
    "GroupId": 84308100410,
    "LocalizeTW": "今天就到此為止。辛苦了。"
  },
  {
    "GroupId": 84308100420,
    "LocalizeTW": "[빠직]"
  },
  {
    "GroupId": 84308100420,
    "LocalizeTW": "耶，耶嘿嘿…"
  },
  {
    "GroupId": 84308100420,
    "LocalizeTW": "一點都不好笑…！"
  },
  {
    "GroupId": 84308100420,
    "LocalizeTW": "愛麗絲成功更新了！"
  },
  {
    "GroupId": 84308100420,
    "LocalizeTW": "[땀]"
  },
  {
    "GroupId": 84309100110,
    "LocalizeTW": "你來啦？"
  },
  {
    "GroupId": 84309100110,
    "LocalizeTW": "[속상함]"
  },
  {
    "GroupId": 84309100310,
    "LocalizeTW": "呼，總算是順利收尾了。"
  },
  {
    "GroupId": 84309100310,
    "LocalizeTW": "研討會的各位……現在應該在睡覺吧？"
  },
  {
    "GroupId": 84309100410,
    "LocalizeTW": "忙著解決問題，天都亮了呢。"
  },
  {
    "GroupId": 84309100410,
    "LocalizeTW": "[…]"
  },
  {
    "GroupId": 84309100410,
    "LocalizeTW": "唔嗯…展示場應該沒出什麼問題吧？"
  },
  {
    "GroupId": 84309100420,
    "LocalizeTW": "今天就先休息吧。"
  },
  {
    "GroupId": 84309100420,
    "LocalizeTW": "嗯？已經結束了！？"
  },
  {
    "GroupId": 84309100430,
    "LocalizeTW": "[…]"
  },
  {
    "GroupId": 84309100430,
    "LocalizeTW": "嗯…？"
  },
  {
    "GroupId": 84309100430,
    "LocalizeTW": "怎麼好像跟昨天不太一樣…"
  },
  {
    "GroupId": 84309100440,
    "LocalizeTW": "嗯…沒有什麼好玩的嗎？"
  },
  {
    "GroupId": 84309100450,
    "LocalizeTW": "你去過遊戲開發部的攤位了嗎？"
  },
  {
    "GroupId": 84309100450,
    "LocalizeTW": "唔嗯…"
  },
  {
    "GroupId": 84309100460,
    "LocalizeTW": "呼啊～今天好閒哦。"
  },
  {
    "GroupId": 84309100460,
    "LocalizeTW": "姐姐！站好！"
  },
  {
    "GroupId": 84309100470,
    "LocalizeTW": "東西比想像中還少耶？"
  },
  {
    "GroupId": 84309100470,
    "LocalizeTW": "可能是因為危險，所以都清掉了吧。"
  },
  {
    "GroupId": 84309100470,
    "LocalizeTW": "[땀]"
  },
  {
    "GroupId": 84309100480,
    "LocalizeTW": "[음표]"
  },
  {
    "GroupId": 84310100110,
    "LocalizeTW": "[…]"
  },
  {
    "GroupId": 84310100110,
    "LocalizeTW": "[빠직]"
  },
  {
    "GroupId": 84310100210,
    "LocalizeTW": "雖然到是到了……"
  },
  {
    "GroupId": 84310100210,
    "LocalizeTW": "（該從哪邊開始參觀呢？）"
  },
  {
    "GroupId": 84310100210,
    "LocalizeTW": "……偶爾不做任何計畫也不錯吧。"
  },
  {
    "GroupId": 84310100220,
    "LocalizeTW": "已…已經撐不下去了…！"
  },
  {
    "GroupId": 84310100220,
    "LocalizeTW": "來來來，再做最後一個！"
  },
  {
    "GroupId": 84310100220,
    "LocalizeTW": "唔啊啊…乾脆殺了我吧…"
  },
  {
    "GroupId": 84310100260,
    "LocalizeTW": "[음표]"
  },
  {
    "GroupId": 84310100265,
    "LocalizeTW": "歡，歡迎光臨…"
  },
  {
    "GroupId": 84310100270,
    "LocalizeTW": "哦…原來如此。"
  },
  {
    "GroupId": 84310100280,
    "LocalizeTW": "[땀]"
  },
  {
    "GroupId": 84310100280,
    "LocalizeTW": "他們那個樣子多久了啊？"
  },
  {
    "GroupId": 84310100290,
    "LocalizeTW": "[속상함]"
  },
  {
    "GroupId": 84310100290,
    "LocalizeTW": "[속상함]"
  },
  {
    "GroupId": 84310100290,
    "LocalizeTW": "[속상함]"
  },
  {
    "GroupId": 84310100290,
    "LocalizeTW": "[속상함]"
  },
  {
    "GroupId": 84310100310,
    "LocalizeTW": "（這是什麼情況？）"
  },
  {
    "GroupId": 84310100310,
    "LocalizeTW": "（……體罰？不，這不太可能……）"
  },
  {
    "GroupId": 84310100310,
    "LocalizeTW": "（去問問看應該沒關係吧）"
  },
  {
    "GroupId": 84310100610,
    "LocalizeTW": "……得救了。"
  },
  {
    "GroupId": 84310100610,
    "LocalizeTW": "咦？我剛才…… "
  },
  {
    "GroupId": 84310100610,
    "LocalizeTW": "……是說「得救了」嗎？"
  },
  {
    "GroupId": 84310100620,
    "LocalizeTW": "蓮實部長…跑到哪去了？"
  },
  {
    "GroupId": 84310100650,
    "LocalizeTW": "唔唔…總算是逃走了…"
  },
  {
    "GroupId": 84310100650,
    "LocalizeTW": "那傢伙是惡魔…"
  },
  {
    "GroupId": 84310100710,
    "LocalizeTW": "…肯定吃了不少苦頭吧。"
  },
  {
    "GroupId": 84310100710,
    "LocalizeTW": "嘖嘖嘖…"
  },
  {
    "GroupId": 84311100110,
    "LocalizeTW": "嗯…"
  },
  {
    "GroupId": 84311100110,
    "LocalizeTW": "[속상함]"
  },
  {
    "GroupId": 84311100110,
    "LocalizeTW": "哈啊…"
  },
  {
    "GroupId": 84311100310,
    "LocalizeTW": "真的差點就完了。"
  },
  {
    "GroupId": 84311100310,
    "LocalizeTW": "這到底是怎麼回事？"
  },
  {
    "GroupId": 84311100310,
    "LocalizeTW": "……怎麼想都覺得很奇怪。"
  },
  {
    "GroupId": 84311100410,
    "LocalizeTW": "暫時還是小心一點比較好。"
  },
  {
    "GroupId": 84311100420,
    "LocalizeTW": "呼…今天難得玩得挺開心的。"
  },
  {
    "GroupId": 84311100430,
    "LocalizeTW": "真是到處都不得安寧啊。就連這裡也是。"
  },
  {
    "GroupId": 84311100430,
    "LocalizeTW": "從某個角度來說，比我們三一還……"
  },
  {
    "GroupId": 84311100440,
    "LocalizeTW": "優香前輩好像很生氣的樣子…"
  },
  {
    "GroupId": 84311100440,
    "LocalizeTW": "今天要小心一點。"
  },
  {
    "GroupId": 84311100450,
    "LocalizeTW": "[음표]"
  },
  {
    "GroupId": 84311100450,
    "LocalizeTW": "哼哼哼，既然如此…"
  },
  {
    "GroupId": 84312100110,
    "LocalizeTW": "（該從哪裡開始逛呢……）"
  },
  {
    "GroupId": 84312100110,
    "LocalizeTW": "……先到校園去吧。"
  },
  {
    "GroupId": 84312100120,
    "LocalizeTW": "[…]"
  },
  {
    "GroupId": 84312100210,
    "LocalizeTW": "嗯！今天運氣超好耶？"
  },
  {
    "GroupId": 84312100210,
    "LocalizeTW": "嗯…究竟是誰…"
  },
  {
    "GroupId": 84312100220,
    "LocalizeTW": "有沒有哪裡掉了硬幣…"
  },
  {
    "GroupId": 84312100230,
    "LocalizeTW": "[음표]"
  },
  {
    "GroupId": 84312100240,
    "LocalizeTW": "啊！我還要買禮物耶！"
  },
  {
    "GroupId": 84312100240,
    "LocalizeTW": "哈哈！怎麼現在才想起來啦！"
  },
  {
    "GroupId": 84312100250,
    "LocalizeTW": "唔嗯…科學之路好深奧啊…"
  },
  {
    "GroupId": 84312100260,
    "LocalizeTW": "唔…放到哪去了…"
  },
  {
    "GroupId": 84312100260,
    "LocalizeTW": "姐姐！東西用完要放回原位！"
  },
  {
    "GroupId": 84312100260,
    "LocalizeTW": "冷，冷靜下來仔細找找吧。"
  },
  {
    "GroupId": 84312100260,
    "LocalizeTW": "[음표]"
  },
  {
    "GroupId": 84312100310,
    "LocalizeTW": "變乾淨了是件好事。"
  },
  {
    "GroupId": 84312100310,
    "LocalizeTW": "（接著該去哪呢？）"
  },
  {
    "GroupId": 84312100310,
    "LocalizeTW": "（…遊戲開發部？）"
  },
  {
    "GroupId": 84312100510,
    "LocalizeTW": "[…]"
  },
  {
    "GroupId": 84312100510,
    "LocalizeTW": "那是……"
  },
  {
    "GroupId": 84312100610,
    "LocalizeTW": "挺開心的，遊戲也很好玩。"
  },
  {
    "GroupId": 84312100610,
    "LocalizeTW": "接下來…"
  },
  {
    "GroupId": 84312100610,
    "LocalizeTW": "去一趟工程師部吧。"
  },
  {
    "GroupId": 84312100710,
    "LocalizeTW": "嗚嗚…本來能贏的說…"
  },
  {
    "GroupId": 84312100710,
    "LocalizeTW": "真可惜…誰叫姐姐太衝動了。"
  },
  {
    "GroupId": 84312100710,
    "LocalizeTW": "[땀]"
  },
  {
    "GroupId": 84312100710,
    "LocalizeTW": "愛麗絲也想成為匠人！"
  },
  {
    "GroupId": 84312100910,
    "LocalizeTW": "（原來讓我感到不對勁的就是這個）"
  },
  {
    "GroupId": 84312100910,
    "LocalizeTW": "（抓不住的機械鱷魚……）"
  },
  {
    "GroupId": 84312100910,
    "LocalizeTW": "（得快點告訴莉央）"
  },
  {
    "GroupId": 84312101210,
    "LocalizeTW": "真是出色的支援啊，莉央。"
  },
  {
    "GroupId": 84312101210,
    "LocalizeTW": "[…]"
  },
  {
    "GroupId": 84312101210,
    "LocalizeTW": "……有點安靜呢。"
  },
  {
    "GroupId": 84312101310,
    "LocalizeTW": "嘖…是誰害我這麼辛苦的。"
  },
  {
    "GroupId": 84312101320,
    "LocalizeTW": "看來攻擊功能有點…"
  },
  {
    "GroupId": 84312101320,
    "LocalizeTW": "我也是這麼想的。"
  },
  {
    "GroupId": 84312101320,
    "LocalizeTW": "[전구]"
  },
  {
    "GroupId": 84312101330,
    "LocalizeTW": "又在一起密謀什麼事了…"
  },
  {
    "GroupId": 84312101340,
    "LocalizeTW": "[음표]"
  },
  {
    "GroupId": 84312101350,
    "LocalizeTW": "這就是那個有名的前衛君…？"
  },
  {
    "GroupId": 84312101350,
    "LocalizeTW": "[…]"
  },
  {
    "GroupId": 84312101350,
    "LocalizeTW": "和我聽到的好像不一樣…"
  },
  {
    "GroupId": 84312101360,
    "LocalizeTW": "要交換MomoTalk嗎？"
  },
  {
    "GroupId": 84312101360,
    "LocalizeTW": "好呀！"
  },
  {
    "GroupId": 84312101370,
    "LocalizeTW": "[하트]"
  },
  {
    "GroupId": 84312101370,
    "LocalizeTW": "我會想你的…"
  },
  {
    "GroupId": 84312101370,
    "LocalizeTW": "[땀]"
  },
  {
    "GroupId": 84312101370,
    "LocalizeTW": "嗯…我也是。"
  },
  {
    "GroupId": 84312101380,
    "LocalizeTW": "怎麼了？有什麼話要說嗎？"
  },
  {
    "GroupId": 84312101380,
    "LocalizeTW": "啊，不，那個……"
  },
  {
    "GroupId": 84312101390,
    "LocalizeTW": "謝謝你的情報！"
  },
  {
    "GroupId": 84312101390,
    "LocalizeTW": "我才要感謝你！"
  },
  {
    "GroupId": 84399000001,
    "LocalizeTW": "[음표]"
  },
  {
    "GroupId": 84399000002,
    "LocalizeTW": "[속상함]"
  },
  {
    "GroupId": 84399000003,
    "LocalizeTW": "[빠직]"
  },
  {
    "GroupId": 84399000004,
    "LocalizeTW": "[…]"
  },
  {
    "GroupId": 84399000005,
    "LocalizeTW": "[!]"
  },
  {
    "GroupId": 84399000006,
    "LocalizeTW": "[…]"
  },
  {
    "GroupId": 84399000007,
    "LocalizeTW": "[?!]"
  },
  {
    "GroupId": 84399000008,
    "LocalizeTW": "[전구]"
  },
  {
    "GroupId": 84399000009,
    "LocalizeTW": "[하트]"
  },
  {
    "GroupId": 84399000010,
    "LocalizeTW": "[땀]"
  },
  {
    "GroupId": 84399000011,
    "LocalizeTW": "[모모톡]"
  },
  {
    "GroupId": 84399000012,
    "LocalizeTW": "[전화]"
  },
  {
    "GroupId": 84399000013,
    "LocalizeTW": "[키워드]"
  },
  {
    "GroupId": 84399000014,
    "LocalizeTW": "[분실물]"
  },
  {
    "GroupId": 84399000015,
    "LocalizeTW": "[재잘]"
  },
  {
    "GroupId": 84399000016,
    "LocalizeTW": "[재잘]"
  },
  {
    "GroupId": 84399000016,
    "LocalizeTW": "[재잘]"
  },
  {
    "GroupId": 83399000017,
    "LocalizeTW": "[하트]"
  },
  {
    "GroupId": 83399000017,
    "LocalizeTW": "[재잘]"
  },
  {
    "GroupId": 83399000017,
    "LocalizeTW": "[땀]"
  },
  {
    "GroupId": 84399000018,
    "LocalizeTW": "[!]"
  },
  {
    "GroupId": 84399000018,
    "LocalizeTW": "[땀]"
  },
  {
    "GroupId": 84399000019,
    "LocalizeTW": "[음표]"
  },
  {
    "GroupId": 84399000019,
    "LocalizeTW": "[…]"
  },
  {
    "GroupId": 84399000019,
    "LocalizeTW": "[전구]"
  },
  {
    "GroupId": 84399000019,
    "LocalizeTW": "[재잘]"
  },
  {
    "GroupId": 84399000019,
    "LocalizeTW": "[땀]"
  },
  {
    "GroupId": 84399000019,
    "LocalizeTW": "[재잘]"
  },
  {
    "GroupId": 84399000020,
    "LocalizeTW": "（現在有其他事要辦吧）"
  },
  {
    "GroupId": 84399000021,
    "LocalizeTW": "[재잘]"
  },
  {
    "GroupId": 84399000021,
    "LocalizeTW": "[땀]"
  },
  {
    "GroupId": 84399000022,
    "LocalizeTW": "[음표]"
  },
  {
    "GroupId": 84399000022,
    "LocalizeTW": "[재잘]"
  },
  {
    "GroupId": 84399000023,
    "LocalizeTW": "[…]"
  },
  {
    "GroupId": 84399000023,
    "LocalizeTW": "[?!]"
  },
  {
    "GroupId": 84399000024,
    "LocalizeTW": "[…]"
  },
  {
    "GroupId": 84399000024,
    "LocalizeTW": "[…]"
  },
  {
    "GroupId": 84399000025,
    "LocalizeTW": "[음표]"
  },
  {
    "GroupId": 84399000025,
    "LocalizeTW": "[빠직]"
  },
  {
    "GroupId": 84399000025,
    "LocalizeTW": "[하트]"
  },
  {
    "GroupId": 84399000025,
    "LocalizeTW": "[하트]"
  },
  {
    "GroupId": 84399000025,
    "LocalizeTW": "[하트]"
  },
  {
    "GroupId": 84399000026,
    "LocalizeTW": "[음표]"
  },
  {
    "GroupId": 84399000026,
    "LocalizeTW": "[빠직]"
  },
  {
    "GroupId": 84399000026,
    "LocalizeTW": "[땀]"
  },
  {
    "GroupId": 84399000026,
    "LocalizeTW": "[재잘]"
  },
  {
    "GroupId": 84399000027,
    "LocalizeTW": "[속상함]"
  },
  {
    "GroupId": 84399000027,
    "LocalizeTW": "[…]"
  },
  {
    "GroupId": 84399000028,
    "LocalizeTW": "[재잘]"
  },
  {
    "GroupId": 84399000028,
    "LocalizeTW": "[재잘]"
  },
  {
    "GroupId": 84399000028,
    "LocalizeTW": "[재잘]"
  },
  {
    "GroupId": 84399000028,
    "LocalizeTW": "[전구]"
  },
  {
    "GroupId": 84399000028,
    "LocalizeTW": "[재잘]"
  },
  {
    "GroupId": 84399000028,
    "LocalizeTW": "[재잘]"
  },
  {
    "GroupId": 84399000028,
    "LocalizeTW": "[재잘]"
  },
  {
    "GroupId": 84399000028,
    "LocalizeTW": "[…]"
  },
  {
    "GroupId": 84399000028,
    "LocalizeTW": "[재잘]"
  },
  {
    "GroupId": 84399000028,
    "LocalizeTW": "[재잘]"
  },
  {
    "GroupId": 84399000028,
    "LocalizeTW": "[재잘]"
  },
  {
    "GroupId": 84399000028,
    "LocalizeTW": "[재잘]"
  },
  {
    "GroupId": 84399000028,
    "LocalizeTW": "[재잘]"
  },
  {
    "GroupId": 84399000028,
    "LocalizeTW": "[재잘]"
  },
  {
    "GroupId": 84399000028,
    "LocalizeTW": "[재잘]"
  },
  {
    "GroupId": 84399000028,
    "LocalizeTW": "[…]"
  },
  {
    "GroupId": 84399000028,
    "LocalizeTW": "[재잘]"
  },
  {
    "GroupId": 84399000028,
    "LocalizeTW": "[재잘]"
  },
  {
    "GroupId": 84399000029,
    "LocalizeTW": "[재잘]"
  },
  {
    "GroupId": 84399000029,
    "LocalizeTW": "[음표]"
  },
  {
    "GroupId": 84399000029,
    "LocalizeTW": "[하트]"
  },
  {
    "GroupId": 84399000029,
    "LocalizeTW": "[…]"
  },
  {
    "GroupId": 84399000029,
    "LocalizeTW": "[땀]"
  },
  {
    "GroupId": 84399000030,
    "LocalizeTW": "[땀]"
  },
  {
    "GroupId": 84399000030,
    "LocalizeTW": "[재잘]"
  },
  {
    "GroupId": 84399000030,
    "LocalizeTW": "[재잘]"
  },
  {
    "GroupId": 84399000031,
    "LocalizeTW": "[땀]"
  },
  {
    "GroupId": 84399000031,
    "LocalizeTW": "[…]"
  },
  {
    "GroupId": 84399000031,
    "LocalizeTW": "[전구]"
  },
  {
    "GroupId": 84399000031,
    "LocalizeTW": "[모모톡]"
  },
  {
    "GroupId": 84399000031,
    "LocalizeTW": "[!]"
  },
  {
    "GroupId": 84399000031,
    "LocalizeTW": "[재잘]"
  },
  {
    "GroupId": 84399000031,
    "LocalizeTW": "[모모톡]"
  },
  {
    "GroupId": 84399000031,
    "LocalizeTW": "[음표]"
  },
  {
    "GroupId": 84399000031,
    "LocalizeTW": "[재잘]"
  },
  {
    "GroupId": 84399000031,
    "LocalizeTW": "[재잘]"
  },
  {
    "GroupId": 84399000032,
    "LocalizeTW": "[모모톡]"
  },
  {
    "GroupId": 84399000032,
    "LocalizeTW": "[모모톡]"
  },
  {
    "GroupId": 84399000032,
    "LocalizeTW": "[모모톡]"
  },
  {
    "GroupId": 84399000032,
    "LocalizeTW": "[모모톡]"
  },
  {
    "GroupId": 84399000032,
    "LocalizeTW": "[모모톡]"
  },
  {
    "GroupId": 84399000032,
    "LocalizeTW": "[모모톡]"
  },
  {
    "GroupId": 84399000032,
    "LocalizeTW": "[모모톡]"
  },
  {
    "GroupId": 84399000032,
    "LocalizeTW": "[모모톡]"
  },
  {
    "GroupId": 84399000032,
    "LocalizeTW": "[모모톡]"
  },
  {
    "GroupId": 84399000032,
    "LocalizeTW": "[땀]"
  },
  {
    "GroupId": 84399000033,
    "LocalizeTW": "[재잘]"
  },
  {
    "GroupId": 84399000033,
    "LocalizeTW": "[…]"
  },
  {
    "GroupId": 84399000033,
    "LocalizeTW": "[재잘]"
  },
  {
    "GroupId": 84399000034,
    "LocalizeTW": "[…]"
  },
  {
    "GroupId": 84399000034,
    "LocalizeTW": "[…]"
  },
  {
    "GroupId": 84399000035,
    "LocalizeTW": "[?!]"
  },
  {
    "GroupId": 84399000035,
    "LocalizeTW": "[음표]"
  },
  {
    "GroupId": 84399000036,
    "LocalizeTW": "[…]"
  },
  {
    "GroupId": 84399000036,
    "LocalizeTW": "[음표]"
  }
]