[
    {
        "CharacterName": 2746145574
    },
    {
        "CharacterName": 2423791502
    },
    {
        "CharacterName": 4200835236
    },
    {
        "CharacterName": 1007191014
    },
    {
        "CharacterName": 3077082557
    },
    {
        "CharacterName": 441802792
    },
    {
        "CharacterName": 3100860019
    },
    {
        "CharacterName": 3571276574
    },
    {
        "CharacterName": 1900404436
    },
    {
        "CharacterName": 1962462585
    },
    {
        "CharacterName": 667578093
    },
    {
        "CharacterName": 912463881
    },
    {
        "CharacterName": 1034441153
    },
    {
        "CharacterName": 145393682
    },
    {
        "CharacterName": 703456608
    },
    {
        "CharacterName": 4026532221
    },
    {
        "CharacterName": 2071829941
    },
    {
        "CharacterName": 2134224785
    },
    {
        "CharacterName": 792267831
    },
    {
        "CharacterName": 1867911819
    },
    {
        "CharacterName": 3989671822
    },
    {
        "CharacterName": 2605947624
    },
    {
        "CharacterName": 1596498697
    },
    {
        "CharacterName": 411960130
    },
    {
        "CharacterName": 1296162541
    },
    {
        "CharacterName": 519823036
    },
    {
        "CharacterName": 2554261549
    },
    {
        "CharacterName": 2649124164
    },
    {
        "CharacterName": 3974539255
    },
    {
        "CharacterName": 532452930
    },
    {
        "CharacterName": 1513292125
    },
    {
        "CharacterName": 1089369137
    },
    {
        "CharacterName": 3278611304
    },
    {
        "CharacterName": 2327590532
    },
    {
        "CharacterName": 85542774
    },
    {
        "CharacterName": 1225544555
    },
    {
        "CharacterName": 472527041
    },
    {
        "CharacterName": 3364820627
    },
    {
        "CharacterName": 3772387302
    },
    {
        "CharacterName": 3545855058
    },
    {
        "CharacterName": 2271270368
    },
    {
        "CharacterName": 2615847832
    },
    {
        "CharacterName": 1788051899
    },
    {
        "CharacterName": 3373188500
    },
    {
        "CharacterName": 3362812996
    },
    {
        "CharacterName": 2510891413
    },
    {
        "CharacterName": 308213562
    },
    {
        "CharacterName": 3178657986
    },
    {
        "CharacterName": 1491222734
    },
    {
        "CharacterName": 3660500344
    },
    {
        "CharacterName": 4079356321
    },
    {
        "CharacterName": 1872351598
    },
    {
        "CharacterName": 3875680886
    },
    {
        "CharacterName": 4220213473
    },
    {
        "CharacterName": 3431605305
    },
    {
        "CharacterName": 4099878918
    },
    {
        "CharacterName": 854856486
    },
    {
        "CharacterName": 1248515008
    },
    {
        "CharacterName": 1000412715
    },
    {
        "CharacterName": 1439131314
    },
    {
        "CharacterName": 1191856242
    },
    {
        "CharacterName": 397246838
    },
    {
        "CharacterName": 2233358545
    },
    {
        "CharacterName": 1411364443
    },
    {
        "CharacterName": 4220116446
    },
    {
        "CharacterName": 962869655
    },
    {
        "CharacterName": 132712855
    },
    {
        "CharacterName": 1462847513
    },
    {
        "CharacterName": 2171824771
    },
    {
        "CharacterName": 158848695
    },
    {
        "CharacterName": 2138799070
    },
    {
        "CharacterName": 3428376490
    },
    {
        "CharacterName": 1995116401
    },
    {
        "CharacterName": 1186588973
    },
    {
        "CharacterName": 2818986153
    },
    {
        "CharacterName": 4283125014
    },
    {
        "CharacterName": 3276001706
    },
    {
        "CharacterName": 3212921642
    },
    {
        "CharacterName": 1185701049
    },
    {
        "CharacterName": 3176393215
    },
    {
        "CharacterName": 121193308
    },
    {
        "CharacterName": 1111474507
    },
    {
        "CharacterName": 2798181487
    },
    {
        "CharacterName": 2716904779
    },
    {
        "CharacterName": 664677038
    },
    {
        "CharacterName": 3353674757
    },
    {
        "CharacterName": 3797093869
    },
    {
        "CharacterName": 1414477782
    },
    {
        "CharacterName": 2387413292
    },
    {
        "CharacterName": 484846910
    },
    {
        "CharacterName": 2310197346
    },
    {
        "CharacterName": 3624719104
    },
    {
        "CharacterName": 816327754
    },
    {
        "CharacterName": 3547774959
    },
    {
        "CharacterName": 4017250225
    },
    {
        "CharacterName": 2469041162
    },
    {
        "CharacterName": 3634005048
    },
    {
        "CharacterName": 2422553686
    },
    {
        "CharacterName": 2465299568
    },
    {
        "CharacterName": 1881716009
    },
    {
        "CharacterName": 2583993424
    },
    {
        "CharacterName": 3486651750
    },
    {
        "CharacterName": 3102434916
    },
    {
        "CharacterName": 1994093906
    },
    {
        "CharacterName": 1085433943
    },
    {
        "CharacterName": 3561930684
    },
    {
        "CharacterName": 2402650919
    },
    {
        "CharacterName": 1557377981
    },
    {
        "CharacterName": 3925286920
    },
    {
        "CharacterName": 2806697779
    },
    {
        "CharacterName": 40371815
    },
    {
        "CharacterName": 4002563878
    },
    {
        "CharacterName": 2032210685
    },
    {
        "CharacterName": 226401008
    },
    {
        "CharacterName": 2120652560
    },
    {
        "CharacterName": 2267508127
    },
    {
        "CharacterName": 3379224185
    },
    {
        "CharacterName": 3983011292
    },
    {
        "CharacterName": 2543925860
    },
    {
        "CharacterName": 1975206681
    },
    {
        "CharacterName": 2331895039
    },
    {
        "CharacterName": 2744075755
    },
    {
        "CharacterName": 3674336439
    },
    {
        "CharacterName": 89289540
    },
    {
        "CharacterName": 847480881
    },
    {
        "CharacterName": 3111339895
    },
    {
        "CharacterName": 304661455
    },
    {
        "CharacterName": 3969660334
    },
    {
        "CharacterName": 2347678215
    },
    {
        "CharacterName": 1385946147
    },
    {
        "CharacterName": 536071408
    },
    {
        "CharacterName": 1222416226
    },
    {
        "CharacterName": 2703127492
    },
    {
        "CharacterName": 1711341208
    },
    {
        "CharacterName": 3588973751
    },
    {
        "CharacterName": 3811831299
    },
    {
        "CharacterName": 458817944
    },
    {
        "CharacterName": 4143878150
    },
    {
        "CharacterName": 209092827
    },
    {
        "CharacterName": 380084669
    },
    {
        "CharacterName": 2519660048
    },
    {
        "CharacterName": 3673103316
    },
    {
        "CharacterName": 104582896
    },
    {
        "CharacterName": 3000195040
    },
    {
        "CharacterName": 1315889242
    },
    {
        "CharacterName": 3775443156
    },
    {
        "CharacterName": 3909904060
    },
    {
        "CharacterName": 492532290
    },
    {
        "CharacterName": 3417615610
    },
    {
        "CharacterName": 1053645873
    },
    {
        "CharacterName": 2277036199
    },
    {
        "CharacterName": 2641697758
    },
    {
        "CharacterName": 3029122410
    },
    {
        "CharacterName": 2250473275
    },
    {
        "CharacterName": 2117232949
    },
    {
        "CharacterName": 4046999116
    },
    {
        "CharacterName": 2572989827
    },
    {
        "CharacterName": 290680284
    },
    {
        "CharacterName": 3462715162
    },
    {
        "CharacterName": 109212402
    },
    {
        "CharacterName": 2306315186
    },
    {
        "CharacterName": 2758782910
    },
    {
        "CharacterName": 1690033279
    },
    {
        "CharacterName": 1636659043
    },
    {
        "CharacterName": 2633852838
    },
    {
        "CharacterName": 2060660818
    },
    {
        "CharacterName": 701276811
    },
    {
        "CharacterName": 2521467177
    },
    {
        "CharacterName": 2410586137
    },
    {
        "CharacterName": 3646907925
    },
    {
        "CharacterName": 574193181
    },
    {
        "CharacterName": 4256971852
    },
    {
        "CharacterName": 541729462
    },
    {
        "CharacterName": 1731015540
    },
    {
        "CharacterName": 1475637469
    },
    {
        "CharacterName": 101055238
    },
    {
        "CharacterName": 2014938669
    },
    {
        "CharacterName": 2459896114
    },
    {
        "CharacterName": 443454107
    },
    {
        "CharacterName": 2553680905
    },
    {
        "CharacterName": 3148374450
    },
    {
        "CharacterName": 2000040965
    },
    {
        "CharacterName": 478134288
    },
    {
        "CharacterName": 3532705490
    },
    {
        "CharacterName": 1077494182
    },
    {
        "CharacterName": 684804264
    },
    {
        "CharacterName": 3193063771
    },
    {
        "CharacterName": 4057172687
    },
    {
        "CharacterName": 2916107595
    },
    {
        "CharacterName": 628227465
    },
    {
        "CharacterName": 1177133903
    },
    {
        "CharacterName": 3360602210
    },
    {
        "CharacterName": 3100916003
    },
    {
        "CharacterName": 2398205871
    },
    {
        "CharacterName": 3506202931
    },
    {
        "CharacterName": 677446541
    },
    {
        "CharacterName": 3360941682
    },
    {
        "CharacterName": 2987562145
    },
    {
        "CharacterName": 3616768647
    },
    {
        "CharacterName": 4154157379
    },
    {
        "CharacterName": 936093108
    },
    {
        "CharacterName": 1606070092
    },
    {
        "CharacterName": 2408476649
    },
    {
        "CharacterName": 2801556242
    },
    {
        "CharacterName": 1989739552
    },
    {
        "CharacterName": 1852961561
    },
    {
        "CharacterName": 543258345
    },
    {
        "CharacterName": 2134514859
    },
    {
        "CharacterName": 969048739
    },
    {
        "CharacterName": 4122208600
    },
    {
        "CharacterName": 1792644309
    },
    {
        "CharacterName": 47060441
    },
    {
        "CharacterName": 1956934784
    },
    {
        "CharacterName": 4055029804
    },
    {
        "CharacterName": 1118637135
    },
    {
        "CharacterName": 1389940100
    },
    {
        "CharacterName": 2414303856
    },
    {
        "CharacterName": 2084321830
    },
    {
        "CharacterName": 1158828324
    },
    {
        "CharacterName": 2617723368
    },
    {
        "CharacterName": 3293045683
    },
    {
        "CharacterName": 513270548
    },
    {
        "CharacterName": 1636054211
    },
    {
        "CharacterName": 117237319
    },
    {
        "CharacterName": 1516663282
    },
    {
        "CharacterName": 1676545428
    },
    {
        "CharacterName": 2678297234
    },
    {
        "CharacterName": 1494144453
    },
    {
        "CharacterName": 2317576453
    },
    {
        "CharacterName": 3286825047
    },
    {
        "CharacterName": 4245137046
    },
    {
        "CharacterName": 3580762306
    },
    {
        "CharacterName": 2626181620
    },
    {
        "CharacterName": 1919621934
    },
    {
        "CharacterName": 3212668255
    },
    {
        "CharacterName": 303356207
    },
    {
        "CharacterName": 2242976380
    },
    {
        "CharacterName": 2005790221
    },
    {
        "CharacterName": 737852538
    },
    {
        "CharacterName": 2289183874
    },
    {
        "CharacterName": 3429880514
    },
    {
        "CharacterName": 1137170627
    },
    {
        "CharacterName": 3190826042
    },
    {
        "CharacterName": 4179367264
    },
    {
        "CharacterName": 3715128518
    },
    {
        "CharacterName": 1825039388
    },
    {
        "CharacterName": 1176388007
    },
    {
        "CharacterName": 1079235561
    },
    {
        "CharacterName": 3365614683
    },
    {
        "CharacterName": 3397398911
    },
    {
        "CharacterName": 1878016674
    },
    {
        "CharacterName": 3021351574
    },
    {
        "CharacterName": 2776394221
    },
    {
        "CharacterName": 1441373779
    },
    {
        "CharacterName": 3617431173
    },
    {
        "CharacterName": 3679606117
    },
    {
        "CharacterName": 3341434855
    },
    {
        "CharacterName": 3512917451
    },
    {
        "CharacterName": 820876408
    },
    {
        "CharacterName": 225226469
    },
    {
        "CharacterName": 1965189532
    },
    {
        "CharacterName": 3024826487
    },
    {
        "CharacterName": 2825779047
    },
    {
        "CharacterName": 3147377226
    },
    {
        "CharacterName": 459377345
    },
    {
        "CharacterName": 444438064
    },
    {
        "CharacterName": 2210740739
    },
    {
        "CharacterName": 196552659
    },
    {
        "CharacterName": 3875712804
    },
    {
        "CharacterName": 1949088990
    },
    {
        "CharacterName": 3674317250
    },
    {
        "CharacterName": 1042370340
    },
    {
        "CharacterName": 3718064093
    },
    {
        "CharacterName": 856830142
    },
    {
        "CharacterName": 1785972052
    },
    {
        "CharacterName": 954095842
    },
    {
        "CharacterName": 527926600
    },
    {
        "CharacterName": 2559800286
    },
    {
        "CharacterName": 336116453
    },
    {
        "CharacterName": 1798828068
    },
    {
        "CharacterName": 515360272
    },
    {
        "CharacterName": 2402114615
    },
    {
        "CharacterName": 3612035373
    },
    {
        "CharacterName": 424964860
    },
    {
        "CharacterName": 1890215770
    },
    {
        "CharacterName": 4025264584
    },
    {
        "CharacterName": 2842084716
    },
    {
        "CharacterName": 1802830254
    },
    {
        "CharacterName": 528285904
    },
    {
        "CharacterName": 872546226
    },
    {
        "CharacterName": 1196971520
    },
    {
        "CharacterName": 1248879164
    },
    {
        "CharacterName": 539615731
    },
    {
        "CharacterName": 1880901122
    },
    {
        "CharacterName": 916106262
    },
    {
        "CharacterName": 3551164613
    },
    {
        "CharacterName": 537036946
    },
    {
        "CharacterName": 3746118947
    },
    {
        "CharacterName": 3014991087
    },
    {
        "CharacterName": 1419259347
    },
    {
        "CharacterName": 1361284784
    },
    {
        "CharacterName": 2523173195
    },
    {
        "CharacterName": 2132638379
    },
    {
        "CharacterName": 4260922782
    },
    {
        "CharacterName": 1331930213
    },
    {
        "CharacterName": 2122412815
    },
    {
        "CharacterName": 1035160737
    },
    {
        "CharacterName": 3192278387
    },
    {
        "CharacterName": 3271940207
    },
    {
        "CharacterName": 2981180634
    },
    {
        "CharacterName": 152194392
    },
    {
        "CharacterName": 899617638
    },
    {
        "CharacterName": 1938388910
    },
    {
        "CharacterName": 287753455
    },
    {
        "CharacterName": 2847236953
    },
    {
        "CharacterName": 1776023279
    },
    {
        "CharacterName": 2913011397
    },
    {
        "CharacterName": 1466868354
    },
    {
        "CharacterName": 1871351479
    },
    {
        "CharacterName": 3235961943
    },
    {
        "CharacterName": 1449794728
    },
    {
        "CharacterName": 103004059
    },
    {
        "CharacterName": 986816205
    },
    {
        "CharacterName": 1082722017
    },
    {
        "CharacterName": 901123296
    },
    {
        "CharacterName": 2790180731
    },
    {
        "CharacterName": 1553375257
    },
    {
        "CharacterName": 14735977
    },
    {
        "CharacterName": 472541981
    },
    {
        "CharacterName": 1024869994
    },
    {
        "CharacterName": 4149915036
    },
    {
        "CharacterName": 1443977102
    },
    {
        "CharacterName": 3723946956
    },
    {
        "CharacterName": 301731635
    },
    {
        "CharacterName": 2370809863
    },
    {
        "CharacterName": 2249978331
    },
    {
        "CharacterName": 2892921691
    },
    {
        "CharacterName": 237644978
    },
    {
        "CharacterName": 2635318529
    },
    {
        "CharacterName": 3359011139
    },
    {
        "CharacterName": 1439961376
    },
    {
        "CharacterName": 1677248381
    },
    {
        "CharacterName": 1844643281
    },
    {
        "CharacterName": 2946101903
    },
    {
        "CharacterName": 4020118184
    },
    {
        "CharacterName": 1660465663
    },
    {
        "CharacterName": 134464208
    },
    {
        "CharacterName": 1354639022
    },
    {
        "CharacterName": 3014001014
    },
    {
        "CharacterName": 2448106175
    },
    {
        "CharacterName": 3732519098
    },
    {
        "CharacterName": 3528693056
    },
    {
        "CharacterName": 3729270568
    },
    {
        "CharacterName": 1974581720
    },
    {
        "CharacterName": 958803939
    },
    {
        "CharacterName": 4149007208
    },
    {
        "CharacterName": 2357886682
    },
    {
        "CharacterName": 76005906
    },
    {
        "CharacterName": 3290278185
    },
    {
        "CharacterName": 4081329921
    },
    {
        "CharacterName": 3077964741
    },
    {
        "CharacterName": 3475181665
    },
    {
        "CharacterName": 4135105618
    },
    {
        "CharacterName": 641401187
    },
    {
        "CharacterName": 402649036
    },
    {
        "CharacterName": 1063657242
    },
    {
        "CharacterName": 715569250
    },
    {
        "CharacterName": 3626563476
    },
    {
        "CharacterName": 1242341257
    },
    {
        "CharacterName": 2071905505
    },
    {
        "CharacterName": 2485203837
    },
    {
        "CharacterName": 2132488154
    },
    {
        "CharacterName": 282818167
    },
    {
        "CharacterName": 4254046605
    },
    {
        "CharacterName": 2547080974
    },
    {
        "CharacterName": 2616541480
    },
    {
        "CharacterName": 2324672367
    },
    {
        "CharacterName": 2659769664
    },
    {
        "CharacterName": 3626388616
    },
    {
        "CharacterName": 4197322916
    },
    {
        "CharacterName": 3679875586
    },
    {
        "CharacterName": 3905503476
    },
    {
        "CharacterName": 1585187515
    },
    {
        "CharacterName": 4145731568
    },
    {
        "CharacterName": 4173108689
    },
    {
        "CharacterName": 1245861359
    },
    {
        "CharacterName": 219262937
    },
    {
        "CharacterName": 2072342344
    },
    {
        "CharacterName": 2865277265
    },
    {
        "CharacterName": 4050342034
    },
    {
        "CharacterName": 1921885066
    },
    {
        "CharacterName": 1448390542
    },
    {
        "CharacterName": 2291992026
    },
    {
        "CharacterName": 3027111766
    },
    {
        "CharacterName": 347653563
    },
    {
        "CharacterName": 2806770635
    },
    {
        "CharacterName": 3713094712
    },
    {
        "CharacterName": 3650097282
    },
    {
        "CharacterName": 627282006
    },
    {
        "CharacterName": 3355657307
    },
    {
        "CharacterName": 750969824
    },
    {
        "CharacterName": 3620267001
    },
    {
        "CharacterName": 1327796326
    },
    {
        "CharacterName": 1300618080
    },
    {
        "CharacterName": 369361216
    },
    {
        "CharacterName": 2431396679
    },
    {
        "CharacterName": 306877243
    },
    {
        "CharacterName": 1452705987
    },
    {
        "CharacterName": 36772421
    },
    {
        "CharacterName": 1929509271
    },
    {
        "CharacterName": 470870730
    },
    {
        "CharacterName": 4063819808
    },
    {
        "CharacterName": 2539231162
    },
    {
        "CharacterName": 1749469450
    },
    {
        "CharacterName": 264853569
    },
    {
        "CharacterName": 2150511356
    },
    {
        "CharacterName": 2067025223
    },
    {
        "CharacterName": 2731437718
    },
    {
        "CharacterName": 2846124018
    },
    {
        "CharacterName": 3417236547
    },
    {
        "CharacterName": 2047733919
    },
    {
        "CharacterName": 2260995677
    },
    {
        "CharacterName": 3840180430
    },
    {
        "CharacterName": 934540905
    },
    {
        "CharacterName": 2356577250
    },
    {
        "CharacterName": 2633789596
    },
    {
        "CharacterName": 3964842391
    },
    {
        "CharacterName": 3391285341
    },
    {
        "CharacterName": 2417065799
    },
    {
        "CharacterName": 3606428051
    },
    {
        "CharacterName": 773157894
    },
    {
        "CharacterName": 1494295855
    },
    {
        "CharacterName": 3268211940
    },
    {
        "CharacterName": 381244163
    },
    {
        "CharacterName": 3666493938
    },
    {
        "CharacterName": 3261875659
    },
    {
        "CharacterName": 3288535408
    },
    {
        "CharacterName": 3517480762
    },
    {
        "CharacterName": 3972500147
    },
    {
        "CharacterName": 18520127
    },
    {
        "CharacterName": 408297509
    },
    {
        "CharacterName": 4136973743
    },
    {
        "CharacterName": 50998495
    },
    {
        "CharacterName": 1843493763
    },
    {
        "CharacterName": 1326712052
    },
    {
        "CharacterName": 3156040347
    },
    {
        "CharacterName": 693860897
    },
    {
        "CharacterName": 929573573
    },
    {
        "CharacterName": 1488370305
    },
    {
        "CharacterName": 3842521850
    },
    {
        "CharacterName": 1057599298
    },
    {
        "CharacterName": 3013176966
    },
    {
        "CharacterName": 2215177498
    },
    {
        "CharacterName": 4231113239
    },
    {
        "CharacterName": 2553736135
    },
    {
        "CharacterName": 1433524561
    },
    {
        "CharacterName": 4053714262
    },
    {
        "CharacterName": 4037816248
    },
    {
        "CharacterName": 207500160
    },
    {
        "CharacterName": 1515581458
    },
    {
        "CharacterName": 2106898288
    },
    {
        "CharacterName": 1251731379
    },
    {
        "CharacterName": 3918577596
    },
    {
        "CharacterName": 2909482510
    },
    {
        "CharacterName": 582420471
    },
    {
        "CharacterName": 1386224856
    },
    {
        "CharacterName": 3023060384
    },
    {
        "CharacterName": 2012659675
    },
    {
        "CharacterName": 2602913977
    },
    {
        "CharacterName": 4073051107
    },
    {
        "CharacterName": 1788675421
    },
    {
        "CharacterName": 348759436
    },
    {
        "CharacterName": 1434773652
    },
    {
        "CharacterName": 4239309221
    },
    {
        "CharacterName": 4232947035
    },
    {
        "CharacterName": 3154316285
    },
    {
        "CharacterName": 592683139
    },
    {
        "CharacterName": 453759597
    },
    {
        "CharacterName": 171808813
    },
    {
        "CharacterName": 1996937395
    },
    {
        "CharacterName": 2903526554
    },
    {
        "CharacterName": 3790398629
    },
    {
        "CharacterName": 3815700222
    },
    {
        "CharacterName": 4148220373
    },
    {
        "CharacterName": 1290643160
    },
    {
        "CharacterName": 2878902085
    },
    {
        "CharacterName": 4279150946
    },
    {
        "CharacterName": 2790694638
    },
    {
        "CharacterName": 4067873548
    },
    {
        "CharacterName": 2019563568
    },
    {
        "CharacterName": 2378474763
    },
    {
        "CharacterName": 2433706456
    },
    {
        "CharacterName": 3653300448
    },
    {
        "CharacterName": 134470793
    },
    {
        "CharacterName": 2555077867
    },
    {
        "CharacterName": 2352402170
    },
    {
        "CharacterName": 1986118323
    },
    {
        "CharacterName": 3800417670
    },
    {
        "CharacterName": 4088627704
    },
    {
        "CharacterName": 134376865
    },
    {
        "CharacterName": 2203602685
    },
    {
        "CharacterName": 671551995
    },
    {
        "CharacterName": 922662001
    },
    {
        "CharacterName": 1842396891
    },
    {
        "CharacterName": 1177881492
    },
    {
        "CharacterName": 2375982424
    },
    {
        "CharacterName": 3239144288
    },
    {
        "CharacterName": 4205995781
    },
    {
        "CharacterName": 3677506130
    },
    {
        "CharacterName": 1841616374
    },
    {
        "CharacterName": 545869831
    },
    {
        "CharacterName": 3624058471
    },
    {
        "CharacterName": 3960061805
    },
    {
        "CharacterName": 4172840222
    },
    {
        "CharacterName": 3230495456
    },
    {
        "CharacterName": 3727688182
    },
    {
        "CharacterName": 3042069708
    },
    {
        "CharacterName": 4114373665
    },
    {
        "CharacterName": 3184311920
    },
    {
        "CharacterName": 1174847690
    },
    {
        "CharacterName": 2751462279
    },
    {
        "CharacterName": 3501008311
    },
    {
        "CharacterName": 3412158482
    },
    {
        "CharacterName": 539104402
    },
    {
        "CharacterName": 654344417
    },
    {
        "CharacterName": 2697819123
    },
    {
        "CharacterName": 2788269674
    },
    {
        "CharacterName": 1410211189
    },
    {
        "CharacterName": 4200330825
    },
    {
        "CharacterName": 850915274
    },
    {
        "CharacterName": 3121457947
    },
    {
        "CharacterName": 1343462279
    },
    {
        "CharacterName": 502380563
    },
    {
        "CharacterName": 511431045
    },
    {
        "CharacterName": 2602317696
    },
    {
        "CharacterName": 3000489071
    },
    {
        "CharacterName": 3256683074
    },
    {
        "CharacterName": 1641005259
    },
    {
        "CharacterName": 3813354902
    },
    {
        "CharacterName": 1665447275
    },
    {
        "CharacterName": 2441268939
    },
    {
        "CharacterName": 3435095136
    },
    {
        "CharacterName": 2830744565
    },
    {
        "CharacterName": 246465261
    },
    {
        "CharacterName": 2050709690
    },
    {
        "CharacterName": 3961246604
    },
    {
        "CharacterName": 3211439750
    },
    {
        "CharacterName": 44120584
    },
    {
        "CharacterName": 1699550140
    },
    {
        "CharacterName": 3309708346
    },
    {
        "CharacterName": 3444416316
    },
    {
        "CharacterName": 784510514
    },
    {
        "CharacterName": 2968957445
    },
    {
        "CharacterName": 1889505819
    },
    {
        "CharacterName": 3646043434
    },
    {
        "CharacterName": 3627990826
    },
    {
        "CharacterName": 878815101
    },
    {
        "CharacterName": 1992264742
    },
    {
        "CharacterName": 2566839370
    },
    {
        "CharacterName": 2897104593
    },
    {
        "CharacterName": 2510930354
    },
    {
        "CharacterName": 2461178121
    },
    {
        "CharacterName": 3303060072
    },
    {
        "CharacterName": 1851462517
    },
    {
        "CharacterName": 2902151151
    },
    {
        "CharacterName": 2657451831
    },
    {
        "CharacterName": 2604579234
    },
    {
        "CharacterName": 3007219296
    },
    {
        "CharacterName": 4059581467
    },
    {
        "CharacterName": 1475683272
    },
    {
        "CharacterName": 3999311743
    },
    {
        "CharacterName": 3521918127
    },
    {
        "CharacterName": 411980060
    },
    {
        "CharacterName": 1889032252
    },
    {
        "CharacterName": 2859342134
    },
    {
        "CharacterName": 3235949657
    },
    {
        "CharacterName": 4252661622
    },
    {
        "CharacterName": 40927867
    },
    {
        "CharacterName": 2862502969
    },
    {
        "CharacterName": 4262697992
    },
    {
        "CharacterName": 331009817
    },
    {
        "CharacterName": 2982686466
    },
    {
        "CharacterName": 2902750236
    },
    {
        "CharacterName": 1723304348
    },
    {
        "CharacterName": 890064720
    },
    {
        "CharacterName": 834237454
    },
    {
        "CharacterName": 1567005755
    },
    {
        "CharacterName": 2695487041
    },
    {
        "CharacterName": 681797413
    },
    {
        "CharacterName": 4002735225
    },
    {
        "CharacterName": 3492232708
    },
    {
        "CharacterName": 1661585582
    },
    {
        "CharacterName": 3261459579
    },
    {
        "CharacterName": 3040535787
    },
    {
        "CharacterName": 1709286362
    },
    {
        "CharacterName": 3497458050
    },
    {
        "CharacterName": 1096612277
    },
    {
        "CharacterName": 1378092453
    },
    {
        "CharacterName": 3183218941
    },
    {
        "CharacterName": 378361457
    },
    {
        "CharacterName": 1789056599
    },
    {
        "CharacterName": 1625644737
    },
    {
        "CharacterName": 839322586
    },
    {
        "CharacterName": 3007038553
    },
    {
        "CharacterName": 2211694345
    },
    {
        "CharacterName": 788285281
    },
    {
        "CharacterName": 1423994743
    },
    {
        "CharacterName": 2075707742
    },
    {
        "CharacterName": 477742225
    },
    {
        "CharacterName": 1057643913
    },
    {
        "CharacterName": 1152753828
    },
    {
        "CharacterName": 3924237714
    },
    {
        "CharacterName": 1381526485
    },
    {
        "CharacterName": 3661616539
    },
    {
        "CharacterName": 3517948697
    },
    {
        "CharacterName": 713982900
    },
    {
        "CharacterName": 984074882
    },
    {
        "CharacterName": 661102955
    },
    {
        "CharacterName": 1796361517
    },
    {
        "CharacterName": 765399414
    },
    {
        "CharacterName": 1790043468
    },
    {
        "CharacterName": 166329543
    },
    {
        "CharacterName": 367884613
    },
    {
        "CharacterName": 1588519174
    },
    {
        "CharacterName": 2694381565
    },
    {
        "CharacterName": 1879875250
    },
    {
        "CharacterName": 2263180129
    },
    {
        "CharacterName": 411416431
    },
    {
        "CharacterName": 2287631270
    },
    {
        "CharacterName": 1800434827
    },
    {
        "CharacterName": 2864610996
    },
    {
        "CharacterName": 3766851474
    },
    {
        "CharacterName": 3865532408
    },
    {
        "CharacterName": 4116787067
    },
    {
        "CharacterName": 3025942184
    },
    {
        "CharacterName": 2690570743
    },
    {
        "CharacterName": 221034629
    },
    {
        "CharacterName": 700307158
    },
    {
        "CharacterName": 3584842380
    },
    {
        "CharacterName": 3453029138
    },
    {
        "CharacterName": 3709772302
    },
    {
        "CharacterName": 3893132848
    },
    {
        "CharacterName": 3880619603
    },
    {
        "CharacterName": 190001724
    },
    {
        "CharacterName": 777233224
    },
    {
        "CharacterName": 1455374508
    },
    {
        "CharacterName": 4084684067
    },
    {
        "CharacterName": 2841048228
    },
    {
        "CharacterName": 1785197507
    },
    {
        "CharacterName": 465396349
    },
    {
        "CharacterName": 2443087909
    },
    {
        "CharacterName": 1587706634
    },
    {
        "CharacterName": 1725044392
    },
    {
        "CharacterName": 91744970
    },
    {
        "CharacterName": 2314327380
    },
    {
        "CharacterName": 955958550
    },
    {
        "CharacterName": 3521733000
    },
    {
        "CharacterName": 3110045797
    },
    {
        "CharacterName": 2044395006
    },
    {
        "CharacterName": 3710068842
    },
    {
        "CharacterName": 3708264029
    },
    {
        "CharacterName": 384487311
    },
    {
        "CharacterName": 3296150415
    },
    {
        "CharacterName": 2913181961
    },
    {
        "CharacterName": 598129588
    },
    {
        "CharacterName": 1463485367
    },
    {
        "CharacterName": 1243424096
    },
    {
        "CharacterName": 618443500
    },
    {
        "CharacterName": 1103915573
    },
    {
        "CharacterName": 4025272778
    },
    {
        "CharacterName": 1956739099
    },
    {
        "CharacterName": 265318311
    },
    {
        "CharacterName": 1048227713
    },
    {
        "CharacterName": 1196724094
    },
    {
        "CharacterName": 2014773867
    },
    {
        "CharacterName": 350245049
    },
    {
        "CharacterName": 3748579427
    },
    {
        "CharacterName": 3627168694
    },
    {
        "CharacterName": 3057357473
    },
    {
        "CharacterName": 3865035304
    },
    {
        "CharacterName": 1426519243
    },
    {
        "CharacterName": 2490925709
    },
    {
        "CharacterName": 2177442301
    },
    {
        "CharacterName": 1944734108
    },
    {
        "CharacterName": 3885161284
    },
    {
        "CharacterName": 4044885960
    },
    {
        "CharacterName": 251566081
    },
    {
        "CharacterName": 1246349445
    },
    {
        "CharacterName": 2627242411
    },
    {
        "CharacterName": 2326635954
    },
    {
        "CharacterName": 3356976025
    },
    {
        "CharacterName": 2270980754
    },
    {
        "CharacterName": 34912157
    },
    {
        "CharacterName": 3887329079
    },
    {
        "CharacterName": 1465105232
    },
    {
        "CharacterName": 406810843
    },
    {
        "CharacterName": 3511031496
    },
    {
        "CharacterName": 1796597359
    },
    {
        "CharacterName": 3236251661
    },
    {
        "CharacterName": 2400728074
    },
    {
        "CharacterName": 4068427293
    },
    {
        "CharacterName": 374330680
    },
    {
        "CharacterName": 1242378042
    },
    {
        "CharacterName": 1073752515
    },
    {
        "CharacterName": 4107135131
    },
    {
        "CharacterName": 2299361996
    },
    {
        "CharacterName": 584931716
    },
    {
        "CharacterName": 365674120
    },
    {
        "CharacterName": 4071673356
    },
    {
        "CharacterName": 2447210862
    },
    {
        "CharacterName": 3954914867
    },
    {
        "CharacterName": 1512430725
    },
    {
        "CharacterName": 2742541954
    },
    {
        "CharacterName": 3168610119
    },
    {
        "CharacterName": 4108167235
    },
    {
        "CharacterName": 3469435371
    },
    {
        "CharacterName": 4137627003
    },
    {
        "CharacterName": 1589749682
    },
    {
        "CharacterName": 2755732452
    },
    {
        "CharacterName": 1863216447
    },
    {
        "CharacterName": 2971136883
    },
    {
        "CharacterName": 53089714
    },
    {
        "CharacterName": 693601611
    },
    {
        "CharacterName": 2330548850
    },
    {
        "CharacterName": 3388435159
    },
    {
        "CharacterName": 778021690
    },
    {
        "CharacterName": 3909046427
    },
    {
        "CharacterName": 4035765063
    },
    {
        "CharacterName": 2946364182
    },
    {
        "CharacterName": 1552129813
    },
    {
        "CharacterName": 2910363218
    },
    {
        "CharacterName": 1475439810
    },
    {
        "CharacterName": 632387434
    },
    {
        "CharacterName": 2664473169
    },
    {
        "CharacterName": 3592400769
    },
    {
        "CharacterName": 1940779626
    },
    {
        "CharacterName": 2840080324
    },
    {
        "CharacterName": 3690952013
    },
    {
        "CharacterName": 2118211667
    },
    {
        "CharacterName": 2943545537
    },
    {
        "CharacterName": 4244246385
    },
    {
        "CharacterName": 1290973970
    },
    {
        "CharacterName": 1049217979
    },
    {
        "CharacterName": 1458590947
    },
    {
        "CharacterName": 3565920324
    },
    {
        "CharacterName": 1197932859
    },
    {
        "CharacterName": 1243261664
    },
    {
        "CharacterName": 2659516100
    },
    {
        "CharacterName": 2801034362
    },
    {
        "CharacterName": 3245535622
    },
    {
        "CharacterName": 2701593572
    },
    {
        "CharacterName": 2263188272
    },
    {
        "CharacterName": 3744509798
    },
    {
        "CharacterName": 3749970861
    },
    {
        "CharacterName": 3901819619
    },
    {
        "CharacterName": 446552758
    },
    {
        "CharacterName": 3359891644
    },
    {
        "CharacterName": 1983288124
    },
    {
        "CharacterName": 3375420232
    },
    {
        "CharacterName": 2476626930
    },
    {
        "CharacterName": 1507166105
    },
    {
        "CharacterName": 3616966825
    },
    {
        "CharacterName": 2002746242
    },
    {
        "CharacterName": 1678481177
    },
    {
        "CharacterName": 394755555
    },
    {
        "CharacterName": 3567545270
    },
    {
        "CharacterName": 4123416748
    },
    {
        "CharacterName": 569727319
    },
    {
        "CharacterName": 2334599494
    },
    {
        "CharacterName": 2149792302
    },
    {
        "CharacterName": 1235785811
    },
    {
        "CharacterName": 3784915945
    },
    {
        "CharacterName": 2759046089
    },
    {
        "CharacterName": 4054199127
    },
    {
        "CharacterName": 976799858
    },
    {
        "CharacterName": 2672426648
    },
    {
        "CharacterName": 936762075
    },
    {
        "CharacterName": 3459249722
    },
    {
        "CharacterName": 3294360079
    },
    {
        "CharacterName": 2943904936
    },
    {
        "CharacterName": 3387998839
    },
    {
        "CharacterName": 2177459217
    },
    {
        "CharacterName": 3558043894
    },
    {
        "CharacterName": 4016454271
    },
    {
        "CharacterName": 796921554
    },
    {
        "CharacterName": 804452191
    },
    {
        "CharacterName": 379260958
    },
    {
        "CharacterName": 2759768689
    },
    {
        "CharacterName": 2940142168
    },
    {
        "CharacterName": 1182152946
    },
    {
        "CharacterName": 2418142194
    },
    {
        "CharacterName": 2561350634
    },
    {
        "CharacterName": 1330031992
    },
    {
        "CharacterName": 1329776497
    },
    {
        "CharacterName": 3892150301
    },
    {
        "CharacterName": 935145033
    },
    {
        "CharacterName": 491076029
    },
    {
        "CharacterName": 1762843921
    },
    {
        "CharacterName": 1178715247
    },
    {
        "CharacterName": 3870528527
    },
    {
        "CharacterName": 2305848671
    },
    {
        "CharacterName": 3416781275
    },
    {
        "CharacterName": 869998302
    },
    {
        "CharacterName": 508480020
    },
    {
        "CharacterName": 4052683430
    },
    {
        "CharacterName": 2562877384
    },
    {
        "CharacterName": 1544689458
    },
    {
        "CharacterName": 1396151153
    },
    {
        "CharacterName": 3935724207
    },
    {
        "CharacterName": 2199034393
    },
    {
        "CharacterName": 200679094
    },
    {
        "CharacterName": 2274283514
    },
    {
        "CharacterName": 4020038550
    },
    {
        "CharacterName": 4265672325
    },
    {
        "CharacterName": 3322480428
    },
    {
        "CharacterName": 3797856727
    },
    {
        "CharacterName": 1734140003
    },
    {
        "CharacterName": 1194785590
    },
    {
        "CharacterName": 414916754
    },
    {
        "CharacterName": 3561889270
    },
    {
        "CharacterName": 3203654782
    },
    {
        "CharacterName": 2085330139
    },
    {
        "CharacterName": 2557928440
    },
    {
        "CharacterName": 180569007
    },
    {
        "CharacterName": 2109291240
    },
    {
        "CharacterName": 3062453978
    },
    {
        "CharacterName": 1143570010
    },
    {
        "CharacterName": 769885958
    },
    {
        "CharacterName": 1048000209
    },
    {
        "CharacterName": 1995127004
    },
    {
        "CharacterName": 1636384601
    },
    {
        "CharacterName": 1458736514
    },
    {
        "CharacterName": 2540214214
    },
    {
        "CharacterName": 1404680532
    },
    {
        "CharacterName": 918554429
    },
    {
        "CharacterName": 2274595700
    },
    {
        "CharacterName": 188168986
    },
    {
        "CharacterName": 579046051
    },
    {
        "CharacterName": 2423760388
    },
    {
        "CharacterName": 3778329405
    },
    {
        "CharacterName": 836791929
    },
    {
        "CharacterName": 970259630
    },
    {
        "CharacterName": 3480830212
    },
    {
        "CharacterName": 1221873630
    },
    {
        "CharacterName": 2499802133
    },
    {
        "CharacterName": 3766442779
    },
    {
        "CharacterName": 3816665707
    },
    {
        "CharacterName": 2145874186
    },
    {
        "CharacterName": 1660746726
    },
    {
        "CharacterName": 990482311
    },
    {
        "CharacterName": 3020324189
    },
    {
        "CharacterName": 3007101302
    },
    {
        "CharacterName": 2096976416
    },
    {
        "CharacterName": 3228129538
    },
    {
        "CharacterName": 2298147960
    },
    {
        "CharacterName": 721618894
    },
    {
        "CharacterName": 3982313728
    },
    {
        "CharacterName": 2032102177
    },
    {
        "CharacterName": 1603680377
    },
    {
        "CharacterName": 3465809443
    },
    {
        "CharacterName": 2928080876
    },
    {
        "CharacterName": 3459011696
    },
    {
        "CharacterName": 1248153201
    },
    {
        "CharacterName": 3464952588
    },
    {
        "CharacterName": 1642147053
    },
    {
        "CharacterName": 2303989282
    },
    {
        "CharacterName": 2537770032
    },
    {
        "CharacterName": 2622960802
    },
    {
        "CharacterName": 2331360387
    },
    {
        "CharacterName": 3261339543
    },
    {
        "CharacterName": 4110543120
    },
    {
        "CharacterName": 1785835468
    },
    {
        "CharacterName": 929949943
    },
    {
        "CharacterName": 3542646239
    },
    {
        "CharacterName": 2813601317
    },
    {
        "CharacterName": 4241115168
    },
    {
        "CharacterName": 3903711920
    },
    {
        "CharacterName": 3152340846
    },
    {
        "CharacterName": 1631605597
    },
    {
        "CharacterName": 3299540750
    },
    {
        "CharacterName": 3273345052
    },
    {
        "CharacterName": 3501798555
    },
    {
        "CharacterName": 3904314334
    },
    {
        "CharacterName": 3851329836
    },
    {
        "CharacterName": 1628878005
    },
    {
        "CharacterName": 2341734076
    },
    {
        "CharacterName": 609713019
    },
    {
        "CharacterName": 2915878328
    },
    {
        "CharacterName": 3288690599
    },
    {
        "CharacterName": 3769845595
    },
    {
        "CharacterName": 3179676741
    },
    {
        "CharacterName": 546153537
    },
    {
        "CharacterName": 3107784626
    },
    {
        "CharacterName": 2204951371
    },
    {
        "CharacterName": 3239302442
    },
    {
        "CharacterName": 3555870233
    },
    {
        "CharacterName": 2793518380
    },
    {
        "CharacterName": 699522638
    },
    {
        "CharacterName": 1790728547
    },
    {
        "CharacterName": 221688048
    },
    {
        "CharacterName": 2937836980
    },
    {
        "CharacterName": 4004006348
    },
    {
        "CharacterName": 2037073539
    },
    {
        "CharacterName": 2327068380
    },
    {
        "CharacterName": 1403711844
    },
    {
        "CharacterName": 2509452573
    },
    {
        "CharacterName": 1244430234
    },
    {
        "CharacterName": 2241371096
    },
    {
        "CharacterName": 2084862810
    },
    {
        "CharacterName": 1817680771
    },
    {
        "CharacterName": 311247508
    },
    {
        "CharacterName": 1987777382
    },
    {
        "CharacterName": 489537661
    },
    {
        "CharacterName": 1217593328
    },
    {
        "CharacterName": 699137168
    },
    {
        "CharacterName": 2548341607
    },
    {
        "CharacterName": 2386270788
    },
    {
        "CharacterName": 2913174202
    },
    {
        "CharacterName": 3986195237
    },
    {
        "CharacterName": 1466139746
    },
    {
        "CharacterName": 2654572347
    },
    {
        "CharacterName": 4239720472
    },
    {
        "CharacterName": 1842827341
    },
    {
        "CharacterName": 951939380
    },
    {
        "CharacterName": 3559485560
    },
    {
        "CharacterName": 2150499921
    },
    {
        "CharacterName": 3735736601
    },
    {
        "CharacterName": 1262374487
    },
    {
        "CharacterName": 257158064
    },
    {
        "CharacterName": 863866781
    },
    {
        "CharacterName": 818580127
    },
    {
        "CharacterName": 463293983
    },
    {
        "CharacterName": 3954059293
    },
    {
        "CharacterName": 2111066025
    },
    {
        "CharacterName": 3005265853
    },
    {
        "CharacterName": 1230050333
    },
    {
        "CharacterName": 3161092768
    },
    {
        "CharacterName": 1549165953
    },
    {
        "CharacterName": 679381750
    },
    {
        "CharacterName": 4120171196
    },
    {
        "CharacterName": 3729461631
    },
    {
        "CharacterName": 1322348917
    },
    {
        "CharacterName": 3236542839
    },
    {
        "CharacterName": 3636223835
    },
    {
        "CharacterName": 1103365614
    },
    {
        "CharacterName": 3987619184
    },
    {
        "CharacterName": 1569169594
    },
    {
        "CharacterName": 1334742784
    },
    {
        "CharacterName": 1299198046
    },
    {
        "CharacterName": 1032150898
    },
    {
        "CharacterName": 2134248644
    },
    {
        "CharacterName": 3170181567
    },
    {
        "CharacterName": 2667656357
    },
    {
        "CharacterName": 1966836876
    },
    {
        "CharacterName": 9578727
    },
    {
        "CharacterName": 3886043470
    },
    {
        "CharacterName": 3183319145
    },
    {
        "CharacterName": 3445850279
    },
    {
        "CharacterName": 2568735209
    },
    {
        "CharacterName": 915087579
    },
    {
        "CharacterName": 758545837
    },
    {
        "CharacterName": 3729343478
    },
    {
        "CharacterName": 3729156246
    },
    {
        "CharacterName": 2660201615
    },
    {
        "CharacterName": 3741863570
    },
    {
        "CharacterName": 1350514469
    },
    {
        "CharacterName": 442585507
    },
    {
        "CharacterName": 1484578012
    },
    {
        "CharacterName": 3636094394
    },
    {
        "CharacterName": 3923033949
    },
    {
        "CharacterName": 1360290749
    },
    {
        "CharacterName": 286410358
    },
    {
        "CharacterName": 723906706
    },
    {
        "CharacterName": 74211200
    },
    {
        "CharacterName": 3312886844
    },
    {
        "CharacterName": 2340887712
    },
    {
        "CharacterName": 1619391801
    },
    {
        "CharacterName": 4021747912
    },
    {
        "CharacterName": 727545439
    },
    {
        "CharacterName": 965462079
    },
    {
        "CharacterName": 3872315981
    },
    {
        "CharacterName": 2041508140
    },
    {
        "CharacterName": 62987321
    },
    {
        "CharacterName": 86493402
    },
    {
        "CharacterName": 3366606701
    },
    {
        "CharacterName": 3242098119
    },
    {
        "CharacterName": 1838117324
    },
    {
        "CharacterName": 2288209500
    },
    {
        "CharacterName": 2295831844
    },
    {
        "CharacterName": 1918773212
    },
    {
        "CharacterName": 1972565979
    },
    {
        "CharacterName": 1347461334
    },
    {
        "CharacterName": 632646377
    },
    {
        "CharacterName": 2165879412
    },
    {
        "CharacterName": 1591234303
    },
    {
        "CharacterName": 217642269
    },
    {
        "CharacterName": 3406081631
    },
    {
        "CharacterName": 267378390
    },
    {
        "CharacterName": 2504317275
    },
    {
        "CharacterName": 875192337
    },
    {
        "CharacterName": 1053214283
    },
    {
        "CharacterName": 623877135
    },
    {
        "CharacterName": 1368687825
    },
    {
        "CharacterName": 325129939
    },
    {
        "CharacterName": 504716117
    },
    {
        "CharacterName": 4260131075
    },
    {
        "CharacterName": 3326326773
    },
    {
        "CharacterName": 3509673664
    },
    {
        "CharacterName": 3387525540
    },
    {
        "CharacterName": 2809213950
    },
    {
        "CharacterName": 1374839953
    },
    {
        "CharacterName": 467521196
    },
    {
        "CharacterName": 3600641045
    },
    {
        "CharacterName": 3700475719
    },
    {
        "CharacterName": 2227688437
    },
    {
        "CharacterName": 3967746838
    },
    {
        "CharacterName": 4039732230
    },
    {
        "CharacterName": 501871344
    },
    {
        "CharacterName": 550172126
    },
    {
        "CharacterName": 330205051
    },
    {
        "CharacterName": 4005851443
    },
    {
        "CharacterName": 3696839565
    },
    {
        "CharacterName": 1455226513
    },
    {
        "CharacterName": 606244980
    },
    {
        "CharacterName": 105066445
    },
    {
        "CharacterName": 179170556
    },
    {
        "CharacterName": 2852303570
    },
    {
        "CharacterName": 1434536781
    },
    {
        "CharacterName": 3989261907
    },
    {
        "CharacterName": 729474319
    },
    {
        "CharacterName": 1220397214
    },
    {
        "CharacterName": 3458608309
    },
    {
        "CharacterName": 3105324152
    },
    {
        "CharacterName": 1837637471
    },
    {
        "CharacterName": 1056304888
    },
    {
        "CharacterName": 3335960472
    },
    {
        "CharacterName": 2228224849
    },
    {
        "CharacterName": 2760054285
    },
    {
        "CharacterName": 1453012283
    },
    {
        "CharacterName": 782682250
    },
    {
        "CharacterName": 3708578174
    },
    {
        "CharacterName": 1839508527
    },
    {
        "CharacterName": 3634600643
    },
    {
        "CharacterName": 2474457344
    },
    {
        "CharacterName": 516338308
    },
    {
        "CharacterName": 293922447
    },
    {
        "CharacterName": 1651722578
    },
    {
        "CharacterName": 1533982911
    },
    {
        "CharacterName": 462306602
    },
    {
        "CharacterName": 3352229192
    },
    {
        "CharacterName": 4120829019
    },
    {
        "CharacterName": 3413884981
    },
    {
        "CharacterName": 1559007029
    },
    {
        "CharacterName": 2130701086
    },
    {
        "CharacterName": 2087062111
    },
    {
        "CharacterName": 1880001582
    },
    {
        "CharacterName": 1971779467
    },
    {
        "CharacterName": 790610832
    },
    {
        "CharacterName": 2894428605
    },
    {
        "CharacterName": 3764461356
    },
    {
        "CharacterName": 2703397050
    },
    {
        "CharacterName": 3388216305
    },
    {
        "CharacterName": 1325623321
    },
    {
        "CharacterName": 4258736269
    },
    {
        "CharacterName": 3572725295
    },
    {
        "CharacterName": 1068021559
    },
    {
        "CharacterName": 4254509066
    },
    {
        "CharacterName": 2671579777
    },
    {
        "CharacterName": 1000584435
    },
    {
        "CharacterName": 2780984385
    },
    {
        "CharacterName": 2515482512
    },
    {
        "CharacterName": 2784424072
    },
    {
        "CharacterName": 1291172569
    },
    {
        "CharacterName": 3248503120
    },
    {
        "CharacterName": 1456137670
    },
    {
        "CharacterName": 1723740658
    },
    {
        "CharacterName": 2206334683
    },
    {
        "CharacterName": 752124883
    },
    {
        "CharacterName": 1197235476
    },
    {
        "CharacterName": 4024119598
    },
    {
        "CharacterName": 1866223513
    },
    {
        "CharacterName": 3970872720
    },
    {
        "CharacterName": 1615052053
    },
    {
        "CharacterName": 2291826448
    },
    {
        "CharacterName": 1917953682
    },
    {
        "CharacterName": 3175669435
    },
    {
        "CharacterName": 1393661354
    },
    {
        "CharacterName": 2796130009
    },
    {
        "CharacterName": 426274967
    },
    {
        "CharacterName": 1829880475
    },
    {
        "CharacterName": 2547402757
    },
    {
        "CharacterName": 124895964
    },
    {
        "CharacterName": 984996422
    },
    {
        "CharacterName": 4133385733
    },
    {
        "CharacterName": 1904515627
    },
    {
        "CharacterName": 26882906
    },
    {
        "CharacterName": 1873510384
    },
    {
        "CharacterName": 2487481873
    },
    {
        "CharacterName": 223880015
    },
    {
        "CharacterName": 3967654904
    },
    {
        "CharacterName": 1323717653
    },
    {
        "CharacterName": 2218189742
    },
    {
        "CharacterName": 1230550834
    },
    {
        "CharacterName": 650688004
    },
    {
        "CharacterName": 2208745229
    },
    {
        "CharacterName": 4062836906
    },
    {
        "CharacterName": 4232172531
    },
    {
        "CharacterName": 2798796165
    },
    {
        "CharacterName": 79845389
    },
    {
        "CharacterName": 2711518167
    },
    {
        "CharacterName": 963023428
    },
    {
        "CharacterName": 1185400520
    },
    {
        "CharacterName": 2006969894
    },
    {
        "CharacterName": 3979126595
    },
    {
        "CharacterName": 4241582476
    },
    {
        "CharacterName": 2554340941
    },
    {
        "CharacterName": 3460855980
    },
    {
        "CharacterName": 2153440769
    },
    {
        "CharacterName": 4152021873
    },
    {
        "CharacterName": 1497451220
    },
    {
        "CharacterName": 1970217049
    },
    {
        "CharacterName": 2380035803
    },
    {
        "CharacterName": 383613942
    },
    {
        "CharacterName": 1657831629
    },
    {
        "CharacterName": 120909972
    },
    {
        "CharacterName": 1182716971
    },
    {
        "CharacterName": 1386517067
    },
    {
        "CharacterName": 3905779942
    },
    {
        "CharacterName": 3717800231
    },
    {
        "CharacterName": 4140031043
    },
    {
        "CharacterName": 1895701998
    },
    {
        "CharacterName": 3235011633
    },
    {
        "CharacterName": 1166596033
    },
    {
        "CharacterName": 1379712344
    },
    {
        "CharacterName": 1826645369
    },
    {
        "CharacterName": 4113334594
    },
    {
        "CharacterName": 3851247558
    },
    {
        "CharacterName": 2139989713
    },
    {
        "CharacterName": 3778554145
    },
    {
        "CharacterName": 2482061985
    },
    {
        "CharacterName": 1359732477
    },
    {
        "CharacterName": 1285502660
    },
    {
        "CharacterName": 2662032384
    },
    {
        "CharacterName": 717905234
    },
    {
        "CharacterName": 544177728
    },
    {
        "CharacterName": 2589824663
    },
    {
        "CharacterName": 4152119586
    },
    {
        "CharacterName": 1762215358
    },
    {
        "CharacterName": 1553838037
    },
    {
        "CharacterName": 540482197
    },
    {
        "CharacterName": 2597870430
    },
    {
        "CharacterName": 2807960913
    },
    {
        "CharacterName": 124651358
    },
    {
        "CharacterName": 3813189727
    },
    {
        "CharacterName": 1548792401
    },
    {
        "CharacterName": 289929732
    },
    {
        "CharacterName": 2054214769
    },
    {
        "CharacterName": 437369103
    },
    {
        "CharacterName": 1307936483
    },
    {
        "CharacterName": 3807697321
    },
    {
        "CharacterName": 951182742
    },
    {
        "CharacterName": 1946160515
    },
    {
        "CharacterName": 1294174812
    },
    {
        "CharacterName": 3303896632
    },
    {
        "CharacterName": 3249622687
    },
    {
        "CharacterName": 396562591
    },
    {
        "CharacterName": 3756183383
    },
    {
        "CharacterName": 1970118743
    },
    {
        "CharacterName": 1952142046
    },
    {
        "CharacterName": 1476020108
    },
    {
        "CharacterName": 1677821513
    },
    {
        "CharacterName": 2517397400
    },
    {
        "CharacterName": 2543550410
    },
    {
        "CharacterName": 3556195659
    },
    {
        "CharacterName": 1338313867
    },
    {
        "CharacterName": 833973460
    },
    {
        "CharacterName": 3048195933
    },
    {
        "CharacterName": 3959862022
    },
    {
        "CharacterName": 596207367
    },
    {
        "CharacterName": 400120405
    },
    {
        "CharacterName": 3734542121
    },
    {
        "CharacterName": 3108301276
    },
    {
        "CharacterName": 2541648266
    },
    {
        "CharacterName": 1507061038
    },
    {
        "CharacterName": 2813521950
    },
    {
        "CharacterName": 103763415
    },
    {
        "CharacterName": 648581988
    },
    {
        "CharacterName": 2340896501
    },
    {
        "CharacterName": 1887513308
    },
    {
        "CharacterName": 3556288174
    },
    {
        "CharacterName": 3585623973
    },
    {
        "CharacterName": 3196792488
    },
    {
        "CharacterName": 3754491540
    },
    {
        "CharacterName": 116790981
    },
    {
        "CharacterName": 4177285663
    },
    {
        "CharacterName": 345588114
    },
    {
        "CharacterName": 3271365225
    },
    {
        "CharacterName": 2029959995
    },
    {
        "CharacterName": 1301637831
    },
    {
        "CharacterName": 3265214235
    },
    {
        "CharacterName": 2752141404
    },
    {
        "CharacterName": 3893367542
    },
    {
        "CharacterName": 2220514759
    },
    {
        "CharacterName": 3994554429
    },
    {
        "CharacterName": 3109309247
    },
    {
        "CharacterName": 297454763
    },
    {
        "CharacterName": 2152255124
    },
    {
        "CharacterName": 926610442
    },
    {
        "CharacterName": 2078300932
    },
    {
        "CharacterName": 4067532815
    },
    {
        "CharacterName": 3258023611
    },
    {
        "CharacterName": 409918740
    },
    {
        "CharacterName": 1975410197
    },
    {
        "CharacterName": 3507844890
    },
    {
        "CharacterName": 1301908621
    },
    {
        "CharacterName": 3611456056
    },
    {
        "CharacterName": 3892437693
    },
    {
        "CharacterName": 3759889676
    },
    {
        "CharacterName": 3497383228
    },
    {
        "CharacterName": 1132919322
    },
    {
        "CharacterName": 769286409
    },
    {
        "CharacterName": 2787619401
    },
    {
        "CharacterName": 1186032193
    },
    {
        "CharacterName": 4170316653
    },
    {
        "CharacterName": 386698536
    },
    {
        "CharacterName": 1383564918
    },
    {
        "CharacterName": 1748947920
    },
    {
        "CharacterName": 1872064699
    },
    {
        "CharacterName": 872390478
    },
    {
        "CharacterName": 1942598719
    },
    {
        "CharacterName": 728961841
    },
    {
        "CharacterName": 3464886922
    },
    {
        "CharacterName": 2778050018
    },
    {
        "CharacterName": 1169476706
    },
    {
        "CharacterName": 4227270362
    },
    {
        "CharacterName": 1670697467
    },
    {
        "CharacterName": 2162825327
    },
    {
        "CharacterName": 4106273861
    },
    {
        "CharacterName": 1869410162
    },
    {
        "CharacterName": 3344893547
    },
    {
        "CharacterName": 3431378079
    },
    {
        "CharacterName": 4094823213
    },
    {
        "CharacterName": 1859833869
    },
    {
        "CharacterName": 1683567186
    },
    {
        "CharacterName": 1170198543
    },
    {
        "CharacterName": 2970393742
    },
    {
        "CharacterName": 3710191865
    },
    {
        "CharacterName": 3959503546
    },
    {
        "CharacterName": 2699301999
    },
    {
        "CharacterName": 1531627749
    },
    {
        "CharacterName": 1046007709
    },
    {
        "CharacterName": 4145487936
    },
    {
        "CharacterName": 2700191103
    },
    {
        "CharacterName": 1346417972
    },
    {
        "CharacterName": 950944445
    },
    {
        "CharacterName": 156058395
    },
    {
        "CharacterName": 3775298066
    },
    {
        "CharacterName": 670472523
    },
    {
        "CharacterName": 3452586824
    },
    {
        "CharacterName": 3903890656
    },
    {
        "CharacterName": 1429372769
    },
    {
        "CharacterName": 4145296171
    },
    {
        "CharacterName": 3678214767
    },
    {
        "CharacterName": 2457469418
    },
    {
        "CharacterName": 3414233068
    },
    {
        "CharacterName": 3469061763
    },
    {
        "CharacterName": 2388109509
    },
    {
        "CharacterName": 551534086
    },
    {
        "CharacterName": 1490979561
    },
    {
        "CharacterName": 4070408961
    },
    {
        "CharacterName": 2859965120
    },
    {
        "CharacterName": 2047427724
    },
    {
        "CharacterName": 3892957823
    },
    {
        "CharacterName": 2957239705
    },
    {
        "CharacterName": 3935988746
    },
    {
        "CharacterName": 2021206721
    },
    {
        "CharacterName": 1158006113
    },
    {
        "CharacterName": 3645020661
    },
    {
        "CharacterName": 890450723
    },
    {
        "CharacterName": 2005368781
    },
    {
        "CharacterName": 662362621
    },
    {
        "CharacterName": 2261198517
    },
    {
        "CharacterName": 586195087
    },
    {
        "CharacterName": 1048266794
    },
    {
        "CharacterName": 2834238067
    },
    {
        "CharacterName": 988410441
    },
    {
        "CharacterName": 536816420
    },
    {
        "CharacterName": 3643124777
    },
    {
        "CharacterName": 3312293861
    },
    {
        "CharacterName": 2767389568
    },
    {
        "CharacterName": 280977080
    },
    {
        "CharacterName": 479387117
    },
    {
        "CharacterName": 88181480
    },
    {
        "CharacterName": 1879180591
    },
    {
        "CharacterName": 1623803857
    },
    {
        "CharacterName": 2672614528
    },
    {
        "CharacterName": 1569521179
    },
    {
        "CharacterName": 2675618529
    },
    {
        "CharacterName": 3189500994
    },
    {
        "CharacterName": 1555953432
    },
    {
        "CharacterName": 255592906
    },
    {
        "CharacterName": 2191380316
    },
    {
        "CharacterName": 2046393424
    },
    {
        "CharacterName": 686074980
    },
    {
        "CharacterName": 3703300406
    },
    {
        "CharacterName": 629311466
    },
    {
        "CharacterName": 1947989146
    },
    {
        "CharacterName": 2785576296
    },
    {
        "CharacterName": 76621621
    },
    {
        "CharacterName": 2957667316
    },
    {
        "CharacterName": 3277386652
    },
    {
        "CharacterName": 1053648521
    },
    {
        "CharacterName": 2756337153
    },
    {
        "CharacterName": 3548001351
    },
    {
        "CharacterName": 2308226321
    },
    {
        "CharacterName": 4077137544
    },
    {
        "CharacterName": 2168679129
    },
    {
        "CharacterName": 2122247836
    },
    {
        "CharacterName": 3664256896
    },
    {
        "CharacterName": 3510357551
    },
    {
        "CharacterName": 1403357130
    },
    {
        "CharacterName": 2547361487
    },
    {
        "CharacterName": 940692689
    },
    {
        "CharacterName": 3446429247
    },
    {
        "CharacterName": 3166152294
    },
    {
        "CharacterName": 3235514888
    },
    {
        "CharacterName": 3047360351
    },
    {
        "CharacterName": 855024548
    },
    {
        "CharacterName": 1446794233
    },
    {
        "CharacterName": 1559450350
    },
    {
        "CharacterName": 3138928679
    },
    {
        "CharacterName": 2355754361
    },
    {
        "CharacterName": 859532158
    },
    {
        "CharacterName": 2493480806
    },
    {
        "CharacterName": 1408611889
    },
    {
        "CharacterName": 489714321
    },
    {
        "CharacterName": 3773851346
    },
    {
        "CharacterName": 4094701952
    },
    {
        "CharacterName": 2784897524
    },
    {
        "CharacterName": 2099680689
    },
    {
        "CharacterName": 1946322944
    },
    {
        "CharacterName": 2456504676
    },
    {
        "CharacterName": 407073181
    },
    {
        "CharacterName": 1818821522
    },
    {
        "CharacterName": 1908263760
    },
    {
        "CharacterName": 3093692156
    },
    {
        "CharacterName": 2857889291
    },
    {
        "CharacterName": 2230759915
    },
    {
        "CharacterName": 1057261686
    },
    {
        "CharacterName": 1521748700
    },
    {
        "CharacterName": 2300661474
    },
    {
        "CharacterName": 3914321980
    },
    {
        "CharacterName": 443969345
    },
    {
        "CharacterName": 1581066909
    },
    {
        "CharacterName": 3031118426
    },
    {
        "CharacterName": 3611230138
    },
    {
        "CharacterName": 3853659098
    },
    {
        "CharacterName": 1664883804
    },
    {
        "CharacterName": 3838099364
    },
    {
        "CharacterName": 1653105151
    },
    {
        "CharacterName": 2183829777
    },
    {
        "CharacterName": 4116008048
    },
    {
        "CharacterName": 1057112035
    },
    {
        "CharacterName": 2220721318
    },
    {
        "CharacterName": 983288762
    },
    {
        "CharacterName": 3298511433
    },
    {
        "CharacterName": 3704101216
    },
    {
        "CharacterName": 429108171
    },
    {
        "CharacterName": 4247992432
    },
    {
        "CharacterName": 1996339970
    },
    {
        "CharacterName": 190820256
    },
    {
        "CharacterName": 1915965833
    },
    {
        "CharacterName": 2741750435
    },
    {
        "CharacterName": 649459430
    },
    {
        "CharacterName": 2860638346
    },
    {
        "CharacterName": 2457027262
    },
    {
        "CharacterName": 1656732905
    },
    {
        "CharacterName": 1773423147
    },
    {
        "CharacterName": 1081313679
    },
    {
        "CharacterName": 2017939509
    },
    {
        "CharacterName": 850128089
    },
    {
        "CharacterName": 284391378
    },
    {
        "CharacterName": 1572727928
    },
    {
        "CharacterName": 48823152
    },
    {
        "CharacterName": 1529344138
    },
    {
        "CharacterName": 3706336788
    },
    {
        "CharacterName": 1623105957
    },
    {
        "CharacterName": 1113605009
    },
    {
        "CharacterName": 1945954002
    },
    {
        "CharacterName": 541415287
    },
    {
        "CharacterName": 4201408102
    },
    {
        "CharacterName": 1660538007
    },
    {
        "CharacterName": 4038329114
    },
    {
        "CharacterName": 1712279032
    },
    {
        "CharacterName": 1450980567
    },
    {
        "CharacterName": 375280258
    },
    {
        "CharacterName": 726726353
    },
    {
        "CharacterName": 4151602388
    },
    {
        "CharacterName": 2080474766
    },
    {
        "CharacterName": 1596624
    },
    {
        "CharacterName": 2499083947
    },
    {
        "CharacterName": 2792173321
    },
    {
        "CharacterName": 355904093
    },
    {
        "CharacterName": 366407449
    },
    {
        "CharacterName": 1207018433
    },
    {
        "CharacterName": 3353749446
    },
    {
        "CharacterName": 1860085849
    },
    {
        "CharacterName": 30672982
    },
    {
        "CharacterName": 3367681808
    },
    {
        "CharacterName": 2881405606
    },
    {
        "CharacterName": 1167003068
    },
    {
        "CharacterName": 1345678381
    },
    {
        "CharacterName": 1001868414
    },
    {
        "CharacterName": 3034292022
    },
    {
        "CharacterName": 2588023728
    },
    {
        "CharacterName": 2775103422
    },
    {
        "CharacterName": 3454390667
    },
    {
        "CharacterName": 907961919
    },
    {
        "CharacterName": 2842136588
    },
    {
        "CharacterName": 494981288
    },
    {
        "CharacterName": 3090250288
    },
    {
        "CharacterName": 3532067760
    },
    {
        "CharacterName": 3182082872
    },
    {
        "CharacterName": 3512617790
    },
    {
        "CharacterName": 3484529539
    },
    {
        "CharacterName": 1893933314
    },
    {
        "CharacterName": 2682839049
    },
    {
        "CharacterName": 3471318752
    },
    {
        "CharacterName": 3826137863
    },
    {
        "CharacterName": 2952235615
    },
    {
        "CharacterName": 3198362660
    },
    {
        "CharacterName": 1354325678
    },
    {
        "CharacterName": 1162188452
    },
    {
        "CharacterName": 280796037
    },
    {
        "CharacterName": 3525959940
    },
    {
        "CharacterName": 284129377
    },
    {
        "CharacterName": 2048497356
    },
    {
        "CharacterName": 1560127819
    },
    {
        "CharacterName": 2031753128
    },
    {
        "CharacterName": 3767087333
    },
    {
        "CharacterName": 4177777325
    },
    {
        "CharacterName": 1275293074
    },
    {
        "CharacterName": 1259677449
    },
    {
        "CharacterName": 2585842110
    },
    {
        "CharacterName": 3875678305
    },
    {
        "CharacterName": 3609367061
    },
    {
        "CharacterName": 557235269
    },
    {
        "CharacterName": 1666421021
    },
    {
        "CharacterName": 3683204866
    },
    {
        "CharacterName": 3937113620
    },
    {
        "CharacterName": 2935450294
    },
    {
        "CharacterName": 2154389683
    },
    {
        "CharacterName": 438449286
    },
    {
        "CharacterName": 756424799
    },
    {
        "CharacterName": 2257190197
    },
    {
        "CharacterName": 2993910316
    },
    {
        "CharacterName": 2123180676
    },
    {
        "CharacterName": 2920865609
    },
    {
        "CharacterName": 2116725684
    },
    {
        "CharacterName": 1463484426
    },
    {
        "CharacterName": 1943311360
    },
    {
        "CharacterName": 1653394045
    },
    {
        "CharacterName": 901603131
    },
    {
        "CharacterName": 3393092539
    },
    {
        "CharacterName": 1332261618
    },
    {
        "CharacterName": 2797624626
    },
    {
        "CharacterName": 2743063250
    },
    {
        "CharacterName": 456675076
    },
    {
        "CharacterName": 3680062749
    },
    {
        "CharacterName": 1148047153
    },
    {
        "CharacterName": 1444188410
    },
    {
        "CharacterName": 3256398129
    },
    {
        "CharacterName": 3698584434
    },
    {
        "CharacterName": 3809938140
    },
    {
        "CharacterName": 474630384
    },
    {
        "CharacterName": 1787690370
    },
    {
        "CharacterName": 1273147064
    },
    {
        "CharacterName": 792644744
    },
    {
        "CharacterName": 2326539309
    },
    {
        "CharacterName": 4005249279
    },
    {
        "CharacterName": 3510411635
    },
    {
        "CharacterName": 1955602024
    },
    {
        "CharacterName": 2391595114
    },
    {
        "CharacterName": 3646931379
    },
    {
        "CharacterName": 3098086689
    },
    {
        "CharacterName": 3119508655
    },
    {
        "CharacterName": 1648592110
    },
    {
        "CharacterName": 3821657373
    },
    {
        "CharacterName": 4032742432
    },
    {
        "CharacterName": 3663599590
    },
    {
        "CharacterName": 2152826826
    },
    {
        "CharacterName": 1441451054
    },
    {
        "CharacterName": 2956771862
    },
    {
        "CharacterName": 2168291653
    },
    {
        "CharacterName": 2014120433
    },
    {
        "CharacterName": 1742169650
    },
    {
        "CharacterName": 260643038
    },
    {
        "CharacterName": 2499372097
    },
    {
        "CharacterName": 3340835325
    },
    {
        "CharacterName": 1957977753
    },
    {
        "CharacterName": 1989881308
    },
    {
        "CharacterName": 1798904868
    },
    {
        "CharacterName": 1823804383
    },
    {
        "CharacterName": 180217229
    },
    {
        "CharacterName": 810819253
    },
    {
        "CharacterName": 2293624713
    },
    {
        "CharacterName": 453201507
    },
    {
        "CharacterName": 2395877542
    },
    {
        "CharacterName": 3790681513
    },
    {
        "CharacterName": 1247542756
    },
    {
        "CharacterName": 1604021977
    },
    {
        "CharacterName": 1695745056
    },
    {
        "CharacterName": 2568352363
    },
    {
        "CharacterName": 3307758011
    },
    {
        "CharacterName": 2329451018
    },
    {
        "CharacterName": 3906566787
    },
    {
        "CharacterName": 3330232058
    },
    {
        "CharacterName": 401928062
    },
    {
        "CharacterName": 950519078
    },
    {
        "CharacterName": 887445090
    },
    {
        "CharacterName": 762866505
    },
    {
        "CharacterName": 275179839
    },
    {
        "CharacterName": 3316384758
    },
    {
        "CharacterName": 2870846409
    },
    {
        "CharacterName": 999800008
    },
    {
        "CharacterName": 2759929354
    },
    {
        "CharacterName": 1540949446
    },
    {
        "CharacterName": 2166317279
    },
    {
        "CharacterName": 2895152147
    },
    {
        "CharacterName": 1903680420
    },
    {
        "CharacterName": 1082240339
    },
    {
        "CharacterName": 709011549
    },
    {
        "CharacterName": 1524566565
    },
    {
        "CharacterName": 428220985
    },
    {
        "CharacterName": 2498373756
    },
    {
        "CharacterName": 2698880243
    },
    {
        "CharacterName": 4145802208
    },
    {
        "CharacterName": 2168698647
    },
    {
        "CharacterName": 65938971
    },
    {
        "CharacterName": 1761758461
    },
    {
        "CharacterName": 3123625585
    },
    {
        "CharacterName": 2477922566
    },
    {
        "CharacterName": 3306438530
    },
    {
        "CharacterName": 2006479283
    },
    {
        "CharacterName": 2190153660
    },
    {
        "CharacterName": 499554769
    },
    {
        "CharacterName": 1896312968
    },
    {
        "CharacterName": 1686092852
    },
    {
        "CharacterName": 665724056
    },
    {
        "CharacterName": 2631910848
    },
    {
        "CharacterName": 1619526623
    },
    {
        "CharacterName": 1919511702
    },
    {
        "CharacterName": 3180674293
    },
    {
        "CharacterName": 3714583232
    },
    {
        "CharacterName": 2419716428
    },
    {
        "CharacterName": 962879099
    },
    {
        "CharacterName": 459095685
    },
    {
        "CharacterName": 246301526
    },
    {
        "CharacterName": 451446234
    },
    {
        "CharacterName": 152807650
    },
    {
        "CharacterName": 1368644478
    },
    {
        "CharacterName": 2420267461
    },
    {
        "CharacterName": 27560089
    },
    {
        "CharacterName": 2021822400
    },
    {
        "CharacterName": 810353067
    },
    {
        "CharacterName": 3499747991
    },
    {
        "CharacterName": 1356739060
    },
    {
        "CharacterName": 3911932593
    },
    {
        "CharacterName": 1743410264
    },
    {
        "CharacterName": 2199267344
    },
    {
        "CharacterName": 470642335
    },
    {
        "CharacterName": 3201255710
    },
    {
        "CharacterName": 3070711825
    },
    {
        "CharacterName": 296133630
    },
    {
        "CharacterName": 2181944830
    },
    {
        "CharacterName": 284954573
    },
    {
        "CharacterName": 4095167268
    },
    {
        "CharacterName": 57812608
    },
    {
        "CharacterName": 2768202890
    },
    {
        "CharacterName": 330118802
    },
    {
        "CharacterName": 617812583
    },
    {
        "CharacterName": 1389808306
    },
    {
        "CharacterName": 2209672421
    },
    {
        "CharacterName": 983442591
    },
    {
        "CharacterName": 316081590
    },
    {
        "CharacterName": 1310015341
    },
    {
        "CharacterName": 3328588401
    },
    {
        "CharacterName": 356164448
    },
    {
        "CharacterName": 3390511847
    },
    {
        "CharacterName": 1033576123
    },
    {
        "CharacterName": 3844430200
    },
    {
        "CharacterName": 1039460587
    },
    {
        "CharacterName": 1542474000
    },
    {
        "CharacterName": 3500497902
    },
    {
        "CharacterName": 2936607353
    },
    {
        "CharacterName": 2945605158
    },
    {
        "CharacterName": 2977314474
    },
    {
        "CharacterName": 2366186686
    },
    {
        "CharacterName": 1579793369
    },
    {
        "CharacterName": 624918696
    },
    {
        "CharacterName": 4288604580
    },
    {
        "CharacterName": 2984295406
    },
    {
        "CharacterName": 3028898512
    },
    {
        "CharacterName": 90247049
    },
    {
        "CharacterName": 3650333586
    },
    {
        "CharacterName": 3695692758
    },
    {
        "CharacterName": 2338656894
    },
    {
        "CharacterName": 2110310702
    },
    {
        "CharacterName": 415892109
    },
    {
        "CharacterName": 1406197865
    },
    {
        "CharacterName": 1564765817
    },
    {
        "CharacterName": 98400382
    },
    {
        "CharacterName": 2876883227
    },
    {
        "CharacterName": 1825963036
    },
    {
        "CharacterName": 1226379983
    },
    {
        "CharacterName": 4143875875
    },
    {
        "CharacterName": 3096937814
    },
    {
        "CharacterName": 2291568405
    },
    {
        "CharacterName": 3216567952
    },
    {
        "CharacterName": 1167679182
    },
    {
        "CharacterName": 2076506041
    },
    {
        "CharacterName": 731497278
    },
    {
        "CharacterName": 650092962
    },
    {
        "CharacterName": 2564763672
    },
    {
        "CharacterName": 1371377982
    },
    {
        "CharacterName": 824357689
    },
    {
        "CharacterName": 1981349053
    },
    {
        "CharacterName": 3814483375
    },
    {
        "CharacterName": 829513565
    },
    {
        "CharacterName": 815470840
    },
    {
        "CharacterName": 1035459278
    },
    {
        "CharacterName": 1240737973
    },
    {
        "CharacterName": 152511635
    },
    {
        "CharacterName": 1402676909
    },
    {
        "CharacterName": 2728579988
    },
    {
        "CharacterName": 1242941491
    },
    {
        "CharacterName": 1461686624
    },
    {
        "CharacterName": 1624681653
    },
    {
        "CharacterName": 844401840
    },
    {
        "CharacterName": 1427243599
    },
    {
        "CharacterName": 2798620463
    },
    {
        "CharacterName": 4058633726
    },
    {
        "CharacterName": 200401217
    },
    {
        "CharacterName": 2934756289
    },
    {
        "CharacterName": 3135870048
    },
    {
        "CharacterName": 1069297461
    },
    {
        "CharacterName": 2236715605
    },
    {
        "CharacterName": 1368747603
    },
    {
        "CharacterName": 925698418
    },
    {
        "CharacterName": 3230624832
    },
    {
        "CharacterName": 1741282642
    },
    {
        "CharacterName": 280192018
    },
    {
        "CharacterName": 3715911710
    },
    {
        "CharacterName": 3146208881
    },
    {
        "CharacterName": 890422293
    },
    {
        "CharacterName": 3409171836
    },
    {
        "CharacterName": 3191587300
    },
    {
        "CharacterName": 786074419
    },
    {
        "CharacterName": 2267054386
    },
    {
        "CharacterName": 654261092
    },
    {
        "CharacterName": 574326841
    },
    {
        "CharacterName": 2389193665
    },
    {
        "CharacterName": 4024920462
    },
    {
        "CharacterName": 2461752050
    },
    {
        "CharacterName": 2199937616
    },
    {
        "CharacterName": 2607627199
    },
    {
        "CharacterName": 426633173
    },
    {
        "CharacterName": 562507982
    },
    {
        "CharacterName": 2567021864
    },
    {
        "CharacterName": 630460795
    },
    {
        "CharacterName": 1537620583
    },
    {
        "CharacterName": 1129333801
    },
    {
        "CharacterName": 3254239687
    },
    {
        "CharacterName": 2075585262
    },
    {
        "CharacterName": 199200391
    },
    {
        "CharacterName": 3027952200
    },
    {
        "CharacterName": 3681550273
    },
    {
        "CharacterName": 1239359322
    },
    {
        "CharacterName": 3936304122
    },
    {
        "CharacterName": 1952929904
    },
    {
        "CharacterName": 4282258599
    },
    {
        "CharacterName": 3160347884
    },
    {
        "CharacterName": 3522951416
    },
    {
        "CharacterName": 3696276768
    },
    {
        "CharacterName": 2844129302
    },
    {
        "CharacterName": 3050103321
    },
    {
        "CharacterName": 3058562048
    },
    {
        "CharacterName": 2557429434
    },
    {
        "CharacterName": 1752666353
    },
    {
        "CharacterName": 2319434180
    },
    {
        "CharacterName": 3851565942
    },
    {
        "CharacterName": 4081678076
    },
    {
        "CharacterName": 2695951366
    },
    {
        "CharacterName": 2883110953
    },
    {
        "CharacterName": 2675737976
    },
    {
        "CharacterName": 3771362116
    },
    {
        "CharacterName": 3414603327
    },
    {
        "CharacterName": 1783146257
    },
    {
        "CharacterName": 1147301227
    },
    {
        "CharacterName": 2284942956
    },
    {
        "CharacterName": 93591079
    },
    {
        "CharacterName": 3528176617
    },
    {
        "CharacterName": 743108280
    },
    {
        "CharacterName": 441301037
    },
    {
        "CharacterName": 3985617939
    },
    {
        "CharacterName": 4003266896
    },
    {
        "CharacterName": 2906042437
    },
    {
        "CharacterName": 4265170508
    },
    {
        "CharacterName": 1443013420
    },
    {
        "CharacterName": 1384846030
    },
    {
        "CharacterName": 1660217230
    },
    {
        "CharacterName": 3441678939
    },
    {
        "CharacterName": 1785681448
    },
    {
        "CharacterName": 3189517446
    },
    {
        "CharacterName": 2328668623
    },
    {
        "CharacterName": 4050034356
    },
    {
        "CharacterName": 3658370491
    },
    {
        "CharacterName": 896890564
    },
    {
        "CharacterName": 3898277150
    },
    {
        "CharacterName": 1126141888
    },
    {
        "CharacterName": 2294746423
    },
    {
        "CharacterName": 2850617078
    },
    {
        "CharacterName": 2829494575
    },
    {
        "CharacterName": 3108116971
    },
    {
        "CharacterName": 711848336
    },
    {
        "CharacterName": 440348322
    },
    {
        "CharacterName": 3156009369
    },
    {
        "CharacterName": 1366355769
    },
    {
        "CharacterName": 599472401
    },
    {
        "CharacterName": 854830926
    },
    {
        "CharacterName": 2968545050
    },
    {
        "CharacterName": 485710985
    },
    {
        "CharacterName": 2762653079
    },
    {
        "CharacterName": 707766548
    },
    {
        "CharacterName": 4075145875
    },
    {
        "CharacterName": 2726905532
    },
    {
        "CharacterName": 2888066145
    },
    {
        "CharacterName": 1995229073
    },
    {
        "CharacterName": 201141445
    },
    {
        "CharacterName": 4264400689
    },
    {
        "CharacterName": 1929047300
    },
    {
        "CharacterName": 437799322
    },
    {
        "CharacterName": 667587644
    },
    {
        "CharacterName": 3806832606
    },
    {
        "CharacterName": 2676293851
    },
    {
        "CharacterName": 3181290544
    },
    {
        "CharacterName": 4159787692
    },
    {
        "CharacterName": 2472094930
    },
    {
        "CharacterName": 2834919927
    },
    {
        "CharacterName": 286649054
    },
    {
        "CharacterName": 2385138583
    },
    {
        "CharacterName": 1230667713
    },
    {
        "CharacterName": 2223920666
    },
    {
        "CharacterName": 2416928102
    },
    {
        "CharacterName": 2592787808
    },
    {
        "CharacterName": 3986196559
    },
    {
        "CharacterName": 898370485
    },
    {
        "CharacterName": 1204049669
    },
    {
        "CharacterName": 2808085725
    },
    {
        "CharacterName": 2628536107
    },
    {
        "CharacterName": 3020817836
    },
    {
        "CharacterName": 2462486686
    },
    {
        "CharacterName": 735019811
    },
    {
        "CharacterName": 821116785
    },
    {
        "CharacterName": 2449172736
    },
    {
        "CharacterName": 2410419594
    },
    {
        "CharacterName": 417410543
    },
    {
        "CharacterName": 832150794
    },
    {
        "CharacterName": 4254738514
    },
    {
        "CharacterName": 3467008052
    },
    {
        "CharacterName": 3576449428
    },
    {
        "CharacterName": 4202695592
    },
    {
        "CharacterName": 3338075239
    },
    {
        "CharacterName": 3733203817
    },
    {
        "CharacterName": 2536362535
    },
    {
        "CharacterName": 2823626107
    },
    {
        "CharacterName": 3729928479
    },
    {
        "CharacterName": 2594506669
    },
    {
        "CharacterName": 833982577
    },
    {
        "CharacterName": 1815300439
    },
    {
        "CharacterName": 3539648162
    },
    {
        "CharacterName": 3387678696
    },
    {
        "CharacterName": 595775273
    },
    {
        "CharacterName": 247726485
    },
    {
        "CharacterName": 2950074852
    },
    {
        "CharacterName": 2012363456
    },
    {
        "CharacterName": 2015471817
    },
    {
        "CharacterName": 2117835984
    },
    {
        "CharacterName": 1779334999
    },
    {
        "CharacterName": 947853028
    },
    {
        "CharacterName": 1339309035
    },
    {
        "CharacterName": 7295039
    },
    {
        "CharacterName": 2679574302
    },
    {
        "CharacterName": 3300661720
    },
    {
        "CharacterName": 3157538315
    },
    {
        "CharacterName": 2801665315
    },
    {
        "CharacterName": 3944720736
    },
    {
        "CharacterName": 3374319545
    },
    {
        "CharacterName": 3274400169
    },
    {
        "CharacterName": 1833412855
    },
    {
        "CharacterName": 522570547
    },
    {
        "CharacterName": 1374600049
    },
    {
        "CharacterName": 1134841151
    },
    {
        "CharacterName": 571090897
    },
    {
        "CharacterName": 2902076933
    },
    {
        "CharacterName": 743471638
    },
    {
        "CharacterName": 669703694
    },
    {
        "CharacterName": 1670770892
    },
    {
        "CharacterName": 3381971706
    },
    {
        "CharacterName": 2270456110
    },
    {
        "CharacterName": 3746498845
    },
    {
        "CharacterName": 1368171815
    },
    {
        "CharacterName": 1067993256
    },
    {
        "CharacterName": 107137784
    },
    {
        "CharacterName": 3686551841
    },
    {
        "CharacterName": 3908770318
    },
    {
        "CharacterName": 709734662
    },
    {
        "CharacterName": 168761177
    },
    {
        "CharacterName": 4228429495
    },
    {
        "CharacterName": 3232971912
    },
    {
        "CharacterName": 78814930
    },
    {
        "CharacterName": 3562618385
    },
    {
        "CharacterName": 2916437769
    },
    {
        "CharacterName": 2958072849
    },
    {
        "CharacterName": 2896017186
    },
    {
        "CharacterName": 3709504006
    },
    {
        "CharacterName": 3282888030
    },
    {
        "CharacterName": 2876499512
    },
    {
        "CharacterName": 3384410477
    },
    {
        "CharacterName": 1396976834
    },
    {
        "CharacterName": 1050364452
    },
    {
        "CharacterName": 3966225818
    },
    {
        "CharacterName": 226439060
    },
    {
        "CharacterName": 1777372464
    },
    {
        "CharacterName": 4096093298
    },
    {
        "CharacterName": 4250897845
    },
    {
        "CharacterName": 4148281417
    },
    {
        "CharacterName": 944552808
    },
    {
        "CharacterName": 3466801475
    },
    {
        "CharacterName": 3795305544
    },
    {
        "CharacterName": 2163031874
    },
    {
        "CharacterName": 1326233996
    },
    {
        "CharacterName": 1342669915
    },
    {
        "CharacterName": 3492165000
    },
    {
        "CharacterName": 1246932636
    },
    {
        "CharacterName": 4238705772
    },
    {
        "CharacterName": 1814623873
    },
    {
        "CharacterName": 3492347339
    },
    {
        "CharacterName": 2476599691
    },
    {
        "CharacterName": 2725211005
    },
    {
        "CharacterName": 4086219216
    },
    {
        "CharacterName": 1623498952
    },
    {
        "CharacterName": 567577932
    },
    {
        "CharacterName": 2078448860
    },
    {
        "CharacterName": 1282275383
    },
    {
        "CharacterName": 2010253428
    }
]