[
    {
        "Id": 100002,
        "ScheduleGroupId": 10000
    },
    {
        "Id": 100003,
        "ScheduleGroupId": 10000
    },
    {
        "Id": 100005,
        "ScheduleGroupId": 10000
    },
    {
        "Id": 100006,
        "ScheduleGroupId": 10000
    },
    {
        "Id": 1000020,
        "ScheduleGroupId": 10000
    },
    {
        "Id": 100012,
        "ScheduleGroupId": 10001
    },
    {
        "Id": 100013,
        "ScheduleGroupId": 10001
    },
    {
        "Id": 100015,
        "ScheduleGroupId": 10001
    },
    {
        "Id": 100016,
        "ScheduleGroupId": 10001
    },
    {
        "Id": 100018,
        "ScheduleGroupId": 10001
    },
    {
        "Id": 1000120,
        "ScheduleGroupId": 10001
    },
    {
        "Id": 100022,
        "ScheduleGroupId": 10002
    },
    {
        "Id": 100023,
        "ScheduleGroupId": 10002
    },
    {
        "Id": 100025,
        "ScheduleGroupId": 10002
    },
    {
        "Id": 100026,
        "ScheduleGroupId": 10002
    },
    {
        "Id": 100032,
        "ScheduleGroupId": 10003
    },
    {
        "Id": 100033,
        "ScheduleGroupId": 10003
    },
    {
        "Id": 100035,
        "ScheduleGroupId": 10003
    },
    {
        "Id": 100036,
        "ScheduleGroupId": 10003
    },
    {
        "Id": 100038,
        "ScheduleGroupId": 10003
    },
    {
        "Id": 100039,
        "ScheduleGroupId": 10003
    },
    {
        "Id": 100042,
        "ScheduleGroupId": 10004
    },
    {
        "Id": 100043,
        "ScheduleGroupId": 10004
    },
    {
        "Id": 100045,
        "ScheduleGroupId": 10004
    },
    {
        "Id": 100046,
        "ScheduleGroupId": 10004
    },
    {
        "Id": 100048,
        "ScheduleGroupId": 10004
    },
    {
        "Id": 1000415,
        "ScheduleGroupId": 10004
    },
    {
        "Id": 100052,
        "ScheduleGroupId": 10005
    },
    {
        "Id": 100053,
        "ScheduleGroupId": 10005
    },
    {
        "Id": 100055,
        "ScheduleGroupId": 10005
    },
    {
        "Id": 100056,
        "ScheduleGroupId": 10005
    },
    {
        "Id": 100058,
        "ScheduleGroupId": 10005
    },
    {
        "Id": 100059,
        "ScheduleGroupId": 10005
    },
    {
        "Id": 1000515,
        "ScheduleGroupId": 10005
    },
    {
        "Id": 100062,
        "ScheduleGroupId": 10006
    },
    {
        "Id": 100063,
        "ScheduleGroupId": 10006
    },
    {
        "Id": 100065,
        "ScheduleGroupId": 10006
    },
    {
        "Id": 100066,
        "ScheduleGroupId": 10006
    },
    {
        "Id": 100068,
        "ScheduleGroupId": 10006
    },
    {
        "Id": 100072,
        "ScheduleGroupId": 10007
    },
    {
        "Id": 100073,
        "ScheduleGroupId": 10007
    },
    {
        "Id": 100075,
        "ScheduleGroupId": 10007
    },
    {
        "Id": 100076,
        "ScheduleGroupId": 10007
    },
    {
        "Id": 100078,
        "ScheduleGroupId": 10007
    },
    {
        "Id": 100082,
        "ScheduleGroupId": 10008
    },
    {
        "Id": 100083,
        "ScheduleGroupId": 10008
    },
    {
        "Id": 100085,
        "ScheduleGroupId": 10008
    },
    {
        "Id": 100086,
        "ScheduleGroupId": 10008
    },
    {
        "Id": 100088,
        "ScheduleGroupId": 10008
    },
    {
        "Id": 1000820,
        "ScheduleGroupId": 10008
    },
    {
        "Id": 100092,
        "ScheduleGroupId": 10009
    },
    {
        "Id": 100093,
        "ScheduleGroupId": 10009
    },
    {
        "Id": 100095,
        "ScheduleGroupId": 10009
    },
    {
        "Id": 1000920,
        "ScheduleGroupId": 10009
    },
    {
        "Id": 100102,
        "ScheduleGroupId": 10010
    },
    {
        "Id": 100103,
        "ScheduleGroupId": 10010
    },
    {
        "Id": 100105,
        "ScheduleGroupId": 10010
    },
    {
        "Id": 100106,
        "ScheduleGroupId": 10010
    },
    {
        "Id": 100108,
        "ScheduleGroupId": 10010
    },
    {
        "Id": 100109,
        "ScheduleGroupId": 10010
    },
    {
        "Id": 1001020,
        "ScheduleGroupId": 10010
    },
    {
        "Id": 100112,
        "ScheduleGroupId": 10011
    },
    {
        "Id": 100113,
        "ScheduleGroupId": 10011
    },
    {
        "Id": 100115,
        "ScheduleGroupId": 10011
    },
    {
        "Id": 100116,
        "ScheduleGroupId": 10011
    },
    {
        "Id": 100118,
        "ScheduleGroupId": 10011
    },
    {
        "Id": 100119,
        "ScheduleGroupId": 10011
    },
    {
        "Id": 100122,
        "ScheduleGroupId": 10012
    },
    {
        "Id": 100123,
        "ScheduleGroupId": 10012
    },
    {
        "Id": 100125,
        "ScheduleGroupId": 10012
    },
    {
        "Id": 100126,
        "ScheduleGroupId": 10012
    },
    {
        "Id": 1001220,
        "ScheduleGroupId": 10012
    },
    {
        "Id": 100132,
        "ScheduleGroupId": 10013
    },
    {
        "Id": 100133,
        "ScheduleGroupId": 10013
    },
    {
        "Id": 100135,
        "ScheduleGroupId": 10013
    },
    {
        "Id": 1001320,
        "ScheduleGroupId": 10013
    },
    {
        "Id": 130002,
        "ScheduleGroupId": 13000
    },
    {
        "Id": 130003,
        "ScheduleGroupId": 13000
    },
    {
        "Id": 130005,
        "ScheduleGroupId": 13000
    },
    {
        "Id": 130006,
        "ScheduleGroupId": 13000
    },
    {
        "Id": 130008,
        "ScheduleGroupId": 13000
    },
    {
        "Id": 130009,
        "ScheduleGroupId": 13000
    },
    {
        "Id": 130012,
        "ScheduleGroupId": 13001
    },
    {
        "Id": 130013,
        "ScheduleGroupId": 13001
    },
    {
        "Id": 130015,
        "ScheduleGroupId": 13001
    },
    {
        "Id": 1300115,
        "ScheduleGroupId": 13001
    },
    {
        "Id": 130032,
        "ScheduleGroupId": 13003
    },
    {
        "Id": 130033,
        "ScheduleGroupId": 13003
    },
    {
        "Id": 130035,
        "ScheduleGroupId": 13003
    },
    {
        "Id": 130036,
        "ScheduleGroupId": 13003
    },
    {
        "Id": 130038,
        "ScheduleGroupId": 13003
    },
    {
        "Id": 1300315,
        "ScheduleGroupId": 13003
    },
    {
        "Id": 130042,
        "ScheduleGroupId": 13004
    },
    {
        "Id": 130043,
        "ScheduleGroupId": 13004
    },
    {
        "Id": 130045,
        "ScheduleGroupId": 13004
    },
    {
        "Id": 130046,
        "ScheduleGroupId": 13004
    },
    {
        "Id": 130048,
        "ScheduleGroupId": 13004
    },
    {
        "Id": 1300415,
        "ScheduleGroupId": 13004
    },
    {
        "Id": 130052,
        "ScheduleGroupId": 13005
    },
    {
        "Id": 130053,
        "ScheduleGroupId": 13005
    },
    {
        "Id": 130055,
        "ScheduleGroupId": 13005
    },
    {
        "Id": 130056,
        "ScheduleGroupId": 13005
    },
    {
        "Id": 130058,
        "ScheduleGroupId": 13005
    },
    {
        "Id": 130062,
        "ScheduleGroupId": 13006
    },
    {
        "Id": 130063,
        "ScheduleGroupId": 13006
    },
    {
        "Id": 130065,
        "ScheduleGroupId": 13006
    },
    {
        "Id": 130066,
        "ScheduleGroupId": 13006
    },
    {
        "Id": 130082,
        "ScheduleGroupId": 13008
    },
    {
        "Id": 130083,
        "ScheduleGroupId": 13008
    },
    {
        "Id": 130085,
        "ScheduleGroupId": 13008
    },
    {
        "Id": 130086,
        "ScheduleGroupId": 13008
    },
    {
        "Id": 130088,
        "ScheduleGroupId": 13008
    },
    {
        "Id": 130089,
        "ScheduleGroupId": 13008
    },
    {
        "Id": 1300820,
        "ScheduleGroupId": 13008
    },
    {
        "Id": 130092,
        "ScheduleGroupId": 13009
    },
    {
        "Id": 130093,
        "ScheduleGroupId": 13009
    },
    {
        "Id": 130095,
        "ScheduleGroupId": 13009
    },
    {
        "Id": 130096,
        "ScheduleGroupId": 13009
    },
    {
        "Id": 130101,
        "ScheduleGroupId": 13010
    },
    {
        "Id": 130103,
        "ScheduleGroupId": 13010
    },
    {
        "Id": 130105,
        "ScheduleGroupId": 13010
    },
    {
        "Id": 130106,
        "ScheduleGroupId": 13010
    },
    {
        "Id": 130108,
        "ScheduleGroupId": 13010
    },
    {
        "Id": 1301020,
        "ScheduleGroupId": 13010
    },
    {
        "Id": 130072,
        "ScheduleGroupId": 13007
    },
    {
        "Id": 130073,
        "ScheduleGroupId": 13007
    },
    {
        "Id": 130075,
        "ScheduleGroupId": 13007
    },
    {
        "Id": 130076,
        "ScheduleGroupId": 13007
    },
    {
        "Id": 130078,
        "ScheduleGroupId": 13007
    },
    {
        "Id": 1300720,
        "ScheduleGroupId": 13007
    },
    {
        "Id": 130022,
        "ScheduleGroupId": 13002
    },
    {
        "Id": 130023,
        "ScheduleGroupId": 13002
    },
    {
        "Id": 130025,
        "ScheduleGroupId": 13002
    },
    {
        "Id": 130026,
        "ScheduleGroupId": 13002
    },
    {
        "Id": 160022,
        "ScheduleGroupId": 16002
    },
    {
        "Id": 160023,
        "ScheduleGroupId": 16002
    },
    {
        "Id": 160025,
        "ScheduleGroupId": 16002
    },
    {
        "Id": 160026,
        "ScheduleGroupId": 16002
    },
    {
        "Id": 1600215,
        "ScheduleGroupId": 16002
    },
    {
        "Id": 200002,
        "ScheduleGroupId": 20000
    },
    {
        "Id": 200003,
        "ScheduleGroupId": 20000
    },
    {
        "Id": 200005,
        "ScheduleGroupId": 20000
    },
    {
        "Id": 200006,
        "ScheduleGroupId": 20000
    },
    {
        "Id": 200008,
        "ScheduleGroupId": 20000
    },
    {
        "Id": 200009,
        "ScheduleGroupId": 20000
    },
    {
        "Id": 2000015,
        "ScheduleGroupId": 20000
    },
    {
        "Id": 200012,
        "ScheduleGroupId": 20001
    },
    {
        "Id": 200013,
        "ScheduleGroupId": 20001
    },
    {
        "Id": 200015,
        "ScheduleGroupId": 20001
    },
    {
        "Id": 200016,
        "ScheduleGroupId": 20001
    },
    {
        "Id": 200018,
        "ScheduleGroupId": 20001
    },
    {
        "Id": 200019,
        "ScheduleGroupId": 20001
    },
    {
        "Id": 200022,
        "ScheduleGroupId": 20002
    },
    {
        "Id": 200023,
        "ScheduleGroupId": 20002
    },
    {
        "Id": 200025,
        "ScheduleGroupId": 20002
    },
    {
        "Id": 200026,
        "ScheduleGroupId": 20002
    },
    {
        "Id": 200028,
        "ScheduleGroupId": 20002
    },
    {
        "Id": 200029,
        "ScheduleGroupId": 20002
    },
    {
        "Id": 230012,
        "ScheduleGroupId": 23001
    },
    {
        "Id": 230013,
        "ScheduleGroupId": 23001
    },
    {
        "Id": 230015,
        "ScheduleGroupId": 23001
    },
    {
        "Id": 230016,
        "ScheduleGroupId": 23001
    },
    {
        "Id": 230018,
        "ScheduleGroupId": 23001
    },
    {
        "Id": 230022,
        "ScheduleGroupId": 23002
    },
    {
        "Id": 230023,
        "ScheduleGroupId": 23002
    },
    {
        "Id": 230025,
        "ScheduleGroupId": 23002
    },
    {
        "Id": 230026,
        "ScheduleGroupId": 23002
    },
    {
        "Id": 230028,
        "ScheduleGroupId": 23002
    },
    {
        "Id": 260012,
        "ScheduleGroupId": 26001
    },
    {
        "Id": 260013,
        "ScheduleGroupId": 26001
    },
    {
        "Id": 260015,
        "ScheduleGroupId": 26001
    },
    {
        "Id": 260016,
        "ScheduleGroupId": 26001
    },
    {
        "Id": 230042,
        "ScheduleGroupId": 23004
    },
    {
        "Id": 230043,
        "ScheduleGroupId": 23004
    },
    {
        "Id": 230045,
        "ScheduleGroupId": 23004
    },
    {
        "Id": 230046,
        "ScheduleGroupId": 23004
    },
    {
        "Id": 230048,
        "ScheduleGroupId": 23004
    },
    {
        "Id": 2300420,
        "ScheduleGroupId": 23004
    },
    {
        "Id": 230032,
        "ScheduleGroupId": 23003
    },
    {
        "Id": 230033,
        "ScheduleGroupId": 23003
    },
    {
        "Id": 230035,
        "ScheduleGroupId": 23003
    },
    {
        "Id": 230036,
        "ScheduleGroupId": 23003
    },
    {
        "Id": 2300320,
        "ScheduleGroupId": 23003
    },
    {
        "Id": 260032,
        "ScheduleGroupId": 26003
    },
    {
        "Id": 260033,
        "ScheduleGroupId": 26003
    },
    {
        "Id": 260035,
        "ScheduleGroupId": 26003
    },
    {
        "Id": 260036,
        "ScheduleGroupId": 26003
    },
    {
        "Id": 260052,
        "ScheduleGroupId": 26005
    },
    {
        "Id": 260053,
        "ScheduleGroupId": 26005
    },
    {
        "Id": 260055,
        "ScheduleGroupId": 26005
    },
    {
        "Id": 260056,
        "ScheduleGroupId": 26005
    },
    {
        "Id": 2600515,
        "ScheduleGroupId": 26005
    },
    {
        "Id": 160032,
        "ScheduleGroupId": 16003
    },
    {
        "Id": 160033,
        "ScheduleGroupId": 16003
    },
    {
        "Id": 160035,
        "ScheduleGroupId": 16003
    },
    {
        "Id": 160036,
        "ScheduleGroupId": 16003
    },
    {
        "Id": 1600320,
        "ScheduleGroupId": 16003
    },
    {
        "Id": 260042,
        "ScheduleGroupId": 26004
    },
    {
        "Id": 260043,
        "ScheduleGroupId": 26004
    },
    {
        "Id": 260045,
        "ScheduleGroupId": 26004
    },
    {
        "Id": 260046,
        "ScheduleGroupId": 26004
    },
    {
        "Id": 230002,
        "ScheduleGroupId": 23000
    },
    {
        "Id": 230003,
        "ScheduleGroupId": 23000
    },
    {
        "Id": 230005,
        "ScheduleGroupId": 23000
    },
    {
        "Id": 230006,
        "ScheduleGroupId": 23000
    },
    {
        "Id": 230052,
        "ScheduleGroupId": 23005
    },
    {
        "Id": 230053,
        "ScheduleGroupId": 23005
    },
    {
        "Id": 230055,
        "ScheduleGroupId": 23005
    },
    {
        "Id": 260002,
        "ScheduleGroupId": 26000
    },
    {
        "Id": 260003,
        "ScheduleGroupId": 26000
    },
    {
        "Id": 260005,
        "ScheduleGroupId": 26000
    },
    {
        "Id": 260006,
        "ScheduleGroupId": 26000
    },
    {
        "Id": 2600015,
        "ScheduleGroupId": 26000
    },
    {
        "Id": 160002,
        "ScheduleGroupId": 16000
    },
    {
        "Id": 160003,
        "ScheduleGroupId": 16000
    },
    {
        "Id": 160005,
        "ScheduleGroupId": 16000
    },
    {
        "Id": 160006,
        "ScheduleGroupId": 16000
    },
    {
        "Id": 160008,
        "ScheduleGroupId": 16000
    },
    {
        "Id": 260022,
        "ScheduleGroupId": 26002
    },
    {
        "Id": 260023,
        "ScheduleGroupId": 26002
    },
    {
        "Id": 260025,
        "ScheduleGroupId": 26002
    },
    {
        "Id": 260026,
        "ScheduleGroupId": 26002
    },
    {
        "Id": 160012,
        "ScheduleGroupId": 16001
    },
    {
        "Id": 160013,
        "ScheduleGroupId": 16001
    },
    {
        "Id": 160015,
        "ScheduleGroupId": 16001
    },
    {
        "Id": 160016,
        "ScheduleGroupId": 16001
    },
    {
        "Id": 160042,
        "ScheduleGroupId": 16004
    },
    {
        "Id": 160043,
        "ScheduleGroupId": 16004
    },
    {
        "Id": 160045,
        "ScheduleGroupId": 16004
    },
    {
        "Id": 160046,
        "ScheduleGroupId": 16004
    },
    {
        "Id": 200032,
        "ScheduleGroupId": 20003
    },
    {
        "Id": 200033,
        "ScheduleGroupId": 20003
    },
    {
        "Id": 200035,
        "ScheduleGroupId": 20003
    },
    {
        "Id": 200036,
        "ScheduleGroupId": 20003
    },
    {
        "Id": 200038,
        "ScheduleGroupId": 20003
    },
    {
        "Id": 200039,
        "ScheduleGroupId": 20003
    },
    {
        "Id": 2000315,
        "ScheduleGroupId": 20003
    },
    {
        "Id": 100142,
        "ScheduleGroupId": 10014
    },
    {
        "Id": 100143,
        "ScheduleGroupId": 10014
    },
    {
        "Id": 100145,
        "ScheduleGroupId": 10014
    },
    {
        "Id": 100146,
        "ScheduleGroupId": 10014
    },
    {
        "Id": 190172,
        "ScheduleGroupId": 19017
    },
    {
        "Id": 190173,
        "ScheduleGroupId": 19017
    },
    {
        "Id": 190175,
        "ScheduleGroupId": 19017
    },
    {
        "Id": 190176,
        "ScheduleGroupId": 19017
    },
    {
        "Id": 230062,
        "ScheduleGroupId": 23006
    },
    {
        "Id": 230063,
        "ScheduleGroupId": 23006
    },
    {
        "Id": 230065,
        "ScheduleGroupId": 23006
    },
    {
        "Id": 230066,
        "ScheduleGroupId": 23006
    },
    {
        "Id": 2300615,
        "ScheduleGroupId": 23006
    },
    {
        "Id": 100152,
        "ScheduleGroupId": 10015
    },
    {
        "Id": 100153,
        "ScheduleGroupId": 10015
    },
    {
        "Id": 100155,
        "ScheduleGroupId": 10015
    },
    {
        "Id": 100156,
        "ScheduleGroupId": 10015
    },
    {
        "Id": 100158,
        "ScheduleGroupId": 10015
    },
    {
        "Id": 100162,
        "ScheduleGroupId": 10016
    },
    {
        "Id": 100163,
        "ScheduleGroupId": 10016
    },
    {
        "Id": 100165,
        "ScheduleGroupId": 10016
    },
    {
        "Id": 100166,
        "ScheduleGroupId": 10016
    },
    {
        "Id": 1001615,
        "ScheduleGroupId": 10016
    },
    {
        "Id": 130112,
        "ScheduleGroupId": 13011
    },
    {
        "Id": 130113,
        "ScheduleGroupId": 13011
    },
    {
        "Id": 130115,
        "ScheduleGroupId": 13011
    },
    {
        "Id": 130116,
        "ScheduleGroupId": 13011
    },
    {
        "Id": 100172,
        "ScheduleGroupId": 10017
    },
    {
        "Id": 100173,
        "ScheduleGroupId": 10017
    },
    {
        "Id": 100175,
        "ScheduleGroupId": 10017
    },
    {
        "Id": 100176,
        "ScheduleGroupId": 10017
    },
    {
        "Id": 100178,
        "ScheduleGroupId": 10017
    },
    {
        "Id": 100182,
        "ScheduleGroupId": 10018
    },
    {
        "Id": 100183,
        "ScheduleGroupId": 10018
    },
    {
        "Id": 100185,
        "ScheduleGroupId": 10018
    },
    {
        "Id": 100186,
        "ScheduleGroupId": 10018
    },
    {
        "Id": 100188,
        "ScheduleGroupId": 10018
    },
    {
        "Id": 260062,
        "ScheduleGroupId": 26006
    },
    {
        "Id": 260063,
        "ScheduleGroupId": 26006
    },
    {
        "Id": 260065,
        "ScheduleGroupId": 26006
    },
    {
        "Id": 260066,
        "ScheduleGroupId": 26006
    },
    {
        "Id": 260068,
        "ScheduleGroupId": 26006
    },
    {
        "Id": 100192,
        "ScheduleGroupId": 10019
    },
    {
        "Id": 100193,
        "ScheduleGroupId": 10019
    },
    {
        "Id": 100195,
        "ScheduleGroupId": 10019
    },
    {
        "Id": 100196,
        "ScheduleGroupId": 10019
    },
    {
        "Id": 100202,
        "ScheduleGroupId": 10020
    },
    {
        "Id": 100203,
        "ScheduleGroupId": 10020
    },
    {
        "Id": 100205,
        "ScheduleGroupId": 10020
    },
    {
        "Id": 100206,
        "ScheduleGroupId": 10020
    },
    {
        "Id": 230072,
        "ScheduleGroupId": 23007
    },
    {
        "Id": 230073,
        "ScheduleGroupId": 23007
    },
    {
        "Id": 230075,
        "ScheduleGroupId": 23007
    },
    {
        "Id": 230076,
        "ScheduleGroupId": 23007
    },
    {
        "Id": 2300720,
        "ScheduleGroupId": 23007
    },
    {
        "Id": 100212,
        "ScheduleGroupId": 10021
    },
    {
        "Id": 100213,
        "ScheduleGroupId": 10021
    },
    {
        "Id": 100215,
        "ScheduleGroupId": 10021
    },
    {
        "Id": 100216,
        "ScheduleGroupId": 10021
    },
    {
        "Id": 160052,
        "ScheduleGroupId": 16005
    },
    {
        "Id": 160053,
        "ScheduleGroupId": 16005
    },
    {
        "Id": 160055,
        "ScheduleGroupId": 16005
    },
    {
        "Id": 200042,
        "ScheduleGroupId": 20004
    },
    {
        "Id": 200043,
        "ScheduleGroupId": 20004
    },
    {
        "Id": 200045,
        "ScheduleGroupId": 20004
    },
    {
        "Id": 200046,
        "ScheduleGroupId": 20004
    },
    {
        "Id": 200052,
        "ScheduleGroupId": 20005
    },
    {
        "Id": 200053,
        "ScheduleGroupId": 20005
    },
    {
        "Id": 200055,
        "ScheduleGroupId": 20005
    },
    {
        "Id": 200056,
        "ScheduleGroupId": 20005
    },
    {
        "Id": 2000520,
        "ScheduleGroupId": 20005
    },
    {
        "Id": 160062,
        "ScheduleGroupId": 16006
    },
    {
        "Id": 160063,
        "ScheduleGroupId": 16006
    },
    {
        "Id": 160065,
        "ScheduleGroupId": 16006
    },
    {
        "Id": 1600620,
        "ScheduleGroupId": 16006
    },
    {
        "Id": 100222,
        "ScheduleGroupId": 10022
    },
    {
        "Id": 100223,
        "ScheduleGroupId": 10022
    },
    {
        "Id": 100225,
        "ScheduleGroupId": 10022
    },
    {
        "Id": 1002220,
        "ScheduleGroupId": 10022
    },
    {
        "Id": 100232,
        "ScheduleGroupId": 10023
    },
    {
        "Id": 100233,
        "ScheduleGroupId": 10023
    },
    {
        "Id": 100235,
        "ScheduleGroupId": 10023
    },
    {
        "Id": 100236,
        "ScheduleGroupId": 10023
    },
    {
        "Id": 1002315,
        "ScheduleGroupId": 10023
    },
    {
        "Id": 100242,
        "ScheduleGroupId": 10024
    },
    {
        "Id": 100243,
        "ScheduleGroupId": 10024
    },
    {
        "Id": 100245,
        "ScheduleGroupId": 10024
    },
    {
        "Id": 100246,
        "ScheduleGroupId": 10024
    },
    {
        "Id": 100252,
        "ScheduleGroupId": 10025
    },
    {
        "Id": 100253,
        "ScheduleGroupId": 10025
    },
    {
        "Id": 100255,
        "ScheduleGroupId": 10025
    },
    {
        "Id": 100256,
        "ScheduleGroupId": 10025
    },
    {
        "Id": 1002520,
        "ScheduleGroupId": 10025
    },
    {
        "Id": 130122,
        "ScheduleGroupId": 13012
    },
    {
        "Id": 130123,
        "ScheduleGroupId": 13012
    },
    {
        "Id": 130125,
        "ScheduleGroupId": 13012
    },
    {
        "Id": 130126,
        "ScheduleGroupId": 13012
    },
    {
        "Id": 200062,
        "ScheduleGroupId": 20006
    },
    {
        "Id": 200063,
        "ScheduleGroupId": 20006
    },
    {
        "Id": 200065,
        "ScheduleGroupId": 20006
    },
    {
        "Id": 200066,
        "ScheduleGroupId": 20006
    },
    {
        "Id": 2000620,
        "ScheduleGroupId": 20006
    },
    {
        "Id": 100262,
        "ScheduleGroupId": 10026
    },
    {
        "Id": 100263,
        "ScheduleGroupId": 10026
    },
    {
        "Id": 100265,
        "ScheduleGroupId": 10026
    },
    {
        "Id": 100272,
        "ScheduleGroupId": 10027
    },
    {
        "Id": 100273,
        "ScheduleGroupId": 10027
    },
    {
        "Id": 100275,
        "ScheduleGroupId": 10027
    },
    {
        "Id": 100282,
        "ScheduleGroupId": 10028
    },
    {
        "Id": 100283,
        "ScheduleGroupId": 10028
    },
    {
        "Id": 100285,
        "ScheduleGroupId": 10028
    },
    {
        "Id": 1002820,
        "ScheduleGroupId": 10028
    },
    {
        "Id": 100292,
        "ScheduleGroupId": 10029
    },
    {
        "Id": 100293,
        "ScheduleGroupId": 10029
    },
    {
        "Id": 100295,
        "ScheduleGroupId": 10029
    },
    {
        "Id": 100296,
        "ScheduleGroupId": 10029
    },
    {
        "Id": 230082,
        "ScheduleGroupId": 23008
    },
    {
        "Id": 230083,
        "ScheduleGroupId": 23008
    },
    {
        "Id": 230085,
        "ScheduleGroupId": 23008
    },
    {
        "Id": 230086,
        "ScheduleGroupId": 23008
    },
    {
        "Id": 2300815,
        "ScheduleGroupId": 23008
    },
    {
        "Id": 200072,
        "ScheduleGroupId": 20007
    },
    {
        "Id": 200073,
        "ScheduleGroupId": 20007
    },
    {
        "Id": 200075,
        "ScheduleGroupId": 20007
    },
    {
        "Id": 200076,
        "ScheduleGroupId": 20007
    },
    {
        "Id": 200082,
        "ScheduleGroupId": 20008
    },
    {
        "Id": 200083,
        "ScheduleGroupId": 20008
    },
    {
        "Id": 200085,
        "ScheduleGroupId": 20008
    },
    {
        "Id": 200092,
        "ScheduleGroupId": 20009
    },
    {
        "Id": 200093,
        "ScheduleGroupId": 20009
    },
    {
        "Id": 200095,
        "ScheduleGroupId": 20009
    },
    {
        "Id": 200096,
        "ScheduleGroupId": 20009
    },
    {
        "Id": 2000920,
        "ScheduleGroupId": 20009
    },
    {
        "Id": 100302,
        "ScheduleGroupId": 10030
    },
    {
        "Id": 100303,
        "ScheduleGroupId": 10030
    },
    {
        "Id": 100305,
        "ScheduleGroupId": 10030
    },
    {
        "Id": 100306,
        "ScheduleGroupId": 10030
    },
    {
        "Id": 160072,
        "ScheduleGroupId": 16007
    },
    {
        "Id": 160073,
        "ScheduleGroupId": 16007
    },
    {
        "Id": 160075,
        "ScheduleGroupId": 16007
    },
    {
        "Id": 160076,
        "ScheduleGroupId": 16007
    },
    {
        "Id": 160078,
        "ScheduleGroupId": 16007
    },
    {
        "Id": 200102,
        "ScheduleGroupId": 20010
    },
    {
        "Id": 200103,
        "ScheduleGroupId": 20010
    },
    {
        "Id": 200105,
        "ScheduleGroupId": 20010
    },
    {
        "Id": 200106,
        "ScheduleGroupId": 20010
    },
    {
        "Id": 100312,
        "ScheduleGroupId": 10031
    },
    {
        "Id": 100313,
        "ScheduleGroupId": 10031
    },
    {
        "Id": 100315,
        "ScheduleGroupId": 10031
    },
    {
        "Id": 100316,
        "ScheduleGroupId": 10031
    },
    {
        "Id": 100322,
        "ScheduleGroupId": 10032
    },
    {
        "Id": 100323,
        "ScheduleGroupId": 10032
    },
    {
        "Id": 100325,
        "ScheduleGroupId": 10032
    },
    {
        "Id": 200112,
        "ScheduleGroupId": 20011
    },
    {
        "Id": 200113,
        "ScheduleGroupId": 20011
    },
    {
        "Id": 200115,
        "ScheduleGroupId": 20011
    },
    {
        "Id": 100332,
        "ScheduleGroupId": 10033
    },
    {
        "Id": 100333,
        "ScheduleGroupId": 10033
    },
    {
        "Id": 100335,
        "ScheduleGroupId": 10033
    },
    {
        "Id": 100336,
        "ScheduleGroupId": 10033
    },
    {
        "Id": 1003320,
        "ScheduleGroupId": 10033
    },
    {
        "Id": 200122,
        "ScheduleGroupId": 20012
    },
    {
        "Id": 200123,
        "ScheduleGroupId": 20012
    },
    {
        "Id": 200125,
        "ScheduleGroupId": 20012
    },
    {
        "Id": 200126,
        "ScheduleGroupId": 20012
    },
    {
        "Id": 200132,
        "ScheduleGroupId": 20013
    },
    {
        "Id": 200133,
        "ScheduleGroupId": 20013
    },
    {
        "Id": 200135,
        "ScheduleGroupId": 20013
    },
    {
        "Id": 200136,
        "ScheduleGroupId": 20013
    },
    {
        "Id": 160082,
        "ScheduleGroupId": 16008
    },
    {
        "Id": 160083,
        "ScheduleGroupId": 16008
    },
    {
        "Id": 160085,
        "ScheduleGroupId": 16008
    },
    {
        "Id": 160086,
        "ScheduleGroupId": 16008
    },
    {
        "Id": 100342,
        "ScheduleGroupId": 10034
    },
    {
        "Id": 100343,
        "ScheduleGroupId": 10034
    },
    {
        "Id": 100345,
        "ScheduleGroupId": 10034
    },
    {
        "Id": 100346,
        "ScheduleGroupId": 10034
    },
    {
        "Id": 1003420,
        "ScheduleGroupId": 10034
    },
    {
        "Id": 100352,
        "ScheduleGroupId": 10035
    },
    {
        "Id": 100353,
        "ScheduleGroupId": 10035
    },
    {
        "Id": 100355,
        "ScheduleGroupId": 10035
    },
    {
        "Id": 100356,
        "ScheduleGroupId": 10035
    },
    {
        "Id": 100362,
        "ScheduleGroupId": 10036
    },
    {
        "Id": 100363,
        "ScheduleGroupId": 10036
    },
    {
        "Id": 100365,
        "ScheduleGroupId": 10036
    },
    {
        "Id": 100366,
        "ScheduleGroupId": 10036
    },
    {
        "Id": 1003620,
        "ScheduleGroupId": 10036
    },
    {
        "Id": 100372,
        "ScheduleGroupId": 10037
    },
    {
        "Id": 100373,
        "ScheduleGroupId": 10037
    },
    {
        "Id": 100375,
        "ScheduleGroupId": 10037
    },
    {
        "Id": 100376,
        "ScheduleGroupId": 10037
    },
    {
        "Id": 100382,
        "ScheduleGroupId": 10038
    },
    {
        "Id": 100383,
        "ScheduleGroupId": 10038
    },
    {
        "Id": 100385,
        "ScheduleGroupId": 10038
    },
    {
        "Id": 100386,
        "ScheduleGroupId": 10038
    },
    {
        "Id": 100388,
        "ScheduleGroupId": 10038
    },
    {
        "Id": 1003820,
        "ScheduleGroupId": 10038
    },
    {
        "Id": 200142,
        "ScheduleGroupId": 20014
    },
    {
        "Id": 200143,
        "ScheduleGroupId": 20014
    },
    {
        "Id": 200145,
        "ScheduleGroupId": 20014
    },
    {
        "Id": 200146,
        "ScheduleGroupId": 20014
    },
    {
        "Id": 2001415,
        "ScheduleGroupId": 20014
    },
    {
        "Id": 100392,
        "ScheduleGroupId": 10039
    },
    {
        "Id": 100393,
        "ScheduleGroupId": 10039
    },
    {
        "Id": 100395,
        "ScheduleGroupId": 10039
    },
    {
        "Id": 100396,
        "ScheduleGroupId": 10039
    },
    {
        "Id": 1003915,
        "ScheduleGroupId": 10039
    },
    {
        "Id": 200152,
        "ScheduleGroupId": 20015
    },
    {
        "Id": 200153,
        "ScheduleGroupId": 20015
    },
    {
        "Id": 200155,
        "ScheduleGroupId": 20015
    },
    {
        "Id": 200156,
        "ScheduleGroupId": 20015
    },
    {
        "Id": 2001515,
        "ScheduleGroupId": 20015
    },
    {
        "Id": 200162,
        "ScheduleGroupId": 20016
    },
    {
        "Id": 200163,
        "ScheduleGroupId": 20016
    },
    {
        "Id": 200165,
        "ScheduleGroupId": 20016
    },
    {
        "Id": 200166,
        "ScheduleGroupId": 20016
    },
    {
        "Id": 160092,
        "ScheduleGroupId": 16009
    },
    {
        "Id": 160093,
        "ScheduleGroupId": 16009
    },
    {
        "Id": 160095,
        "ScheduleGroupId": 16009
    },
    {
        "Id": 160096,
        "ScheduleGroupId": 16009
    },
    {
        "Id": 100402,
        "ScheduleGroupId": 10040
    },
    {
        "Id": 100403,
        "ScheduleGroupId": 10040
    },
    {
        "Id": 100405,
        "ScheduleGroupId": 10040
    },
    {
        "Id": 100406,
        "ScheduleGroupId": 10040
    },
    {
        "Id": 100412,
        "ScheduleGroupId": 10041
    },
    {
        "Id": 100413,
        "ScheduleGroupId": 10041
    },
    {
        "Id": 100415,
        "ScheduleGroupId": 10041
    },
    {
        "Id": 1004115,
        "ScheduleGroupId": 10041
    },
    {
        "Id": 200172,
        "ScheduleGroupId": 20017
    },
    {
        "Id": 200173,
        "ScheduleGroupId": 20017
    },
    {
        "Id": 200175,
        "ScheduleGroupId": 20017
    },
    {
        "Id": 100422,
        "ScheduleGroupId": 10042
    },
    {
        "Id": 100423,
        "ScheduleGroupId": 10042
    },
    {
        "Id": 100425,
        "ScheduleGroupId": 10042
    },
    {
        "Id": 100426,
        "ScheduleGroupId": 10042
    },
    {
        "Id": 100432,
        "ScheduleGroupId": 10043
    },
    {
        "Id": 100433,
        "ScheduleGroupId": 10043
    },
    {
        "Id": 100435,
        "ScheduleGroupId": 10043
    },
    {
        "Id": 1004315,
        "ScheduleGroupId": 10043
    },
    {
        "Id": 100442,
        "ScheduleGroupId": 10044
    },
    {
        "Id": 100443,
        "ScheduleGroupId": 10044
    },
    {
        "Id": 100445,
        "ScheduleGroupId": 10044
    },
    {
        "Id": 260072,
        "ScheduleGroupId": 26007
    },
    {
        "Id": 260073,
        "ScheduleGroupId": 26007
    },
    {
        "Id": 260075,
        "ScheduleGroupId": 26007
    },
    {
        "Id": 100452,
        "ScheduleGroupId": 10045
    },
    {
        "Id": 100453,
        "ScheduleGroupId": 10045
    },
    {
        "Id": 100455,
        "ScheduleGroupId": 10045
    },
    {
        "Id": 260082,
        "ScheduleGroupId": 26008
    },
    {
        "Id": 260083,
        "ScheduleGroupId": 26008
    },
    {
        "Id": 260085,
        "ScheduleGroupId": 26008
    },
    {
        "Id": 100462,
        "ScheduleGroupId": 10046
    },
    {
        "Id": 100463,
        "ScheduleGroupId": 10046
    },
    {
        "Id": 100465,
        "ScheduleGroupId": 10046
    },
    {
        "Id": 100466,
        "ScheduleGroupId": 10046
    },
    {
        "Id": 100472,
        "ScheduleGroupId": 10047
    },
    {
        "Id": 100473,
        "ScheduleGroupId": 10047
    },
    {
        "Id": 100475,
        "ScheduleGroupId": 10047
    },
    {
        "Id": 1004720,
        "ScheduleGroupId": 10047
    },
    {
        "Id": 100482,
        "ScheduleGroupId": 10048
    },
    {
        "Id": 100483,
        "ScheduleGroupId": 10048
    },
    {
        "Id": 100485,
        "ScheduleGroupId": 10048
    },
    {
        "Id": 1004815,
        "ScheduleGroupId": 10048
    },
    {
        "Id": 200182,
        "ScheduleGroupId": 20018
    },
    {
        "Id": 200183,
        "ScheduleGroupId": 20018
    },
    {
        "Id": 200185,
        "ScheduleGroupId": 20018
    },
    {
        "Id": 200186,
        "ScheduleGroupId": 20018
    },
    {
        "Id": 100492,
        "ScheduleGroupId": 10049
    },
    {
        "Id": 100493,
        "ScheduleGroupId": 10049
    },
    {
        "Id": 100495,
        "ScheduleGroupId": 10049
    },
    {
        "Id": 100496,
        "ScheduleGroupId": 10049
    },
    {
        "Id": 100502,
        "ScheduleGroupId": 10050
    },
    {
        "Id": 100503,
        "ScheduleGroupId": 10050
    },
    {
        "Id": 100505,
        "ScheduleGroupId": 10050
    },
    {
        "Id": 100506,
        "ScheduleGroupId": 10050
    },
    {
        "Id": 100512,
        "ScheduleGroupId": 10051
    },
    {
        "Id": 100513,
        "ScheduleGroupId": 10051
    },
    {
        "Id": 100515,
        "ScheduleGroupId": 10051
    },
    {
        "Id": 100516,
        "ScheduleGroupId": 10051
    },
    {
        "Id": 100522,
        "ScheduleGroupId": 10052
    },
    {
        "Id": 100523,
        "ScheduleGroupId": 10052
    },
    {
        "Id": 100525,
        "ScheduleGroupId": 10052
    },
    {
        "Id": 100526,
        "ScheduleGroupId": 10052
    },
    {
        "Id": 160102,
        "ScheduleGroupId": 16010
    },
    {
        "Id": 160103,
        "ScheduleGroupId": 16010
    },
    {
        "Id": 160105,
        "ScheduleGroupId": 16010
    },
    {
        "Id": 160106,
        "ScheduleGroupId": 16010
    },
    {
        "Id": 200192,
        "ScheduleGroupId": 20019
    },
    {
        "Id": 200193,
        "ScheduleGroupId": 20019
    },
    {
        "Id": 200195,
        "ScheduleGroupId": 20019
    },
    {
        "Id": 200196,
        "ScheduleGroupId": 20019
    },
    {
        "Id": 100532,
        "ScheduleGroupId": 10053
    },
    {
        "Id": 100533,
        "ScheduleGroupId": 10053
    },
    {
        "Id": 100535,
        "ScheduleGroupId": 10053
    },
    {
        "Id": 100536,
        "ScheduleGroupId": 10053
    },
    {
        "Id": 100542,
        "ScheduleGroupId": 10054
    },
    {
        "Id": 100543,
        "ScheduleGroupId": 10054
    },
    {
        "Id": 100545,
        "ScheduleGroupId": 10054
    },
    {
        "Id": 160112,
        "ScheduleGroupId": 16011
    },
    {
        "Id": 160113,
        "ScheduleGroupId": 16011
    },
    {
        "Id": 160115,
        "ScheduleGroupId": 16011
    },
    {
        "Id": 160116,
        "ScheduleGroupId": 16011
    },
    {
        "Id": 200202,
        "ScheduleGroupId": 20020
    },
    {
        "Id": 200203,
        "ScheduleGroupId": 20020
    },
    {
        "Id": 200205,
        "ScheduleGroupId": 20020
    },
    {
        "Id": 200206,
        "ScheduleGroupId": 20020
    },
    {
        "Id": 100552,
        "ScheduleGroupId": 10055
    },
    {
        "Id": 100553,
        "ScheduleGroupId": 10055
    },
    {
        "Id": 100555,
        "ScheduleGroupId": 10055
    },
    {
        "Id": 100556,
        "ScheduleGroupId": 10055
    },
    {
        "Id": 100562,
        "ScheduleGroupId": 10056
    },
    {
        "Id": 100563,
        "ScheduleGroupId": 10056
    },
    {
        "Id": 100565,
        "ScheduleGroupId": 10056
    },
    {
        "Id": 200212,
        "ScheduleGroupId": 20021
    },
    {
        "Id": 200213,
        "ScheduleGroupId": 20021
    },
    {
        "Id": 200215,
        "ScheduleGroupId": 20021
    },
    {
        "Id": 2002115,
        "ScheduleGroupId": 20021
    },
    {
        "Id": 100572,
        "ScheduleGroupId": 10057
    },
    {
        "Id": 100573,
        "ScheduleGroupId": 10057
    },
    {
        "Id": 100575,
        "ScheduleGroupId": 10057
    },
    {
        "Id": 160122,
        "ScheduleGroupId": 16012
    },
    {
        "Id": 160123,
        "ScheduleGroupId": 16012
    },
    {
        "Id": 160125,
        "ScheduleGroupId": 16012
    },
    {
        "Id": 200222,
        "ScheduleGroupId": 20022
    },
    {
        "Id": 200223,
        "ScheduleGroupId": 20022
    },
    {
        "Id": 200225,
        "ScheduleGroupId": 20022
    },
    {
        "Id": 100582,
        "ScheduleGroupId": 10058
    },
    {
        "Id": 100583,
        "ScheduleGroupId": 10058
    },
    {
        "Id": 100585,
        "ScheduleGroupId": 10058
    },
    {
        "Id": 100586,
        "ScheduleGroupId": 10058
    },
    {
        "Id": 100592,
        "ScheduleGroupId": 10059
    },
    {
        "Id": 100593,
        "ScheduleGroupId": 10059
    },
    {
        "Id": 100595,
        "ScheduleGroupId": 10059
    },
    {
        "Id": 100596,
        "ScheduleGroupId": 10059
    },
    {
        "Id": 100602,
        "ScheduleGroupId": 10060
    },
    {
        "Id": 100603,
        "ScheduleGroupId": 10060
    },
    {
        "Id": 100605,
        "ScheduleGroupId": 10060
    },
    {
        "Id": 100606,
        "ScheduleGroupId": 10060
    },
    {
        "Id": 200232,
        "ScheduleGroupId": 20023
    },
    {
        "Id": 200233,
        "ScheduleGroupId": 20023
    },
    {
        "Id": 200235,
        "ScheduleGroupId": 20023
    },
    {
        "Id": 200236,
        "ScheduleGroupId": 20023
    },
    {
        "Id": 100612,
        "ScheduleGroupId": 10061
    },
    {
        "Id": 100613,
        "ScheduleGroupId": 10061
    },
    {
        "Id": 100615,
        "ScheduleGroupId": 10061
    },
    {
        "Id": 100616,
        "ScheduleGroupId": 10061
    },
    {
        "Id": 100618,
        "ScheduleGroupId": 10061
    },
    {
        "Id": 100622,
        "ScheduleGroupId": 10062
    },
    {
        "Id": 100623,
        "ScheduleGroupId": 10062
    },
    {
        "Id": 100625,
        "ScheduleGroupId": 10062
    },
    {
        "Id": 100626,
        "ScheduleGroupId": 10062
    },
    {
        "Id": 1006215,
        "ScheduleGroupId": 10062
    },
    {
        "Id": 200242,
        "ScheduleGroupId": 20024
    },
    {
        "Id": 200243,
        "ScheduleGroupId": 20024
    },
    {
        "Id": 200245,
        "ScheduleGroupId": 20024
    },
    {
        "Id": 200246,
        "ScheduleGroupId": 20024
    },
    {
        "Id": 100632,
        "ScheduleGroupId": 10063
    },
    {
        "Id": 100633,
        "ScheduleGroupId": 10063
    },
    {
        "Id": 100635,
        "ScheduleGroupId": 10063
    },
    {
        "Id": 100636,
        "ScheduleGroupId": 10063
    },
    {
        "Id": 100638,
        "ScheduleGroupId": 10063
    },
    {
        "Id": 100642,
        "ScheduleGroupId": 10064
    },
    {
        "Id": 100643,
        "ScheduleGroupId": 10064
    },
    {
        "Id": 100645,
        "ScheduleGroupId": 10064
    },
    {
        "Id": 100646,
        "ScheduleGroupId": 10064
    },
    {
        "Id": 200252,
        "ScheduleGroupId": 20025
    },
    {
        "Id": 200253,
        "ScheduleGroupId": 20025
    },
    {
        "Id": 200255,
        "ScheduleGroupId": 20025
    },
    {
        "Id": 100652,
        "ScheduleGroupId": 10065
    },
    {
        "Id": 100653,
        "ScheduleGroupId": 10065
    },
    {
        "Id": 100655,
        "ScheduleGroupId": 10065
    },
    {
        "Id": 100656,
        "ScheduleGroupId": 10065
    },
    {
        "Id": 1006515,
        "ScheduleGroupId": 10065
    },
    {
        "Id": 100662,
        "ScheduleGroupId": 10066
    },
    {
        "Id": 100663,
        "ScheduleGroupId": 10066
    },
    {
        "Id": 100665,
        "ScheduleGroupId": 10066
    },
    {
        "Id": 1006615,
        "ScheduleGroupId": 10066
    },
    {
        "Id": 100672,
        "ScheduleGroupId": 10067
    },
    {
        "Id": 100673,
        "ScheduleGroupId": 10067
    },
    {
        "Id": 100675,
        "ScheduleGroupId": 10067
    },
    {
        "Id": 260092,
        "ScheduleGroupId": 26009
    },
    {
        "Id": 260093,
        "ScheduleGroupId": 26009
    },
    {
        "Id": 260095,
        "ScheduleGroupId": 26009
    },
    {
        "Id": 260096,
        "ScheduleGroupId": 26009
    },
    {
        "Id": 100682,
        "ScheduleGroupId": 10068
    },
    {
        "Id": 100683,
        "ScheduleGroupId": 10068
    },
    {
        "Id": 100685,
        "ScheduleGroupId": 10068
    },
    {
        "Id": 100686,
        "ScheduleGroupId": 10068
    },
    {
        "Id": 100692,
        "ScheduleGroupId": 10069
    },
    {
        "Id": 100693,
        "ScheduleGroupId": 10069
    },
    {
        "Id": 100695,
        "ScheduleGroupId": 10069
    },
    {
        "Id": 100696,
        "ScheduleGroupId": 10069
    },
    {
        "Id": 100702,
        "ScheduleGroupId": 10070
    },
    {
        "Id": 100703,
        "ScheduleGroupId": 10070
    },
    {
        "Id": 100705,
        "ScheduleGroupId": 10070
    },
    {
        "Id": 100706,
        "ScheduleGroupId": 10070
    },
    {
        "Id": 200262,
        "ScheduleGroupId": 20026
    },
    {
        "Id": 200263,
        "ScheduleGroupId": 20026
    },
    {
        "Id": 200265,
        "ScheduleGroupId": 20026
    },
    {
        "Id": 200266,
        "ScheduleGroupId": 20026
    },
    {
        "Id": 100712,
        "ScheduleGroupId": 10071
    },
    {
        "Id": 100713,
        "ScheduleGroupId": 10071
    },
    {
        "Id": 100715,
        "ScheduleGroupId": 10071
    },
    {
        "Id": 100716,
        "ScheduleGroupId": 10071
    },
    {
        "Id": 100722,
        "ScheduleGroupId": 10072
    },
    {
        "Id": 100723,
        "ScheduleGroupId": 10072
    },
    {
        "Id": 100725,
        "ScheduleGroupId": 10072
    },
    {
        "Id": 100726,
        "ScheduleGroupId": 10072
    },
    {
        "Id": 260102,
        "ScheduleGroupId": 26010
    },
    {
        "Id": 260103,
        "ScheduleGroupId": 26010
    },
    {
        "Id": 260105,
        "ScheduleGroupId": 26010
    },
    {
        "Id": 260106,
        "ScheduleGroupId": 26010
    },
    {
        "Id": 200272,
        "ScheduleGroupId": 20027
    },
    {
        "Id": 200273,
        "ScheduleGroupId": 20027
    },
    {
        "Id": 200275,
        "ScheduleGroupId": 20027
    },
    {
        "Id": 100732,
        "ScheduleGroupId": 10073
    },
    {
        "Id": 100733,
        "ScheduleGroupId": 10073
    },
    {
        "Id": 100735,
        "ScheduleGroupId": 10073
    },
    {
        "Id": 200282,
        "ScheduleGroupId": 20028
    },
    {
        "Id": 200283,
        "ScheduleGroupId": 20028
    },
    {
        "Id": 200285,
        "ScheduleGroupId": 20028
    },
    {
        "Id": 160132,
        "ScheduleGroupId": 16013
    },
    {
        "Id": 160133,
        "ScheduleGroupId": 16013
    },
    {
        "Id": 160135,
        "ScheduleGroupId": 16013
    },
    {
        "Id": 100742,
        "ScheduleGroupId": 10074
    },
    {
        "Id": 100743,
        "ScheduleGroupId": 10074
    },
    {
        "Id": 100745,
        "ScheduleGroupId": 10074
    },
    {
        "Id": 200292,
        "ScheduleGroupId": 20029
    },
    {
        "Id": 200293,
        "ScheduleGroupId": 20029
    },
    {
        "Id": 200295,
        "ScheduleGroupId": 20029
    },
    {
        "Id": 100752,
        "ScheduleGroupId": 10075
    },
    {
        "Id": 100753,
        "ScheduleGroupId": 10075
    },
    {
        "Id": 100755,
        "ScheduleGroupId": 10075
    },
    {
        "Id": 100756,
        "ScheduleGroupId": 10075
    },
    {
        "Id": 130132,
        "ScheduleGroupId": 13013
    },
    {
        "Id": 130133,
        "ScheduleGroupId": 13013
    },
    {
        "Id": 130135,
        "ScheduleGroupId": 13013
    },
    {
        "Id": 130136,
        "ScheduleGroupId": 13013
    },
    {
        "Id": 1301315,
        "ScheduleGroupId": 13013
    },
    {
        "Id": 100762,
        "ScheduleGroupId": 10076
    },
    {
        "Id": 100763,
        "ScheduleGroupId": 10076
    },
    {
        "Id": 100765,
        "ScheduleGroupId": 10076
    },
    {
        "Id": 100766,
        "ScheduleGroupId": 10076
    },
    {
        "Id": 200302,
        "ScheduleGroupId": 20030
    },
    {
        "Id": 200303,
        "ScheduleGroupId": 20030
    },
    {
        "Id": 200305,
        "ScheduleGroupId": 20030
    },
    {
        "Id": 100772,
        "ScheduleGroupId": 10077
    },
    {
        "Id": 100773,
        "ScheduleGroupId": 10077
    },
    {
        "Id": 100775,
        "ScheduleGroupId": 10077
    },
    {
        "Id": 100776,
        "ScheduleGroupId": 10077
    },
    {
        "Id": 100782,
        "ScheduleGroupId": 10078
    },
    {
        "Id": 100783,
        "ScheduleGroupId": 10078
    },
    {
        "Id": 100785,
        "ScheduleGroupId": 10078
    },
    {
        "Id": 100786,
        "ScheduleGroupId": 10078
    },
    {
        "Id": 200312,
        "ScheduleGroupId": 20031
    },
    {
        "Id": 200313,
        "ScheduleGroupId": 20031
    },
    {
        "Id": 200315,
        "ScheduleGroupId": 20031
    },
    {
        "Id": 200316,
        "ScheduleGroupId": 20031
    },
    {
        "Id": 100792,
        "ScheduleGroupId": 10079
    },
    {
        "Id": 100793,
        "ScheduleGroupId": 10079
    },
    {
        "Id": 100795,
        "ScheduleGroupId": 10079
    },
    {
        "Id": 100796,
        "ScheduleGroupId": 10079
    },
    {
        "Id": 100802,
        "ScheduleGroupId": 10080
    },
    {
        "Id": 100803,
        "ScheduleGroupId": 10080
    },
    {
        "Id": 100805,
        "ScheduleGroupId": 10080
    },
    {
        "Id": 100806,
        "ScheduleGroupId": 10080
    },
    {
        "Id": 260112,
        "ScheduleGroupId": 26011
    },
    {
        "Id": 260113,
        "ScheduleGroupId": 26011
    },
    {
        "Id": 260115,
        "ScheduleGroupId": 26011
    },
    {
        "Id": 260116,
        "ScheduleGroupId": 26011
    },
    {
        "Id": 100812,
        "ScheduleGroupId": 10081
    },
    {
        "Id": 100813,
        "ScheduleGroupId": 10081
    },
    {
        "Id": 100815,
        "ScheduleGroupId": 10081
    },
    {
        "Id": 100816,
        "ScheduleGroupId": 10081
    },
    {
        "Id": 100822,
        "ScheduleGroupId": 10082
    },
    {
        "Id": 100823,
        "ScheduleGroupId": 10082
    },
    {
        "Id": 100825,
        "ScheduleGroupId": 10082
    },
    {
        "Id": 100826,
        "ScheduleGroupId": 10082
    },
    {
        "Id": 1008215,
        "ScheduleGroupId": 10082
    },
    {
        "Id": 100832,
        "ScheduleGroupId": 10083
    },
    {
        "Id": 100833,
        "ScheduleGroupId": 10083
    },
    {
        "Id": 100835,
        "ScheduleGroupId": 10083
    },
    {
        "Id": 100836,
        "ScheduleGroupId": 10083
    },
    {
        "Id": 200322,
        "ScheduleGroupId": 20032
    },
    {
        "Id": 200323,
        "ScheduleGroupId": 20032
    },
    {
        "Id": 200325,
        "ScheduleGroupId": 20032
    },
    {
        "Id": 200326,
        "ScheduleGroupId": 20032
    },
    {
        "Id": 100842,
        "ScheduleGroupId": 10084
    },
    {
        "Id": 100843,
        "ScheduleGroupId": 10084
    },
    {
        "Id": 100845,
        "ScheduleGroupId": 10084
    },
    {
        "Id": 100846,
        "ScheduleGroupId": 10084
    },
    {
        "Id": 100852,
        "ScheduleGroupId": 10085
    },
    {
        "Id": 100853,
        "ScheduleGroupId": 10085
    },
    {
        "Id": 100855,
        "ScheduleGroupId": 10085
    },
    {
        "Id": 100856,
        "ScheduleGroupId": 10085
    },
    {
        "Id": 200332,
        "ScheduleGroupId": 20033
    },
    {
        "Id": 200333,
        "ScheduleGroupId": 20033
    },
    {
        "Id": 200335,
        "ScheduleGroupId": 20033
    },
    {
        "Id": 200336,
        "ScheduleGroupId": 20033
    },
    {
        "Id": 100872,
        "ScheduleGroupId": 10087
    },
    {
        "Id": 100873,
        "ScheduleGroupId": 10087
    },
    {
        "Id": 100875,
        "ScheduleGroupId": 10087
    },
    {
        "Id": 160142,
        "ScheduleGroupId": 16014
    },
    {
        "Id": 160143,
        "ScheduleGroupId": 16014
    },
    {
        "Id": 160145,
        "ScheduleGroupId": 16014
    },
    {
        "Id": 160146,
        "ScheduleGroupId": 16014
    },
    {
        "Id": 100862,
        "ScheduleGroupId": 10086
    },
    {
        "Id": 100863,
        "ScheduleGroupId": 10086
    },
    {
        "Id": 100865,
        "ScheduleGroupId": 10086
    },
    {
        "Id": 100892,
        "ScheduleGroupId": 10089
    },
    {
        "Id": 100893,
        "ScheduleGroupId": 10089
    },
    {
        "Id": 100895,
        "ScheduleGroupId": 10089
    },
    {
        "Id": 100882,
        "ScheduleGroupId": 10088
    },
    {
        "Id": 100883,
        "ScheduleGroupId": 10088
    },
    {
        "Id": 100885,
        "ScheduleGroupId": 10088
    },
    {
        "Id": 200342,
        "ScheduleGroupId": 20034
    },
    {
        "Id": 200343,
        "ScheduleGroupId": 20034
    },
    {
        "Id": 200345,
        "ScheduleGroupId": 20034
    },
    {
        "Id": 100902,
        "ScheduleGroupId": 10090
    },
    {
        "Id": 100903,
        "ScheduleGroupId": 10090
    },
    {
        "Id": 100905,
        "ScheduleGroupId": 10090
    },
    {
        "Id": 100906,
        "ScheduleGroupId": 10090
    },
    {
        "Id": 200352,
        "ScheduleGroupId": 20035
    },
    {
        "Id": 200353,
        "ScheduleGroupId": 20035
    },
    {
        "Id": 200355,
        "ScheduleGroupId": 20035
    },
    {
        "Id": 100912,
        "ScheduleGroupId": 10091
    },
    {
        "Id": 100913,
        "ScheduleGroupId": 10091
    },
    {
        "Id": 100915,
        "ScheduleGroupId": 10091
    },
    {
        "Id": 160152,
        "ScheduleGroupId": 16015
    },
    {
        "Id": 160153,
        "ScheduleGroupId": 16015
    },
    {
        "Id": 160155,
        "ScheduleGroupId": 16015
    },
    {
        "Id": 100922,
        "ScheduleGroupId": 10092
    },
    {
        "Id": 100923,
        "ScheduleGroupId": 10092
    },
    {
        "Id": 100925,
        "ScheduleGroupId": 10092
    },
    {
        "Id": 100932,
        "ScheduleGroupId": 10093
    },
    {
        "Id": 100933,
        "ScheduleGroupId": 10093
    },
    {
        "Id": 100935,
        "ScheduleGroupId": 10093
    },
    {
        "Id": 100936,
        "ScheduleGroupId": 10093
    },
    {
        "Id": 100942,
        "ScheduleGroupId": 10094
    },
    {
        "Id": 100943,
        "ScheduleGroupId": 10094
    },
    {
        "Id": 100945,
        "ScheduleGroupId": 10094
    },
    {
        "Id": 100952,
        "ScheduleGroupId": 10095
    },
    {
        "Id": 100953,
        "ScheduleGroupId": 10095
    },
    {
        "Id": 100955,
        "ScheduleGroupId": 10095
    },
    {
        "Id": 200362,
        "ScheduleGroupId": 20036
    },
    {
        "Id": 200363,
        "ScheduleGroupId": 20036
    },
    {
        "Id": 200365,
        "ScheduleGroupId": 20036
    },
    {
        "Id": 100962,
        "ScheduleGroupId": 10096
    },
    {
        "Id": 100963,
        "ScheduleGroupId": 10096
    },
    {
        "Id": 100965,
        "ScheduleGroupId": 10096
    },
    {
        "Id": 200372,
        "ScheduleGroupId": 20037
    },
    {
        "Id": 200373,
        "ScheduleGroupId": 20037
    },
    {
        "Id": 200375,
        "ScheduleGroupId": 20037
    },
    {
        "Id": 260122,
        "ScheduleGroupId": 26012
    },
    {
        "Id": 260123,
        "ScheduleGroupId": 26012
    },
    {
        "Id": 260125,
        "ScheduleGroupId": 26012
    },
    {
        "Id": 100972,
        "ScheduleGroupId": 10097
    },
    {
        "Id": 100973,
        "ScheduleGroupId": 10097
    },
    {
        "Id": 100975,
        "ScheduleGroupId": 10097
    },
    {
        "Id": 100976,
        "ScheduleGroupId": 10097
    },
    {
        "Id": 100982,
        "ScheduleGroupId": 10098
    },
    {
        "Id": 100983,
        "ScheduleGroupId": 10098
    },
    {
        "Id": 100985,
        "ScheduleGroupId": 10098
    },
    {
        "Id": 101002,
        "ScheduleGroupId": 10100
    },
    {
        "Id": 101003,
        "ScheduleGroupId": 10100
    },
    {
        "Id": 101005,
        "ScheduleGroupId": 10100
    },
    {
        "Id": 101012,
        "ScheduleGroupId": 10101
    },
    {
        "Id": 101013,
        "ScheduleGroupId": 10101
    },
    {
        "Id": 101015,
        "ScheduleGroupId": 10101
    },
    {
        "Id": 101022,
        "ScheduleGroupId": 10102
    },
    {
        "Id": 101023,
        "ScheduleGroupId": 10102
    },
    {
        "Id": 101025,
        "ScheduleGroupId": 10102
    },
    {
        "Id": 260132,
        "ScheduleGroupId": 26013
    },
    {
        "Id": 260133,
        "ScheduleGroupId": 26013
    },
    {
        "Id": 260135,
        "ScheduleGroupId": 26013
    },
    {
        "Id": 101032,
        "ScheduleGroupId": 10103
    },
    {
        "Id": 101033,
        "ScheduleGroupId": 10103
    },
    {
        "Id": 101035,
        "ScheduleGroupId": 10103
    },
    {
        "Id": 200382,
        "ScheduleGroupId": 20038
    },
    {
        "Id": 200383,
        "ScheduleGroupId": 20038
    },
    {
        "Id": 200385,
        "ScheduleGroupId": 20038
    },
    {
        "Id": 101042,
        "ScheduleGroupId": 10104
    },
    {
        "Id": 101043,
        "ScheduleGroupId": 10104
    },
    {
        "Id": 101045,
        "ScheduleGroupId": 10104
    },
    {
        "Id": 101046,
        "ScheduleGroupId": 10104
    },
    {
        "Id": 200392,
        "ScheduleGroupId": 20039
    },
    {
        "Id": 200393,
        "ScheduleGroupId": 20039
    },
    {
        "Id": 200395,
        "ScheduleGroupId": 20039
    },
    {
        "Id": 200396,
        "ScheduleGroupId": 20039
    },
    {
        "Id": 101052,
        "ScheduleGroupId": 10105
    },
    {
        "Id": 101053,
        "ScheduleGroupId": 10105
    },
    {
        "Id": 101055,
        "ScheduleGroupId": 10105
    },
    {
        "Id": 101056,
        "ScheduleGroupId": 10105
    },
    {
        "Id": 101062,
        "ScheduleGroupId": 10106
    },
    {
        "Id": 101063,
        "ScheduleGroupId": 10106
    },
    {
        "Id": 101065,
        "ScheduleGroupId": 10106
    },
    {
        "Id": 101066,
        "ScheduleGroupId": 10106
    },
    {
        "Id": 160162,
        "ScheduleGroupId": 16016
    },
    {
        "Id": 160163,
        "ScheduleGroupId": 16016
    },
    {
        "Id": 160165,
        "ScheduleGroupId": 16016
    },
    {
        "Id": 160166,
        "ScheduleGroupId": 16016
    },
    {
        "Id": 200402,
        "ScheduleGroupId": 20040
    },
    {
        "Id": 200403,
        "ScheduleGroupId": 20040
    },
    {
        "Id": 200405,
        "ScheduleGroupId": 20040
    },
    {
        "Id": 200406,
        "ScheduleGroupId": 20040
    },
    {
        "Id": 200408,
        "ScheduleGroupId": 20040
    },
    {
        "Id": 101072,
        "ScheduleGroupId": 10107
    },
    {
        "Id": 101073,
        "ScheduleGroupId": 10107
    },
    {
        "Id": 101075,
        "ScheduleGroupId": 10107
    },
    {
        "Id": 101076,
        "ScheduleGroupId": 10107
    },
    {
        "Id": 101082,
        "ScheduleGroupId": 10108
    },
    {
        "Id": 101083,
        "ScheduleGroupId": 10108
    },
    {
        "Id": 101085,
        "ScheduleGroupId": 10108
    },
    {
        "Id": 101086,
        "ScheduleGroupId": 10108
    },
    {
        "Id": 101092,
        "ScheduleGroupId": 10109
    },
    {
        "Id": 101093,
        "ScheduleGroupId": 10109
    },
    {
        "Id": 101095,
        "ScheduleGroupId": 10109
    },
    {
        "Id": 101096,
        "ScheduleGroupId": 10109
    },
    {
        "Id": 101102,
        "ScheduleGroupId": 10110
    },
    {
        "Id": 101103,
        "ScheduleGroupId": 10110
    },
    {
        "Id": 101105,
        "ScheduleGroupId": 10110
    },
    {
        "Id": 101106,
        "ScheduleGroupId": 10110
    },
    {
        "Id": 101122,
        "ScheduleGroupId": 10112
    },
    {
        "Id": 101123,
        "ScheduleGroupId": 10112
    },
    {
        "Id": 101125,
        "ScheduleGroupId": 10112
    },
    {
        "Id": 101126,
        "ScheduleGroupId": 10112
    },
    {
        "Id": 260142,
        "ScheduleGroupId": 26014
    },
    {
        "Id": 260143,
        "ScheduleGroupId": 26014
    },
    {
        "Id": 260145,
        "ScheduleGroupId": 26014
    },
    {
        "Id": 200412,
        "ScheduleGroupId": 20041
    },
    {
        "Id": 200413,
        "ScheduleGroupId": 20041
    },
    {
        "Id": 200415,
        "ScheduleGroupId": 20041
    },
    {
        "Id": 200416,
        "ScheduleGroupId": 20041
    },
    {
        "Id": 101112,
        "ScheduleGroupId": 10111
    },
    {
        "Id": 101113,
        "ScheduleGroupId": 10111
    },
    {
        "Id": 101115,
        "ScheduleGroupId": 10111
    },
    {
        "Id": 200422,
        "ScheduleGroupId": 20042
    },
    {
        "Id": 200423,
        "ScheduleGroupId": 20042
    },
    {
        "Id": 200425,
        "ScheduleGroupId": 20042
    },
    {
        "Id": 200426,
        "ScheduleGroupId": 20042
    },
    {
        "Id": 101132,
        "ScheduleGroupId": 10113
    },
    {
        "Id": 101133,
        "ScheduleGroupId": 10113
    },
    {
        "Id": 101135,
        "ScheduleGroupId": 10113
    },
    {
        "Id": 101142,
        "ScheduleGroupId": 10114
    },
    {
        "Id": 101143,
        "ScheduleGroupId": 10114
    },
    {
        "Id": 101145,
        "ScheduleGroupId": 10114
    },
    {
        "Id": 200432,
        "ScheduleGroupId": 20043
    },
    {
        "Id": 200433,
        "ScheduleGroupId": 20043
    },
    {
        "Id": 200435,
        "ScheduleGroupId": 20043
    },
    {
        "Id": 200442,
        "ScheduleGroupId": 20044
    },
    {
        "Id": 200443,
        "ScheduleGroupId": 20044
    },
    {
        "Id": 200445,
        "ScheduleGroupId": 20044
    },
    {
        "Id": 200446,
        "ScheduleGroupId": 20044
    },
    {
        "Id": 101152,
        "ScheduleGroupId": 10115
    },
    {
        "Id": 101153,
        "ScheduleGroupId": 10115
    },
    {
        "Id": 101155,
        "ScheduleGroupId": 10115
    },
    {
        "Id": 101156,
        "ScheduleGroupId": 10115
    },
    {
        "Id": 101162,
        "ScheduleGroupId": 10116
    },
    {
        "Id": 101163,
        "ScheduleGroupId": 10116
    },
    {
        "Id": 101165,
        "ScheduleGroupId": 10116
    },
    {
        "Id": 101172,
        "ScheduleGroupId": 10117
    },
    {
        "Id": 101173,
        "ScheduleGroupId": 10117
    },
    {
        "Id": 101175,
        "ScheduleGroupId": 10117
    },
    {
        "Id": 101176,
        "ScheduleGroupId": 10117
    },
    {
        "Id": 101178,
        "ScheduleGroupId": 10117
    },
    {
        "Id": 101182,
        "ScheduleGroupId": 10118
    },
    {
        "Id": 101183,
        "ScheduleGroupId": 10118
    },
    {
        "Id": 101185,
        "ScheduleGroupId": 10118
    },
    {
        "Id": 101186,
        "ScheduleGroupId": 10118
    },
    {
        "Id": 101188,
        "ScheduleGroupId": 10118
    },
    {
        "Id": 160172,
        "ScheduleGroupId": 16017
    },
    {
        "Id": 160173,
        "ScheduleGroupId": 16017
    },
    {
        "Id": 160175,
        "ScheduleGroupId": 16017
    },
    {
        "Id": 160176,
        "ScheduleGroupId": 16017
    },
    {
        "Id": 200452,
        "ScheduleGroupId": 20045
    },
    {
        "Id": 200453,
        "ScheduleGroupId": 20045
    },
    {
        "Id": 200455,
        "ScheduleGroupId": 20045
    },
    {
        "Id": 200456,
        "ScheduleGroupId": 20045
    },
    {
        "Id": 101192,
        "ScheduleGroupId": 10119
    },
    {
        "Id": 101193,
        "ScheduleGroupId": 10119
    },
    {
        "Id": 101195,
        "ScheduleGroupId": 10119
    },
    {
        "Id": 101196,
        "ScheduleGroupId": 10119
    },
    {
        "Id": 200462,
        "ScheduleGroupId": 20046
    },
    {
        "Id": 200463,
        "ScheduleGroupId": 20046
    },
    {
        "Id": 200465,
        "ScheduleGroupId": 20046
    },
    {
        "Id": 200466,
        "ScheduleGroupId": 20046
    },
    {
        "Id": 200468,
        "ScheduleGroupId": 20046
    },
    {
        "Id": 101202,
        "ScheduleGroupId": 10120
    },
    {
        "Id": 101203,
        "ScheduleGroupId": 10120
    },
    {
        "Id": 101205,
        "ScheduleGroupId": 10120
    },
    {
        "Id": 101206,
        "ScheduleGroupId": 10120
    },
    {
        "Id": 200472,
        "ScheduleGroupId": 20047
    },
    {
        "Id": 200473,
        "ScheduleGroupId": 20047
    },
    {
        "Id": 200475,
        "ScheduleGroupId": 20047
    },
    {
        "Id": 200476,
        "ScheduleGroupId": 20047
    },
    {
        "Id": 130142,
        "ScheduleGroupId": 13014
    },
    {
        "Id": 130143,
        "ScheduleGroupId": 13014
    },
    {
        "Id": 130145,
        "ScheduleGroupId": 13014
    },
    {
        "Id": 130146,
        "ScheduleGroupId": 13014
    },
    {
        "Id": 101212,
        "ScheduleGroupId": 10121
    },
    {
        "Id": 101213,
        "ScheduleGroupId": 10121
    },
    {
        "Id": 101215,
        "ScheduleGroupId": 10121
    },
    {
        "Id": 101216,
        "ScheduleGroupId": 10121
    }
]