[
    {
        "Id": 10011
    },
    {
        "Id": 10012
    },
    {
        "Id": 10013
    },
    {
        "Id": 10014
    },
    {
        "Id": 10015
    },
    {
        "Id": 10016
    },
    {
        "Id": 11011
    },
    {
        "Id": 11012
    },
    {
        "Id": 11013
    },
    {
        "Id": 11014
    },
    {
        "Id": 11015
    },
    {
        "Id": 11016
    },
    {
        "Id": 12011
    },
    {
        "Id": 12012
    },
    {
        "Id": 12013
    },
    {
        "Id": 12014
    },
    {
        "Id": 12015
    },
    {
        "Id": 12016
    },
    {
        "Id": 13011
    },
    {
        "Id": 13012
    },
    {
        "Id": 13013
    },
    {
        "Id": 13014
    },
    {
        "Id": 13015
    },
    {
        "Id": 13016
    },
    {
        "Id": 14011
    },
    {
        "Id": 14012
    },
    {
        "Id": 14013
    },
    {
        "Id": 14014
    },
    {
        "Id": 14015
    },
    {
        "Id": 14016
    },
    {
        "Id": 15011
    },
    {
        "Id": 15012
    },
    {
        "Id": 15013
    },
    {
        "Id": 15014
    },
    {
        "Id": 15015
    },
    {
        "Id": 15016
    },
    {
        "Id": 16011
    },
    {
        "Id": 16012
    },
    {
        "Id": 16013
    },
    {
        "Id": 16014
    },
    {
        "Id": 16015
    },
    {
        "Id": 16016
    },
    {
        "Id": 70011
    },
    {
        "Id": 70012
    },
    {
        "Id": 70013
    },
    {
        "Id": 70014
    },
    {
        "Id": 70015
    },
    {
        "Id": 70016
    },
    {
        "Id": 71011
    },
    {
        "Id": 71012
    },
    {
        "Id": 71013
    },
    {
        "Id": 71014
    },
    {
        "Id": 71015
    },
    {
        "Id": 71016
    },
    {
        "Id": 72011
    },
    {
        "Id": 72012
    },
    {
        "Id": 72013
    },
    {
        "Id": 72014
    },
    {
        "Id": 72015
    },
    {
        "Id": 72016
    },
    {
        "Id": 73011
    },
    {
        "Id": 73012
    },
    {
        "Id": 73013
    },
    {
        "Id": 73014
    },
    {
        "Id": 73015
    },
    {
        "Id": 73016
    },
    {
        "Id": 74011
    },
    {
        "Id": 74012
    },
    {
        "Id": 74013
    },
    {
        "Id": 74014
    },
    {
        "Id": 74015
    },
    {
        "Id": 74016
    },
    {
        "Id": 75011
    },
    {
        "Id": 75012
    },
    {
        "Id": 75013
    },
    {
        "Id": 75014
    },
    {
        "Id": 75015
    },
    {
        "Id": 75016
    },
    {
        "Id": 76011
    },
    {
        "Id": 76012
    },
    {
        "Id": 76013
    },
    {
        "Id": 76014
    },
    {
        "Id": 76015
    },
    {
        "Id": 76016
    },
    {
        "Id": 110011
    },
    {
        "Id": 110012
    },
    {
        "Id": 110013
    },
    {
        "Id": 110014
    },
    {
        "Id": 110015
    },
    {
        "Id": 110016
    },
    {
        "Id": 111011
    },
    {
        "Id": 111012
    },
    {
        "Id": 111013
    },
    {
        "Id": 111014
    },
    {
        "Id": 111015
    },
    {
        "Id": 111016
    },
    {
        "Id": 112011
    },
    {
        "Id": 112012
    },
    {
        "Id": 112013
    },
    {
        "Id": 112014
    },
    {
        "Id": 112015
    },
    {
        "Id": 112016
    },
    {
        "Id": 113011
    },
    {
        "Id": 113012
    },
    {
        "Id": 113013
    },
    {
        "Id": 113014
    },
    {
        "Id": 113015
    },
    {
        "Id": 113016
    },
    {
        "Id": 114011
    },
    {
        "Id": 114012
    },
    {
        "Id": 114013
    },
    {
        "Id": 114014
    },
    {
        "Id": 114015
    },
    {
        "Id": 114016
    },
    {
        "Id": 115011
    },
    {
        "Id": 115012
    },
    {
        "Id": 115013
    },
    {
        "Id": 115014
    },
    {
        "Id": 115015
    },
    {
        "Id": 115016
    },
    {
        "Id": 116011
    },
    {
        "Id": 116012
    },
    {
        "Id": 116013
    },
    {
        "Id": 116014
    },
    {
        "Id": 116015
    },
    {
        "Id": 116016
    },
    {
        "Id": 117011
    },
    {
        "Id": 117012
    },
    {
        "Id": 117013
    },
    {
        "Id": 117014
    },
    {
        "Id": 117015
    },
    {
        "Id": 117016
    },
    {
        "Id": 120011
    },
    {
        "Id": 120012
    },
    {
        "Id": 120013
    },
    {
        "Id": 120014
    },
    {
        "Id": 120015
    },
    {
        "Id": 120016
    },
    {
        "Id": 121011
    },
    {
        "Id": 121012
    },
    {
        "Id": 121013
    },
    {
        "Id": 121014
    },
    {
        "Id": 121015
    },
    {
        "Id": 121016
    },
    {
        "Id": 122011
    },
    {
        "Id": 122012
    },
    {
        "Id": 122013
    },
    {
        "Id": 122014
    },
    {
        "Id": 122015
    },
    {
        "Id": 122016
    },
    {
        "Id": 123011
    },
    {
        "Id": 123012
    },
    {
        "Id": 123013
    },
    {
        "Id": 123014
    },
    {
        "Id": 123015
    },
    {
        "Id": 123016
    },
    {
        "Id": 124011
    },
    {
        "Id": 124012
    },
    {
        "Id": 124013
    },
    {
        "Id": 124014
    },
    {
        "Id": 124015
    },
    {
        "Id": 124016
    },
    {
        "Id": 125011
    },
    {
        "Id": 125012
    },
    {
        "Id": 125013
    },
    {
        "Id": 125014
    },
    {
        "Id": 125015
    },
    {
        "Id": 125016
    },
    {
        "Id": 126011
    },
    {
        "Id": 126012
    },
    {
        "Id": 126013
    },
    {
        "Id": 126014
    },
    {
        "Id": 126015
    },
    {
        "Id": 126016
    },
    {
        "Id": 127011
    },
    {
        "Id": 127012
    },
    {
        "Id": 127013
    },
    {
        "Id": 127014
    },
    {
        "Id": 127015
    },
    {
        "Id": 127016
    },
    {
        "Id": 1300011
    },
    {
        "Id": 1300012
    },
    {
        "Id": 1300013
    },
    {
        "Id": 1300014
    },
    {
        "Id": 1300015
    },
    {
        "Id": 1300016
    },
    {
        "Id": 1310011
    },
    {
        "Id": 1310012
    },
    {
        "Id": 1310013
    },
    {
        "Id": 1310014
    },
    {
        "Id": 1310015
    },
    {
        "Id": 1310016
    },
    {
        "Id": 1320011
    },
    {
        "Id": 1320012
    },
    {
        "Id": 1320013
    },
    {
        "Id": 1320014
    },
    {
        "Id": 1320015
    },
    {
        "Id": 1320016
    },
    {
        "Id": 1330011
    },
    {
        "Id": 1330012
    },
    {
        "Id": 1330013
    },
    {
        "Id": 1330014
    },
    {
        "Id": 1330015
    },
    {
        "Id": 1330016
    },
    {
        "Id": 1340011
    },
    {
        "Id": 1340012
    },
    {
        "Id": 1340013
    },
    {
        "Id": 1340014
    },
    {
        "Id": 1340015
    },
    {
        "Id": 1340016
    },
    {
        "Id": 1350011
    },
    {
        "Id": 1350012
    },
    {
        "Id": 1350013
    },
    {
        "Id": 1350014
    },
    {
        "Id": 1350015
    },
    {
        "Id": 1350016
    },
    {
        "Id": 1360011
    },
    {
        "Id": 1360012
    },
    {
        "Id": 1360013
    },
    {
        "Id": 1360014
    },
    {
        "Id": 1360015
    },
    {
        "Id": 1360016
    },
    {
        "Id": 1370011
    },
    {
        "Id": 1370012
    },
    {
        "Id": 1370013
    },
    {
        "Id": 1370014
    },
    {
        "Id": 1370015
    },
    {
        "Id": 1370016
    },
    {
        "Id": 1400011
    },
    {
        "Id": 1400012
    },
    {
        "Id": 1400013
    },
    {
        "Id": 1400014
    },
    {
        "Id": 1400015
    },
    {
        "Id": 1400016
    },
    {
        "Id": 1410011
    },
    {
        "Id": 1410012
    },
    {
        "Id": 1410013
    },
    {
        "Id": 1410014
    },
    {
        "Id": 1410015
    },
    {
        "Id": 1410016
    },
    {
        "Id": 1420011
    },
    {
        "Id": 1420012
    },
    {
        "Id": 1420013
    },
    {
        "Id": 1420014
    },
    {
        "Id": 1420015
    },
    {
        "Id": 1420016
    },
    {
        "Id": 1430011
    },
    {
        "Id": 1430012
    },
    {
        "Id": 1430013
    },
    {
        "Id": 1430014
    },
    {
        "Id": 1430015
    },
    {
        "Id": 1430016
    },
    {
        "Id": 1440011
    },
    {
        "Id": 1440012
    },
    {
        "Id": 1440013
    },
    {
        "Id": 1440014
    },
    {
        "Id": 1440015
    },
    {
        "Id": 1440016
    },
    {
        "Id": 1450011
    },
    {
        "Id": 1450012
    },
    {
        "Id": 1450013
    },
    {
        "Id": 1450014
    },
    {
        "Id": 1450015
    },
    {
        "Id": 1450016
    },
    {
        "Id": 1460011
    },
    {
        "Id": 1460012
    },
    {
        "Id": 1460013
    },
    {
        "Id": 1460014
    },
    {
        "Id": 1460015
    },
    {
        "Id": 1460016
    },
    {
        "Id": 1470011
    },
    {
        "Id": 1470012
    },
    {
        "Id": 1470013
    },
    {
        "Id": 1470014
    },
    {
        "Id": 1470015
    },
    {
        "Id": 1470016
    },
    {
        "Id": 1500011
    },
    {
        "Id": 1500012
    },
    {
        "Id": 1500013
    },
    {
        "Id": 1500014
    },
    {
        "Id": 1500015
    },
    {
        "Id": 1500016
    },
    {
        "Id": 1510011
    },
    {
        "Id": 1510012
    },
    {
        "Id": 1510013
    },
    {
        "Id": 1510014
    },
    {
        "Id": 1510015
    },
    {
        "Id": 1510016
    },
    {
        "Id": 1520011
    },
    {
        "Id": 1520012
    },
    {
        "Id": 1520013
    },
    {
        "Id": 1520014
    },
    {
        "Id": 1520015
    },
    {
        "Id": 1520016
    },
    {
        "Id": 1530011
    },
    {
        "Id": 1530012
    },
    {
        "Id": 1530013
    },
    {
        "Id": 1530014
    },
    {
        "Id": 1530015
    },
    {
        "Id": 1530016
    },
    {
        "Id": 1540011
    },
    {
        "Id": 1540012
    },
    {
        "Id": 1540013
    },
    {
        "Id": 1540014
    },
    {
        "Id": 1540015
    },
    {
        "Id": 1540016
    },
    {
        "Id": 1550011
    },
    {
        "Id": 1550012
    },
    {
        "Id": 1550013
    },
    {
        "Id": 1550014
    },
    {
        "Id": 1550015
    },
    {
        "Id": 1550016
    },
    {
        "Id": 1560011
    },
    {
        "Id": 1560012
    },
    {
        "Id": 1560013
    },
    {
        "Id": 1560014
    },
    {
        "Id": 1560015
    },
    {
        "Id": 1560016
    },
    {
        "Id": 1570011
    },
    {
        "Id": 1570012
    },
    {
        "Id": 1570013
    },
    {
        "Id": 1570014
    },
    {
        "Id": 1570015
    },
    {
        "Id": 1570016
    },
    {
        "Id": 1600011
    },
    {
        "Id": 1600012
    },
    {
        "Id": 1600013
    },
    {
        "Id": 1600014
    },
    {
        "Id": 1600015
    },
    {
        "Id": 1600016
    },
    {
        "Id": 1610011
    },
    {
        "Id": 1610012
    },
    {
        "Id": 1610013
    },
    {
        "Id": 1610014
    },
    {
        "Id": 1610015
    },
    {
        "Id": 1610016
    },
    {
        "Id": 1620011
    },
    {
        "Id": 1620012
    },
    {
        "Id": 1620013
    },
    {
        "Id": 1620014
    },
    {
        "Id": 1620015
    },
    {
        "Id": 1620016
    },
    {
        "Id": 1630011
    },
    {
        "Id": 1630012
    },
    {
        "Id": 1630013
    },
    {
        "Id": 1630014
    },
    {
        "Id": 1630015
    },
    {
        "Id": 1630016
    },
    {
        "Id": 1640011
    },
    {
        "Id": 1640012
    },
    {
        "Id": 1640013
    },
    {
        "Id": 1640014
    },
    {
        "Id": 1640015
    },
    {
        "Id": 1640016
    },
    {
        "Id": 1650011
    },
    {
        "Id": 1650012
    },
    {
        "Id": 1650013
    },
    {
        "Id": 1650014
    },
    {
        "Id": 1650015
    },
    {
        "Id": 1650016
    },
    {
        "Id": 1660011
    },
    {
        "Id": 1660012
    },
    {
        "Id": 1660013
    },
    {
        "Id": 1660014
    },
    {
        "Id": 1660015
    },
    {
        "Id": 1660016
    },
    {
        "Id": 1670011
    },
    {
        "Id": 1670012
    },
    {
        "Id": 1670013
    },
    {
        "Id": 1670014
    },
    {
        "Id": 1670015
    },
    {
        "Id": 1670016
    },
    {
        "Id": 1700011
    },
    {
        "Id": 1700012
    },
    {
        "Id": 1700013
    },
    {
        "Id": 1700014
    },
    {
        "Id": 1700015
    },
    {
        "Id": 1700016
    },
    {
        "Id": 1710011
    },
    {
        "Id": 1710012
    },
    {
        "Id": 1710013
    },
    {
        "Id": 1710014
    },
    {
        "Id": 1710015
    },
    {
        "Id": 1710016
    },
    {
        "Id": 1720011
    },
    {
        "Id": 1720012
    },
    {
        "Id": 1720013
    },
    {
        "Id": 1720014
    },
    {
        "Id": 1720015
    },
    {
        "Id": 1720016
    },
    {
        "Id": 1730011
    },
    {
        "Id": 1730012
    },
    {
        "Id": 1730013
    },
    {
        "Id": 1730014
    },
    {
        "Id": 1730015
    },
    {
        "Id": 1730016
    },
    {
        "Id": 1740011
    },
    {
        "Id": 1740012
    },
    {
        "Id": 1740013
    },
    {
        "Id": 1740014
    },
    {
        "Id": 1740015
    },
    {
        "Id": 1740016
    },
    {
        "Id": 1750011
    },
    {
        "Id": 1750012
    },
    {
        "Id": 1750013
    },
    {
        "Id": 1750014
    },
    {
        "Id": 1750015
    },
    {
        "Id": 1750016
    },
    {
        "Id": 1760011
    },
    {
        "Id": 1760012
    },
    {
        "Id": 1760013
    },
    {
        "Id": 1760014
    },
    {
        "Id": 1760015
    },
    {
        "Id": 1760016
    },
    {
        "Id": 1770011
    },
    {
        "Id": 1770012
    },
    {
        "Id": 1770013
    },
    {
        "Id": 1770014
    },
    {
        "Id": 1770015
    },
    {
        "Id": 1770016
    },
    {
        "Id": 1800011
    },
    {
        "Id": 1800012
    },
    {
        "Id": 1800013
    },
    {
        "Id": 1800014
    },
    {
        "Id": 1800015
    },
    {
        "Id": 1800016
    },
    {
        "Id": 1810011
    },
    {
        "Id": 1810012
    },
    {
        "Id": 1810013
    },
    {
        "Id": 1810014
    },
    {
        "Id": 1810015
    },
    {
        "Id": 1810016
    },
    {
        "Id": 1820011
    },
    {
        "Id": 1820012
    },
    {
        "Id": 1820013
    },
    {
        "Id": 1820014
    },
    {
        "Id": 1820015
    },
    {
        "Id": 1820016
    },
    {
        "Id": 1830011
    },
    {
        "Id": 1830012
    },
    {
        "Id": 1830013
    },
    {
        "Id": 1830014
    },
    {
        "Id": 1830015
    },
    {
        "Id": 1830016
    },
    {
        "Id": 1840011
    },
    {
        "Id": 1840012
    },
    {
        "Id": 1840013
    },
    {
        "Id": 1840014
    },
    {
        "Id": 1840015
    },
    {
        "Id": 1840016
    },
    {
        "Id": 1850011
    },
    {
        "Id": 1850012
    },
    {
        "Id": 1850013
    },
    {
        "Id": 1850014
    },
    {
        "Id": 1850015
    },
    {
        "Id": 1850016
    },
    {
        "Id": 1860011
    },
    {
        "Id": 1860012
    },
    {
        "Id": 1860013
    },
    {
        "Id": 1860014
    },
    {
        "Id": 1860015
    },
    {
        "Id": 1860016
    },
    {
        "Id": 1870011
    },
    {
        "Id": 1870012
    },
    {
        "Id": 1870013
    },
    {
        "Id": 1870014
    },
    {
        "Id": 1870015
    },
    {
        "Id": 1870016
    },
    {
        "Id": 1900011
    },
    {
        "Id": 1900012
    },
    {
        "Id": 1900013
    },
    {
        "Id": 1900014
    },
    {
        "Id": 1900015
    },
    {
        "Id": 1900016
    },
    {
        "Id": 1910011
    },
    {
        "Id": 1910012
    },
    {
        "Id": 1910013
    },
    {
        "Id": 1910014
    },
    {
        "Id": 1910015
    },
    {
        "Id": 1910016
    },
    {
        "Id": 1920011
    },
    {
        "Id": 1920012
    },
    {
        "Id": 1920013
    },
    {
        "Id": 1920014
    },
    {
        "Id": 1920015
    },
    {
        "Id": 1920016
    },
    {
        "Id": 1930011
    },
    {
        "Id": 1930012
    },
    {
        "Id": 1930013
    },
    {
        "Id": 1930014
    },
    {
        "Id": 1930015
    },
    {
        "Id": 1930016
    },
    {
        "Id": 1940011
    },
    {
        "Id": 1940012
    },
    {
        "Id": 1940013
    },
    {
        "Id": 1940014
    },
    {
        "Id": 1940015
    },
    {
        "Id": 1940016
    },
    {
        "Id": 1950011
    },
    {
        "Id": 1950012
    },
    {
        "Id": 1950013
    },
    {
        "Id": 1950014
    },
    {
        "Id": 1950015
    },
    {
        "Id": 1950016
    },
    {
        "Id": 1960011
    },
    {
        "Id": 1960012
    },
    {
        "Id": 1960013
    },
    {
        "Id": 1960014
    },
    {
        "Id": 1960015
    },
    {
        "Id": 1960016
    },
    {
        "Id": 1970011
    },
    {
        "Id": 1970012
    },
    {
        "Id": 1970013
    },
    {
        "Id": 1970014
    },
    {
        "Id": 1970015
    },
    {
        "Id": 1970016
    }
]