[
    {
        "UniqueId": 0,
        "ArenaRewardType": 1
    },
    {
        "UniqueId": 1,
        "ArenaRewardType": 1
    },
    {
        "UniqueId": 2,
        "ArenaRewardType": 1
    },
    {
        "UniqueId": 3,
        "ArenaRewardType": 1
    },
    {
        "UniqueId": 4,
        "ArenaRewardType": 1
    },
    {
        "UniqueId": 5,
        "ArenaRewardType": 1
    },
    {
        "UniqueId": 6,
        "ArenaRewardType": 1
    },
    {
        "UniqueId": 7,
        "ArenaRewardType": 1
    },
    {
        "UniqueId": 8,
        "ArenaRewardType": 1
    },
    {
        "UniqueId": 9,
        "ArenaRewardType": 1
    },
    {
        "UniqueId": 10,
        "ArenaRewardType": 1
    },
    {
        "UniqueId": 100,
        "ArenaRewardType": 2
    },
    {
        "UniqueId": 101,
        "ArenaRewardType": 2
    },
    {
        "UniqueId": 102,
        "ArenaRewardType": 2
    },
    {
        "UniqueId": 103,
        "ArenaRewardType": 2
    },
    {
        "UniqueId": 104,
        "ArenaRewardType": 2
    },
    {
        "UniqueId": 105,
        "ArenaRewardType": 2
    },
    {
        "UniqueId": 106,
        "ArenaRewardType": 2
    },
    {
        "UniqueId": 107,
        "ArenaRewardType": 2
    },
    {
        "UniqueId": 108,
        "ArenaRewardType": 2
    },
    {
        "UniqueId": 109,
        "ArenaRewardType": 2
    },
    {
        "UniqueId": 110,
        "ArenaRewardType": 2
    },
    {
        "UniqueId": 1000,
        "ArenaRewardType": 3
    },
    {
        "UniqueId": 1001,
        "ArenaRewardType": 3
    },
    {
        "UniqueId": 1002,
        "ArenaRewardType": 3
    },
    {
        "UniqueId": 1003,
        "ArenaRewardType": 3
    },
    {
        "UniqueId": 1004,
        "ArenaRewardType": 3
    },
    {
        "UniqueId": 1005,
        "ArenaRewardType": 3
    },
    {
        "UniqueId": 1006,
        "ArenaRewardType": 3
    },
    {
        "UniqueId": 1007,
        "ArenaRewardType": 3
    },
    {
        "UniqueId": 1008,
        "ArenaRewardType": 3
    },
    {
        "UniqueId": 1009,
        "ArenaRewardType": 3
    },
    {
        "UniqueId": 1010,
        "ArenaRewardType": 3
    },
    {
        "UniqueId": 1011,
        "ArenaRewardType": 3
    },
    {
        "UniqueId": 1012,
        "ArenaRewardType": 3
    },
    {
        "UniqueId": 1013,
        "ArenaRewardType": 3
    },
    {
        "UniqueId": 1014,
        "ArenaRewardType": 3
    },
    {
        "UniqueId": 1015,
        "ArenaRewardType": 3
    },
    {
        "UniqueId": 1016,
        "ArenaRewardType": 3
    },
    {
        "UniqueId": 1017,
        "ArenaRewardType": 3
    },
    {
        "UniqueId": 1018,
        "ArenaRewardType": 3
    },
    {
        "UniqueId": 1019,
        "ArenaRewardType": 3
    },
    {
        "UniqueId": 1020,
        "ArenaRewardType": 3
    },
    {
        "UniqueId": 1021,
        "ArenaRewardType": 3
    },
    {
        "UniqueId": 1022,
        "ArenaRewardType": 3
    },
    {
        "UniqueId": 1023,
        "ArenaRewardType": 3
    },
    {
        "UniqueId": 1024,
        "ArenaRewardType": 3
    },
    {
        "UniqueId": 1025,
        "ArenaRewardType": 3
    },
    {
        "UniqueId": 1026,
        "ArenaRewardType": 3
    },
    {
        "UniqueId": 1027,
        "ArenaRewardType": 3
    },
    {
        "UniqueId": 1028,
        "ArenaRewardType": 3
    },
    {
        "UniqueId": 1029,
        "ArenaRewardType": 3
    },
    {
        "UniqueId": 1030,
        "ArenaRewardType": 3
    },
    {
        "UniqueId": 1031,
        "ArenaRewardType": 3
    },
    {
        "UniqueId": 1032,
        "ArenaRewardType": 3
    },
    {
        "UniqueId": 1033,
        "ArenaRewardType": 3
    },
    {
        "UniqueId": 1034,
        "ArenaRewardType": 3
    },
    {
        "UniqueId": 1035,
        "ArenaRewardType": 3
    },
    {
        "UniqueId": 1036,
        "ArenaRewardType": 3
    },
    {
        "UniqueId": 1037,
        "ArenaRewardType": 3
    },
    {
        "UniqueId": 1038,
        "ArenaRewardType": 3
    },
    {
        "UniqueId": 1039,
        "ArenaRewardType": 3
    },
    {
        "UniqueId": 2000,
        "ArenaRewardType": 4
    },
    {
        "UniqueId": 2001,
        "ArenaRewardType": 4
    },
    {
        "UniqueId": 2002,
        "ArenaRewardType": 4
    },
    {
        "UniqueId": 2003,
        "ArenaRewardType": 4
    },
    {
        "UniqueId": 2004,
        "ArenaRewardType": 4
    },
    {
        "UniqueId": 2005,
        "ArenaRewardType": 4
    },
    {
        "UniqueId": 2006,
        "ArenaRewardType": 4
    },
    {
        "UniqueId": 2007,
        "ArenaRewardType": 4
    },
    {
        "UniqueId": 2008,
        "ArenaRewardType": 4
    },
    {
        "UniqueId": 2009,
        "ArenaRewardType": 4
    },
    {
        "UniqueId": 2010,
        "ArenaRewardType": 4
    },
    {
        "UniqueId": 2011,
        "ArenaRewardType": 4
    },
    {
        "UniqueId": 2012,
        "ArenaRewardType": 4
    },
    {
        "UniqueId": 2013,
        "ArenaRewardType": 4
    },
    {
        "UniqueId": 2014,
        "ArenaRewardType": 4
    },
    {
        "UniqueId": 2015,
        "ArenaRewardType": 4
    },
    {
        "UniqueId": 2016,
        "ArenaRewardType": 4
    },
    {
        "UniqueId": 2017,
        "ArenaRewardType": 4
    },
    {
        "UniqueId": 2018,
        "ArenaRewardType": 4
    },
    {
        "UniqueId": 2019,
        "ArenaRewardType": 4
    },
    {
        "UniqueId": 2020,
        "ArenaRewardType": 4
    },
    {
        "UniqueId": 2021,
        "ArenaRewardType": 4
    },
    {
        "UniqueId": 2022,
        "ArenaRewardType": 4
    },
    {
        "UniqueId": 2023,
        "ArenaRewardType": 4
    },
    {
        "UniqueId": 2024,
        "ArenaRewardType": 4
    },
    {
        "UniqueId": 2025,
        "ArenaRewardType": 4
    },
    {
        "UniqueId": 2026,
        "ArenaRewardType": 4
    },
    {
        "UniqueId": 2027,
        "ArenaRewardType": 4
    },
    {
        "UniqueId": 2028,
        "ArenaRewardType": 4
    },
    {
        "UniqueId": 2029,
        "ArenaRewardType": 4
    },
    {
        "UniqueId": 2030,
        "ArenaRewardType": 4
    },
    {
        "UniqueId": 2031,
        "ArenaRewardType": 4
    },
    {
        "UniqueId": 2032,
        "ArenaRewardType": 4
    },
    {
        "UniqueId": 2033,
        "ArenaRewardType": 4
    },
    {
        "UniqueId": 2034,
        "ArenaRewardType": 4
    },
    {
        "UniqueId": 2035,
        "ArenaRewardType": 4
    },
    {
        "UniqueId": 2036,
        "ArenaRewardType": 4
    },
    {
        "UniqueId": 2037,
        "ArenaRewardType": 4
    },
    {
        "UniqueId": 2038,
        "ArenaRewardType": 4
    },
    {
        "UniqueId": 2039,
        "ArenaRewardType": 4
    },
    {
        "UniqueId": 49999,
        "ArenaRewardType": 6
    },
    {
        "UniqueId": 59999,
        "ArenaRewardType": 7
    },
    {
        "UniqueId": 60000,
        "ArenaRewardType": 8
    },
    {
        "UniqueId": 60001,
        "ArenaRewardType": 8
    },
    {
        "UniqueId": 60002,
        "ArenaRewardType": 8
    },
    {
        "UniqueId": 60003,
        "ArenaRewardType": 8
    }
]