[
    {
        "CafeId": 1,
        "Rank": 1
    },
    {
        "CafeId": 1,
        "Rank": 2
    },
    {
        "CafeId": 1,
        "Rank": 3
    },
    {
        "CafeId": 1,
        "Rank": 4
    },
    {
        "CafeId": 1,
        "Rank": 5
    },
    {
        "CafeId": 1,
        "Rank": 6
    },
    {
        "CafeId": 1,
        "Rank": 7
    },
    {
        "CafeId": 1,
        "Rank": 8
    },
    {
        "CafeId": 1,
        "Rank": 9
    },
    {
        "CafeId": 1,
        "Rank": 10
    },
    {
        "CafeId": 2,
        "Rank": 1
    },
    {
        "CafeId": 2,
        "Rank": 2
    },
    {
        "CafeId": 2,
        "Rank": 3
    },
    {
        "CafeId": 2,
        "Rank": 4
    },
    {
        "CafeId": 2,
        "Rank": 5
    },
    {
        "CafeId": 2,
        "Rank": 6
    },
    {
        "CafeId": 2,
        "Rank": 7
    },
    {
        "CafeId": 2,
        "Rank": 8
    },
    {
        "CafeId": 2,
        "Rank": 9
    },
    {
        "CafeId": 2,
        "Rank": 10
    }
]