[
    {
        "UniqueId": 1
    },
    {
        "UniqueId": 2
    },
    {
        "UniqueId": 3
    },
    {
        "UniqueId": 4
    },
    {
        "UniqueId": 5
    },
    {
        "UniqueId": 6
    },
    {
        "UniqueId": 7
    },
    {
        "UniqueId": 8
    },
    {
        "UniqueId": 9
    },
    {
        "UniqueId": 10
    },
    {
        "UniqueId": 11
    },
    {
        "UniqueId": 12
    },
    {
        "UniqueId": 13
    },
    {
        "UniqueId": 14
    },
    {
        "UniqueId": 15
    },
    {
        "UniqueId": 16
    },
    {
        "UniqueId": 17
    },
    {
        "UniqueId": 18
    },
    {
        "UniqueId": 19
    },
    {
        "UniqueId": 20
    },
    {
        "UniqueId": 21
    },
    {
        "UniqueId": 22
    },
    {
        "UniqueId": 23
    },
    {
        "UniqueId": 24
    },
    {
        "UniqueId": 25
    },
    {
        "UniqueId": 26
    },
    {
        "UniqueId": 27
    },
    {
        "UniqueId": 28
    },
    {
        "UniqueId": 29
    },
    {
        "UniqueId": 30
    },
    {
        "UniqueId": 31
    },
    {
        "UniqueId": 32
    },
    {
        "UniqueId": 33
    },
    {
        "UniqueId": 34
    },
    {
        "UniqueId": 35
    },
    {
        "UniqueId": 36
    },
    {
        "UniqueId": 37
    },
    {
        "UniqueId": 38
    },
    {
        "UniqueId": 39
    },
    {
        "UniqueId": 40
    },
    {
        "UniqueId": 41
    },
    {
        "UniqueId": 42
    },
    {
        "UniqueId": 43
    },
    {
        "UniqueId": 44
    },
    {
        "UniqueId": 45
    },
    {
        "UniqueId": 46
    },
    {
        "UniqueId": 47
    },
    {
        "UniqueId": 48
    },
    {
        "UniqueId": 49
    },
    {
        "UniqueId": 50
    },
    {
        "UniqueId": 51
    },
    {
        "UniqueId": 52
    },
    {
        "UniqueId": 53
    },
    {
        "UniqueId": 54
    },
    {
        "UniqueId": 55
    },
    {
        "UniqueId": 56
    },
    {
        "UniqueId": 57
    },
    {
        "UniqueId": 58
    },
    {
        "UniqueId": 59
    },
    {
        "UniqueId": 60
    },
    {
        "UniqueId": 61
    },
    {
        "UniqueId": 62
    },
    {
        "UniqueId": 63
    },
    {
        "UniqueId": 64
    },
    {
        "UniqueId": 65
    },
    {
        "UniqueId": 101
    },
    {
        "UniqueId": 102
    },
    {
        "UniqueId": 103
    },
    {
        "UniqueId": 104
    },
    {
        "UniqueId": 105
    },
    {
        "UniqueId": 106
    },
    {
        "UniqueId": 107
    },
    {
        "UniqueId": 108
    },
    {
        "UniqueId": 109
    },
    {
        "UniqueId": 110
    },
    {
        "UniqueId": 111
    },
    {
        "UniqueId": 112
    },
    {
        "UniqueId": 113
    },
    {
        "UniqueId": 114
    },
    {
        "UniqueId": 115
    }
]