[
    {
        "Id": 101101
    },
    {
        "Id": 101102
    },
    {
        "Id": 101103
    },
    {
        "Id": 101104
    },
    {
        "Id": 101105
    },
    {
        "Id": 102101
    },
    {
        "Id": 102201
    },
    {
        "Id": 103101
    },
    {
        "Id": 103102
    },
    {
        "Id": 104101
    },
    {
        "Id": 104102
    },
    {
        "Id": 105101
    },
    {
        "Id": 105102
    },
    {
        "Id": 105201
    },
    {
        "Id": 105202
    },
    {
        "Id": 106101
    },
    {
        "Id": 107101
    },
    {
        "Id": 107201
    },
    {
        "Id": 108101
    },
    {
        "Id": 109101
    },
    {
        "Id": 109102
    },
    {
        "Id": 109103
    },
    {
        "Id": 109201
    },
    {
        "Id": 109202
    },
    {
        "Id": 109203
    },
    {
        "Id": 109204
    },
    {
        "Id": 109205
    },
    {
        "Id": 109206
    },
    {
        "Id": 109301
    },
    {
        "Id": 109302
    },
    {
        "Id": 109303
    },
    {
        "Id": 109304
    },
    {
        "Id": 109305
    },
    {
        "Id": 109306
    },
    {
        "Id": 902101
    },
    {
        "Id": 903101
    },
    {
        "Id": 903102
    },
    {
        "Id": 903103
    },
    {
        "Id": 903104
    },
    {
        "Id": 903105
    },
    {
        "Id": 903106
    },
    {
        "Id": 903107
    },
    {
        "Id": 903108
    },
    {
        "Id": 1012101
    },
    {
        "Id": 1012102
    },
    {
        "Id": 1012103
    },
    {
        "Id": 1022101
    },
    {
        "Id": 1022102
    },
    {
        "Id": 1022103
    },
    {
        "Id": 1032101
    },
    {
        "Id": 1032102
    },
    {
        "Id": 1032103
    },
    {
        "Id": 1042101
    },
    {
        "Id": 1042102
    },
    {
        "Id": 1042103
    },
    {
        "Id": 1052101
    },
    {
        "Id": 1052102
    },
    {
        "Id": 1052103
    },
    {
        "Id": 1062101
    },
    {
        "Id": 1062102
    },
    {
        "Id": 1062103
    },
    {
        "Id": 1072101
    },
    {
        "Id": 1072102
    },
    {
        "Id": 1072103
    },
    {
        "Id": 1082101
    },
    {
        "Id": 1082102
    },
    {
        "Id": 1082103
    },
    {
        "Id": 1092101
    },
    {
        "Id": 1092102
    },
    {
        "Id": 1092103
    },
    {
        "Id": 1102101
    },
    {
        "Id": 1102102
    },
    {
        "Id": 1102103
    },
    {
        "Id": 1112101
    },
    {
        "Id": 1112102
    },
    {
        "Id": 1112103
    },
    {
        "Id": 1122101
    },
    {
        "Id": 1122102
    },
    {
        "Id": 1122103
    },
    {
        "Id": 1132101
    },
    {
        "Id": 1132102
    },
    {
        "Id": 1132103
    },
    {
        "Id": 1142101
    },
    {
        "Id": 1142102
    },
    {
        "Id": 1142103
    },
    {
        "Id": 1152101
    },
    {
        "Id": 1152102
    },
    {
        "Id": 1152103
    },
    {
        "Id": 1162101
    },
    {
        "Id": 1162102
    },
    {
        "Id": 1162103
    },
    {
        "Id": 1172101
    },
    {
        "Id": 1172102
    },
    {
        "Id": 1172103
    },
    {
        "Id": 1182101
    },
    {
        "Id": 1182102
    },
    {
        "Id": 1182103
    },
    {
        "Id": 1192101
    },
    {
        "Id": 1192102
    },
    {
        "Id": 1192103
    },
    {
        "Id": 1202101
    },
    {
        "Id": 1202102
    },
    {
        "Id": 1202103
    },
    {
        "Id": 1212101
    },
    {
        "Id": 1212102
    },
    {
        "Id": 1212103
    },
    {
        "Id": 1222101
    },
    {
        "Id": 1222102
    },
    {
        "Id": 1222103
    },
    {
        "Id": 1232101
    },
    {
        "Id": 1232102
    },
    {
        "Id": 1232103
    },
    {
        "Id": 1242101
    },
    {
        "Id": 1242102
    },
    {
        "Id": 1242103
    },
    {
        "Id": 1252101
    },
    {
        "Id": 1252102
    },
    {
        "Id": 1252103
    },
    {
        "Id": 1262101
    },
    {
        "Id": 1262102
    },
    {
        "Id": 1262103
    },
    {
        "Id": 1272101
    },
    {
        "Id": 1272102
    },
    {
        "Id": 1272103
    },
    {
        "Id": 1282101
    },
    {
        "Id": 1282102
    },
    {
        "Id": 1282103
    }
]