[
    {
        "Id": 10000
    },
    {
        "Id": 10001
    },
    {
        "Id": 10002
    },
    {
        "Id": 10003
    },
    {
        "Id": 10004
    },
    {
        "Id": 10005
    },
    {
        "Id": 10006
    },
    {
        "Id": 10007
    },
    {
        "Id": 10008
    },
    {
        "Id": 10009
    },
    {
        "Id": 10010
    },
    {
        "Id": 10011
    },
    {
        "Id": 10012
    },
    {
        "Id": 10013
    },
    {
        "Id": 10014
    },
    {
        "Id": 10015
    },
    {
        "Id": 10016
    },
    {
        "Id": 10017
    },
    {
        "Id": 10018
    },
    {
        "Id": 10019
    },
    {
        "Id": 10020
    },
    {
        "Id": 10021
    },
    {
        "Id": 10022
    },
    {
        "Id": 10023
    },
    {
        "Id": 10024
    },
    {
        "Id": 10025
    },
    {
        "Id": 10026
    },
    {
        "Id": 10027
    },
    {
        "Id": 10028
    },
    {
        "Id": 10029
    },
    {
        "Id": 10030
    },
    {
        "Id": 10031
    },
    {
        "Id": 10032
    },
    {
        "Id": 10033
    },
    {
        "Id": 10034
    },
    {
        "Id": 10035
    },
    {
        "Id": 10036
    },
    {
        "Id": 10037
    },
    {
        "Id": 10038
    },
    {
        "Id": 10039
    },
    {
        "Id": 10040
    },
    {
        "Id": 10041
    },
    {
        "Id": 10042
    },
    {
        "Id": 10043
    },
    {
        "Id": 10044
    },
    {
        "Id": 10045
    },
    {
        "Id": 10046
    },
    {
        "Id": 10047
    },
    {
        "Id": 10048
    },
    {
        "Id": 10049
    },
    {
        "Id": 10050
    },
    {
        "Id": 10051
    },
    {
        "Id": 10052
    },
    {
        "Id": 10053
    },
    {
        "Id": 10054
    },
    {
        "Id": 10055
    },
    {
        "Id": 10056
    },
    {
        "Id": 10057
    },
    {
        "Id": 10058
    },
    {
        "Id": 10059
    },
    {
        "Id": 10060
    },
    {
        "Id": 10061
    },
    {
        "Id": 10062
    },
    {
        "Id": 10063
    },
    {
        "Id": 10064
    },
    {
        "Id": 10065
    },
    {
        "Id": 10066
    },
    {
        "Id": 10067
    },
    {
        "Id": 10068
    },
    {
        "Id": 10069
    },
    {
        "Id": 10070
    },
    {
        "Id": 10071
    },
    {
        "Id": 10072
    },
    {
        "Id": 10073
    },
    {
        "Id": 10074
    },
    {
        "Id": 10075
    },
    {
        "Id": 10076
    },
    {
        "Id": 10077
    },
    {
        "Id": 10078
    },
    {
        "Id": 10079
    },
    {
        "Id": 10080
    },
    {
        "Id": 10081
    },
    {
        "Id": 10082
    },
    {
        "Id": 10083
    },
    {
        "Id": 10084
    },
    {
        "Id": 10085
    },
    {
        "Id": 10086
    },
    {
        "Id": 10087
    },
    {
        "Id": 10088
    },
    {
        "Id": 10089
    },
    {
        "Id": 10090
    },
    {
        "Id": 10091
    },
    {
        "Id": 10092
    },
    {
        "Id": 10093
    },
    {
        "Id": 10094
    },
    {
        "Id": 10095
    },
    {
        "Id": 10096
    },
    {
        "Id": 10097
    },
    {
        "Id": 10098
    },
    {
        "Id": 10099
    },
    {
        "Id": 10100
    },
    {
        "Id": 10101
    },
    {
        "Id": 10102
    },
    {
        "Id": 10103
    },
    {
        "Id": 10104
    },
    {
        "Id": 10105
    },
    {
        "Id": 10106
    },
    {
        "Id": 10107
    },
    {
        "Id": 10108
    },
    {
        "Id": 10109
    },
    {
        "Id": 10110
    },
    {
        "Id": 10111
    },
    {
        "Id": 10112
    },
    {
        "Id": 10113
    },
    {
        "Id": 10114
    },
    {
        "Id": 10115
    },
    {
        "Id": 10116
    },
    {
        "Id": 10117
    },
    {
        "Id": 10118
    },
    {
        "Id": 10119
    },
    {
        "Id": 10120
    },
    {
        "Id": 10121
    },
    {
        "Id": 13000
    },
    {
        "Id": 13001
    },
    {
        "Id": 13002
    },
    {
        "Id": 13003
    },
    {
        "Id": 13004
    },
    {
        "Id": 13005
    },
    {
        "Id": 13006
    },
    {
        "Id": 13007
    },
    {
        "Id": 13008
    },
    {
        "Id": 13009
    },
    {
        "Id": 13010
    },
    {
        "Id": 13011
    },
    {
        "Id": 13012
    },
    {
        "Id": 13013
    },
    {
        "Id": 13014
    },
    {
        "Id": 16000
    },
    {
        "Id": 16001
    },
    {
        "Id": 16002
    },
    {
        "Id": 16003
    },
    {
        "Id": 16004
    },
    {
        "Id": 16005
    },
    {
        "Id": 16006
    },
    {
        "Id": 16007
    },
    {
        "Id": 16008
    },
    {
        "Id": 16009
    },
    {
        "Id": 16010
    },
    {
        "Id": 16011
    },
    {
        "Id": 16012
    },
    {
        "Id": 16013
    },
    {
        "Id": 16014
    },
    {
        "Id": 16015
    },
    {
        "Id": 16016
    },
    {
        "Id": 16017
    },
    {
        "Id": 20000
    },
    {
        "Id": 20001
    },
    {
        "Id": 20002
    },
    {
        "Id": 20003
    },
    {
        "Id": 20004
    },
    {
        "Id": 20005
    },
    {
        "Id": 20006
    },
    {
        "Id": 20007
    },
    {
        "Id": 20008
    },
    {
        "Id": 20009
    },
    {
        "Id": 20010
    },
    {
        "Id": 20011
    },
    {
        "Id": 20012
    },
    {
        "Id": 20013
    },
    {
        "Id": 20014
    },
    {
        "Id": 20015
    },
    {
        "Id": 20016
    },
    {
        "Id": 20017
    },
    {
        "Id": 20018
    },
    {
        "Id": 20019
    },
    {
        "Id": 20020
    },
    {
        "Id": 20021
    },
    {
        "Id": 20022
    },
    {
        "Id": 20023
    },
    {
        "Id": 20024
    },
    {
        "Id": 20025
    },
    {
        "Id": 20026
    },
    {
        "Id": 20027
    },
    {
        "Id": 20028
    },
    {
        "Id": 20029
    },
    {
        "Id": 20030
    },
    {
        "Id": 20031
    },
    {
        "Id": 20032
    },
    {
        "Id": 20033
    },
    {
        "Id": 20034
    },
    {
        "Id": 20035
    },
    {
        "Id": 20036
    },
    {
        "Id": 20037
    },
    {
        "Id": 20038
    },
    {
        "Id": 20039
    },
    {
        "Id": 20040
    },
    {
        "Id": 20041
    },
    {
        "Id": 20042
    },
    {
        "Id": 20043
    },
    {
        "Id": 20044
    },
    {
        "Id": 20045
    },
    {
        "Id": 20046
    },
    {
        "Id": 20047
    },
    {
        "Id": 23000
    },
    {
        "Id": 23001
    },
    {
        "Id": 23002
    },
    {
        "Id": 23003
    },
    {
        "Id": 23004
    },
    {
        "Id": 23005
    },
    {
        "Id": 23006
    },
    {
        "Id": 23007
    },
    {
        "Id": 23008
    },
    {
        "Id": 26000
    },
    {
        "Id": 26001
    },
    {
        "Id": 26002
    },
    {
        "Id": 26003
    },
    {
        "Id": 26004
    },
    {
        "Id": 26005
    },
    {
        "Id": 26006
    },
    {
        "Id": 26007
    },
    {
        "Id": 26008
    },
    {
        "Id": 26009
    },
    {
        "Id": 26010
    },
    {
        "Id": 26011
    },
    {
        "Id": 26012
    },
    {
        "Id": 26013
    },
    {
        "Id": 26014
    }
]