[
    {
        "Id": 200000
    },
    {
        "Id": 200001
    },
    {
        "Id": 200100
    },
    {
        "Id": 200101
    },
    {
        "Id": 200200
    },
    {
        "Id": 200201
    },
    {
        "Id": 200300
    },
    {
        "Id": 200301
    },
    {
        "Id": 200400
    },
    {
        "Id": 200401
    },
    {
        "Id": 200500
    },
    {
        "Id": 200501
    },
    {
        "Id": 200600
    },
    {
        "Id": 200601
    },
    {
        "Id": 200700
    },
    {
        "Id": 200701
    },
    {
        "Id": 200800
    },
    {
        "Id": 200801
    },
    {
        "Id": 200900
    },
    {
        "Id": 200901
    },
    {
        "Id": 201000
    },
    {
        "Id": 201001
    },
    {
        "Id": 201100
    },
    {
        "Id": 201101
    },
    {
        "Id": 201200
    },
    {
        "Id": 201201
    },
    {
        "Id": 201300
    },
    {
        "Id": 201301
    },
    {
        "Id": 201400
    },
    {
        "Id": 201401
    },
    {
        "Id": 201500
    },
    {
        "Id": 201501
    },
    {
        "Id": 201600
    },
    {
        "Id": 201601
    },
    {
        "Id": 201700
    },
    {
        "Id": 201701
    },
    {
        "Id": 201800
    },
    {
        "Id": 201801
    },
    {
        "Id": 201900
    },
    {
        "Id": 201901
    },
    {
        "Id": 202000
    },
    {
        "Id": 202001
    },
    {
        "Id": 202100
    },
    {
        "Id": 202101
    },
    {
        "Id": 202200
    },
    {
        "Id": 202201
    },
    {
        "Id": 202300
    },
    {
        "Id": 202301
    },
    {
        "Id": 202400
    },
    {
        "Id": 202401
    },
    {
        "Id": 202500
    },
    {
        "Id": 202501
    },
    {
        "Id": 202600
    },
    {
        "Id": 202601
    },
    {
        "Id": 202700
    },
    {
        "Id": 202701
    },
    {
        "Id": 202800
    },
    {
        "Id": 202801
    },
    {
        "Id": 202900
    },
    {
        "Id": 202901
    },
    {
        "Id": 203000
    },
    {
        "Id": 203001
    },
    {
        "Id": 203100
    },
    {
        "Id": 203101
    },
    {
        "Id": 203200
    },
    {
        "Id": 203201
    },
    {
        "Id": 203300
    },
    {
        "Id": 203301
    },
    {
        "Id": 203400
    },
    {
        "Id": 203401
    },
    {
        "Id": 203500
    },
    {
        "Id": 203501
    },
    {
        "Id": 203600
    },
    {
        "Id": 203601
    },
    {
        "Id": 203700
    },
    {
        "Id": 203701
    },
    {
        "Id": 203800
    },
    {
        "Id": 203801
    },
    {
        "Id": 203900
    },
    {
        "Id": 203901
    },
    {
        "Id": 204000
    },
    {
        "Id": 204001
    },
    {
        "Id": 204100
    },
    {
        "Id": 204101
    },
    {
        "Id": 204200
    },
    {
        "Id": 204201
    },
    {
        "Id": 204300
    },
    {
        "Id": 204301
    },
    {
        "Id": 204400
    },
    {
        "Id": 204401
    },
    {
        "Id": 204500
    },
    {
        "Id": 204501
    },
    {
        "Id": 204600
    },
    {
        "Id": 204601
    },
    {
        "Id": 204700
    },
    {
        "Id": 204701
    },
    {
        "Id": 204800
    },
    {
        "Id": 204801
    },
    {
        "Id": 204900
    },
    {
        "Id": 204901
    },
    {
        "Id": 205000
    },
    {
        "Id": 205001
    },
    {
        "Id": 205100
    },
    {
        "Id": 205101
    }
]