[
    {
        "Id": 1
    },
    {
        "Id": 2
    },
    {
        "Id": 3
    },
    {
        "Id": 4
    },
    {
        "Id": 5
    },
    {
        "Id": 6
    },
    {
        "Id": 7
    },
    {
        "Id": 8
    },
    {
        "Id": 9
    },
    {
        "Id": 10
    },
    {
        "Id": 11
    },
    {
        "Id": 12
    },
    {
        "Id": 13
    },
    {
        "Id": 14
    },
    {
        "Id": 15
    },
    {
        "Id": 16
    },
    {
        "Id": 17
    },
    {
        "Id": 18
    },
    {
        "Id": 19
    },
    {
        "Id": 20
    },
    {
        "Id": 21
    },
    {
        "Id": 22
    },
    {
        "Id": 23
    },
    {
        "Id": 24
    },
    {
        "Id": 25
    },
    {
        "Id": 26
    },
    {
        "Id": 27
    },
    {
        "Id": 28
    },
    {
        "Id": 29
    },
    {
        "Id": 30
    },
    {
        "Id": 31
    },
    {
        "Id": 32
    },
    {
        "Id": 33
    },
    {
        "Id": 34
    },
    {
        "Id": 35
    },
    {
        "Id": 36
    },
    {
        "Id": 37
    },
    {
        "Id": 38
    },
    {
        "Id": 39
    },
    {
        "Id": 40
    },
    {
        "Id": 41
    },
    {
        "Id": 42
    },
    {
        "Id": 43
    },
    {
        "Id": 44
    },
    {
        "Id": 45
    },
    {
        "Id": 46
    },
    {
        "Id": 47
    },
    {
        "Id": 48
    },
    {
        "Id": 49
    },
    {
        "Id": 50
    },
    {
        "Id": 51
    },
    {
        "Id": 52
    },
    {
        "Id": 53
    },
    {
        "Id": 54
    },
    {
        "Id": 55
    },
    {
        "Id": 56
    },
    {
        "Id": 57
    },
    {
        "Id": 58
    },
    {
        "Id": 59
    },
    {
        "Id": 60
    },
    {
        "Id": 61
    },
    {
        "Id": 62
    },
    {
        "Id": 63
    },
    {
        "Id": 64
    },
    {
        "Id": 65
    },
    {
        "Id": 66
    },
    {
        "Id": 67
    },
    {
        "Id": 68
    },
    {
        "Id": 69
    },
    {
        "Id": 70
    },
    {
        "Id": 71
    },
    {
        "Id": 72
    },
    {
        "Id": 73
    },
    {
        "Id": 74
    },
    {
        "Id": 75
    },
    {
        "Id": 76
    },
    {
        "Id": 77
    },
    {
        "Id": 78
    },
    {
        "Id": 79
    },
    {
        "Id": 80
    },
    {
        "Id": 81
    },
    {
        "Id": 82
    },
    {
        "Id": 83
    },
    {
        "Id": 84
    },
    {
        "Id": 85
    },
    {
        "Id": 86
    },
    {
        "Id": 87
    },
    {
        "Id": 88
    },
    {
        "Id": 89
    },
    {
        "Id": 90
    },
    {
        "Id": 91
    },
    {
        "Id": 92
    },
    {
        "Id": 93
    },
    {
        "Id": 94
    },
    {
        "Id": 95
    },
    {
        "Id": 96
    },
    {
        "Id": 97
    },
    {
        "Id": 98
    },
    {
        "Id": 99
    },
    {
        "Id": 100
    },
    {
        "Id": 101
    },
    {
        "Id": 102
    },
    {
        "Id": 103
    },
    {
        "Id": 104
    },
    {
        "Id": 105
    },
    {
        "Id": 106
    },
    {
        "Id": 107
    },
    {
        "Id": 108
    },
    {
        "Id": 109
    },
    {
        "Id": 110
    },
    {
        "Id": 111
    },
    {
        "Id": 112
    },
    {
        "Id": 113
    },
    {
        "Id": 114
    },
    {
        "Id": 115
    },
    {
        "Id": 116
    },
    {
        "Id": 117
    },
    {
        "Id": 118
    },
    {
        "Id": 119
    },
    {
        "Id": 120
    },
    {
        "Id": 121
    },
    {
        "Id": 122
    },
    {
        "Id": 123
    },
    {
        "Id": 124
    },
    {
        "Id": 125
    },
    {
        "Id": 126
    },
    {
        "Id": 127
    },
    {
        "Id": 128
    },
    {
        "Id": 129
    },
    {
        "Id": 130
    },
    {
        "Id": 131
    },
    {
        "Id": 132
    },
    {
        "Id": 133
    },
    {
        "Id": 134
    },
    {
        "Id": 135
    },
    {
        "Id": 136
    },
    {
        "Id": 137
    },
    {
        "Id": 138
    },
    {
        "Id": 139
    },
    {
        "Id": 140
    },
    {
        "Id": 141
    },
    {
        "Id": 142
    },
    {
        "Id": 143
    },
    {
        "Id": 144
    }
]