[
    {
        "EmojiEvent": 3
    },
    {
        "EmojiEvent": 4
    },
    {
        "EmojiEvent": 9
    },
    {
        "EmojiEvent": 10
    },
    {
        "EmojiEvent": 11
    },
    {
        "EmojiEvent": 12
    },
    {
        "EmojiEvent": 13
    },
    {
        "EmojiEvent": 14
    },
    {
        "EmojiEvent": 15
    },
    {
        "EmojiEvent": 16
    },
    {
        "EmojiEvent": 17
    },
    {
        "EmojiEvent": 18
    },
    {
        "EmojiEvent": 19
    },
    {
        "EmojiEvent": 20
    },
    {
        "EmojiEvent": 21
    },
    {
        "EmojiEvent": 22
    },
    {
        "EmojiEvent": 23
    },
    {
        "EmojiEvent": 24
    },
    {
        "EmojiEvent": 25
    },
    {
        "EmojiEvent": 26
    },
    {
        "EmojiEvent": 27
    },
    {
        "EmojiEvent": 28
    },
    {
        "EmojiEvent": 29
    },
    {
        "EmojiEvent": 30
    },
    {
        "EmojiEvent": 31
    },
    {
        "EmojiEvent": 32
    },
    {
        "EmojiEvent": 33
    },
    {
        "EmojiEvent": 34
    },
    {
        "EmojiEvent": 35
    }
]