[
    {
        "Id": 8151001,
        "TileType": 1
    },
    {
        "Id": 8151111,
        "TileType": 4
    },
    {
        "Id": 8151112,
        "TileType": 4
    },
    {
        "Id": 8151121,
        "TileType": 3
    },
    {
        "Id": 8151031,
        "TileType": 2
    },
    {
        "Id": 8152111,
        "TileType": 4
    },
    {
        "Id": 8152112,
        "TileType": 4
    },
    {
        "Id": 8152113,
        "TileType": 4
    },
    {
        "Id": 8152211,
        "TileType": 4
    },
    {
        "Id": 8152212,
        "TileType": 4
    },
    {
        "Id": 8152213,
        "TileType": 4
    },
    {
        "Id": 8152311,
        "TileType": 4
    },
    {
        "Id": 8152312,
        "TileType": 4
    },
    {
        "Id": 8152313,
        "TileType": 4
    },
    {
        "Id": 8152121,
        "TileType": 3
    },
    {
        "Id": 8152221,
        "TileType": 3
    },
    {
        "Id": 8152321,
        "TileType": 3
    },
    {
        "Id": 8152031,
        "TileType": 2
    },
    {
        "Id": 8153111,
        "TileType": 4
    },
    {
        "Id": 8153112,
        "TileType": 4
    },
    {
        "Id": 8153113,
        "TileType": 4
    },
    {
        "Id": 8153211,
        "TileType": 4
    },
    {
        "Id": 8153212,
        "TileType": 4
    },
    {
        "Id": 8153213,
        "TileType": 4
    },
    {
        "Id": 8153311,
        "TileType": 4
    },
    {
        "Id": 8153312,
        "TileType": 4
    },
    {
        "Id": 8153313,
        "TileType": 4
    },
    {
        "Id": 8153121,
        "TileType": 3
    },
    {
        "Id": 8153221,
        "TileType": 3
    },
    {
        "Id": 8153321,
        "TileType": 3
    },
    {
        "Id": 8153031,
        "TileType": 2
    },
    {
        "Id": 8154111,
        "TileType": 4
    },
    {
        "Id": 8154112,
        "TileType": 4
    },
    {
        "Id": 8154113,
        "TileType": 4
    },
    {
        "Id": 8154211,
        "TileType": 4
    },
    {
        "Id": 8154212,
        "TileType": 4
    },
    {
        "Id": 8154213,
        "TileType": 4
    },
    {
        "Id": 8154311,
        "TileType": 4
    },
    {
        "Id": 8154312,
        "TileType": 4
    },
    {
        "Id": 8154313,
        "TileType": 4
    },
    {
        "Id": 8154121,
        "TileType": 3
    },
    {
        "Id": 8154221,
        "TileType": 3
    },
    {
        "Id": 8154321,
        "TileType": 3
    },
    {
        "Id": 8154031,
        "TileType": 2
    },
    {
        "Id": 8150000,
        "TileType": 2
    },
    {
        "Id": 8155000,
        "TileType": 2
    },
    {
        "Id": 8155001,
        "TileType": 1
    },
    {
        "Id": 8155021,
        "TileType": 3
    },
    {
        "Id": 8155022,
        "TileType": 3
    },
    {
        "Id": 8155023,
        "TileType": 3
    },
    {
        "Id": 8155024,
        "TileType": 3
    },
    {
        "Id": 8155025,
        "TileType": 3
    },
    {
        "Id": 8155026,
        "TileType": 3
    },
    {
        "Id": 8221001,
        "TileType": 1
    },
    {
        "Id": 8221002,
        "TileType": 1
    },
    {
        "Id": 8221111,
        "TileType": 4
    },
    {
        "Id": 8221112,
        "TileType": 4
    },
    {
        "Id": 8221121,
        "TileType": 3
    },
    {
        "Id": 8221031,
        "TileType": 2
    },
    {
        "Id": 8222111,
        "TileType": 4
    },
    {
        "Id": 8222112,
        "TileType": 4
    },
    {
        "Id": 8222113,
        "TileType": 4
    },
    {
        "Id": 8222211,
        "TileType": 4
    },
    {
        "Id": 8222212,
        "TileType": 4
    },
    {
        "Id": 8222213,
        "TileType": 4
    },
    {
        "Id": 8222311,
        "TileType": 4
    },
    {
        "Id": 8222312,
        "TileType": 4
    },
    {
        "Id": 8222313,
        "TileType": 4
    },
    {
        "Id": 8222121,
        "TileType": 3
    },
    {
        "Id": 8222221,
        "TileType": 3
    },
    {
        "Id": 8222321,
        "TileType": 3
    },
    {
        "Id": 8222031,
        "TileType": 2
    },
    {
        "Id": 8223111,
        "TileType": 4
    },
    {
        "Id": 8223112,
        "TileType": 4
    },
    {
        "Id": 8223113,
        "TileType": 4
    },
    {
        "Id": 8223211,
        "TileType": 4
    },
    {
        "Id": 8223212,
        "TileType": 4
    },
    {
        "Id": 8223213,
        "TileType": 4
    },
    {
        "Id": 8223311,
        "TileType": 4
    },
    {
        "Id": 8223312,
        "TileType": 4
    },
    {
        "Id": 8223313,
        "TileType": 4
    },
    {
        "Id": 8223121,
        "TileType": 3
    },
    {
        "Id": 8223221,
        "TileType": 3
    },
    {
        "Id": 8223321,
        "TileType": 3
    },
    {
        "Id": 8223031,
        "TileType": 2
    },
    {
        "Id": 8224111,
        "TileType": 4
    },
    {
        "Id": 8224112,
        "TileType": 4
    },
    {
        "Id": 8224113,
        "TileType": 4
    },
    {
        "Id": 8224211,
        "TileType": 4
    },
    {
        "Id": 8224212,
        "TileType": 4
    },
    {
        "Id": 8224213,
        "TileType": 4
    },
    {
        "Id": 8224311,
        "TileType": 4
    },
    {
        "Id": 8224312,
        "TileType": 4
    },
    {
        "Id": 8224313,
        "TileType": 4
    },
    {
        "Id": 8224121,
        "TileType": 3
    },
    {
        "Id": 8224221,
        "TileType": 3
    },
    {
        "Id": 8224321,
        "TileType": 3
    },
    {
        "Id": 8224031,
        "TileType": 2
    },
    {
        "Id": 8220000,
        "TileType": 2
    },
    {
        "Id": 8225000,
        "TileType": 2
    },
    {
        "Id": 8225001,
        "TileType": 1
    },
    {
        "Id": 8225021,
        "TileType": 3
    },
    {
        "Id": 8225022,
        "TileType": 3
    },
    {
        "Id": 8225023,
        "TileType": 3
    },
    {
        "Id": 8225024,
        "TileType": 3
    },
    {
        "Id": 8225025,
        "TileType": 3
    },
    {
        "Id": 8225026,
        "TileType": 3
    },
    {
        "Id": 9008151001,
        "TileType": 1
    },
    {
        "Id": 9008151111,
        "TileType": 4
    },
    {
        "Id": 9008151112,
        "TileType": 4
    },
    {
        "Id": 9008151121,
        "TileType": 3
    },
    {
        "Id": 9008151031,
        "TileType": 2
    },
    {
        "Id": 9008152111,
        "TileType": 4
    },
    {
        "Id": 9008152112,
        "TileType": 4
    },
    {
        "Id": 9008152113,
        "TileType": 4
    },
    {
        "Id": 9008152211,
        "TileType": 4
    },
    {
        "Id": 9008152212,
        "TileType": 4
    },
    {
        "Id": 9008152213,
        "TileType": 4
    },
    {
        "Id": 9008152311,
        "TileType": 4
    },
    {
        "Id": 9008152312,
        "TileType": 4
    },
    {
        "Id": 9008152313,
        "TileType": 4
    },
    {
        "Id": 9008152121,
        "TileType": 3
    },
    {
        "Id": 9008152221,
        "TileType": 3
    },
    {
        "Id": 9008152321,
        "TileType": 3
    },
    {
        "Id": 9008152031,
        "TileType": 2
    },
    {
        "Id": 9008153111,
        "TileType": 4
    },
    {
        "Id": 9008153112,
        "TileType": 4
    },
    {
        "Id": 9008153113,
        "TileType": 4
    },
    {
        "Id": 9008153211,
        "TileType": 4
    },
    {
        "Id": 9008153212,
        "TileType": 4
    },
    {
        "Id": 9008153213,
        "TileType": 4
    },
    {
        "Id": 9008153311,
        "TileType": 4
    },
    {
        "Id": 9008153312,
        "TileType": 4
    },
    {
        "Id": 9008153313,
        "TileType": 4
    },
    {
        "Id": 9008153121,
        "TileType": 3
    },
    {
        "Id": 9008153221,
        "TileType": 3
    },
    {
        "Id": 9008153321,
        "TileType": 3
    },
    {
        "Id": 9008153031,
        "TileType": 2
    },
    {
        "Id": 9008154111,
        "TileType": 4
    },
    {
        "Id": 9008154112,
        "TileType": 4
    },
    {
        "Id": 9008154113,
        "TileType": 4
    },
    {
        "Id": 9008154211,
        "TileType": 4
    },
    {
        "Id": 9008154212,
        "TileType": 4
    },
    {
        "Id": 9008154213,
        "TileType": 4
    },
    {
        "Id": 9008154311,
        "TileType": 4
    },
    {
        "Id": 9008154312,
        "TileType": 4
    },
    {
        "Id": 9008154313,
        "TileType": 4
    },
    {
        "Id": 9008154121,
        "TileType": 3
    },
    {
        "Id": 9008154221,
        "TileType": 3
    },
    {
        "Id": 9008154321,
        "TileType": 3
    },
    {
        "Id": 9008154031,
        "TileType": 2
    },
    {
        "Id": 9008150000,
        "TileType": 2
    }
]