[
    {
        "ConquestBonusId": 81511
    },
    {
        "ConquestBonusId": 81512
    },
    {
        "ConquestBonusId": 81513
    },
    {
        "ConquestBonusId": 81521
    },
    {
        "ConquestBonusId": 81522
    },
    {
        "ConquestBonusId": 81523
    },
    {
        "ConquestBonusId": 81531
    },
    {
        "ConquestBonusId": 81532
    },
    {
        "ConquestBonusId": 81533
    },
    {
        "ConquestBonusId": 81541
    },
    {
        "ConquestBonusId": 81542
    },
    {
        "ConquestBonusId": 81543
    },
    {
        "ConquestBonusId": 82211
    },
    {
        "ConquestBonusId": 82212
    },
    {
        "ConquestBonusId": 82213
    },
    {
        "ConquestBonusId": 82221
    },
    {
        "ConquestBonusId": 82222
    },
    {
        "ConquestBonusId": 82223
    },
    {
        "ConquestBonusId": 82231
    },
    {
        "ConquestBonusId": 82232
    },
    {
        "ConquestBonusId": 82233
    },
    {
        "ConquestBonusId": 82241
    },
    {
        "ConquestBonusId": 82242
    },
    {
        "ConquestBonusId": 82243
    },
    {
        "ConquestBonusId": 1081511
    },
    {
        "ConquestBonusId": 1081512
    },
    {
        "ConquestBonusId": 1081513
    },
    {
        "ConquestBonusId": 1081521
    },
    {
        "ConquestBonusId": 1081522
    },
    {
        "ConquestBonusId": 1081523
    },
    {
        "ConquestBonusId": 1081531
    },
    {
        "ConquestBonusId": 1081532
    },
    {
        "ConquestBonusId": 1081533
    },
    {
        "ConquestBonusId": 1081541
    },
    {
        "ConquestBonusId": 1081542
    },
    {
        "ConquestBonusId": 1081543
    }
]