[
    {
        "ContentType": 17,
        "EventContentId": 821,
        "ScenarioModeVolume": 0,
        "ScenarioModeChapter": 0
    },
    {
        "ContentType": 15,
        "EventContentId": 0,
        "ScenarioModeVolume": 100,
        "ScenarioModeChapter": 2
    },
    {
        "ContentType": 11,
        "EventContentId": 822,
        "ScenarioModeVolume": 0,
        "ScenarioModeChapter": 0
    },
    {
        "ContentType": 15,
        "EventContentId": 0,
        "ScenarioModeVolume": 100,
        "ScenarioModeChapter": 3
    },
    {
        "ContentType": 17,
        "EventContentId": 823,
        "ScenarioModeVolume": 0,
        "ScenarioModeChapter": 0
    },
    {
        "ContentType": 15,
        "EventContentId": 0,
        "ScenarioModeVolume": 100,
        "ScenarioModeChapter": 4
    },
    {
        "ContentType": 11,
        "EventContentId": 50822,
        "ScenarioModeVolume": 0,
        "ScenarioModeChapter": 0
    },
    {
        "ContentType": 15,
        "EventContentId": 0,
        "ScenarioModeVolume": 100,
        "ScenarioModeChapter": 3
    }
]