[
    {
        "SeasonId": 1
    },
    {
        "SeasonId": 2
    },
    {
        "SeasonId": 3
    },
    {
        "SeasonId": 4
    },
    {
        "SeasonId": 5
    },
    {
        "SeasonId": 6
    },
    {
        "SeasonId": 7
    },
    {
        "SeasonId": 8
    },
    {
        "SeasonId": 9
    },
    {
        "SeasonId": 10
    },
    {
        "SeasonId": 11
    },
    {
        "SeasonId": 12
    },
    {
        "SeasonId": 13
    },
    {
        "SeasonId": 14
    },
    {
        "SeasonId": 15
    },
    {
        "SeasonId": 16
    },
    {
        "SeasonId": 17
    },
    {
        "SeasonId": 18
    },
    {
        "SeasonId": 19
    },
    {
        "SeasonId": 20
    },
    {
        "SeasonId": 21
    },
    {
        "SeasonId": 22
    },
    {
        "SeasonId": 23
    },
    {
        "SeasonId": 24
    },
    {
        "SeasonId": 25
    },
    {
        "SeasonId": 26
    },
    {
        "SeasonId": 27
    },
    {
        "SeasonId": 28
    }
]