[
    {
        "Id": 2011101
    },
    {
        "Id": 2011102
    },
    {
        "Id": 2011103
    },
    {
        "Id": 2011104
    },
    {
        "Id": 2011105
    },
    {
        "Id": 2011106
    },
    {
        "Id": 2011107
    },
    {
        "Id": 2011201
    },
    {
        "Id": 2011202
    },
    {
        "Id": 2011203
    },
    {
        "Id": 2011204
    },
    {
        "Id": 2011205
    },
    {
        "Id": 2011206
    },
    {
        "Id": 2011207
    },
    {
        "Id": 2011301
    },
    {
        "Id": 2011302
    },
    {
        "Id": 2011303
    },
    {
        "Id": 2011304
    },
    {
        "Id": 2011305
    },
    {
        "Id": 2011306
    },
    {
        "Id": 2011307
    },
    {
        "Id": 2011401
    },
    {
        "Id": 2011402
    },
    {
        "Id": 2011403
    },
    {
        "Id": 2011404
    },
    {
        "Id": 2011405
    },
    {
        "Id": 2011406
    },
    {
        "Id": 2011407
    },
    {
        "Id": 2012101
    },
    {
        "Id": 2012102
    },
    {
        "Id": 2012103
    },
    {
        "Id": 2012104
    },
    {
        "Id": 2012105
    },
    {
        "Id": 2012106
    },
    {
        "Id": 2012107
    },
    {
        "Id": 2012201
    },
    {
        "Id": 2012202
    },
    {
        "Id": 2012203
    },
    {
        "Id": 2012204
    },
    {
        "Id": 2012205
    },
    {
        "Id": 2012206
    },
    {
        "Id": 2012207
    },
    {
        "Id": 2012301
    },
    {
        "Id": 2012302
    },
    {
        "Id": 2012303
    },
    {
        "Id": 2012304
    },
    {
        "Id": 2012305
    },
    {
        "Id": 2012306
    },
    {
        "Id": 2012307
    },
    {
        "Id": 2012401
    },
    {
        "Id": 2012402
    },
    {
        "Id": 2012403
    },
    {
        "Id": 2012404
    },
    {
        "Id": 2012405
    },
    {
        "Id": 2012406
    },
    {
        "Id": 2012407
    },
    {
        "Id": 2032101
    },
    {
        "Id": 2032102
    },
    {
        "Id": 2032103
    },
    {
        "Id": 2032104
    },
    {
        "Id": 2032105
    },
    {
        "Id": 2032106
    },
    {
        "Id": 2032107
    },
    {
        "Id": 2032201
    },
    {
        "Id": 2032202
    },
    {
        "Id": 2032203
    },
    {
        "Id": 2032204
    },
    {
        "Id": 2032205
    },
    {
        "Id": 2032206
    },
    {
        "Id": 2032207
    },
    {
        "Id": 2032301
    },
    {
        "Id": 2032302
    },
    {
        "Id": 2032303
    },
    {
        "Id": 2032304
    },
    {
        "Id": 2032305
    },
    {
        "Id": 2032306
    },
    {
        "Id": 2032307
    },
    {
        "Id": 2032401
    },
    {
        "Id": 2032402
    },
    {
        "Id": 2032403
    },
    {
        "Id": 2032404
    },
    {
        "Id": 2032405
    },
    {
        "Id": 2032406
    },
    {
        "Id": 2032407
    },
    {
        "Id": 2033101
    },
    {
        "Id": 2033102
    },
    {
        "Id": 2033103
    },
    {
        "Id": 2033104
    },
    {
        "Id": 2033105
    },
    {
        "Id": 2033106
    },
    {
        "Id": 2033107
    },
    {
        "Id": 2033201
    },
    {
        "Id": 2033202
    },
    {
        "Id": 2033203
    },
    {
        "Id": 2033204
    },
    {
        "Id": 2033205
    },
    {
        "Id": 2033206
    },
    {
        "Id": 2033207
    },
    {
        "Id": 2033301
    },
    {
        "Id": 2033302
    },
    {
        "Id": 2033303
    },
    {
        "Id": 2033304
    },
    {
        "Id": 2033305
    },
    {
        "Id": 2033306
    },
    {
        "Id": 2033307
    },
    {
        "Id": 2033401
    },
    {
        "Id": 2033402
    },
    {
        "Id": 2033403
    },
    {
        "Id": 2033404
    },
    {
        "Id": 2033405
    },
    {
        "Id": 2033406
    },
    {
        "Id": 2033407
    },
    {
        "Id": 2051101
    },
    {
        "Id": 2051102
    },
    {
        "Id": 2051103
    },
    {
        "Id": 2051104
    },
    {
        "Id": 2051105
    },
    {
        "Id": 2051106
    },
    {
        "Id": 2051107
    },
    {
        "Id": 2051201
    },
    {
        "Id": 2051202
    },
    {
        "Id": 2051203
    },
    {
        "Id": 2051204
    },
    {
        "Id": 2051205
    },
    {
        "Id": 2051206
    },
    {
        "Id": 2051207
    },
    {
        "Id": 2051301
    },
    {
        "Id": 2051302
    },
    {
        "Id": 2051303
    },
    {
        "Id": 2051304
    },
    {
        "Id": 2051305
    },
    {
        "Id": 2051306
    },
    {
        "Id": 2051307
    },
    {
        "Id": 2051401
    },
    {
        "Id": 2051402
    },
    {
        "Id": 2051403
    },
    {
        "Id": 2051404
    },
    {
        "Id": 2051405
    },
    {
        "Id": 2051406
    },
    {
        "Id": 2051407
    },
    {
        "Id": 2052101
    },
    {
        "Id": 2052102
    },
    {
        "Id": 2052103
    },
    {
        "Id": 2052104
    },
    {
        "Id": 2052105
    },
    {
        "Id": 2052106
    },
    {
        "Id": 2052107
    },
    {
        "Id": 2052201
    },
    {
        "Id": 2052202
    },
    {
        "Id": 2052203
    },
    {
        "Id": 2052204
    },
    {
        "Id": 2052205
    },
    {
        "Id": 2052206
    },
    {
        "Id": 2052207
    },
    {
        "Id": 2052301
    },
    {
        "Id": 2052302
    },
    {
        "Id": 2052303
    },
    {
        "Id": 2052304
    },
    {
        "Id": 2052305
    },
    {
        "Id": 2052306
    },
    {
        "Id": 2052307
    },
    {
        "Id": 2052401
    },
    {
        "Id": 2052402
    },
    {
        "Id": 2052403
    },
    {
        "Id": 2052404
    },
    {
        "Id": 2052405
    },
    {
        "Id": 2052406
    },
    {
        "Id": 2052407
    },
    {
        "Id": 2021101
    },
    {
        "Id": 2021102
    },
    {
        "Id": 2021103
    },
    {
        "Id": 2021104
    },
    {
        "Id": 2021105
    },
    {
        "Id": 2021106
    },
    {
        "Id": 2021107
    },
    {
        "Id": 2021201
    },
    {
        "Id": 2021202
    },
    {
        "Id": 2021203
    },
    {
        "Id": 2021204
    },
    {
        "Id": 2021205
    },
    {
        "Id": 2021206
    },
    {
        "Id": 2021207
    },
    {
        "Id": 2021301
    },
    {
        "Id": 2021302
    },
    {
        "Id": 2021303
    },
    {
        "Id": 2021304
    },
    {
        "Id": 2021305
    },
    {
        "Id": 2021306
    },
    {
        "Id": 2021307
    },
    {
        "Id": 2021401
    },
    {
        "Id": 2021402
    },
    {
        "Id": 2021403
    },
    {
        "Id": 2021404
    },
    {
        "Id": 2021405
    },
    {
        "Id": 2021406
    },
    {
        "Id": 2021407
    },
    {
        "Id": 2023101
    },
    {
        "Id": 2023102
    },
    {
        "Id": 2023103
    },
    {
        "Id": 2023104
    },
    {
        "Id": 2023105
    },
    {
        "Id": 2023106
    },
    {
        "Id": 2023107
    },
    {
        "Id": 2023201
    },
    {
        "Id": 2023202
    },
    {
        "Id": 2023203
    },
    {
        "Id": 2023204
    },
    {
        "Id": 2023205
    },
    {
        "Id": 2023206
    },
    {
        "Id": 2023207
    },
    {
        "Id": 2023301
    },
    {
        "Id": 2023302
    },
    {
        "Id": 2023303
    },
    {
        "Id": 2023304
    },
    {
        "Id": 2023305
    },
    {
        "Id": 2023306
    },
    {
        "Id": 2023307
    },
    {
        "Id": 2023401
    },
    {
        "Id": 2023402
    },
    {
        "Id": 2023403
    },
    {
        "Id": 2023404
    },
    {
        "Id": 2023405
    },
    {
        "Id": 2023406
    },
    {
        "Id": 2023407
    },
    {
        "Id": 2062101
    },
    {
        "Id": 2062102
    },
    {
        "Id": 2062103
    },
    {
        "Id": 2062104
    },
    {
        "Id": 2062105
    },
    {
        "Id": 2062106
    },
    {
        "Id": 2062107
    },
    {
        "Id": 2062201
    },
    {
        "Id": 2062202
    },
    {
        "Id": 2062203
    },
    {
        "Id": 2062204
    },
    {
        "Id": 2062205
    },
    {
        "Id": 2062206
    },
    {
        "Id": 2062207
    },
    {
        "Id": 2062301
    },
    {
        "Id": 2062302
    },
    {
        "Id": 2062303
    },
    {
        "Id": 2062304
    },
    {
        "Id": 2062305
    },
    {
        "Id": 2062306
    },
    {
        "Id": 2062307
    },
    {
        "Id": 2062401
    },
    {
        "Id": 2062402
    },
    {
        "Id": 2062403
    },
    {
        "Id": 2062404
    },
    {
        "Id": 2062405
    },
    {
        "Id": 2062406
    },
    {
        "Id": 2062407
    },
    {
        "Id": 2063101
    },
    {
        "Id": 2063102
    },
    {
        "Id": 2063103
    },
    {
        "Id": 2063104
    },
    {
        "Id": 2063105
    },
    {
        "Id": 2063106
    },
    {
        "Id": 2063107
    },
    {
        "Id": 2063201
    },
    {
        "Id": 2063202
    },
    {
        "Id": 2063203
    },
    {
        "Id": 2063204
    },
    {
        "Id": 2063205
    },
    {
        "Id": 2063206
    },
    {
        "Id": 2063207
    },
    {
        "Id": 2063301
    },
    {
        "Id": 2063302
    },
    {
        "Id": 2063303
    },
    {
        "Id": 2063304
    },
    {
        "Id": 2063305
    },
    {
        "Id": 2063306
    },
    {
        "Id": 2063307
    },
    {
        "Id": 2063401
    },
    {
        "Id": 2063402
    },
    {
        "Id": 2063403
    },
    {
        "Id": 2063404
    },
    {
        "Id": 2063405
    },
    {
        "Id": 2063406
    },
    {
        "Id": 2063407
    },
    {
        "Id": 2071101
    },
    {
        "Id": 2071102
    },
    {
        "Id": 2071103
    },
    {
        "Id": 2071104
    },
    {
        "Id": 2071105
    },
    {
        "Id": 2071106
    },
    {
        "Id": 2071107
    },
    {
        "Id": 2071201
    },
    {
        "Id": 2071202
    },
    {
        "Id": 2071203
    },
    {
        "Id": 2071204
    },
    {
        "Id": 2071205
    },
    {
        "Id": 2071206
    },
    {
        "Id": 2071207
    },
    {
        "Id": 2071301
    },
    {
        "Id": 2071302
    },
    {
        "Id": 2071303
    },
    {
        "Id": 2071304
    },
    {
        "Id": 2071305
    },
    {
        "Id": 2071306
    },
    {
        "Id": 2071307
    },
    {
        "Id": 2071401
    },
    {
        "Id": 2071402
    },
    {
        "Id": 2071403
    },
    {
        "Id": 2071404
    },
    {
        "Id": 2071405
    },
    {
        "Id": 2071406
    },
    {
        "Id": 2071407
    },
    {
        "Id": 2073101
    },
    {
        "Id": 2073102
    },
    {
        "Id": 2073103
    },
    {
        "Id": 2073104
    },
    {
        "Id": 2073105
    },
    {
        "Id": 2073106
    },
    {
        "Id": 2073107
    },
    {
        "Id": 2073201
    },
    {
        "Id": 2073202
    },
    {
        "Id": 2073203
    },
    {
        "Id": 2073204
    },
    {
        "Id": 2073205
    },
    {
        "Id": 2073206
    },
    {
        "Id": 2073207
    },
    {
        "Id": 2073301
    },
    {
        "Id": 2073302
    },
    {
        "Id": 2073303
    },
    {
        "Id": 2073304
    },
    {
        "Id": 2073305
    },
    {
        "Id": 2073306
    },
    {
        "Id": 2073307
    },
    {
        "Id": 2073401
    },
    {
        "Id": 2073402
    },
    {
        "Id": 2073403
    },
    {
        "Id": 2073404
    },
    {
        "Id": 2073405
    },
    {
        "Id": 2073406
    },
    {
        "Id": 2073407
    },
    {
        "Id": 2082101
    },
    {
        "Id": 2082102
    },
    {
        "Id": 2082103
    },
    {
        "Id": 2082104
    },
    {
        "Id": 2082105
    },
    {
        "Id": 2082106
    },
    {
        "Id": 2082107
    },
    {
        "Id": 2082201
    },
    {
        "Id": 2082202
    },
    {
        "Id": 2082203
    },
    {
        "Id": 2082204
    },
    {
        "Id": 2082205
    },
    {
        "Id": 2082206
    },
    {
        "Id": 2082207
    },
    {
        "Id": 2082301
    },
    {
        "Id": 2082302
    },
    {
        "Id": 2082303
    },
    {
        "Id": 2082304
    },
    {
        "Id": 2082305
    },
    {
        "Id": 2082306
    },
    {
        "Id": 2082307
    },
    {
        "Id": 2082401
    },
    {
        "Id": 2082402
    },
    {
        "Id": 2082403
    },
    {
        "Id": 2082404
    },
    {
        "Id": 2082405
    },
    {
        "Id": 2082406
    },
    {
        "Id": 2082407
    },
    {
        "Id": 2083101
    },
    {
        "Id": 2083102
    },
    {
        "Id": 2083103
    },
    {
        "Id": 2083104
    },
    {
        "Id": 2083105
    },
    {
        "Id": 2083106
    },
    {
        "Id": 2083107
    },
    {
        "Id": 2083201
    },
    {
        "Id": 2083202
    },
    {
        "Id": 2083203
    },
    {
        "Id": 2083204
    },
    {
        "Id": 2083205
    },
    {
        "Id": 2083206
    },
    {
        "Id": 2083207
    },
    {
        "Id": 2083301
    },
    {
        "Id": 2083302
    },
    {
        "Id": 2083303
    },
    {
        "Id": 2083304
    },
    {
        "Id": 2083305
    },
    {
        "Id": 2083306
    },
    {
        "Id": 2083307
    },
    {
        "Id": 2083401
    },
    {
        "Id": 2083402
    },
    {
        "Id": 2083403
    },
    {
        "Id": 2083404
    },
    {
        "Id": 2083405
    },
    {
        "Id": 2083406
    },
    {
        "Id": 2083407
    },
    {
        "Id": 2093101
    },
    {
        "Id": 2093102
    },
    {
        "Id": 2093103
    },
    {
        "Id": 2093104
    },
    {
        "Id": 2093105
    },
    {
        "Id": 2093106
    },
    {
        "Id": 2093107
    },
    {
        "Id": 2093201
    },
    {
        "Id": 2093202
    },
    {
        "Id": 2093203
    },
    {
        "Id": 2093204
    },
    {
        "Id": 2093205
    },
    {
        "Id": 2093206
    },
    {
        "Id": 2093207
    },
    {
        "Id": 2093301
    },
    {
        "Id": 2093302
    },
    {
        "Id": 2093303
    },
    {
        "Id": 2093304
    },
    {
        "Id": 2093305
    },
    {
        "Id": 2093306
    },
    {
        "Id": 2093307
    },
    {
        "Id": 2093401
    },
    {
        "Id": 2093402
    },
    {
        "Id": 2093403
    },
    {
        "Id": 2093404
    },
    {
        "Id": 2093405
    },
    {
        "Id": 2093406
    },
    {
        "Id": 2093407
    },
    {
        "Id": 2041101
    },
    {
        "Id": 2041102
    },
    {
        "Id": 2041103
    },
    {
        "Id": 2041104
    },
    {
        "Id": 2041105
    },
    {
        "Id": 2041106
    },
    {
        "Id": 2041107
    },
    {
        "Id": 2041201
    },
    {
        "Id": 2041202
    },
    {
        "Id": 2041203
    },
    {
        "Id": 2041204
    },
    {
        "Id": 2041205
    },
    {
        "Id": 2041206
    },
    {
        "Id": 2041207
    },
    {
        "Id": 2041301
    },
    {
        "Id": 2041302
    },
    {
        "Id": 2041303
    },
    {
        "Id": 2041304
    },
    {
        "Id": 2041305
    },
    {
        "Id": 2041306
    },
    {
        "Id": 2041307
    },
    {
        "Id": 2041401
    },
    {
        "Id": 2041402
    },
    {
        "Id": 2041403
    },
    {
        "Id": 2041404
    },
    {
        "Id": 2041405
    },
    {
        "Id": 2041406
    },
    {
        "Id": 2041407
    },
    {
        "Id": 2102101
    },
    {
        "Id": 2102102
    },
    {
        "Id": 2102103
    },
    {
        "Id": 2102104
    },
    {
        "Id": 2102105
    },
    {
        "Id": 2102106
    },
    {
        "Id": 2102107
    },
    {
        "Id": 2102201
    },
    {
        "Id": 2102202
    },
    {
        "Id": 2102203
    },
    {
        "Id": 2102204
    },
    {
        "Id": 2102205
    },
    {
        "Id": 2102206
    },
    {
        "Id": 2102207
    },
    {
        "Id": 2102301
    },
    {
        "Id": 2102302
    },
    {
        "Id": 2102303
    },
    {
        "Id": 2102304
    },
    {
        "Id": 2102305
    },
    {
        "Id": 2102306
    },
    {
        "Id": 2102307
    },
    {
        "Id": 2102401
    },
    {
        "Id": 2102402
    },
    {
        "Id": 2102403
    },
    {
        "Id": 2102404
    },
    {
        "Id": 2102405
    },
    {
        "Id": 2102406
    },
    {
        "Id": 2102407
    },
    {
        "Id": 2111101
    },
    {
        "Id": 2111102
    },
    {
        "Id": 2111103
    },
    {
        "Id": 2111104
    },
    {
        "Id": 2111105
    },
    {
        "Id": 2111106
    },
    {
        "Id": 2111107
    },
    {
        "Id": 2111201
    },
    {
        "Id": 2111202
    },
    {
        "Id": 2111203
    },
    {
        "Id": 2111204
    },
    {
        "Id": 2111205
    },
    {
        "Id": 2111206
    },
    {
        "Id": 2111207
    },
    {
        "Id": 2111301
    },
    {
        "Id": 2111302
    },
    {
        "Id": 2111303
    },
    {
        "Id": 2111304
    },
    {
        "Id": 2111305
    },
    {
        "Id": 2111306
    },
    {
        "Id": 2111307
    },
    {
        "Id": 2111401
    },
    {
        "Id": 2111402
    },
    {
        "Id": 2111403
    },
    {
        "Id": 2111404
    },
    {
        "Id": 2111405
    },
    {
        "Id": 2111406
    },
    {
        "Id": 2111407
    }
]