[
    {
        "SeasonRewardId": 100
    },
    {
        "SeasonRewardId": 101
    },
    {
        "SeasonRewardId": 102
    },
    {
        "SeasonRewardId": 103
    },
    {
        "SeasonRewardId": 104
    },
    {
        "SeasonRewardId": 105
    },
    {
        "SeasonRewardId": 106
    },
    {
        "SeasonRewardId": 107
    },
    {
        "SeasonRewardId": 108
    },
    {
        "SeasonRewardId": 109
    },
    {
        "SeasonRewardId": 110
    },
    {
        "SeasonRewardId": 111
    },
    {
        "SeasonRewardId": 112
    },
    {
        "SeasonRewardId": 113
    },
    {
        "SeasonRewardId": 114
    },
    {
        "SeasonRewardId": 115
    },
    {
        "SeasonRewardId": 116
    },
    {
        "SeasonRewardId": 117
    },
    {
        "SeasonRewardId": 118
    },
    {
        "SeasonRewardId": 119
    },
    {
        "SeasonRewardId": 120
    },
    {
        "SeasonRewardId": 121
    },
    {
        "SeasonRewardId": 122
    },
    {
        "SeasonRewardId": 123
    },
    {
        "SeasonRewardId": 124
    },
    {
        "SeasonRewardId": 125
    },
    {
        "SeasonRewardId": 126
    },
    {
        "SeasonRewardId": 127
    },
    {
        "SeasonRewardId": 128
    },
    {
        "SeasonRewardId": 129
    },
    {
        "SeasonRewardId": 130
    },
    {
        "SeasonRewardId": 131
    },
    {
        "SeasonRewardId": 132
    },
    {
        "SeasonRewardId": 133
    },
    {
        "SeasonRewardId": 134
    },
    {
        "SeasonRewardId": 135
    },
    {
        "SeasonRewardId": 136
    },
    {
        "SeasonRewardId": 137
    },
    {
        "SeasonRewardId": 138
    },
    {
        "SeasonRewardId": 139
    },
    {
        "SeasonRewardId": 140
    },
    {
        "SeasonRewardId": 141
    },
    {
        "SeasonRewardId": 142
    },
    {
        "SeasonRewardId": 143
    },
    {
        "SeasonRewardId": 144
    },
    {
        "SeasonRewardId": 145
    },
    {
        "SeasonRewardId": 146
    },
    {
        "SeasonRewardId": 147
    },
    {
        "SeasonRewardId": 148
    },
    {
        "SeasonRewardId": 149
    },
    {
        "SeasonRewardId": 150
    },
    {
        "SeasonRewardId": 151
    },
    {
        "SeasonRewardId": 152
    },
    {
        "SeasonRewardId": 153
    },
    {
        "SeasonRewardId": 200
    },
    {
        "SeasonRewardId": 201
    },
    {
        "SeasonRewardId": 202
    },
    {
        "SeasonRewardId": 203
    },
    {
        "SeasonRewardId": 204
    },
    {
        "SeasonRewardId": 205
    },
    {
        "SeasonRewardId": 206
    },
    {
        "SeasonRewardId": 207
    },
    {
        "SeasonRewardId": 208
    },
    {
        "SeasonRewardId": 209
    },
    {
        "SeasonRewardId": 210
    },
    {
        "SeasonRewardId": 211
    },
    {
        "SeasonRewardId": 212
    },
    {
        "SeasonRewardId": 213
    },
    {
        "SeasonRewardId": 214
    },
    {
        "SeasonRewardId": 215
    },
    {
        "SeasonRewardId": 216
    },
    {
        "SeasonRewardId": 217
    },
    {
        "SeasonRewardId": 218
    },
    {
        "SeasonRewardId": 219
    },
    {
        "SeasonRewardId": 220
    },
    {
        "SeasonRewardId": 221
    },
    {
        "SeasonRewardId": 222
    },
    {
        "SeasonRewardId": 223
    },
    {
        "SeasonRewardId": 224
    },
    {
        "SeasonRewardId": 225
    },
    {
        "SeasonRewardId": 226
    },
    {
        "SeasonRewardId": 227
    },
    {
        "SeasonRewardId": 228
    },
    {
        "SeasonRewardId": 229
    },
    {
        "SeasonRewardId": 230
    },
    {
        "SeasonRewardId": 231
    },
    {
        "SeasonRewardId": 232
    },
    {
        "SeasonRewardId": 233
    },
    {
        "SeasonRewardId": 234
    },
    {
        "SeasonRewardId": 235
    },
    {
        "SeasonRewardId": 236
    },
    {
        "SeasonRewardId": 237
    },
    {
        "SeasonRewardId": 238
    },
    {
        "SeasonRewardId": 239
    },
    {
        "SeasonRewardId": 240
    },
    {
        "SeasonRewardId": 241
    },
    {
        "SeasonRewardId": 242
    },
    {
        "SeasonRewardId": 243
    },
    {
        "SeasonRewardId": 244
    },
    {
        "SeasonRewardId": 245
    },
    {
        "SeasonRewardId": 246
    },
    {
        "SeasonRewardId": 247
    },
    {
        "SeasonRewardId": 248
    },
    {
        "SeasonRewardId": 249
    },
    {
        "SeasonRewardId": 250
    },
    {
        "SeasonRewardId": 251
    },
    {
        "SeasonRewardId": 252
    },
    {
        "SeasonRewardId": 253
    },
    {
        "SeasonRewardId": 300
    },
    {
        "SeasonRewardId": 301
    },
    {
        "SeasonRewardId": 302
    },
    {
        "SeasonRewardId": 303
    },
    {
        "SeasonRewardId": 304
    },
    {
        "SeasonRewardId": 305
    },
    {
        "SeasonRewardId": 306
    },
    {
        "SeasonRewardId": 307
    },
    {
        "SeasonRewardId": 308
    },
    {
        "SeasonRewardId": 309
    },
    {
        "SeasonRewardId": 310
    },
    {
        "SeasonRewardId": 311
    },
    {
        "SeasonRewardId": 312
    },
    {
        "SeasonRewardId": 313
    },
    {
        "SeasonRewardId": 314
    },
    {
        "SeasonRewardId": 315
    },
    {
        "SeasonRewardId": 316
    },
    {
        "SeasonRewardId": 317
    },
    {
        "SeasonRewardId": 318
    },
    {
        "SeasonRewardId": 319
    },
    {
        "SeasonRewardId": 320
    },
    {
        "SeasonRewardId": 321
    },
    {
        "SeasonRewardId": 322
    },
    {
        "SeasonRewardId": 323
    },
    {
        "SeasonRewardId": 324
    },
    {
        "SeasonRewardId": 325
    },
    {
        "SeasonRewardId": 326
    },
    {
        "SeasonRewardId": 327
    },
    {
        "SeasonRewardId": 328
    },
    {
        "SeasonRewardId": 329
    },
    {
        "SeasonRewardId": 330
    },
    {
        "SeasonRewardId": 331
    },
    {
        "SeasonRewardId": 332
    },
    {
        "SeasonRewardId": 333
    },
    {
        "SeasonRewardId": 334
    },
    {
        "SeasonRewardId": 335
    },
    {
        "SeasonRewardId": 336
    },
    {
        "SeasonRewardId": 337
    },
    {
        "SeasonRewardId": 338
    },
    {
        "SeasonRewardId": 339
    },
    {
        "SeasonRewardId": 340
    },
    {
        "SeasonRewardId": 341
    },
    {
        "SeasonRewardId": 342
    },
    {
        "SeasonRewardId": 343
    },
    {
        "SeasonRewardId": 344
    },
    {
        "SeasonRewardId": 345
    },
    {
        "SeasonRewardId": 346
    },
    {
        "SeasonRewardId": 347
    },
    {
        "SeasonRewardId": 348
    },
    {
        "SeasonRewardId": 349
    },
    {
        "SeasonRewardId": 350
    },
    {
        "SeasonRewardId": 351
    },
    {
        "SeasonRewardId": 352
    },
    {
        "SeasonRewardId": 353
    },
    {
        "SeasonRewardId": 354
    },
    {
        "SeasonRewardId": 355
    },
    {
        "SeasonRewardId": 400
    },
    {
        "SeasonRewardId": 401
    },
    {
        "SeasonRewardId": 402
    },
    {
        "SeasonRewardId": 403
    },
    {
        "SeasonRewardId": 404
    },
    {
        "SeasonRewardId": 405
    },
    {
        "SeasonRewardId": 406
    },
    {
        "SeasonRewardId": 407
    },
    {
        "SeasonRewardId": 408
    },
    {
        "SeasonRewardId": 409
    },
    {
        "SeasonRewardId": 410
    },
    {
        "SeasonRewardId": 411
    },
    {
        "SeasonRewardId": 412
    },
    {
        "SeasonRewardId": 413
    },
    {
        "SeasonRewardId": 414
    },
    {
        "SeasonRewardId": 415
    },
    {
        "SeasonRewardId": 416
    },
    {
        "SeasonRewardId": 417
    },
    {
        "SeasonRewardId": 418
    },
    {
        "SeasonRewardId": 419
    },
    {
        "SeasonRewardId": 420
    },
    {
        "SeasonRewardId": 421
    },
    {
        "SeasonRewardId": 422
    },
    {
        "SeasonRewardId": 423
    },
    {
        "SeasonRewardId": 424
    },
    {
        "SeasonRewardId": 425
    },
    {
        "SeasonRewardId": 426
    },
    {
        "SeasonRewardId": 427
    },
    {
        "SeasonRewardId": 428
    },
    {
        "SeasonRewardId": 429
    },
    {
        "SeasonRewardId": 430
    },
    {
        "SeasonRewardId": 431
    },
    {
        "SeasonRewardId": 432
    },
    {
        "SeasonRewardId": 433
    },
    {
        "SeasonRewardId": 434
    },
    {
        "SeasonRewardId": 435
    },
    {
        "SeasonRewardId": 436
    },
    {
        "SeasonRewardId": 437
    },
    {
        "SeasonRewardId": 438
    },
    {
        "SeasonRewardId": 439
    },
    {
        "SeasonRewardId": 440
    },
    {
        "SeasonRewardId": 441
    },
    {
        "SeasonRewardId": 442
    },
    {
        "SeasonRewardId": 443
    },
    {
        "SeasonRewardId": 444
    },
    {
        "SeasonRewardId": 445
    },
    {
        "SeasonRewardId": 446
    },
    {
        "SeasonRewardId": 447
    },
    {
        "SeasonRewardId": 448
    },
    {
        "SeasonRewardId": 449
    },
    {
        "SeasonRewardId": 450
    },
    {
        "SeasonRewardId": 451
    },
    {
        "SeasonRewardId": 452
    },
    {
        "SeasonRewardId": 453
    },
    {
        "SeasonRewardId": 454
    },
    {
        "SeasonRewardId": 455
    },
    {
        "SeasonRewardId": 500
    },
    {
        "SeasonRewardId": 501
    },
    {
        "SeasonRewardId": 502
    },
    {
        "SeasonRewardId": 503
    },
    {
        "SeasonRewardId": 504
    },
    {
        "SeasonRewardId": 505
    },
    {
        "SeasonRewardId": 506
    },
    {
        "SeasonRewardId": 507
    },
    {
        "SeasonRewardId": 508
    },
    {
        "SeasonRewardId": 509
    },
    {
        "SeasonRewardId": 510
    },
    {
        "SeasonRewardId": 511
    },
    {
        "SeasonRewardId": 512
    },
    {
        "SeasonRewardId": 513
    },
    {
        "SeasonRewardId": 514
    },
    {
        "SeasonRewardId": 515
    },
    {
        "SeasonRewardId": 516
    },
    {
        "SeasonRewardId": 517
    },
    {
        "SeasonRewardId": 518
    },
    {
        "SeasonRewardId": 519
    },
    {
        "SeasonRewardId": 520
    },
    {
        "SeasonRewardId": 521
    },
    {
        "SeasonRewardId": 522
    },
    {
        "SeasonRewardId": 523
    },
    {
        "SeasonRewardId": 524
    },
    {
        "SeasonRewardId": 525
    },
    {
        "SeasonRewardId": 526
    },
    {
        "SeasonRewardId": 527
    },
    {
        "SeasonRewardId": 528
    },
    {
        "SeasonRewardId": 529
    },
    {
        "SeasonRewardId": 530
    },
    {
        "SeasonRewardId": 531
    },
    {
        "SeasonRewardId": 532
    },
    {
        "SeasonRewardId": 533
    },
    {
        "SeasonRewardId": 534
    },
    {
        "SeasonRewardId": 535
    },
    {
        "SeasonRewardId": 536
    },
    {
        "SeasonRewardId": 537
    },
    {
        "SeasonRewardId": 538
    },
    {
        "SeasonRewardId": 539
    },
    {
        "SeasonRewardId": 540
    },
    {
        "SeasonRewardId": 541
    },
    {
        "SeasonRewardId": 542
    },
    {
        "SeasonRewardId": 543
    },
    {
        "SeasonRewardId": 544
    },
    {
        "SeasonRewardId": 545
    },
    {
        "SeasonRewardId": 546
    },
    {
        "SeasonRewardId": 547
    },
    {
        "SeasonRewardId": 548
    },
    {
        "SeasonRewardId": 549
    },
    {
        "SeasonRewardId": 550
    },
    {
        "SeasonRewardId": 551
    },
    {
        "SeasonRewardId": 552
    },
    {
        "SeasonRewardId": 553
    },
    {
        "SeasonRewardId": 554
    },
    {
        "SeasonRewardId": 555
    },
    {
        "SeasonRewardId": 600
    },
    {
        "SeasonRewardId": 601
    },
    {
        "SeasonRewardId": 602
    },
    {
        "SeasonRewardId": 603
    },
    {
        "SeasonRewardId": 604
    },
    {
        "SeasonRewardId": 605
    },
    {
        "SeasonRewardId": 606
    },
    {
        "SeasonRewardId": 607
    },
    {
        "SeasonRewardId": 608
    },
    {
        "SeasonRewardId": 609
    },
    {
        "SeasonRewardId": 610
    },
    {
        "SeasonRewardId": 611
    },
    {
        "SeasonRewardId": 612
    },
    {
        "SeasonRewardId": 613
    },
    {
        "SeasonRewardId": 614
    },
    {
        "SeasonRewardId": 615
    },
    {
        "SeasonRewardId": 616
    },
    {
        "SeasonRewardId": 617
    },
    {
        "SeasonRewardId": 618
    },
    {
        "SeasonRewardId": 619
    },
    {
        "SeasonRewardId": 620
    },
    {
        "SeasonRewardId": 621
    },
    {
        "SeasonRewardId": 622
    },
    {
        "SeasonRewardId": 623
    },
    {
        "SeasonRewardId": 624
    },
    {
        "SeasonRewardId": 625
    },
    {
        "SeasonRewardId": 626
    },
    {
        "SeasonRewardId": 627
    },
    {
        "SeasonRewardId": 628
    },
    {
        "SeasonRewardId": 629
    },
    {
        "SeasonRewardId": 630
    },
    {
        "SeasonRewardId": 631
    },
    {
        "SeasonRewardId": 632
    },
    {
        "SeasonRewardId": 633
    },
    {
        "SeasonRewardId": 634
    },
    {
        "SeasonRewardId": 635
    },
    {
        "SeasonRewardId": 636
    },
    {
        "SeasonRewardId": 637
    },
    {
        "SeasonRewardId": 638
    },
    {
        "SeasonRewardId": 639
    },
    {
        "SeasonRewardId": 640
    },
    {
        "SeasonRewardId": 641
    },
    {
        "SeasonRewardId": 642
    },
    {
        "SeasonRewardId": 643
    },
    {
        "SeasonRewardId": 644
    },
    {
        "SeasonRewardId": 645
    },
    {
        "SeasonRewardId": 646
    },
    {
        "SeasonRewardId": 647
    },
    {
        "SeasonRewardId": 648
    },
    {
        "SeasonRewardId": 649
    },
    {
        "SeasonRewardId": 650
    },
    {
        "SeasonRewardId": 651
    },
    {
        "SeasonRewardId": 652
    },
    {
        "SeasonRewardId": 653
    },
    {
        "SeasonRewardId": 654
    },
    {
        "SeasonRewardId": 655
    },
    {
        "SeasonRewardId": 700
    },
    {
        "SeasonRewardId": 701
    },
    {
        "SeasonRewardId": 702
    },
    {
        "SeasonRewardId": 703
    },
    {
        "SeasonRewardId": 704
    },
    {
        "SeasonRewardId": 705
    },
    {
        "SeasonRewardId": 706
    },
    {
        "SeasonRewardId": 707
    },
    {
        "SeasonRewardId": 708
    },
    {
        "SeasonRewardId": 709
    },
    {
        "SeasonRewardId": 710
    },
    {
        "SeasonRewardId": 711
    },
    {
        "SeasonRewardId": 712
    },
    {
        "SeasonRewardId": 713
    },
    {
        "SeasonRewardId": 714
    },
    {
        "SeasonRewardId": 715
    },
    {
        "SeasonRewardId": 716
    },
    {
        "SeasonRewardId": 717
    },
    {
        "SeasonRewardId": 718
    },
    {
        "SeasonRewardId": 719
    },
    {
        "SeasonRewardId": 720
    },
    {
        "SeasonRewardId": 721
    },
    {
        "SeasonRewardId": 722
    },
    {
        "SeasonRewardId": 723
    },
    {
        "SeasonRewardId": 724
    },
    {
        "SeasonRewardId": 725
    },
    {
        "SeasonRewardId": 726
    },
    {
        "SeasonRewardId": 727
    },
    {
        "SeasonRewardId": 728
    },
    {
        "SeasonRewardId": 729
    },
    {
        "SeasonRewardId": 730
    },
    {
        "SeasonRewardId": 731
    },
    {
        "SeasonRewardId": 732
    },
    {
        "SeasonRewardId": 733
    },
    {
        "SeasonRewardId": 734
    },
    {
        "SeasonRewardId": 735
    },
    {
        "SeasonRewardId": 736
    },
    {
        "SeasonRewardId": 737
    },
    {
        "SeasonRewardId": 738
    },
    {
        "SeasonRewardId": 739
    },
    {
        "SeasonRewardId": 740
    },
    {
        "SeasonRewardId": 741
    },
    {
        "SeasonRewardId": 742
    },
    {
        "SeasonRewardId": 743
    },
    {
        "SeasonRewardId": 744
    },
    {
        "SeasonRewardId": 745
    },
    {
        "SeasonRewardId": 746
    },
    {
        "SeasonRewardId": 747
    },
    {
        "SeasonRewardId": 748
    },
    {
        "SeasonRewardId": 749
    },
    {
        "SeasonRewardId": 750
    },
    {
        "SeasonRewardId": 751
    },
    {
        "SeasonRewardId": 752
    },
    {
        "SeasonRewardId": 753
    },
    {
        "SeasonRewardId": 754
    },
    {
        "SeasonRewardId": 755
    },
    {
        "SeasonRewardId": 800
    },
    {
        "SeasonRewardId": 801
    },
    {
        "SeasonRewardId": 802
    },
    {
        "SeasonRewardId": 803
    },
    {
        "SeasonRewardId": 804
    },
    {
        "SeasonRewardId": 805
    },
    {
        "SeasonRewardId": 806
    },
    {
        "SeasonRewardId": 807
    },
    {
        "SeasonRewardId": 808
    },
    {
        "SeasonRewardId": 809
    },
    {
        "SeasonRewardId": 810
    },
    {
        "SeasonRewardId": 811
    },
    {
        "SeasonRewardId": 812
    },
    {
        "SeasonRewardId": 813
    },
    {
        "SeasonRewardId": 814
    },
    {
        "SeasonRewardId": 815
    },
    {
        "SeasonRewardId": 816
    },
    {
        "SeasonRewardId": 817
    },
    {
        "SeasonRewardId": 818
    },
    {
        "SeasonRewardId": 819
    },
    {
        "SeasonRewardId": 820
    },
    {
        "SeasonRewardId": 821
    },
    {
        "SeasonRewardId": 822
    },
    {
        "SeasonRewardId": 823
    },
    {
        "SeasonRewardId": 824
    },
    {
        "SeasonRewardId": 825
    },
    {
        "SeasonRewardId": 826
    },
    {
        "SeasonRewardId": 827
    },
    {
        "SeasonRewardId": 828
    },
    {
        "SeasonRewardId": 829
    },
    {
        "SeasonRewardId": 830
    },
    {
        "SeasonRewardId": 831
    },
    {
        "SeasonRewardId": 832
    },
    {
        "SeasonRewardId": 833
    },
    {
        "SeasonRewardId": 834
    },
    {
        "SeasonRewardId": 835
    },
    {
        "SeasonRewardId": 836
    },
    {
        "SeasonRewardId": 837
    },
    {
        "SeasonRewardId": 838
    },
    {
        "SeasonRewardId": 839
    },
    {
        "SeasonRewardId": 840
    },
    {
        "SeasonRewardId": 841
    },
    {
        "SeasonRewardId": 842
    },
    {
        "SeasonRewardId": 843
    },
    {
        "SeasonRewardId": 844
    },
    {
        "SeasonRewardId": 845
    },
    {
        "SeasonRewardId": 846
    },
    {
        "SeasonRewardId": 847
    },
    {
        "SeasonRewardId": 848
    },
    {
        "SeasonRewardId": 849
    },
    {
        "SeasonRewardId": 850
    },
    {
        "SeasonRewardId": 851
    },
    {
        "SeasonRewardId": 852
    },
    {
        "SeasonRewardId": 853
    },
    {
        "SeasonRewardId": 854
    },
    {
        "SeasonRewardId": 855
    },
    {
        "SeasonRewardId": 900
    },
    {
        "SeasonRewardId": 901
    },
    {
        "SeasonRewardId": 902
    },
    {
        "SeasonRewardId": 903
    },
    {
        "SeasonRewardId": 904
    },
    {
        "SeasonRewardId": 905
    },
    {
        "SeasonRewardId": 906
    },
    {
        "SeasonRewardId": 907
    },
    {
        "SeasonRewardId": 908
    },
    {
        "SeasonRewardId": 909
    },
    {
        "SeasonRewardId": 910
    },
    {
        "SeasonRewardId": 911
    },
    {
        "SeasonRewardId": 912
    },
    {
        "SeasonRewardId": 913
    },
    {
        "SeasonRewardId": 914
    },
    {
        "SeasonRewardId": 915
    },
    {
        "SeasonRewardId": 916
    },
    {
        "SeasonRewardId": 917
    },
    {
        "SeasonRewardId": 918
    },
    {
        "SeasonRewardId": 919
    },
    {
        "SeasonRewardId": 920
    },
    {
        "SeasonRewardId": 921
    },
    {
        "SeasonRewardId": 922
    },
    {
        "SeasonRewardId": 923
    },
    {
        "SeasonRewardId": 924
    },
    {
        "SeasonRewardId": 925
    },
    {
        "SeasonRewardId": 926
    },
    {
        "SeasonRewardId": 927
    },
    {
        "SeasonRewardId": 928
    },
    {
        "SeasonRewardId": 929
    },
    {
        "SeasonRewardId": 930
    },
    {
        "SeasonRewardId": 931
    },
    {
        "SeasonRewardId": 932
    },
    {
        "SeasonRewardId": 933
    },
    {
        "SeasonRewardId": 934
    },
    {
        "SeasonRewardId": 935
    },
    {
        "SeasonRewardId": 936
    },
    {
        "SeasonRewardId": 937
    },
    {
        "SeasonRewardId": 938
    },
    {
        "SeasonRewardId": 939
    },
    {
        "SeasonRewardId": 940
    },
    {
        "SeasonRewardId": 941
    },
    {
        "SeasonRewardId": 942
    },
    {
        "SeasonRewardId": 943
    },
    {
        "SeasonRewardId": 944
    },
    {
        "SeasonRewardId": 945
    },
    {
        "SeasonRewardId": 946
    },
    {
        "SeasonRewardId": 947
    },
    {
        "SeasonRewardId": 948
    },
    {
        "SeasonRewardId": 949
    },
    {
        "SeasonRewardId": 950
    },
    {
        "SeasonRewardId": 951
    },
    {
        "SeasonRewardId": 952
    },
    {
        "SeasonRewardId": 953
    },
    {
        "SeasonRewardId": 954
    },
    {
        "SeasonRewardId": 955
    },
    {
        "SeasonRewardId": 1000
    },
    {
        "SeasonRewardId": 1001
    },
    {
        "SeasonRewardId": 1002
    },
    {
        "SeasonRewardId": 1003
    },
    {
        "SeasonRewardId": 1004
    },
    {
        "SeasonRewardId": 1005
    },
    {
        "SeasonRewardId": 1006
    },
    {
        "SeasonRewardId": 1007
    },
    {
        "SeasonRewardId": 1008
    },
    {
        "SeasonRewardId": 1009
    },
    {
        "SeasonRewardId": 1010
    },
    {
        "SeasonRewardId": 1011
    },
    {
        "SeasonRewardId": 1012
    },
    {
        "SeasonRewardId": 1013
    },
    {
        "SeasonRewardId": 1014
    },
    {
        "SeasonRewardId": 1015
    },
    {
        "SeasonRewardId": 1016
    },
    {
        "SeasonRewardId": 1017
    },
    {
        "SeasonRewardId": 1018
    },
    {
        "SeasonRewardId": 1019
    },
    {
        "SeasonRewardId": 1020
    },
    {
        "SeasonRewardId": 1021
    },
    {
        "SeasonRewardId": 1022
    },
    {
        "SeasonRewardId": 1023
    },
    {
        "SeasonRewardId": 1024
    },
    {
        "SeasonRewardId": 1025
    },
    {
        "SeasonRewardId": 1026
    },
    {
        "SeasonRewardId": 1027
    },
    {
        "SeasonRewardId": 1028
    },
    {
        "SeasonRewardId": 1029
    },
    {
        "SeasonRewardId": 1030
    },
    {
        "SeasonRewardId": 1031
    },
    {
        "SeasonRewardId": 1032
    },
    {
        "SeasonRewardId": 1033
    },
    {
        "SeasonRewardId": 1034
    },
    {
        "SeasonRewardId": 1035
    },
    {
        "SeasonRewardId": 1036
    },
    {
        "SeasonRewardId": 1037
    },
    {
        "SeasonRewardId": 1038
    },
    {
        "SeasonRewardId": 1039
    },
    {
        "SeasonRewardId": 1040
    },
    {
        "SeasonRewardId": 1041
    },
    {
        "SeasonRewardId": 1042
    },
    {
        "SeasonRewardId": 1043
    },
    {
        "SeasonRewardId": 1044
    },
    {
        "SeasonRewardId": 1045
    },
    {
        "SeasonRewardId": 1046
    },
    {
        "SeasonRewardId": 1047
    },
    {
        "SeasonRewardId": 1048
    },
    {
        "SeasonRewardId": 1049
    },
    {
        "SeasonRewardId": 1050
    },
    {
        "SeasonRewardId": 1051
    },
    {
        "SeasonRewardId": 1052
    },
    {
        "SeasonRewardId": 1053
    },
    {
        "SeasonRewardId": 1054
    },
    {
        "SeasonRewardId": 1055
    },
    {
        "SeasonRewardId": 1100
    },
    {
        "SeasonRewardId": 1101
    },
    {
        "SeasonRewardId": 1102
    },
    {
        "SeasonRewardId": 1103
    },
    {
        "SeasonRewardId": 1104
    },
    {
        "SeasonRewardId": 1105
    },
    {
        "SeasonRewardId": 1106
    },
    {
        "SeasonRewardId": 1107
    },
    {
        "SeasonRewardId": 1108
    },
    {
        "SeasonRewardId": 1109
    },
    {
        "SeasonRewardId": 1110
    },
    {
        "SeasonRewardId": 1111
    },
    {
        "SeasonRewardId": 1112
    },
    {
        "SeasonRewardId": 1113
    },
    {
        "SeasonRewardId": 1114
    },
    {
        "SeasonRewardId": 1115
    },
    {
        "SeasonRewardId": 1116
    },
    {
        "SeasonRewardId": 1117
    },
    {
        "SeasonRewardId": 1118
    },
    {
        "SeasonRewardId": 1119
    },
    {
        "SeasonRewardId": 1120
    },
    {
        "SeasonRewardId": 1121
    },
    {
        "SeasonRewardId": 1122
    },
    {
        "SeasonRewardId": 1123
    },
    {
        "SeasonRewardId": 1124
    },
    {
        "SeasonRewardId": 1125
    },
    {
        "SeasonRewardId": 1126
    },
    {
        "SeasonRewardId": 1127
    },
    {
        "SeasonRewardId": 1128
    },
    {
        "SeasonRewardId": 1129
    },
    {
        "SeasonRewardId": 1130
    },
    {
        "SeasonRewardId": 1131
    },
    {
        "SeasonRewardId": 1132
    },
    {
        "SeasonRewardId": 1133
    },
    {
        "SeasonRewardId": 1134
    },
    {
        "SeasonRewardId": 1135
    },
    {
        "SeasonRewardId": 1136
    },
    {
        "SeasonRewardId": 1137
    },
    {
        "SeasonRewardId": 1138
    },
    {
        "SeasonRewardId": 1139
    },
    {
        "SeasonRewardId": 1140
    },
    {
        "SeasonRewardId": 1141
    },
    {
        "SeasonRewardId": 1142
    },
    {
        "SeasonRewardId": 1143
    },
    {
        "SeasonRewardId": 1144
    },
    {
        "SeasonRewardId": 1145
    },
    {
        "SeasonRewardId": 1146
    },
    {
        "SeasonRewardId": 1147
    },
    {
        "SeasonRewardId": 1148
    },
    {
        "SeasonRewardId": 1149
    },
    {
        "SeasonRewardId": 1150
    },
    {
        "SeasonRewardId": 1151
    },
    {
        "SeasonRewardId": 1152
    },
    {
        "SeasonRewardId": 1153
    },
    {
        "SeasonRewardId": 1154
    },
    {
        "SeasonRewardId": 1155
    },
    {
        "SeasonRewardId": 1200
    },
    {
        "SeasonRewardId": 1201
    },
    {
        "SeasonRewardId": 1202
    },
    {
        "SeasonRewardId": 1203
    },
    {
        "SeasonRewardId": 1204
    },
    {
        "SeasonRewardId": 1205
    },
    {
        "SeasonRewardId": 1206
    },
    {
        "SeasonRewardId": 1207
    },
    {
        "SeasonRewardId": 1208
    },
    {
        "SeasonRewardId": 1209
    },
    {
        "SeasonRewardId": 1210
    },
    {
        "SeasonRewardId": 1211
    },
    {
        "SeasonRewardId": 1212
    },
    {
        "SeasonRewardId": 1213
    },
    {
        "SeasonRewardId": 1214
    },
    {
        "SeasonRewardId": 1215
    },
    {
        "SeasonRewardId": 1216
    },
    {
        "SeasonRewardId": 1217
    },
    {
        "SeasonRewardId": 1218
    },
    {
        "SeasonRewardId": 1219
    },
    {
        "SeasonRewardId": 1220
    },
    {
        "SeasonRewardId": 1221
    },
    {
        "SeasonRewardId": 1222
    },
    {
        "SeasonRewardId": 1223
    },
    {
        "SeasonRewardId": 1224
    },
    {
        "SeasonRewardId": 1225
    },
    {
        "SeasonRewardId": 1226
    },
    {
        "SeasonRewardId": 1227
    },
    {
        "SeasonRewardId": 1228
    },
    {
        "SeasonRewardId": 1229
    },
    {
        "SeasonRewardId": 1230
    },
    {
        "SeasonRewardId": 1231
    },
    {
        "SeasonRewardId": 1232
    },
    {
        "SeasonRewardId": 1233
    },
    {
        "SeasonRewardId": 1234
    },
    {
        "SeasonRewardId": 1235
    },
    {
        "SeasonRewardId": 1236
    },
    {
        "SeasonRewardId": 1237
    },
    {
        "SeasonRewardId": 1238
    },
    {
        "SeasonRewardId": 1239
    },
    {
        "SeasonRewardId": 1240
    },
    {
        "SeasonRewardId": 1241
    },
    {
        "SeasonRewardId": 1242
    },
    {
        "SeasonRewardId": 1243
    },
    {
        "SeasonRewardId": 1244
    },
    {
        "SeasonRewardId": 1245
    },
    {
        "SeasonRewardId": 1246
    },
    {
        "SeasonRewardId": 1247
    },
    {
        "SeasonRewardId": 1248
    },
    {
        "SeasonRewardId": 1249
    },
    {
        "SeasonRewardId": 1250
    },
    {
        "SeasonRewardId": 1251
    },
    {
        "SeasonRewardId": 1252
    },
    {
        "SeasonRewardId": 1253
    },
    {
        "SeasonRewardId": 1254
    },
    {
        "SeasonRewardId": 1255
    },
    {
        "SeasonRewardId": 1300
    },
    {
        "SeasonRewardId": 1301
    },
    {
        "SeasonRewardId": 1302
    },
    {
        "SeasonRewardId": 1303
    },
    {
        "SeasonRewardId": 1304
    },
    {
        "SeasonRewardId": 1305
    },
    {
        "SeasonRewardId": 1306
    },
    {
        "SeasonRewardId": 1307
    },
    {
        "SeasonRewardId": 1308
    },
    {
        "SeasonRewardId": 1309
    },
    {
        "SeasonRewardId": 1310
    },
    {
        "SeasonRewardId": 1311
    },
    {
        "SeasonRewardId": 1312
    },
    {
        "SeasonRewardId": 1313
    },
    {
        "SeasonRewardId": 1314
    },
    {
        "SeasonRewardId": 1315
    },
    {
        "SeasonRewardId": 1316
    },
    {
        "SeasonRewardId": 1317
    },
    {
        "SeasonRewardId": 1318
    },
    {
        "SeasonRewardId": 1319
    },
    {
        "SeasonRewardId": 1320
    },
    {
        "SeasonRewardId": 1321
    },
    {
        "SeasonRewardId": 1322
    },
    {
        "SeasonRewardId": 1323
    },
    {
        "SeasonRewardId": 1324
    },
    {
        "SeasonRewardId": 1325
    },
    {
        "SeasonRewardId": 1326
    },
    {
        "SeasonRewardId": 1327
    },
    {
        "SeasonRewardId": 1328
    },
    {
        "SeasonRewardId": 1329
    },
    {
        "SeasonRewardId": 1330
    },
    {
        "SeasonRewardId": 1331
    },
    {
        "SeasonRewardId": 1332
    },
    {
        "SeasonRewardId": 1333
    },
    {
        "SeasonRewardId": 1334
    },
    {
        "SeasonRewardId": 1335
    },
    {
        "SeasonRewardId": 1336
    },
    {
        "SeasonRewardId": 1337
    },
    {
        "SeasonRewardId": 1338
    },
    {
        "SeasonRewardId": 1339
    },
    {
        "SeasonRewardId": 1340
    },
    {
        "SeasonRewardId": 1341
    },
    {
        "SeasonRewardId": 1342
    },
    {
        "SeasonRewardId": 1343
    },
    {
        "SeasonRewardId": 1344
    },
    {
        "SeasonRewardId": 1345
    },
    {
        "SeasonRewardId": 1346
    },
    {
        "SeasonRewardId": 1347
    },
    {
        "SeasonRewardId": 1348
    },
    {
        "SeasonRewardId": 1349
    },
    {
        "SeasonRewardId": 1350
    },
    {
        "SeasonRewardId": 1351
    },
    {
        "SeasonRewardId": 1352
    },
    {
        "SeasonRewardId": 1353
    },
    {
        "SeasonRewardId": 1354
    },
    {
        "SeasonRewardId": 1355
    },
    {
        "SeasonRewardId": 1400
    },
    {
        "SeasonRewardId": 1401
    },
    {
        "SeasonRewardId": 1402
    },
    {
        "SeasonRewardId": 1403
    },
    {
        "SeasonRewardId": 1404
    },
    {
        "SeasonRewardId": 1405
    },
    {
        "SeasonRewardId": 1406
    },
    {
        "SeasonRewardId": 1407
    },
    {
        "SeasonRewardId": 1408
    },
    {
        "SeasonRewardId": 1409
    },
    {
        "SeasonRewardId": 1410
    },
    {
        "SeasonRewardId": 1411
    },
    {
        "SeasonRewardId": 1412
    },
    {
        "SeasonRewardId": 1413
    },
    {
        "SeasonRewardId": 1414
    },
    {
        "SeasonRewardId": 1415
    },
    {
        "SeasonRewardId": 1416
    },
    {
        "SeasonRewardId": 1417
    },
    {
        "SeasonRewardId": 1418
    },
    {
        "SeasonRewardId": 1419
    },
    {
        "SeasonRewardId": 1420
    },
    {
        "SeasonRewardId": 1421
    },
    {
        "SeasonRewardId": 1422
    },
    {
        "SeasonRewardId": 1423
    },
    {
        "SeasonRewardId": 1424
    },
    {
        "SeasonRewardId": 1425
    },
    {
        "SeasonRewardId": 1426
    },
    {
        "SeasonRewardId": 1427
    },
    {
        "SeasonRewardId": 1428
    },
    {
        "SeasonRewardId": 1429
    },
    {
        "SeasonRewardId": 1430
    },
    {
        "SeasonRewardId": 1431
    },
    {
        "SeasonRewardId": 1432
    },
    {
        "SeasonRewardId": 1433
    },
    {
        "SeasonRewardId": 1434
    },
    {
        "SeasonRewardId": 1435
    },
    {
        "SeasonRewardId": 1436
    },
    {
        "SeasonRewardId": 1437
    },
    {
        "SeasonRewardId": 1438
    },
    {
        "SeasonRewardId": 1439
    },
    {
        "SeasonRewardId": 1440
    },
    {
        "SeasonRewardId": 1441
    },
    {
        "SeasonRewardId": 1442
    },
    {
        "SeasonRewardId": 1443
    },
    {
        "SeasonRewardId": 1444
    },
    {
        "SeasonRewardId": 1445
    },
    {
        "SeasonRewardId": 1446
    },
    {
        "SeasonRewardId": 1447
    },
    {
        "SeasonRewardId": 1448
    },
    {
        "SeasonRewardId": 1449
    },
    {
        "SeasonRewardId": 1450
    },
    {
        "SeasonRewardId": 1451
    },
    {
        "SeasonRewardId": 1452
    },
    {
        "SeasonRewardId": 1453
    },
    {
        "SeasonRewardId": 1454
    },
    {
        "SeasonRewardId": 1455
    },
    {
        "SeasonRewardId": 1500
    },
    {
        "SeasonRewardId": 1501
    },
    {
        "SeasonRewardId": 1502
    },
    {
        "SeasonRewardId": 1503
    },
    {
        "SeasonRewardId": 1504
    },
    {
        "SeasonRewardId": 1505
    },
    {
        "SeasonRewardId": 1506
    },
    {
        "SeasonRewardId": 1507
    },
    {
        "SeasonRewardId": 1508
    },
    {
        "SeasonRewardId": 1509
    },
    {
        "SeasonRewardId": 1510
    },
    {
        "SeasonRewardId": 1511
    },
    {
        "SeasonRewardId": 1512
    },
    {
        "SeasonRewardId": 1513
    },
    {
        "SeasonRewardId": 1514
    },
    {
        "SeasonRewardId": 1515
    },
    {
        "SeasonRewardId": 1516
    },
    {
        "SeasonRewardId": 1517
    },
    {
        "SeasonRewardId": 1518
    },
    {
        "SeasonRewardId": 1519
    },
    {
        "SeasonRewardId": 1520
    },
    {
        "SeasonRewardId": 1521
    },
    {
        "SeasonRewardId": 1522
    },
    {
        "SeasonRewardId": 1523
    },
    {
        "SeasonRewardId": 1524
    },
    {
        "SeasonRewardId": 1525
    },
    {
        "SeasonRewardId": 1526
    },
    {
        "SeasonRewardId": 1527
    },
    {
        "SeasonRewardId": 1528
    },
    {
        "SeasonRewardId": 1529
    },
    {
        "SeasonRewardId": 1530
    },
    {
        "SeasonRewardId": 1531
    },
    {
        "SeasonRewardId": 1532
    },
    {
        "SeasonRewardId": 1533
    },
    {
        "SeasonRewardId": 1534
    },
    {
        "SeasonRewardId": 1535
    },
    {
        "SeasonRewardId": 1536
    },
    {
        "SeasonRewardId": 1537
    },
    {
        "SeasonRewardId": 1538
    },
    {
        "SeasonRewardId": 1539
    },
    {
        "SeasonRewardId": 1540
    },
    {
        "SeasonRewardId": 1541
    },
    {
        "SeasonRewardId": 1542
    },
    {
        "SeasonRewardId": 1543
    },
    {
        "SeasonRewardId": 1544
    },
    {
        "SeasonRewardId": 1545
    },
    {
        "SeasonRewardId": 1546
    },
    {
        "SeasonRewardId": 1547
    },
    {
        "SeasonRewardId": 1548
    },
    {
        "SeasonRewardId": 1549
    },
    {
        "SeasonRewardId": 1550
    },
    {
        "SeasonRewardId": 1551
    },
    {
        "SeasonRewardId": 1552
    },
    {
        "SeasonRewardId": 1553
    },
    {
        "SeasonRewardId": 1554
    },
    {
        "SeasonRewardId": 1555
    },
    {
        "SeasonRewardId": 1600
    },
    {
        "SeasonRewardId": 1601
    },
    {
        "SeasonRewardId": 1602
    },
    {
        "SeasonRewardId": 1603
    },
    {
        "SeasonRewardId": 1604
    },
    {
        "SeasonRewardId": 1605
    },
    {
        "SeasonRewardId": 1606
    },
    {
        "SeasonRewardId": 1607
    },
    {
        "SeasonRewardId": 1608
    },
    {
        "SeasonRewardId": 1609
    },
    {
        "SeasonRewardId": 1610
    },
    {
        "SeasonRewardId": 1611
    },
    {
        "SeasonRewardId": 1612
    },
    {
        "SeasonRewardId": 1613
    },
    {
        "SeasonRewardId": 1614
    },
    {
        "SeasonRewardId": 1615
    },
    {
        "SeasonRewardId": 1616
    },
    {
        "SeasonRewardId": 1617
    },
    {
        "SeasonRewardId": 1618
    },
    {
        "SeasonRewardId": 1619
    },
    {
        "SeasonRewardId": 1620
    },
    {
        "SeasonRewardId": 1621
    },
    {
        "SeasonRewardId": 1622
    },
    {
        "SeasonRewardId": 1623
    },
    {
        "SeasonRewardId": 1624
    },
    {
        "SeasonRewardId": 1625
    },
    {
        "SeasonRewardId": 1626
    },
    {
        "SeasonRewardId": 1627
    },
    {
        "SeasonRewardId": 1628
    },
    {
        "SeasonRewardId": 1629
    },
    {
        "SeasonRewardId": 1630
    },
    {
        "SeasonRewardId": 1631
    },
    {
        "SeasonRewardId": 1632
    },
    {
        "SeasonRewardId": 1633
    },
    {
        "SeasonRewardId": 1634
    },
    {
        "SeasonRewardId": 1635
    },
    {
        "SeasonRewardId": 1636
    },
    {
        "SeasonRewardId": 1637
    },
    {
        "SeasonRewardId": 1638
    },
    {
        "SeasonRewardId": 1639
    },
    {
        "SeasonRewardId": 1640
    },
    {
        "SeasonRewardId": 1641
    },
    {
        "SeasonRewardId": 1642
    },
    {
        "SeasonRewardId": 1643
    },
    {
        "SeasonRewardId": 1644
    },
    {
        "SeasonRewardId": 1645
    },
    {
        "SeasonRewardId": 1646
    },
    {
        "SeasonRewardId": 1647
    },
    {
        "SeasonRewardId": 1648
    },
    {
        "SeasonRewardId": 1649
    },
    {
        "SeasonRewardId": 1650
    },
    {
        "SeasonRewardId": 1651
    },
    {
        "SeasonRewardId": 1652
    },
    {
        "SeasonRewardId": 1653
    },
    {
        "SeasonRewardId": 1654
    },
    {
        "SeasonRewardId": 1655
    },
    {
        "SeasonRewardId": 1700
    },
    {
        "SeasonRewardId": 1701
    },
    {
        "SeasonRewardId": 1702
    },
    {
        "SeasonRewardId": 1703
    },
    {
        "SeasonRewardId": 1704
    },
    {
        "SeasonRewardId": 1705
    },
    {
        "SeasonRewardId": 1706
    },
    {
        "SeasonRewardId": 1707
    },
    {
        "SeasonRewardId": 1708
    },
    {
        "SeasonRewardId": 1709
    },
    {
        "SeasonRewardId": 1710
    },
    {
        "SeasonRewardId": 1711
    },
    {
        "SeasonRewardId": 1712
    },
    {
        "SeasonRewardId": 1713
    },
    {
        "SeasonRewardId": 1714
    },
    {
        "SeasonRewardId": 1715
    },
    {
        "SeasonRewardId": 1716
    },
    {
        "SeasonRewardId": 1717
    },
    {
        "SeasonRewardId": 1718
    },
    {
        "SeasonRewardId": 1719
    },
    {
        "SeasonRewardId": 1720
    },
    {
        "SeasonRewardId": 1721
    },
    {
        "SeasonRewardId": 1722
    },
    {
        "SeasonRewardId": 1723
    },
    {
        "SeasonRewardId": 1724
    },
    {
        "SeasonRewardId": 1725
    },
    {
        "SeasonRewardId": 1726
    },
    {
        "SeasonRewardId": 1727
    },
    {
        "SeasonRewardId": 1728
    },
    {
        "SeasonRewardId": 1729
    },
    {
        "SeasonRewardId": 1730
    },
    {
        "SeasonRewardId": 1731
    },
    {
        "SeasonRewardId": 1732
    },
    {
        "SeasonRewardId": 1733
    },
    {
        "SeasonRewardId": 1734
    },
    {
        "SeasonRewardId": 1735
    },
    {
        "SeasonRewardId": 1736
    },
    {
        "SeasonRewardId": 1737
    },
    {
        "SeasonRewardId": 1738
    },
    {
        "SeasonRewardId": 1739
    },
    {
        "SeasonRewardId": 1740
    },
    {
        "SeasonRewardId": 1741
    },
    {
        "SeasonRewardId": 1742
    },
    {
        "SeasonRewardId": 1743
    },
    {
        "SeasonRewardId": 1744
    },
    {
        "SeasonRewardId": 1745
    },
    {
        "SeasonRewardId": 1746
    },
    {
        "SeasonRewardId": 1747
    },
    {
        "SeasonRewardId": 1748
    },
    {
        "SeasonRewardId": 1749
    },
    {
        "SeasonRewardId": 1750
    },
    {
        "SeasonRewardId": 1751
    },
    {
        "SeasonRewardId": 1752
    },
    {
        "SeasonRewardId": 1753
    },
    {
        "SeasonRewardId": 1754
    },
    {
        "SeasonRewardId": 1755
    },
    {
        "SeasonRewardId": 1800
    },
    {
        "SeasonRewardId": 1801
    },
    {
        "SeasonRewardId": 1802
    },
    {
        "SeasonRewardId": 1803
    },
    {
        "SeasonRewardId": 1804
    },
    {
        "SeasonRewardId": 1805
    },
    {
        "SeasonRewardId": 1806
    },
    {
        "SeasonRewardId": 1807
    },
    {
        "SeasonRewardId": 1808
    },
    {
        "SeasonRewardId": 1809
    },
    {
        "SeasonRewardId": 1810
    },
    {
        "SeasonRewardId": 1811
    },
    {
        "SeasonRewardId": 1812
    },
    {
        "SeasonRewardId": 1813
    },
    {
        "SeasonRewardId": 1814
    },
    {
        "SeasonRewardId": 1815
    },
    {
        "SeasonRewardId": 1816
    },
    {
        "SeasonRewardId": 1817
    },
    {
        "SeasonRewardId": 1818
    },
    {
        "SeasonRewardId": 1819
    },
    {
        "SeasonRewardId": 1820
    },
    {
        "SeasonRewardId": 1821
    },
    {
        "SeasonRewardId": 1822
    },
    {
        "SeasonRewardId": 1823
    },
    {
        "SeasonRewardId": 1824
    },
    {
        "SeasonRewardId": 1825
    },
    {
        "SeasonRewardId": 1826
    },
    {
        "SeasonRewardId": 1827
    },
    {
        "SeasonRewardId": 1828
    },
    {
        "SeasonRewardId": 1829
    },
    {
        "SeasonRewardId": 1830
    },
    {
        "SeasonRewardId": 1831
    },
    {
        "SeasonRewardId": 1832
    },
    {
        "SeasonRewardId": 1833
    },
    {
        "SeasonRewardId": 1834
    },
    {
        "SeasonRewardId": 1835
    },
    {
        "SeasonRewardId": 1836
    },
    {
        "SeasonRewardId": 1837
    },
    {
        "SeasonRewardId": 1838
    },
    {
        "SeasonRewardId": 1839
    },
    {
        "SeasonRewardId": 1840
    },
    {
        "SeasonRewardId": 1841
    },
    {
        "SeasonRewardId": 1842
    },
    {
        "SeasonRewardId": 1843
    },
    {
        "SeasonRewardId": 1844
    },
    {
        "SeasonRewardId": 1845
    },
    {
        "SeasonRewardId": 1846
    },
    {
        "SeasonRewardId": 1847
    },
    {
        "SeasonRewardId": 1848
    },
    {
        "SeasonRewardId": 1849
    },
    {
        "SeasonRewardId": 1850
    },
    {
        "SeasonRewardId": 1851
    },
    {
        "SeasonRewardId": 1852
    },
    {
        "SeasonRewardId": 1853
    },
    {
        "SeasonRewardId": 1854
    },
    {
        "SeasonRewardId": 1855
    },
    {
        "SeasonRewardId": 1900
    },
    {
        "SeasonRewardId": 1901
    },
    {
        "SeasonRewardId": 1902
    },
    {
        "SeasonRewardId": 1903
    },
    {
        "SeasonRewardId": 1904
    },
    {
        "SeasonRewardId": 1905
    },
    {
        "SeasonRewardId": 1906
    },
    {
        "SeasonRewardId": 1907
    },
    {
        "SeasonRewardId": 1908
    },
    {
        "SeasonRewardId": 1909
    },
    {
        "SeasonRewardId": 1910
    },
    {
        "SeasonRewardId": 1911
    },
    {
        "SeasonRewardId": 1912
    },
    {
        "SeasonRewardId": 1913
    },
    {
        "SeasonRewardId": 1914
    },
    {
        "SeasonRewardId": 1915
    },
    {
        "SeasonRewardId": 1916
    },
    {
        "SeasonRewardId": 1917
    },
    {
        "SeasonRewardId": 1918
    },
    {
        "SeasonRewardId": 1919
    },
    {
        "SeasonRewardId": 1920
    },
    {
        "SeasonRewardId": 1921
    },
    {
        "SeasonRewardId": 1922
    },
    {
        "SeasonRewardId": 1923
    },
    {
        "SeasonRewardId": 1924
    },
    {
        "SeasonRewardId": 1925
    },
    {
        "SeasonRewardId": 1926
    },
    {
        "SeasonRewardId": 1927
    },
    {
        "SeasonRewardId": 1928
    },
    {
        "SeasonRewardId": 1929
    },
    {
        "SeasonRewardId": 1930
    },
    {
        "SeasonRewardId": 1931
    },
    {
        "SeasonRewardId": 1932
    },
    {
        "SeasonRewardId": 1933
    },
    {
        "SeasonRewardId": 1934
    },
    {
        "SeasonRewardId": 1935
    },
    {
        "SeasonRewardId": 1936
    },
    {
        "SeasonRewardId": 1937
    },
    {
        "SeasonRewardId": 1938
    },
    {
        "SeasonRewardId": 1939
    },
    {
        "SeasonRewardId": 1940
    },
    {
        "SeasonRewardId": 1941
    },
    {
        "SeasonRewardId": 1942
    },
    {
        "SeasonRewardId": 1943
    },
    {
        "SeasonRewardId": 1944
    },
    {
        "SeasonRewardId": 1945
    },
    {
        "SeasonRewardId": 1946
    },
    {
        "SeasonRewardId": 1947
    },
    {
        "SeasonRewardId": 1948
    },
    {
        "SeasonRewardId": 1949
    },
    {
        "SeasonRewardId": 1950
    },
    {
        "SeasonRewardId": 1951
    },
    {
        "SeasonRewardId": 1952
    },
    {
        "SeasonRewardId": 1953
    },
    {
        "SeasonRewardId": 1954
    },
    {
        "SeasonRewardId": 1955
    },
    {
        "SeasonRewardId": 2000
    },
    {
        "SeasonRewardId": 2001
    },
    {
        "SeasonRewardId": 2002
    },
    {
        "SeasonRewardId": 2003
    },
    {
        "SeasonRewardId": 2004
    },
    {
        "SeasonRewardId": 2005
    },
    {
        "SeasonRewardId": 2006
    },
    {
        "SeasonRewardId": 2007
    },
    {
        "SeasonRewardId": 2008
    },
    {
        "SeasonRewardId": 2009
    },
    {
        "SeasonRewardId": 2010
    },
    {
        "SeasonRewardId": 2011
    },
    {
        "SeasonRewardId": 2012
    },
    {
        "SeasonRewardId": 2013
    },
    {
        "SeasonRewardId": 2014
    },
    {
        "SeasonRewardId": 2015
    },
    {
        "SeasonRewardId": 2016
    },
    {
        "SeasonRewardId": 2017
    },
    {
        "SeasonRewardId": 2018
    },
    {
        "SeasonRewardId": 2019
    },
    {
        "SeasonRewardId": 2020
    },
    {
        "SeasonRewardId": 2021
    },
    {
        "SeasonRewardId": 2022
    },
    {
        "SeasonRewardId": 2023
    },
    {
        "SeasonRewardId": 2024
    },
    {
        "SeasonRewardId": 2025
    },
    {
        "SeasonRewardId": 2026
    },
    {
        "SeasonRewardId": 2027
    },
    {
        "SeasonRewardId": 2028
    },
    {
        "SeasonRewardId": 2029
    },
    {
        "SeasonRewardId": 2030
    },
    {
        "SeasonRewardId": 2031
    },
    {
        "SeasonRewardId": 2032
    },
    {
        "SeasonRewardId": 2033
    },
    {
        "SeasonRewardId": 2034
    },
    {
        "SeasonRewardId": 2035
    },
    {
        "SeasonRewardId": 2036
    },
    {
        "SeasonRewardId": 2037
    },
    {
        "SeasonRewardId": 2038
    },
    {
        "SeasonRewardId": 2039
    },
    {
        "SeasonRewardId": 2040
    },
    {
        "SeasonRewardId": 2041
    },
    {
        "SeasonRewardId": 2042
    },
    {
        "SeasonRewardId": 2043
    },
    {
        "SeasonRewardId": 2044
    },
    {
        "SeasonRewardId": 2045
    },
    {
        "SeasonRewardId": 2046
    },
    {
        "SeasonRewardId": 2047
    },
    {
        "SeasonRewardId": 2048
    },
    {
        "SeasonRewardId": 2049
    },
    {
        "SeasonRewardId": 2050
    },
    {
        "SeasonRewardId": 2051
    },
    {
        "SeasonRewardId": 2052
    },
    {
        "SeasonRewardId": 2053
    },
    {
        "SeasonRewardId": 2054
    },
    {
        "SeasonRewardId": 2055
    },
    {
        "SeasonRewardId": 2100
    },
    {
        "SeasonRewardId": 2101
    },
    {
        "SeasonRewardId": 2102
    },
    {
        "SeasonRewardId": 2103
    },
    {
        "SeasonRewardId": 2104
    },
    {
        "SeasonRewardId": 2105
    },
    {
        "SeasonRewardId": 2106
    },
    {
        "SeasonRewardId": 2107
    },
    {
        "SeasonRewardId": 2108
    },
    {
        "SeasonRewardId": 2109
    },
    {
        "SeasonRewardId": 2110
    },
    {
        "SeasonRewardId": 2111
    },
    {
        "SeasonRewardId": 2112
    },
    {
        "SeasonRewardId": 2113
    },
    {
        "SeasonRewardId": 2114
    },
    {
        "SeasonRewardId": 2115
    },
    {
        "SeasonRewardId": 2116
    },
    {
        "SeasonRewardId": 2117
    },
    {
        "SeasonRewardId": 2118
    },
    {
        "SeasonRewardId": 2119
    },
    {
        "SeasonRewardId": 2120
    },
    {
        "SeasonRewardId": 2121
    },
    {
        "SeasonRewardId": 2122
    },
    {
        "SeasonRewardId": 2123
    },
    {
        "SeasonRewardId": 2124
    },
    {
        "SeasonRewardId": 2125
    },
    {
        "SeasonRewardId": 2126
    },
    {
        "SeasonRewardId": 2127
    },
    {
        "SeasonRewardId": 2128
    },
    {
        "SeasonRewardId": 2129
    },
    {
        "SeasonRewardId": 2130
    },
    {
        "SeasonRewardId": 2131
    },
    {
        "SeasonRewardId": 2132
    },
    {
        "SeasonRewardId": 2133
    },
    {
        "SeasonRewardId": 2134
    },
    {
        "SeasonRewardId": 2135
    },
    {
        "SeasonRewardId": 2136
    },
    {
        "SeasonRewardId": 2137
    },
    {
        "SeasonRewardId": 2138
    },
    {
        "SeasonRewardId": 2139
    },
    {
        "SeasonRewardId": 2140
    },
    {
        "SeasonRewardId": 2141
    },
    {
        "SeasonRewardId": 2142
    },
    {
        "SeasonRewardId": 2143
    },
    {
        "SeasonRewardId": 2144
    },
    {
        "SeasonRewardId": 2145
    },
    {
        "SeasonRewardId": 2146
    },
    {
        "SeasonRewardId": 2147
    },
    {
        "SeasonRewardId": 2148
    },
    {
        "SeasonRewardId": 2149
    },
    {
        "SeasonRewardId": 2150
    },
    {
        "SeasonRewardId": 2151
    },
    {
        "SeasonRewardId": 2152
    },
    {
        "SeasonRewardId": 2153
    },
    {
        "SeasonRewardId": 2154
    },
    {
        "SeasonRewardId": 2155
    },
    {
        "SeasonRewardId": 2200
    },
    {
        "SeasonRewardId": 2201
    },
    {
        "SeasonRewardId": 2202
    },
    {
        "SeasonRewardId": 2203
    },
    {
        "SeasonRewardId": 2204
    },
    {
        "SeasonRewardId": 2205
    },
    {
        "SeasonRewardId": 2206
    },
    {
        "SeasonRewardId": 2207
    },
    {
        "SeasonRewardId": 2208
    },
    {
        "SeasonRewardId": 2209
    },
    {
        "SeasonRewardId": 2210
    },
    {
        "SeasonRewardId": 2211
    },
    {
        "SeasonRewardId": 2212
    },
    {
        "SeasonRewardId": 2213
    },
    {
        "SeasonRewardId": 2214
    },
    {
        "SeasonRewardId": 2215
    },
    {
        "SeasonRewardId": 2216
    },
    {
        "SeasonRewardId": 2217
    },
    {
        "SeasonRewardId": 2218
    },
    {
        "SeasonRewardId": 2219
    },
    {
        "SeasonRewardId": 2220
    },
    {
        "SeasonRewardId": 2221
    },
    {
        "SeasonRewardId": 2222
    },
    {
        "SeasonRewardId": 2223
    },
    {
        "SeasonRewardId": 2224
    },
    {
        "SeasonRewardId": 2225
    },
    {
        "SeasonRewardId": 2226
    },
    {
        "SeasonRewardId": 2227
    },
    {
        "SeasonRewardId": 2228
    },
    {
        "SeasonRewardId": 2229
    },
    {
        "SeasonRewardId": 2230
    },
    {
        "SeasonRewardId": 2231
    },
    {
        "SeasonRewardId": 2232
    },
    {
        "SeasonRewardId": 2233
    },
    {
        "SeasonRewardId": 2234
    },
    {
        "SeasonRewardId": 2235
    },
    {
        "SeasonRewardId": 2236
    },
    {
        "SeasonRewardId": 2237
    },
    {
        "SeasonRewardId": 2238
    },
    {
        "SeasonRewardId": 2239
    },
    {
        "SeasonRewardId": 2240
    },
    {
        "SeasonRewardId": 2241
    },
    {
        "SeasonRewardId": 2242
    },
    {
        "SeasonRewardId": 2243
    },
    {
        "SeasonRewardId": 2244
    },
    {
        "SeasonRewardId": 2245
    },
    {
        "SeasonRewardId": 2246
    },
    {
        "SeasonRewardId": 2247
    },
    {
        "SeasonRewardId": 2248
    },
    {
        "SeasonRewardId": 2249
    },
    {
        "SeasonRewardId": 2250
    },
    {
        "SeasonRewardId": 2251
    },
    {
        "SeasonRewardId": 2252
    },
    {
        "SeasonRewardId": 2253
    },
    {
        "SeasonRewardId": 2254
    },
    {
        "SeasonRewardId": 2255
    },
    {
        "SeasonRewardId": 2300
    },
    {
        "SeasonRewardId": 2301
    },
    {
        "SeasonRewardId": 2302
    },
    {
        "SeasonRewardId": 2303
    },
    {
        "SeasonRewardId": 2304
    },
    {
        "SeasonRewardId": 2305
    },
    {
        "SeasonRewardId": 2306
    },
    {
        "SeasonRewardId": 2307
    },
    {
        "SeasonRewardId": 2308
    },
    {
        "SeasonRewardId": 2309
    },
    {
        "SeasonRewardId": 2310
    },
    {
        "SeasonRewardId": 2311
    },
    {
        "SeasonRewardId": 2312
    },
    {
        "SeasonRewardId": 2313
    },
    {
        "SeasonRewardId": 2314
    },
    {
        "SeasonRewardId": 2315
    },
    {
        "SeasonRewardId": 2316
    },
    {
        "SeasonRewardId": 2317
    },
    {
        "SeasonRewardId": 2318
    },
    {
        "SeasonRewardId": 2319
    },
    {
        "SeasonRewardId": 2320
    },
    {
        "SeasonRewardId": 2321
    },
    {
        "SeasonRewardId": 2322
    },
    {
        "SeasonRewardId": 2323
    },
    {
        "SeasonRewardId": 2324
    },
    {
        "SeasonRewardId": 2325
    },
    {
        "SeasonRewardId": 2326
    },
    {
        "SeasonRewardId": 2327
    },
    {
        "SeasonRewardId": 2328
    },
    {
        "SeasonRewardId": 2329
    },
    {
        "SeasonRewardId": 2330
    },
    {
        "SeasonRewardId": 2331
    },
    {
        "SeasonRewardId": 2332
    },
    {
        "SeasonRewardId": 2333
    },
    {
        "SeasonRewardId": 2334
    },
    {
        "SeasonRewardId": 2335
    },
    {
        "SeasonRewardId": 2336
    },
    {
        "SeasonRewardId": 2337
    },
    {
        "SeasonRewardId": 2338
    },
    {
        "SeasonRewardId": 2339
    },
    {
        "SeasonRewardId": 2340
    },
    {
        "SeasonRewardId": 2341
    },
    {
        "SeasonRewardId": 2342
    },
    {
        "SeasonRewardId": 2343
    },
    {
        "SeasonRewardId": 2344
    },
    {
        "SeasonRewardId": 2345
    },
    {
        "SeasonRewardId": 2346
    },
    {
        "SeasonRewardId": 2347
    },
    {
        "SeasonRewardId": 2348
    },
    {
        "SeasonRewardId": 2349
    },
    {
        "SeasonRewardId": 2350
    },
    {
        "SeasonRewardId": 2351
    },
    {
        "SeasonRewardId": 2352
    },
    {
        "SeasonRewardId": 2353
    },
    {
        "SeasonRewardId": 2354
    },
    {
        "SeasonRewardId": 2355
    },
    {
        "SeasonRewardId": 2400
    },
    {
        "SeasonRewardId": 2401
    },
    {
        "SeasonRewardId": 2402
    },
    {
        "SeasonRewardId": 2403
    },
    {
        "SeasonRewardId": 2404
    },
    {
        "SeasonRewardId": 2405
    },
    {
        "SeasonRewardId": 2406
    },
    {
        "SeasonRewardId": 2407
    },
    {
        "SeasonRewardId": 2408
    },
    {
        "SeasonRewardId": 2409
    },
    {
        "SeasonRewardId": 2410
    },
    {
        "SeasonRewardId": 2411
    },
    {
        "SeasonRewardId": 2412
    },
    {
        "SeasonRewardId": 2413
    },
    {
        "SeasonRewardId": 2414
    },
    {
        "SeasonRewardId": 2415
    },
    {
        "SeasonRewardId": 2416
    },
    {
        "SeasonRewardId": 2417
    },
    {
        "SeasonRewardId": 2418
    },
    {
        "SeasonRewardId": 2419
    },
    {
        "SeasonRewardId": 2420
    },
    {
        "SeasonRewardId": 2421
    },
    {
        "SeasonRewardId": 2422
    },
    {
        "SeasonRewardId": 2423
    },
    {
        "SeasonRewardId": 2424
    },
    {
        "SeasonRewardId": 2425
    },
    {
        "SeasonRewardId": 2426
    },
    {
        "SeasonRewardId": 2427
    },
    {
        "SeasonRewardId": 2428
    },
    {
        "SeasonRewardId": 2429
    },
    {
        "SeasonRewardId": 2430
    },
    {
        "SeasonRewardId": 2431
    },
    {
        "SeasonRewardId": 2432
    },
    {
        "SeasonRewardId": 2433
    },
    {
        "SeasonRewardId": 2434
    },
    {
        "SeasonRewardId": 2435
    },
    {
        "SeasonRewardId": 2436
    },
    {
        "SeasonRewardId": 2437
    },
    {
        "SeasonRewardId": 2438
    },
    {
        "SeasonRewardId": 2439
    },
    {
        "SeasonRewardId": 2440
    },
    {
        "SeasonRewardId": 2441
    },
    {
        "SeasonRewardId": 2442
    },
    {
        "SeasonRewardId": 2443
    },
    {
        "SeasonRewardId": 2444
    },
    {
        "SeasonRewardId": 2445
    },
    {
        "SeasonRewardId": 2446
    },
    {
        "SeasonRewardId": 2447
    },
    {
        "SeasonRewardId": 2448
    },
    {
        "SeasonRewardId": 2449
    },
    {
        "SeasonRewardId": 2450
    },
    {
        "SeasonRewardId": 2451
    },
    {
        "SeasonRewardId": 2452
    },
    {
        "SeasonRewardId": 2453
    },
    {
        "SeasonRewardId": 2454
    },
    {
        "SeasonRewardId": 2455
    },
    {
        "SeasonRewardId": 2500
    },
    {
        "SeasonRewardId": 2501
    },
    {
        "SeasonRewardId": 2502
    },
    {
        "SeasonRewardId": 2503
    },
    {
        "SeasonRewardId": 2504
    },
    {
        "SeasonRewardId": 2505
    },
    {
        "SeasonRewardId": 2506
    },
    {
        "SeasonRewardId": 2507
    },
    {
        "SeasonRewardId": 2508
    },
    {
        "SeasonRewardId": 2509
    },
    {
        "SeasonRewardId": 2510
    },
    {
        "SeasonRewardId": 2511
    },
    {
        "SeasonRewardId": 2512
    },
    {
        "SeasonRewardId": 2513
    },
    {
        "SeasonRewardId": 2514
    },
    {
        "SeasonRewardId": 2515
    },
    {
        "SeasonRewardId": 2516
    },
    {
        "SeasonRewardId": 2517
    },
    {
        "SeasonRewardId": 2518
    },
    {
        "SeasonRewardId": 2519
    },
    {
        "SeasonRewardId": 2520
    },
    {
        "SeasonRewardId": 2521
    },
    {
        "SeasonRewardId": 2522
    },
    {
        "SeasonRewardId": 2523
    },
    {
        "SeasonRewardId": 2524
    },
    {
        "SeasonRewardId": 2525
    },
    {
        "SeasonRewardId": 2526
    },
    {
        "SeasonRewardId": 2527
    },
    {
        "SeasonRewardId": 2528
    },
    {
        "SeasonRewardId": 2529
    },
    {
        "SeasonRewardId": 2530
    },
    {
        "SeasonRewardId": 2531
    },
    {
        "SeasonRewardId": 2532
    },
    {
        "SeasonRewardId": 2533
    },
    {
        "SeasonRewardId": 2534
    },
    {
        "SeasonRewardId": 2535
    },
    {
        "SeasonRewardId": 2536
    },
    {
        "SeasonRewardId": 2537
    },
    {
        "SeasonRewardId": 2538
    },
    {
        "SeasonRewardId": 2539
    },
    {
        "SeasonRewardId": 2540
    },
    {
        "SeasonRewardId": 2541
    },
    {
        "SeasonRewardId": 2542
    },
    {
        "SeasonRewardId": 2543
    },
    {
        "SeasonRewardId": 2544
    },
    {
        "SeasonRewardId": 2545
    },
    {
        "SeasonRewardId": 2546
    },
    {
        "SeasonRewardId": 2547
    },
    {
        "SeasonRewardId": 2548
    },
    {
        "SeasonRewardId": 2549
    },
    {
        "SeasonRewardId": 2550
    },
    {
        "SeasonRewardId": 2551
    },
    {
        "SeasonRewardId": 2552
    },
    {
        "SeasonRewardId": 2553
    },
    {
        "SeasonRewardId": 2554
    },
    {
        "SeasonRewardId": 2555
    },
    {
        "SeasonRewardId": 2600
    },
    {
        "SeasonRewardId": 2601
    },
    {
        "SeasonRewardId": 2602
    },
    {
        "SeasonRewardId": 2603
    },
    {
        "SeasonRewardId": 2604
    },
    {
        "SeasonRewardId": 2605
    },
    {
        "SeasonRewardId": 2606
    },
    {
        "SeasonRewardId": 2607
    },
    {
        "SeasonRewardId": 2608
    },
    {
        "SeasonRewardId": 2609
    },
    {
        "SeasonRewardId": 2610
    },
    {
        "SeasonRewardId": 2611
    },
    {
        "SeasonRewardId": 2612
    },
    {
        "SeasonRewardId": 2613
    },
    {
        "SeasonRewardId": 2614
    },
    {
        "SeasonRewardId": 2615
    },
    {
        "SeasonRewardId": 2616
    },
    {
        "SeasonRewardId": 2617
    },
    {
        "SeasonRewardId": 2618
    },
    {
        "SeasonRewardId": 2619
    },
    {
        "SeasonRewardId": 2620
    },
    {
        "SeasonRewardId": 2621
    },
    {
        "SeasonRewardId": 2622
    },
    {
        "SeasonRewardId": 2623
    },
    {
        "SeasonRewardId": 2624
    },
    {
        "SeasonRewardId": 2625
    },
    {
        "SeasonRewardId": 2626
    },
    {
        "SeasonRewardId": 2627
    },
    {
        "SeasonRewardId": 2628
    },
    {
        "SeasonRewardId": 2629
    },
    {
        "SeasonRewardId": 2630
    },
    {
        "SeasonRewardId": 2631
    },
    {
        "SeasonRewardId": 2632
    },
    {
        "SeasonRewardId": 2633
    },
    {
        "SeasonRewardId": 2634
    },
    {
        "SeasonRewardId": 2635
    },
    {
        "SeasonRewardId": 2636
    },
    {
        "SeasonRewardId": 2637
    },
    {
        "SeasonRewardId": 2638
    },
    {
        "SeasonRewardId": 2639
    },
    {
        "SeasonRewardId": 2640
    },
    {
        "SeasonRewardId": 2641
    },
    {
        "SeasonRewardId": 2642
    },
    {
        "SeasonRewardId": 2643
    },
    {
        "SeasonRewardId": 2644
    },
    {
        "SeasonRewardId": 2645
    },
    {
        "SeasonRewardId": 2646
    },
    {
        "SeasonRewardId": 2647
    },
    {
        "SeasonRewardId": 2648
    },
    {
        "SeasonRewardId": 2649
    },
    {
        "SeasonRewardId": 2650
    },
    {
        "SeasonRewardId": 2651
    },
    {
        "SeasonRewardId": 2652
    },
    {
        "SeasonRewardId": 2653
    },
    {
        "SeasonRewardId": 2654
    },
    {
        "SeasonRewardId": 2655
    }
]