[
    {
        "LimitedRewardId": 202301
    },
    {
        "LimitedRewardId": 202302
    },
    {
        "LimitedRewardId": 202303
    },
    {
        "LimitedRewardId": 202304
    },
    {
        "LimitedRewardId": 208201
    },
    {
        "LimitedRewardId": 208202
    },
    {
        "LimitedRewardId": 208203
    },
    {
        "LimitedRewardId": 208204
    },
    {
        "LimitedRewardId": 201101
    },
    {
        "LimitedRewardId": 201102
    },
    {
        "LimitedRewardId": 201103
    },
    {
        "LimitedRewardId": 201104
    },
    {
        "LimitedRewardId": 210201
    },
    {
        "LimitedRewardId": 210202
    },
    {
        "LimitedRewardId": 210203
    },
    {
        "LimitedRewardId": 210204
    },
    {
        "LimitedRewardId": 206201
    },
    {
        "LimitedRewardId": 206202
    },
    {
        "LimitedRewardId": 206203
    },
    {
        "LimitedRewardId": 206204
    },
    {
        "LimitedRewardId": 205101
    },
    {
        "LimitedRewardId": 205102
    },
    {
        "LimitedRewardId": 205103
    },
    {
        "LimitedRewardId": 205104
    },
    {
        "LimitedRewardId": 201201
    },
    {
        "LimitedRewardId": 201202
    },
    {
        "LimitedRewardId": 201203
    },
    {
        "LimitedRewardId": 201204
    },
    {
        "LimitedRewardId": 204301
    },
    {
        "LimitedRewardId": 204302
    },
    {
        "LimitedRewardId": 204303
    },
    {
        "LimitedRewardId": 204304
    }
]