[
    {
        "Id": 1
    },
    {
        "Id": 2
    },
    {
        "Id": 3
    },
    {
        "Id": 4
    },
    {
        "Id": 5
    },
    {
        "Id": 101
    },
    {
        "Id": 102
    },
    {
        "Id": 103
    },
    {
        "Id": 104
    },
    {
        "Id": 105
    },
    {
        "Id": 106
    },
    {
        "Id": 107
    },
    {
        "Id": 1001101
    },
    {
        "Id": 1001201
    },
    {
        "Id": 1002201
    },
    {
        "Id": 1001401
    },
    {
        "Id": 1001501
    },
    {
        "Id": 1001601
    },
    {
        "Id": 1001701
    },
    {
        "Id": 1001801
    },
    {
        "Id": 1001901
    },
    {
        "Id": 1002001
    },
    {
        "Id": 1002101
    },
    {
        "Id": 1001301
    },
    {
        "Id": 1002301
    },
    {
        "Id": 1002401
    },
    {
        "Id": 1002501
    },
    {
        "Id": 1002601
    },
    {
        "Id": 1002701
    },
    {
        "Id": 1002801
    },
    {
        "Id": 1002901
    },
    {
        "Id": 1003001
    },
    {
        "Id": 1003101
    },
    {
        "Id": 1003201
    },
    {
        "Id": 1003301
    },
    {
        "Id": 1003401
    },
    {
        "Id": 1003501
    },
    {
        "Id": 1011020
    },
    {
        "Id": 1012160
    },
    {
        "Id": 1013010
    },
    {
        "Id": 1021040
    },
    {
        "Id": 1022180
    },
    {
        "Id": 1031080
    },
    {
        "Id": 1032170
    },
    {
        "Id": 1033060
    },
    {
        "Id": 1034160
    },
    {
        "Id": 1041180
    },
    {
        "Id": 1042010
    },
    {
        "Id": 1101080
    },
    {
        "Id": 1102020
    },
    {
        "Id": 1103120
    },
    {
        "Id": 1104060
    },
    {
        "Id": 1104120
    },
    {
        "Id": 1051040
    },
    {
        "Id": 1052270
    },
    {
        "Id": 190000160
    },
    {
        "Id": 190001210
    },
    {
        "Id": 3000828
    },
    {
        "Id": 3000829
    },
    {
        "Id": 3000830
    },
    {
        "Id": 3000831
    },
    {
        "Id": 3000701
    },
    {
        "Id": 3000832
    },
    {
        "Id": 3000833
    },
    {
        "Id": 3000834
    },
    {
        "Id": 3000835
    },
    {
        "Id": 3000836
    },
    {
        "Id": 3000837
    },
    {
        "Id": 3000838
    },
    {
        "Id": 3000839
    },
    {
        "Id": 3000840
    },
    {
        "Id": 3000841
    },
    {
        "Id": 3000842
    },
    {
        "Id": 3000843
    },
    {
        "Id": 3000844
    },
    {
        "Id": 3000845
    },
    {
        "Id": 3000846
    },
    {
        "Id": 3000847
    },
    {
        "Id": 5100001
    },
    {
        "Id": 5100002
    },
    {
        "Id": 5100003
    },
    {
        "Id": 5100011
    },
    {
        "Id": 5100012
    },
    {
        "Id": 5100013
    },
    {
        "Id": 5100021
    },
    {
        "Id": 5100022
    },
    {
        "Id": 5100023
    },
    {
        "Id": 5100031
    },
    {
        "Id": 5100032
    },
    {
        "Id": 5100033
    },
    {
        "Id": 5100041
    },
    {
        "Id": 5100042
    },
    {
        "Id": 5100043
    },
    {
        "Id": 5100051
    },
    {
        "Id": 5100052
    },
    {
        "Id": 5100053
    },
    {
        "Id": 5100061
    },
    {
        "Id": 5100062
    },
    {
        "Id": 5100063
    },
    {
        "Id": 5100071
    },
    {
        "Id": 5100072
    },
    {
        "Id": 5100073
    },
    {
        "Id": 5100081
    },
    {
        "Id": 5100082
    },
    {
        "Id": 5100083
    },
    {
        "Id": 5100091
    },
    {
        "Id": 5100092
    },
    {
        "Id": 5100093
    },
    {
        "Id": 5100101
    },
    {
        "Id": 5100102
    },
    {
        "Id": 5100103
    },
    {
        "Id": 5100111
    },
    {
        "Id": 5100112
    },
    {
        "Id": 5100113
    },
    {
        "Id": 5100121
    },
    {
        "Id": 5100122
    },
    {
        "Id": 5100123
    },
    {
        "Id": 5100131
    },
    {
        "Id": 5100132
    },
    {
        "Id": 5100133
    },
    {
        "Id": 5100141
    },
    {
        "Id": 5100142
    },
    {
        "Id": 5100143
    },
    {
        "Id": 5100151
    },
    {
        "Id": 5100152
    },
    {
        "Id": 5100153
    },
    {
        "Id": 5100161
    },
    {
        "Id": 5100162
    },
    {
        "Id": 5100163
    },
    {
        "Id": 5100171
    },
    {
        "Id": 5100172
    },
    {
        "Id": 5100173
    },
    {
        "Id": 5100181
    },
    {
        "Id": 5100182
    },
    {
        "Id": 5100183
    },
    {
        "Id": 5100191
    },
    {
        "Id": 5100192
    },
    {
        "Id": 5100193
    },
    {
        "Id": 5100201
    },
    {
        "Id": 5100202
    },
    {
        "Id": 5100203
    },
    {
        "Id": 5100211
    },
    {
        "Id": 5100212
    },
    {
        "Id": 5100213
    },
    {
        "Id": 5100221
    },
    {
        "Id": 5100222
    },
    {
        "Id": 5100223
    },
    {
        "Id": 5100231
    },
    {
        "Id": 5100232
    },
    {
        "Id": 5100233
    },
    {
        "Id": 5100241
    },
    {
        "Id": 5100242
    },
    {
        "Id": 5100243
    },
    {
        "Id": 5100251
    },
    {
        "Id": 5100252
    },
    {
        "Id": 5100253
    },
    {
        "Id": 5100261
    },
    {
        "Id": 5100262
    },
    {
        "Id": 5100263
    },
    {
        "Id": 5100271
    },
    {
        "Id": 5100272
    },
    {
        "Id": 5100273
    },
    {
        "Id": 5100281
    },
    {
        "Id": 5100282
    },
    {
        "Id": 5100283
    },
    {
        "Id": 5100291
    },
    {
        "Id": 5100292
    },
    {
        "Id": 5100293
    },
    {
        "Id": 5100301
    },
    {
        "Id": 5100302
    },
    {
        "Id": 5100303
    },
    {
        "Id": 5100311
    },
    {
        "Id": 5100312
    },
    {
        "Id": 5100313
    },
    {
        "Id": 5100321
    },
    {
        "Id": 5100322
    },
    {
        "Id": 5100323
    },
    {
        "Id": 5100331
    },
    {
        "Id": 5100332
    },
    {
        "Id": 5100333
    },
    {
        "Id": 5100341
    },
    {
        "Id": 5100342
    },
    {
        "Id": 5100343
    },
    {
        "Id": 5100351
    },
    {
        "Id": 5100352
    },
    {
        "Id": 5100353
    },
    {
        "Id": 5100361
    },
    {
        "Id": 5100362
    },
    {
        "Id": 5100363
    },
    {
        "Id": 5100371
    },
    {
        "Id": 5100372
    },
    {
        "Id": 5100373
    },
    {
        "Id": 5100381
    },
    {
        "Id": 5100382
    },
    {
        "Id": 5100383
    },
    {
        "Id": 5100391
    },
    {
        "Id": 5100392
    },
    {
        "Id": 5100393
    },
    {
        "Id": 5100401
    },
    {
        "Id": 5100402
    },
    {
        "Id": 5100403
    },
    {
        "Id": 5100411
    },
    {
        "Id": 5100412
    },
    {
        "Id": 5100413
    },
    {
        "Id": 5100421
    },
    {
        "Id": 5100422
    },
    {
        "Id": 5100423
    },
    {
        "Id": 5100431
    },
    {
        "Id": 5100432
    },
    {
        "Id": 5100433
    },
    {
        "Id": 5100441
    },
    {
        "Id": 5100442
    },
    {
        "Id": 5100443
    },
    {
        "Id": 5100451
    },
    {
        "Id": 5100452
    },
    {
        "Id": 5100453
    },
    {
        "Id": 5100461
    },
    {
        "Id": 5100462
    },
    {
        "Id": 5100463
    },
    {
        "Id": 5100471
    },
    {
        "Id": 5100472
    },
    {
        "Id": 5100473
    },
    {
        "Id": 5100481
    },
    {
        "Id": 5100482
    },
    {
        "Id": 5100483
    },
    {
        "Id": 5100491
    },
    {
        "Id": 5100492
    },
    {
        "Id": 5100493
    },
    {
        "Id": 5100501
    },
    {
        "Id": 5100502
    },
    {
        "Id": 5100503
    },
    {
        "Id": 5100511
    },
    {
        "Id": 5100512
    },
    {
        "Id": 5100513
    },
    {
        "Id": 5100521
    },
    {
        "Id": 5100522
    },
    {
        "Id": 5100523
    },
    {
        "Id": 5100531
    },
    {
        "Id": 5100532
    },
    {
        "Id": 5100533
    },
    {
        "Id": 5100541
    },
    {
        "Id": 5100542
    },
    {
        "Id": 5100543
    },
    {
        "Id": 5100551
    },
    {
        "Id": 5100552
    },
    {
        "Id": 5100553
    },
    {
        "Id": 5100561
    },
    {
        "Id": 5100562
    },
    {
        "Id": 5100563
    },
    {
        "Id": 5100571
    },
    {
        "Id": 5100572
    },
    {
        "Id": 5100573
    },
    {
        "Id": 5100581
    },
    {
        "Id": 5100582
    },
    {
        "Id": 5100583
    },
    {
        "Id": 5100591
    },
    {
        "Id": 5100592
    },
    {
        "Id": 5100593
    },
    {
        "Id": 5100601
    },
    {
        "Id": 5100602
    },
    {
        "Id": 5100603
    },
    {
        "Id": 5100611
    },
    {
        "Id": 5100612
    },
    {
        "Id": 5100613
    },
    {
        "Id": 5100621
    },
    {
        "Id": 5100622
    },
    {
        "Id": 5100623
    },
    {
        "Id": 5100631
    },
    {
        "Id": 5100632
    },
    {
        "Id": 5100633
    },
    {
        "Id": 5100641
    },
    {
        "Id": 5100642
    },
    {
        "Id": 5100643
    },
    {
        "Id": 5100651
    },
    {
        "Id": 5100652
    },
    {
        "Id": 5100653
    },
    {
        "Id": 5100661
    },
    {
        "Id": 5100662
    },
    {
        "Id": 5100663
    },
    {
        "Id": 5100671
    },
    {
        "Id": 5100672
    },
    {
        "Id": 5100673
    },
    {
        "Id": 5100681
    },
    {
        "Id": 5100682
    },
    {
        "Id": 5100683
    },
    {
        "Id": 5100691
    },
    {
        "Id": 5100692
    },
    {
        "Id": 5100693
    },
    {
        "Id": 5100701
    },
    {
        "Id": 5100702
    },
    {
        "Id": 5100703
    },
    {
        "Id": 5100711
    },
    {
        "Id": 5100712
    },
    {
        "Id": 5100713
    },
    {
        "Id": 5100721
    },
    {
        "Id": 5100722
    },
    {
        "Id": 5100723
    },
    {
        "Id": 5100731
    },
    {
        "Id": 5100732
    },
    {
        "Id": 5100733
    },
    {
        "Id": 5100741
    },
    {
        "Id": 5100742
    },
    {
        "Id": 5100743
    },
    {
        "Id": 5100751
    },
    {
        "Id": 5100752
    },
    {
        "Id": 5100753
    },
    {
        "Id": 5100761
    },
    {
        "Id": 5100762
    },
    {
        "Id": 5100763
    },
    {
        "Id": 5100771
    },
    {
        "Id": 5100772
    },
    {
        "Id": 5100773
    },
    {
        "Id": 5100781
    },
    {
        "Id": 5100782
    },
    {
        "Id": 5100783
    },
    {
        "Id": 5100791
    },
    {
        "Id": 5100792
    },
    {
        "Id": 5100793
    },
    {
        "Id": 5100801
    },
    {
        "Id": 5100802
    },
    {
        "Id": 5100803
    },
    {
        "Id": 5100811
    },
    {
        "Id": 5100812
    },
    {
        "Id": 5100813
    },
    {
        "Id": 5100821
    },
    {
        "Id": 5100822
    },
    {
        "Id": 5100823
    },
    {
        "Id": 5100831
    },
    {
        "Id": 5100832
    },
    {
        "Id": 5100833
    },
    {
        "Id": 5100841
    },
    {
        "Id": 5100842
    },
    {
        "Id": 5100843
    },
    {
        "Id": 5100851
    },
    {
        "Id": 5100852
    },
    {
        "Id": 5100853
    },
    {
        "Id": 5100861
    },
    {
        "Id": 5100862
    },
    {
        "Id": 5100863
    },
    {
        "Id": 5100871
    },
    {
        "Id": 5100872
    },
    {
        "Id": 5100873
    },
    {
        "Id": 5100881
    },
    {
        "Id": 5100882
    },
    {
        "Id": 5100883
    },
    {
        "Id": 5100891
    },
    {
        "Id": 5100892
    },
    {
        "Id": 5100893
    },
    {
        "Id": 5100901
    },
    {
        "Id": 5100902
    },
    {
        "Id": 5100903
    },
    {
        "Id": 5100911
    },
    {
        "Id": 5100912
    },
    {
        "Id": 5100913
    },
    {
        "Id": 5100921
    },
    {
        "Id": 5100922
    },
    {
        "Id": 5100923
    },
    {
        "Id": 5100931
    },
    {
        "Id": 5100932
    },
    {
        "Id": 5100933
    },
    {
        "Id": 5100941
    },
    {
        "Id": 5100942
    },
    {
        "Id": 5100943
    },
    {
        "Id": 5100951
    },
    {
        "Id": 5100952
    },
    {
        "Id": 5100953
    },
    {
        "Id": 5100961
    },
    {
        "Id": 5100962
    },
    {
        "Id": 5100963
    },
    {
        "Id": 5100971
    },
    {
        "Id": 5100972
    },
    {
        "Id": 5100973
    },
    {
        "Id": 5100981
    },
    {
        "Id": 5100982
    },
    {
        "Id": 5100983
    },
    {
        "Id": 5101001
    },
    {
        "Id": 5101002
    },
    {
        "Id": 5101003
    },
    {
        "Id": 5101011
    },
    {
        "Id": 5101012
    },
    {
        "Id": 5101013
    },
    {
        "Id": 5101021
    },
    {
        "Id": 5101022
    },
    {
        "Id": 5101023
    },
    {
        "Id": 5101031
    },
    {
        "Id": 5101032
    },
    {
        "Id": 5101033
    },
    {
        "Id": 5101041
    },
    {
        "Id": 5101042
    },
    {
        "Id": 5101043
    },
    {
        "Id": 5101051
    },
    {
        "Id": 5101052
    },
    {
        "Id": 5101053
    },
    {
        "Id": 5101061
    },
    {
        "Id": 5101062
    },
    {
        "Id": 5101063
    },
    {
        "Id": 5101071
    },
    {
        "Id": 5101072
    },
    {
        "Id": 5101073
    },
    {
        "Id": 5101081
    },
    {
        "Id": 5101082
    },
    {
        "Id": 5101083
    },
    {
        "Id": 5101091
    },
    {
        "Id": 5101092
    },
    {
        "Id": 5101093
    },
    {
        "Id": 5101101
    },
    {
        "Id": 5101102
    },
    {
        "Id": 5101103
    },
    {
        "Id": 5101111
    },
    {
        "Id": 5101112
    },
    {
        "Id": 5101113
    },
    {
        "Id": 5101121
    },
    {
        "Id": 5101122
    },
    {
        "Id": 5101123
    },
    {
        "Id": 5101131
    },
    {
        "Id": 5101132
    },
    {
        "Id": 5101133
    },
    {
        "Id": 5101141
    },
    {
        "Id": 5101142
    },
    {
        "Id": 5101143
    },
    {
        "Id": 5101151
    },
    {
        "Id": 5101152
    },
    {
        "Id": 5101153
    },
    {
        "Id": 5101161
    },
    {
        "Id": 5101162
    },
    {
        "Id": 5101163
    },
    {
        "Id": 5101171
    },
    {
        "Id": 5101172
    },
    {
        "Id": 5101173
    },
    {
        "Id": 5101181
    },
    {
        "Id": 5101182
    },
    {
        "Id": 5101183
    },
    {
        "Id": 5101191
    },
    {
        "Id": 5101192
    },
    {
        "Id": 5101193
    },
    {
        "Id": 5101201
    },
    {
        "Id": 5101202
    },
    {
        "Id": 5101203
    },
    {
        "Id": 5101211
    },
    {
        "Id": 5101212
    },
    {
        "Id": 5101213
    },
    {
        "Id": 5130001
    },
    {
        "Id": 5130002
    },
    {
        "Id": 5130003
    },
    {
        "Id": 5130011
    },
    {
        "Id": 5130012
    },
    {
        "Id": 5130013
    },
    {
        "Id": 5130021
    },
    {
        "Id": 5130022
    },
    {
        "Id": 5130023
    },
    {
        "Id": 5130031
    },
    {
        "Id": 5130032
    },
    {
        "Id": 5130033
    },
    {
        "Id": 5130041
    },
    {
        "Id": 5130042
    },
    {
        "Id": 5130043
    },
    {
        "Id": 5130051
    },
    {
        "Id": 5130052
    },
    {
        "Id": 5130053
    },
    {
        "Id": 5130061
    },
    {
        "Id": 5130062
    },
    {
        "Id": 5130063
    },
    {
        "Id": 5130071
    },
    {
        "Id": 5130072
    },
    {
        "Id": 5130073
    },
    {
        "Id": 5130081
    },
    {
        "Id": 5130082
    },
    {
        "Id": 5130083
    },
    {
        "Id": 5130091
    },
    {
        "Id": 5130092
    },
    {
        "Id": 5130093
    },
    {
        "Id": 5130101
    },
    {
        "Id": 5130102
    },
    {
        "Id": 5130103
    },
    {
        "Id": 5130111
    },
    {
        "Id": 5130112
    },
    {
        "Id": 5130113
    },
    {
        "Id": 5130121
    },
    {
        "Id": 5130122
    },
    {
        "Id": 5130123
    },
    {
        "Id": 5130131
    },
    {
        "Id": 5130132
    },
    {
        "Id": 5130133
    },
    {
        "Id": 5130141
    },
    {
        "Id": 5130142
    },
    {
        "Id": 5130143
    },
    {
        "Id": 5160001
    },
    {
        "Id": 5160002
    },
    {
        "Id": 5160003
    },
    {
        "Id": 5160011
    },
    {
        "Id": 5160012
    },
    {
        "Id": 5160013
    },
    {
        "Id": 5160021
    },
    {
        "Id": 5160022
    },
    {
        "Id": 5160023
    },
    {
        "Id": 5160031
    },
    {
        "Id": 5160032
    },
    {
        "Id": 5160033
    },
    {
        "Id": 5160041
    },
    {
        "Id": 5160042
    },
    {
        "Id": 5160043
    },
    {
        "Id": 5160051
    },
    {
        "Id": 5160052
    },
    {
        "Id": 5160053
    },
    {
        "Id": 5160061
    },
    {
        "Id": 5160062
    },
    {
        "Id": 5160063
    },
    {
        "Id": 5160071
    },
    {
        "Id": 5160072
    },
    {
        "Id": 5160073
    },
    {
        "Id": 5160081
    },
    {
        "Id": 5160082
    },
    {
        "Id": 5160083
    },
    {
        "Id": 5160091
    },
    {
        "Id": 5160092
    },
    {
        "Id": 5160093
    },
    {
        "Id": 5160101
    },
    {
        "Id": 5160102
    },
    {
        "Id": 5160103
    },
    {
        "Id": 5160111
    },
    {
        "Id": 5160112
    },
    {
        "Id": 5160113
    },
    {
        "Id": 5160121
    },
    {
        "Id": 5160122
    },
    {
        "Id": 5160123
    },
    {
        "Id": 5160131
    },
    {
        "Id": 5160132
    },
    {
        "Id": 5160133
    },
    {
        "Id": 5160141
    },
    {
        "Id": 5160142
    },
    {
        "Id": 5160143
    },
    {
        "Id": 5160151
    },
    {
        "Id": 5160152
    },
    {
        "Id": 5160153
    },
    {
        "Id": 5160161
    },
    {
        "Id": 5160162
    },
    {
        "Id": 5160163
    },
    {
        "Id": 5160171
    },
    {
        "Id": 5160172
    },
    {
        "Id": 5160173
    },
    {
        "Id": 5200001
    },
    {
        "Id": 5200002
    },
    {
        "Id": 5200003
    },
    {
        "Id": 5200011
    },
    {
        "Id": 5200012
    },
    {
        "Id": 5200013
    },
    {
        "Id": 5200021
    },
    {
        "Id": 5200022
    },
    {
        "Id": 5200023
    },
    {
        "Id": 5200031
    },
    {
        "Id": 5200032
    },
    {
        "Id": 5200033
    },
    {
        "Id": 5200041
    },
    {
        "Id": 5200042
    },
    {
        "Id": 5200043
    },
    {
        "Id": 5200051
    },
    {
        "Id": 5200052
    },
    {
        "Id": 5200053
    },
    {
        "Id": 5200061
    },
    {
        "Id": 5200062
    },
    {
        "Id": 5200063
    },
    {
        "Id": 5200071
    },
    {
        "Id": 5200072
    },
    {
        "Id": 5200073
    },
    {
        "Id": 5200081
    },
    {
        "Id": 5200082
    },
    {
        "Id": 5200083
    },
    {
        "Id": 5200091
    },
    {
        "Id": 5200092
    },
    {
        "Id": 5200093
    },
    {
        "Id": 5200101
    },
    {
        "Id": 5200102
    },
    {
        "Id": 5200103
    },
    {
        "Id": 5200111
    },
    {
        "Id": 5200112
    },
    {
        "Id": 5200113
    },
    {
        "Id": 5200121
    },
    {
        "Id": 5200122
    },
    {
        "Id": 5200123
    },
    {
        "Id": 5200131
    },
    {
        "Id": 5200132
    },
    {
        "Id": 5200133
    },
    {
        "Id": 5200141
    },
    {
        "Id": 5200142
    },
    {
        "Id": 5200143
    },
    {
        "Id": 5200151
    },
    {
        "Id": 5200152
    },
    {
        "Id": 5200153
    },
    {
        "Id": 5200161
    },
    {
        "Id": 5200162
    },
    {
        "Id": 5200163
    },
    {
        "Id": 5200171
    },
    {
        "Id": 5200172
    },
    {
        "Id": 5200173
    },
    {
        "Id": 5200181
    },
    {
        "Id": 5200182
    },
    {
        "Id": 5200183
    },
    {
        "Id": 5200191
    },
    {
        "Id": 5200192
    },
    {
        "Id": 5200193
    },
    {
        "Id": 5200201
    },
    {
        "Id": 5200202
    },
    {
        "Id": 5200203
    },
    {
        "Id": 5200211
    },
    {
        "Id": 5200212
    },
    {
        "Id": 5200213
    },
    {
        "Id": 5200221
    },
    {
        "Id": 5200222
    },
    {
        "Id": 5200223
    },
    {
        "Id": 5200231
    },
    {
        "Id": 5200232
    },
    {
        "Id": 5200233
    },
    {
        "Id": 5200241
    },
    {
        "Id": 5200242
    },
    {
        "Id": 5200243
    },
    {
        "Id": 5200251
    },
    {
        "Id": 5200252
    },
    {
        "Id": 5200253
    },
    {
        "Id": 5200261
    },
    {
        "Id": 5200262
    },
    {
        "Id": 5200263
    },
    {
        "Id": 5200271
    },
    {
        "Id": 5200272
    },
    {
        "Id": 5200273
    },
    {
        "Id": 5200281
    },
    {
        "Id": 5200282
    },
    {
        "Id": 5200283
    },
    {
        "Id": 5200291
    },
    {
        "Id": 5200292
    },
    {
        "Id": 5200293
    },
    {
        "Id": 5200301
    },
    {
        "Id": 5200302
    },
    {
        "Id": 5200303
    },
    {
        "Id": 5200311
    },
    {
        "Id": 5200312
    },
    {
        "Id": 5200313
    },
    {
        "Id": 5200321
    },
    {
        "Id": 5200322
    },
    {
        "Id": 5200323
    },
    {
        "Id": 5200331
    },
    {
        "Id": 5200332
    },
    {
        "Id": 5200333
    },
    {
        "Id": 5200341
    },
    {
        "Id": 5200342
    },
    {
        "Id": 5200343
    },
    {
        "Id": 5200351
    },
    {
        "Id": 5200352
    },
    {
        "Id": 5200353
    },
    {
        "Id": 5200361
    },
    {
        "Id": 5200362
    },
    {
        "Id": 5200363
    },
    {
        "Id": 5200371
    },
    {
        "Id": 5200372
    },
    {
        "Id": 5200373
    },
    {
        "Id": 5200381
    },
    {
        "Id": 5200382
    },
    {
        "Id": 5200383
    },
    {
        "Id": 5200391
    },
    {
        "Id": 5200392
    },
    {
        "Id": 5200393
    },
    {
        "Id": 5200401
    },
    {
        "Id": 5200402
    },
    {
        "Id": 5200403
    },
    {
        "Id": 5200411
    },
    {
        "Id": 5200412
    },
    {
        "Id": 5200413
    },
    {
        "Id": 5200421
    },
    {
        "Id": 5200422
    },
    {
        "Id": 5200423
    },
    {
        "Id": 5200431
    },
    {
        "Id": 5200432
    },
    {
        "Id": 5200433
    },
    {
        "Id": 5200441
    },
    {
        "Id": 5200442
    },
    {
        "Id": 5200443
    },
    {
        "Id": 5200451
    },
    {
        "Id": 5200452
    },
    {
        "Id": 5200453
    },
    {
        "Id": 5200461
    },
    {
        "Id": 5200462
    },
    {
        "Id": 5200463
    },
    {
        "Id": 5200471
    },
    {
        "Id": 5200472
    },
    {
        "Id": 5200473
    },
    {
        "Id": 5230001
    },
    {
        "Id": 5230002
    },
    {
        "Id": 5230003
    },
    {
        "Id": 5230011
    },
    {
        "Id": 5230012
    },
    {
        "Id": 5230013
    },
    {
        "Id": 5230021
    },
    {
        "Id": 5230022
    },
    {
        "Id": 5230023
    },
    {
        "Id": 5230031
    },
    {
        "Id": 5230032
    },
    {
        "Id": 5230033
    },
    {
        "Id": 5230041
    },
    {
        "Id": 5230042
    },
    {
        "Id": 5230043
    },
    {
        "Id": 5230051
    },
    {
        "Id": 5230052
    },
    {
        "Id": 5230053
    },
    {
        "Id": 5230061
    },
    {
        "Id": 5230062
    },
    {
        "Id": 5230063
    },
    {
        "Id": 5230071
    },
    {
        "Id": 5230072
    },
    {
        "Id": 5230073
    },
    {
        "Id": 5230081
    },
    {
        "Id": 5230082
    },
    {
        "Id": 5230083
    },
    {
        "Id": 5260001
    },
    {
        "Id": 5260002
    },
    {
        "Id": 5260003
    },
    {
        "Id": 5260011
    },
    {
        "Id": 5260012
    },
    {
        "Id": 5260013
    },
    {
        "Id": 5260021
    },
    {
        "Id": 5260022
    },
    {
        "Id": 5260023
    },
    {
        "Id": 5260031
    },
    {
        "Id": 5260032
    },
    {
        "Id": 5260033
    },
    {
        "Id": 5260041
    },
    {
        "Id": 5260042
    },
    {
        "Id": 5260043
    },
    {
        "Id": 5260051
    },
    {
        "Id": 5260052
    },
    {
        "Id": 5260053
    },
    {
        "Id": 5260061
    },
    {
        "Id": 5260062
    },
    {
        "Id": 5260063
    },
    {
        "Id": 5260071
    },
    {
        "Id": 5260072
    },
    {
        "Id": 5260073
    },
    {
        "Id": 5260081
    },
    {
        "Id": 5260082
    },
    {
        "Id": 5260083
    },
    {
        "Id": 5260091
    },
    {
        "Id": 5260092
    },
    {
        "Id": 5260093
    },
    {
        "Id": 5260101
    },
    {
        "Id": 5260102
    },
    {
        "Id": 5260103
    },
    {
        "Id": 5260111
    },
    {
        "Id": 5260112
    },
    {
        "Id": 5260113
    },
    {
        "Id": 5260121
    },
    {
        "Id": 5260122
    },
    {
        "Id": 5260123
    },
    {
        "Id": 5260131
    },
    {
        "Id": 5260132
    },
    {
        "Id": 5260133
    },
    {
        "Id": 5260141
    },
    {
        "Id": 5260142
    },
    {
        "Id": 5260143
    },
    {
        "Id": 6020231
    },
    {
        "Id": 6020232
    },
    {
        "Id": 6020233
    },
    {
        "Id": 6020234
    },
    {
        "Id": 6020821
    },
    {
        "Id": 6020822
    },
    {
        "Id": 6020823
    },
    {
        "Id": 6020824
    },
    {
        "Id": 6020111
    },
    {
        "Id": 6020112
    },
    {
        "Id": 6020113
    },
    {
        "Id": 6020114
    },
    {
        "Id": 6021021
    },
    {
        "Id": 6021022
    },
    {
        "Id": 6021023
    },
    {
        "Id": 6021024
    },
    {
        "Id": 6020621
    },
    {
        "Id": 6020622
    },
    {
        "Id": 6020623
    },
    {
        "Id": 6020624
    },
    {
        "Id": 6020511
    },
    {
        "Id": 6020512
    },
    {
        "Id": 6020513
    },
    {
        "Id": 6020514
    },
    {
        "Id": 6020121
    },
    {
        "Id": 6020122
    },
    {
        "Id": 6020123
    },
    {
        "Id": 6020124
    },
    {
        "Id": 6020431
    },
    {
        "Id": 6020432
    },
    {
        "Id": 6020433
    },
    {
        "Id": 6020434
    },
    {
        "Id": 7000001
    },
    {
        "Id": 7000002
    },
    {
        "Id": 7000003
    },
    {
        "Id": 7000004
    },
    {
        "Id": 7000005
    },
    {
        "Id": 7000006
    },
    {
        "Id": 7000007
    },
    {
        "Id": 7000008
    },
    {
        "Id": 7000009
    },
    {
        "Id": 7000010
    },
    {
        "Id": 8100001
    },
    {
        "Id": 8100011
    },
    {
        "Id": 8100021
    },
    {
        "Id": 8100031
    },
    {
        "Id": 8100041
    },
    {
        "Id": 8100051
    },
    {
        "Id": 8100061
    },
    {
        "Id": 8100071
    },
    {
        "Id": 8100081
    },
    {
        "Id": 8100091
    },
    {
        "Id": 8100101
    },
    {
        "Id": 8100111
    },
    {
        "Id": 8100121
    },
    {
        "Id": 8100131
    },
    {
        "Id": 8100141
    },
    {
        "Id": 8100151
    },
    {
        "Id": 8100161
    },
    {
        "Id": 8100171
    },
    {
        "Id": 8100181
    },
    {
        "Id": 8100191
    },
    {
        "Id": 8100201
    },
    {
        "Id": 8100211
    },
    {
        "Id": 8100221
    },
    {
        "Id": 8100231
    },
    {
        "Id": 8100241
    },
    {
        "Id": 8100251
    },
    {
        "Id": 8100261
    },
    {
        "Id": 8100271
    },
    {
        "Id": 8100281
    },
    {
        "Id": 8100291
    },
    {
        "Id": 8100301
    },
    {
        "Id": 8100311
    },
    {
        "Id": 8100321
    },
    {
        "Id": 8100331
    },
    {
        "Id": 8100341
    },
    {
        "Id": 8100351
    },
    {
        "Id": 8100361
    },
    {
        "Id": 8100371
    },
    {
        "Id": 8100381
    },
    {
        "Id": 8100391
    },
    {
        "Id": 8100401
    },
    {
        "Id": 8100411
    },
    {
        "Id": 8100421
    },
    {
        "Id": 8100431
    },
    {
        "Id": 8100441
    },
    {
        "Id": 8100451
    },
    {
        "Id": 8100461
    },
    {
        "Id": 8100471
    },
    {
        "Id": 8100481
    },
    {
        "Id": 8100491
    },
    {
        "Id": 8100501
    },
    {
        "Id": 8100511
    },
    {
        "Id": 8100521
    },
    {
        "Id": 8100531
    },
    {
        "Id": 8100541
    },
    {
        "Id": 8100551
    },
    {
        "Id": 8100561
    },
    {
        "Id": 8100571
    },
    {
        "Id": 8100581
    },
    {
        "Id": 8100591
    },
    {
        "Id": 8100601
    },
    {
        "Id": 8100611
    },
    {
        "Id": 8100621
    },
    {
        "Id": 8100631
    },
    {
        "Id": 8100641
    },
    {
        "Id": 8100651
    },
    {
        "Id": 8100661
    },
    {
        "Id": 8100671
    },
    {
        "Id": 8100681
    },
    {
        "Id": 8100691
    },
    {
        "Id": 8100701
    },
    {
        "Id": 8100711
    },
    {
        "Id": 8100721
    },
    {
        "Id": 8100731
    },
    {
        "Id": 8100741
    },
    {
        "Id": 8100751
    },
    {
        "Id": 8100761
    },
    {
        "Id": 8100771
    },
    {
        "Id": 8100781
    },
    {
        "Id": 8100791
    },
    {
        "Id": 8100801
    },
    {
        "Id": 8100811
    },
    {
        "Id": 8100821
    },
    {
        "Id": 8100831
    },
    {
        "Id": 8100841
    },
    {
        "Id": 8100851
    },
    {
        "Id": 8100861
    },
    {
        "Id": 8100871
    },
    {
        "Id": 8100881
    },
    {
        "Id": 8100891
    },
    {
        "Id": 8100901
    },
    {
        "Id": 8100911
    },
    {
        "Id": 8100921
    },
    {
        "Id": 8100931
    },
    {
        "Id": 8100941
    },
    {
        "Id": 8100951
    },
    {
        "Id": 8100961
    },
    {
        "Id": 8100971
    },
    {
        "Id": 8100981
    },
    {
        "Id": 8101001
    },
    {
        "Id": 8101011
    },
    {
        "Id": 8101021
    },
    {
        "Id": 8101031
    },
    {
        "Id": 8101041
    },
    {
        "Id": 8101051
    },
    {
        "Id": 8101061
    },
    {
        "Id": 8101071
    },
    {
        "Id": 8101081
    },
    {
        "Id": 8101091
    },
    {
        "Id": 8101101
    },
    {
        "Id": 8101111
    },
    {
        "Id": 8101121
    },
    {
        "Id": 8101131
    },
    {
        "Id": 8101141
    },
    {
        "Id": 8101151
    },
    {
        "Id": 8101161
    },
    {
        "Id": 8101171
    },
    {
        "Id": 8101181
    },
    {
        "Id": 8101191
    },
    {
        "Id": 8101201
    },
    {
        "Id": 8101211
    },
    {
        "Id": 8130001
    },
    {
        "Id": 8130011
    },
    {
        "Id": 8130021
    },
    {
        "Id": 8130031
    },
    {
        "Id": 8130041
    },
    {
        "Id": 8130051
    },
    {
        "Id": 8130061
    },
    {
        "Id": 8130071
    },
    {
        "Id": 8130081
    },
    {
        "Id": 8130091
    },
    {
        "Id": 8130101
    },
    {
        "Id": 8130111
    },
    {
        "Id": 8130121
    },
    {
        "Id": 8130131
    },
    {
        "Id": 8130141
    },
    {
        "Id": 8160001
    },
    {
        "Id": 8160011
    },
    {
        "Id": 8160021
    },
    {
        "Id": 8160031
    },
    {
        "Id": 8160041
    },
    {
        "Id": 8160051
    },
    {
        "Id": 8160061
    },
    {
        "Id": 8160071
    },
    {
        "Id": 8160081
    },
    {
        "Id": 8160091
    },
    {
        "Id": 8160101
    },
    {
        "Id": 8160111
    },
    {
        "Id": 8160121
    },
    {
        "Id": 8160131
    },
    {
        "Id": 8160141
    },
    {
        "Id": 8160151
    },
    {
        "Id": 8160161
    },
    {
        "Id": 8160171
    },
    {
        "Id": 8200001
    },
    {
        "Id": 8200011
    },
    {
        "Id": 8200021
    },
    {
        "Id": 8200031
    },
    {
        "Id": 8200041
    },
    {
        "Id": 8200051
    },
    {
        "Id": 8200061
    },
    {
        "Id": 8200071
    },
    {
        "Id": 8200081
    },
    {
        "Id": 8200091
    },
    {
        "Id": 8200101
    },
    {
        "Id": 8200111
    },
    {
        "Id": 8200121
    },
    {
        "Id": 8200131
    },
    {
        "Id": 8200141
    },
    {
        "Id": 8200151
    },
    {
        "Id": 8200161
    },
    {
        "Id": 8200171
    },
    {
        "Id": 8200181
    },
    {
        "Id": 8200191
    },
    {
        "Id": 8200201
    },
    {
        "Id": 8200211
    },
    {
        "Id": 8200221
    },
    {
        "Id": 8200231
    },
    {
        "Id": 8200241
    },
    {
        "Id": 8200251
    },
    {
        "Id": 8200261
    },
    {
        "Id": 8200271
    },
    {
        "Id": 8200281
    },
    {
        "Id": 8200291
    },
    {
        "Id": 8200301
    },
    {
        "Id": 8200311
    },
    {
        "Id": 8200321
    },
    {
        "Id": 8200331
    },
    {
        "Id": 8200341
    },
    {
        "Id": 8200351
    },
    {
        "Id": 8200361
    },
    {
        "Id": 8200371
    },
    {
        "Id": 8200381
    },
    {
        "Id": 8200391
    },
    {
        "Id": 8200401
    },
    {
        "Id": 8200411
    },
    {
        "Id": 8200421
    },
    {
        "Id": 8200431
    },
    {
        "Id": 8200441
    },
    {
        "Id": 8200451
    },
    {
        "Id": 8200461
    },
    {
        "Id": 8200471
    },
    {
        "Id": 8230001
    },
    {
        "Id": 8230011
    },
    {
        "Id": 8230021
    },
    {
        "Id": 8230031
    },
    {
        "Id": 8230041
    },
    {
        "Id": 8230051
    },
    {
        "Id": 8230061
    },
    {
        "Id": 8230071
    },
    {
        "Id": 8230081
    },
    {
        "Id": 8260001
    },
    {
        "Id": 8260011
    },
    {
        "Id": 8260021
    },
    {
        "Id": 8260031
    },
    {
        "Id": 8260041
    },
    {
        "Id": 8260051
    },
    {
        "Id": 8260061
    },
    {
        "Id": 8260071
    },
    {
        "Id": 8260081
    },
    {
        "Id": 8260091
    },
    {
        "Id": 8260101
    },
    {
        "Id": 8260111
    },
    {
        "Id": 8260121
    },
    {
        "Id": 8260131
    },
    {
        "Id": 8260141
    },
    {
        "Id": 9000000
    },
    {
        "Id": 9000001
    }
]