[
    {
        "Id": 1
    },
    {
        "Id": 2
    },
    {
        "Id": 3
    },
    {
        "Id": 4
    },
    {
        "Id": 10
    },
    {
        "Id": 11
    },
    {
        "Id": 12
    },
    {
        "Id": 13
    },
    {
        "Id": 20
    },
    {
        "Id": 21
    },
    {
        "Id": 22
    },
    {
        "Id": 23
    },
    {
        "Id": 30
    },
    {
        "Id": 31
    },
    {
        "Id": 32
    },
    {
        "Id": 33
    },
    {
        "Id": 40
    },
    {
        "Id": 41
    },
    {
        "Id": 42
    },
    {
        "Id": 43
    },
    {
        "Id": 1000
    },
    {
        "Id": 1001
    },
    {
        "Id": 1002
    },
    {
        "Id": 1003
    },
    {
        "Id": 1004
    },
    {
        "Id": 1005
    },
    {
        "Id": 1006
    },
    {
        "Id": 1007
    },
    {
        "Id": 1008
    },
    {
        "Id": 1009
    },
    {
        "Id": 2000
    },
    {
        "Id": 2001
    },
    {
        "Id": 2002
    },
    {
        "Id": 2003
    },
    {
        "Id": 2004
    },
    {
        "Id": 2005
    },
    {
        "Id": 2006
    },
    {
        "Id": 2007
    },
    {
        "Id": 2008
    },
    {
        "Id": 2009
    },
    {
        "Id": 3000
    },
    {
        "Id": 3001
    },
    {
        "Id": 3002
    },
    {
        "Id": 3003
    },
    {
        "Id": 3004
    },
    {
        "Id": 3005
    },
    {
        "Id": 3006
    },
    {
        "Id": 3007
    },
    {
        "Id": 3008
    },
    {
        "Id": 3009
    },
    {
        "Id": 4000
    },
    {
        "Id": 4001
    },
    {
        "Id": 4002
    },
    {
        "Id": 4003
    },
    {
        "Id": 4004
    },
    {
        "Id": 4005
    },
    {
        "Id": 4006
    },
    {
        "Id": 4007
    },
    {
        "Id": 4008
    },
    {
        "Id": 4009
    },
    {
        "Id": 5000
    },
    {
        "Id": 5001
    },
    {
        "Id": 5002
    },
    {
        "Id": 5003
    },
    {
        "Id": 5004
    },
    {
        "Id": 5005
    },
    {
        "Id": 5006
    },
    {
        "Id": 5007
    },
    {
        "Id": 5008
    },
    {
        "Id": 5009
    },
    {
        "Id": 6000
    },
    {
        "Id": 6001
    },
    {
        "Id": 6002
    },
    {
        "Id": 6003
    },
    {
        "Id": 6004
    },
    {
        "Id": 6005
    },
    {
        "Id": 6006
    },
    {
        "Id": 6007
    },
    {
        "Id": 6008
    },
    {
        "Id": 6009
    },
    {
        "Id": 7000
    },
    {
        "Id": 7001
    },
    {
        "Id": 7002
    },
    {
        "Id": 7003
    },
    {
        "Id": 7004
    },
    {
        "Id": 7005
    },
    {
        "Id": 7006
    },
    {
        "Id": 7007
    },
    {
        "Id": 7008
    },
    {
        "Id": 8000
    },
    {
        "Id": 8001
    },
    {
        "Id": 8002
    },
    {
        "Id": 8003
    },
    {
        "Id": 8004
    },
    {
        "Id": 8005
    },
    {
        "Id": 8006
    },
    {
        "Id": 8007
    },
    {
        "Id": 8008
    },
    {
        "Id": 9000
    },
    {
        "Id": 9001
    },
    {
        "Id": 9002
    },
    {
        "Id": 9003
    },
    {
        "Id": 9004
    },
    {
        "Id": 9005
    },
    {
        "Id": 9006
    },
    {
        "Id": 9007
    },
    {
        "Id": 9008
    },
    {
        "Id": 101001
    },
    {
        "Id": 101002
    },
    {
        "Id": 101003
    },
    {
        "Id": 101004
    },
    {
        "Id": 101005
    },
    {
        "Id": 101006
    },
    {
        "Id": 101007
    },
    {
        "Id": 101008
    },
    {
        "Id": 101009
    },
    {
        "Id": 102001
    },
    {
        "Id": 102002
    },
    {
        "Id": 102003
    },
    {
        "Id": 102004
    },
    {
        "Id": 102005
    },
    {
        "Id": 102006
    },
    {
        "Id": 102007
    },
    {
        "Id": 102008
    },
    {
        "Id": 102009
    },
    {
        "Id": 103001
    },
    {
        "Id": 103002
    },
    {
        "Id": 103003
    },
    {
        "Id": 103004
    },
    {
        "Id": 103005
    },
    {
        "Id": 103006
    },
    {
        "Id": 103007
    },
    {
        "Id": 103008
    },
    {
        "Id": 103009
    },
    {
        "Id": 104001
    },
    {
        "Id": 104002
    },
    {
        "Id": 104003
    },
    {
        "Id": 104004
    },
    {
        "Id": 104005
    },
    {
        "Id": 104006
    },
    {
        "Id": 104007
    },
    {
        "Id": 104008
    },
    {
        "Id": 104009
    },
    {
        "Id": 105001
    },
    {
        "Id": 105002
    },
    {
        "Id": 105003
    },
    {
        "Id": 105004
    },
    {
        "Id": 105005
    },
    {
        "Id": 105006
    },
    {
        "Id": 105007
    },
    {
        "Id": 105008
    },
    {
        "Id": 105009
    },
    {
        "Id": 106001
    },
    {
        "Id": 106002
    },
    {
        "Id": 106003
    },
    {
        "Id": 106004
    },
    {
        "Id": 106005
    },
    {
        "Id": 106006
    },
    {
        "Id": 106007
    },
    {
        "Id": 106008
    },
    {
        "Id": 106009
    },
    {
        "Id": 107001
    },
    {
        "Id": 107002
    },
    {
        "Id": 107003
    },
    {
        "Id": 107004
    },
    {
        "Id": 107005
    },
    {
        "Id": 107006
    },
    {
        "Id": 107007
    },
    {
        "Id": 107008
    },
    {
        "Id": 108001
    },
    {
        "Id": 108002
    },
    {
        "Id": 108003
    },
    {
        "Id": 108004
    },
    {
        "Id": 108005
    },
    {
        "Id": 108006
    },
    {
        "Id": 108007
    },
    {
        "Id": 108008
    },
    {
        "Id": 109001
    },
    {
        "Id": 109002
    },
    {
        "Id": 109003
    },
    {
        "Id": 109004
    },
    {
        "Id": 109005
    },
    {
        "Id": 109006
    },
    {
        "Id": 109007
    },
    {
        "Id": 109008
    }
]