[
    {
        "Id": 60007101
    },
    {
        "Id": 60007102
    },
    {
        "Id": 60007103
    },
    {
        "Id": 60007201
    },
    {
        "Id": 60007202
    },
    {
        "Id": 60007203
    },
    {
        "Id": 60007301
    },
    {
        "Id": 60007302
    },
    {
        "Id": 60007303
    },
    {
        "Id": 60007701
    },
    {
        "Id": 60007702
    },
    {
        "Id": 60007703
    },
    {
        "Id": 60008101
    },
    {
        "Id": 60008102
    },
    {
        "Id": 60008103
    },
    {
        "Id": 60008201
    },
    {
        "Id": 60008202
    },
    {
        "Id": 60008203
    },
    {
        "Id": 60008301
    },
    {
        "Id": 60008302
    },
    {
        "Id": 60008303
    },
    {
        "Id": 60008701
    },
    {
        "Id": 60008702
    },
    {
        "Id": 60008703
    },
    {
        "Id": 840101
    },
    {
        "Id": 840102
    },
    {
        "Id": 840103
    },
    {
        "Id": 840201
    },
    {
        "Id": 840202
    },
    {
        "Id": 840203
    },
    {
        "Id": 840301
    },
    {
        "Id": 840302
    },
    {
        "Id": 840303
    },
    {
        "Id": 840701
    },
    {
        "Id": 840702
    },
    {
        "Id": 840703
    },
    {
        "Id": 842101
    },
    {
        "Id": 842102
    },
    {
        "Id": 842103
    },
    {
        "Id": 842201
    },
    {
        "Id": 842202
    },
    {
        "Id": 842203
    },
    {
        "Id": 842301
    },
    {
        "Id": 842302
    },
    {
        "Id": 842303
    },
    {
        "Id": 842701
    },
    {
        "Id": 842702
    },
    {
        "Id": 842703
    },
    {
        "Id": 60012101
    },
    {
        "Id": 60012102
    },
    {
        "Id": 60012103
    },
    {
        "Id": 60012201
    },
    {
        "Id": 60012202
    },
    {
        "Id": 60012203
    },
    {
        "Id": 60012301
    },
    {
        "Id": 60012302
    },
    {
        "Id": 60012303
    },
    {
        "Id": 60012701
    },
    {
        "Id": 60012702
    },
    {
        "Id": 60012703
    },
    {
        "Id": 847101
    },
    {
        "Id": 847102
    },
    {
        "Id": 847103
    },
    {
        "Id": 847201
    },
    {
        "Id": 847202
    },
    {
        "Id": 847203
    },
    {
        "Id": 847301
    },
    {
        "Id": 847302
    },
    {
        "Id": 847303
    },
    {
        "Id": 847401
    },
    {
        "Id": 847402
    },
    {
        "Id": 847403
    },
    {
        "Id": 847501
    },
    {
        "Id": 847502
    },
    {
        "Id": 847503
    },
    {
        "Id": 847601
    },
    {
        "Id": 847602
    },
    {
        "Id": 847603
    },
    {
        "Id": 847701
    },
    {
        "Id": 847702
    },
    {
        "Id": 847703
    }
]