[
    {
        "EventContentId": 814
    },
    {
        "EventContentId": 701
    },
    {
        "EventContentId": 821
    },
    {
        "EventContentId": 822
    },
    {
        "EventContentId": 823
    },
    {
        "EventContentId": 824
    },
    {
        "EventContentId": 843
    },
    {
        "EventContentId": 10814
    },
    {
        "EventContentId": 900701
    },
    {
        "EventContentId": 900814
    },
    {
        "EventContentId": 70001
    },
    {
        "EventContentId": 70002
    },
    {
        "EventContentId": 70003
    }
]