[
    {
        "FixedEchelonID": 1
    },
    {
        "FixedEchelonID": 2
    },
    {
        "FixedEchelonID": 3
    },
    {
        "FixedEchelonID": 4
    },
    {
        "FixedEchelonID": 5
    },
    {
        "FixedEchelonID": 6
    },
    {
        "FixedEchelonID": 400010102
    },
    {
        "FixedEchelonID": 400010103
    },
    {
        "FixedEchelonID": 400010106
    },
    {
        "FixedEchelonID": 400010109
    },
    {
        "FixedEchelonID": 400010111
    },
    {
        "FixedEchelonID": 400010114
    },
    {
        "FixedEchelonID": 400010119
    },
    {
        "FixedEchelonID": 400010120
    },
    {
        "FixedEchelonID": 400010201
    },
    {
        "FixedEchelonID": 400010206
    },
    {
        "FixedEchelonID": 400010207
    },
    {
        "FixedEchelonID": 400010208
    },
    {
        "FixedEchelonID": 400010209
    },
    {
        "FixedEchelonID": 400010213
    },
    {
        "FixedEchelonID": 400010214
    },
    {
        "FixedEchelonID": 400010215
    },
    {
        "FixedEchelonID": 400010217
    },
    {
        "FixedEchelonID": 400010218
    },
    {
        "FixedEchelonID": 400010219
    },
    {
        "FixedEchelonID": 400010303
    },
    {
        "FixedEchelonID": 400010317
    },
    {
        "FixedEchelonID": 400010318
    },
    {
        "FixedEchelonID": 400010319
    },
    {
        "FixedEchelonID": 400010321
    },
    {
        "FixedEchelonID": 400010322
    },
    {
        "FixedEchelonID": 400010323
    },
    {
        "FixedEchelonID": 400010324
    },
    {
        "FixedEchelonID": 400010325
    },
    {
        "FixedEchelonID": 400010326
    },
    {
        "FixedEchelonID": 400010335
    },
    {
        "FixedEchelonID": 400010336
    },
    {
        "FixedEchelonID": 400020103
    },
    {
        "FixedEchelonID": 400020107
    },
    {
        "FixedEchelonID": 400020110
    },
    {
        "FixedEchelonID": 400020111
    },
    {
        "FixedEchelonID": 400020113
    },
    {
        "FixedEchelonID": 400020115
    },
    {
        "FixedEchelonID": 400020116
    },
    {
        "FixedEchelonID": 400020119
    },
    {
        "FixedEchelonID": 400020206
    },
    {
        "FixedEchelonID": 400020209
    },
    {
        "FixedEchelonID": 400020213
    },
    {
        "FixedEchelonID": 400020215
    },
    {
        "FixedEchelonID": 400020217
    },
    {
        "FixedEchelonID": 400020218
    },
    {
        "FixedEchelonID": 400030206
    },
    {
        "FixedEchelonID": 400030210
    },
    {
        "FixedEchelonID": 400030216
    },
    {
        "FixedEchelonID": 400030217
    },
    {
        "FixedEchelonID": 400030218
    },
    {
        "FixedEchelonID": 400030307
    },
    {
        "FixedEchelonID": 400030308
    },
    {
        "FixedEchelonID": 400030309
    },
    {
        "FixedEchelonID": 400030319
    },
    {
        "FixedEchelonID": 400030320
    },
    {
        "FixedEchelonID": 400030321
    },
    {
        "FixedEchelonID": 400030322
    },
    {
        "FixedEchelonID": 400030323
    },
    {
        "FixedEchelonID": 400030409
    },
    {
        "FixedEchelonID": 400030410
    },
    {
        "FixedEchelonID": 400030414
    },
    {
        "FixedEchelonID": 400030415
    },
    {
        "FixedEchelonID": 400030419
    },
    {
        "FixedEchelonID": 400030420
    },
    {
        "FixedEchelonID": 400030421
    },
    {
        "FixedEchelonID": 400030422
    },
    {
        "FixedEchelonID": 400030424
    },
    {
        "FixedEchelonID": 400040102
    },
    {
        "FixedEchelonID": 400040108
    },
    {
        "FixedEchelonID": 400040110
    },
    {
        "FixedEchelonID": 400040118
    },
    {
        "FixedEchelonID": 400040217
    },
    {
        "FixedEchelonID": 400040218
    },
    {
        "FixedEchelonID": 400040219
    },
    {
        "FixedEchelonID": 400040220
    },
    {
        "FixedEchelonID": 400040221
    },
    {
        "FixedEchelonID": 400040222
    },
    {
        "FixedEchelonID": 400040223
    },
    {
        "FixedEchelonID": 400050102
    },
    {
        "FixedEchelonID": 400050108
    },
    {
        "FixedEchelonID": 400050109
    },
    {
        "FixedEchelonID": 400050112
    },
    {
        "FixedEchelonID": 400050118
    },
    {
        "FixedEchelonID": 400050120
    },
    {
        "FixedEchelonID": 400050122
    },
    {
        "FixedEchelonID": 400050124
    },
    {
        "FixedEchelonID": 401000111
    },
    {
        "FixedEchelonID": 401000112
    },
    {
        "FixedEchelonID": 401000113
    },
    {
        "FixedEchelonID": 40100011401
    },
    {
        "FixedEchelonID": 40100011402
    },
    {
        "FixedEchelonID": 40100011403
    },
    {
        "FixedEchelonID": 40100011404
    },
    {
        "FixedEchelonID": 40100011405
    },
    {
        "FixedEchelonID": 81511121
    },
    {
        "FixedEchelonID": 81521131
    },
    {
        "FixedEchelonID": 81531131
    },
    {
        "FixedEchelonID": 81541131
    },
    {
        "FixedEchelonID": 40000000101
    },
    {
        "FixedEchelonID": 40000000102
    },
    {
        "FixedEchelonID": 40000000103
    },
    {
        "FixedEchelonID": 40000000104
    },
    {
        "FixedEchelonID": 40100020601
    },
    {
        "FixedEchelonID": 40100020602
    },
    {
        "FixedEchelonID": 401000207
    },
    {
        "FixedEchelonID": 401000208
    },
    {
        "FixedEchelonID": 40100020901
    },
    {
        "FixedEchelonID": 40100020904
    },
    {
        "FixedEchelonID": 401000210
    },
    {
        "FixedEchelonID": 401000211
    },
    {
        "FixedEchelonID": 40100021201
    },
    {
        "FixedEchelonID": 40100021203
    },
    {
        "FixedEchelonID": 401000213
    },
    {
        "FixedEchelonID": 401000214
    },
    {
        "FixedEchelonID": 40100021501
    },
    {
        "FixedEchelonID": 40100021502
    },
    {
        "FixedEchelonID": 401000216
    },
    {
        "FixedEchelonID": 40100021701
    },
    {
        "FixedEchelonID": 40100021702
    },
    {
        "FixedEchelonID": 401000218
    },
    {
        "FixedEchelonID": 401000219
    },
    {
        "FixedEchelonID": 40100022001
    },
    {
        "FixedEchelonID": 40100022002
    },
    {
        "FixedEchelonID": 401000305
    },
    {
        "FixedEchelonID": 40100031401
    },
    {
        "FixedEchelonID": 40100031402
    },
    {
        "FixedEchelonID": 40100031403
    },
    {
        "FixedEchelonID": 401000403
    },
    {
        "FixedEchelonID": 821130101
    },
    {
        "FixedEchelonID": 821130201
    },
    {
        "FixedEchelonID": 821130301
    },
    {
        "FixedEchelonID": 821130401
    },
    {
        "FixedEchelonID": 821130601
    },
    {
        "FixedEchelonID": 821130701
    },
    {
        "FixedEchelonID": 823130301
    },
    {
        "FixedEchelonID": 827130401
    },
    {
        "FixedEchelonID": 827130901
    },
    {
        "FixedEchelonID": 827131001
    },
    {
        "FixedEchelonID": 828130301
    },
    {
        "FixedEchelonID": 828130401
    },
    {
        "FixedEchelonID": 828130801
    },
    {
        "FixedEchelonID": 828130901
    },
    {
        "FixedEchelonID": 829130401
    },
    {
        "FixedEchelonID": 829130901
    },
    {
        "FixedEchelonID": 829131001
    },
    {
        "FixedEchelonID": 829131101
    },
    {
        "FixedEchelonID": 829131201
    },
    {
        "FixedEchelonID": 830130201
    },
    {
        "FixedEchelonID": 830130301
    },
    {
        "FixedEchelonID": 830130401
    },
    {
        "FixedEchelonID": 830130501
    },
    {
        "FixedEchelonID": 831130201
    },
    {
        "FixedEchelonID": 831130501
    },
    {
        "FixedEchelonID": 831130601
    },
    {
        "FixedEchelonID": 831130701
    },
    {
        "FixedEchelonID": 831130801
    },
    {
        "FixedEchelonID": 832130401
    },
    {
        "FixedEchelonID": 832130701
    },
    {
        "FixedEchelonID": 833130701
    },
    {
        "FixedEchelonID": 833430001
    },
    {
        "FixedEchelonID": 833430101
    },
    {
        "FixedEchelonID": 833430201
    },
    {
        "FixedEchelonID": 833430301
    },
    {
        "FixedEchelonID": 833430401
    },
    {
        "FixedEchelonID": 833430501
    },
    {
        "FixedEchelonID": 833430601
    },
    {
        "FixedEchelonID": 833430701
    },
    {
        "FixedEchelonID": 833430801
    },
    {
        "FixedEchelonID": 833530101
    },
    {
        "FixedEchelonID": 833530201
    },
    {
        "FixedEchelonID": 833530301
    },
    {
        "FixedEchelonID": 833530401
    },
    {
        "FixedEchelonID": 833530501
    },
    {
        "FixedEchelonID": 833530601
    },
    {
        "FixedEchelonID": 834130101
    },
    {
        "FixedEchelonID": 834130301
    },
    {
        "FixedEchelonID": 834130401
    },
    {
        "FixedEchelonID": 834130501
    },
    {
        "FixedEchelonID": 834130601
    },
    {
        "FixedEchelonID": 834130701
    },
    {
        "FixedEchelonID": 835130401
    },
    {
        "FixedEchelonID": 835130501
    },
    {
        "FixedEchelonID": 835130601
    },
    {
        "FixedEchelonID": 835130901
    },
    {
        "FixedEchelonID": 837130601
    },
    {
        "FixedEchelonID": 837130701
    },
    {
        "FixedEchelonID": 837130801
    },
    {
        "FixedEchelonID": 837130901
    },
    {
        "FixedEchelonID": 838130301
    },
    {
        "FixedEchelonID": 838130401
    },
    {
        "FixedEchelonID": 838130501
    },
    {
        "FixedEchelonID": 838130801
    },
    {
        "FixedEchelonID": 838130901
    },
    {
        "FixedEchelonID": 838330101
    },
    {
        "FixedEchelonID": 838430101
    },
    {
        "FixedEchelonID": 838430201
    },
    {
        "FixedEchelonID": 838430301
    },
    {
        "FixedEchelonID": 9576
    },
    {
        "FixedEchelonID": 839130901
    },
    {
        "FixedEchelonID": 839131001
    },
    {
        "FixedEchelonID": 840130401
    },
    {
        "FixedEchelonID": 840130501
    },
    {
        "FixedEchelonID": 840130801
    },
    {
        "FixedEchelonID": 840130901
    },
    {
        "FixedEchelonID": 840131001
    },
    {
        "FixedEchelonID": 841130201
    },
    {
        "FixedEchelonID": 841130301
    },
    {
        "FixedEchelonID": 842130401
    },
    {
        "FixedEchelonID": 842130601
    },
    {
        "FixedEchelonID": 843430101
    },
    {
        "FixedEchelonID": 843430201
    },
    {
        "FixedEchelonID": 843430301
    },
    {
        "FixedEchelonID": 843430401
    },
    {
        "FixedEchelonID": 843430501
    },
    {
        "FixedEchelonID": 843430601
    },
    {
        "FixedEchelonID": 843430701
    },
    {
        "FixedEchelonID": 843430801
    },
    {
        "FixedEchelonID": 843430901
    },
    {
        "FixedEchelonID": 843431001
    },
    {
        "FixedEchelonID": 843431101
    },
    {
        "FixedEchelonID": 844130501
    },
    {
        "FixedEchelonID": 844130701
    },
    {
        "FixedEchelonID": 845130201
    },
    {
        "FixedEchelonID": 845130701
    },
    {
        "FixedEchelonID": 846130501
    },
    {
        "FixedEchelonID": 846130701
    },
    {
        "FixedEchelonID": 846130901
    },
    {
        "FixedEchelonID": 847130201
    },
    {
        "FixedEchelonID": 847131001
    },
    {
        "FixedEchelonID": 400050203
    },
    {
        "FixedEchelonID": 400050208
    },
    {
        "FixedEchelonID": 400050211
    },
    {
        "FixedEchelonID": 400050212
    },
    {
        "FixedEchelonID": 400050213
    },
    {
        "FixedEchelonID": 400050214
    },
    {
        "FixedEchelonID": 400050219
    },
    {
        "FixedEchelonID": 400050223
    },
    {
        "FixedEchelonID": 400050224
    },
    {
        "FixedEchelonID": 400050226
    }
]