[
    {
        "GroupID": 1
    },
    {
        "GroupID": 10001
    },
    {
        "GroupID": 10011
    },
    {
        "GroupID": 10012
    },
    {
        "GroupID": 7310100
    },
    {
        "GroupID": 824330101
    },
    {
        "GroupID": 824330501
    },
    {
        "GroupID": 4000402
    },
    {
        "GroupID": 828130601
    },
    {
        "GroupID": 83001
    },
    {
        "GroupID": 829330401
    },
    {
        "GroupID": 830330301
    },
    {
        "GroupID": 83002
    },
    {
        "GroupID": 83003
    },
    {
        "GroupID": 93
    },
    {
        "GroupID": 832330301
    },
    {
        "GroupID": 832330401
    },
    {
        "GroupID": 833430301
    },
    {
        "GroupID": 833430001
    },
    {
        "GroupID": 833430701
    },
    {
        "GroupID": 10012301
    },
    {
        "GroupID": 19
    },
    {
        "GroupID": 836330101
    },
    {
        "GroupID": 838430101
    },
    {
        "GroupID": 838430201
    },
    {
        "GroupID": 838430301
    },
    {
        "GroupID": 838440101
    },
    {
        "GroupID": 838440201
    },
    {
        "GroupID": 838440301
    },
    {
        "GroupID": 838440401
    },
    {
        "GroupID": 838450101
    },
    {
        "GroupID": 838450201
    },
    {
        "GroupID": 838450301
    },
    {
        "GroupID": 838450401
    },
    {
        "GroupID": 400010336
    },
    {
        "GroupID": 839130901
    },
    {
        "GroupID": 4001
    },
    {
        "GroupID": 4002
    },
    {
        "GroupID": 4003
    },
    {
        "GroupID": 9956
    },
    {
        "GroupID": 9957
    },
    {
        "GroupID": 9958
    },
    {
        "GroupID": 9959
    },
    {
        "GroupID": 9960
    },
    {
        "GroupID": 9961
    },
    {
        "GroupID": 21
    },
    {
        "GroupID": 9997
    },
    {
        "GroupID": 9998
    },
    {
        "GroupID": 1001
    },
    {
        "GroupID": 1002
    },
    {
        "GroupID": 400050223
    },
    {
        "GroupID": 208
    },
    {
        "GroupID": 847330301
    }
]