[
    {
        "FurnitureTemplateId": 1
    },
    {
        "FurnitureTemplateId": 2
    },
    {
        "FurnitureTemplateId": 3
    },
    {
        "FurnitureTemplateId": 4
    },
    {
        "FurnitureTemplateId": 5
    },
    {
        "FurnitureTemplateId": 6
    },
    {
        "FurnitureTemplateId": 7
    },
    {
        "FurnitureTemplateId": 8
    },
    {
        "FurnitureTemplateId": 9
    },
    {
        "FurnitureTemplateId": 10
    },
    {
        "FurnitureTemplateId": 11
    },
    {
        "FurnitureTemplateId": 12
    },
    {
        "FurnitureTemplateId": 13
    },
    {
        "FurnitureTemplateId": 14
    },
    {
        "FurnitureTemplateId": 15
    },
    {
        "FurnitureTemplateId": 16
    },
    {
        "FurnitureTemplateId": 17
    },
    {
        "FurnitureTemplateId": 18
    },
    {
        "FurnitureTemplateId": 19
    },
    {
        "FurnitureTemplateId": 20
    }
]