[
    {
        "Id": 1
    },
    {
        "Id": 2
    },
    {
        "Id": 3
    },
    {
        "Id": 4
    },
    {
        "Id": 5
    },
    {
        "Id": 6
    },
    {
        "Id": 7
    },
    {
        "Id": 8
    },
    {
        "Id": 9
    },
    {
        "Id": 10
    },
    {
        "Id": 11
    },
    {
        "Id": 1100
    },
    {
        "Id": 1101
    },
    {
        "Id": 1102
    },
    {
        "Id": 1300
    },
    {
        "Id": 1200
    },
    {
        "Id": 1103
    },
    {
        "Id": 1104
    },
    {
        "Id": 1105
    },
    {
        "Id": 1106
    },
    {
        "Id": 1107
    },
    {
        "Id": 1108
    },
    {
        "Id": 1109
    },
    {
        "Id": 1201
    },
    {
        "Id": 1202
    },
    {
        "Id": 1203
    },
    {
        "Id": 1204
    },
    {
        "Id": 1301
    },
    {
        "Id": 1302
    },
    {
        "Id": 1303
    },
    {
        "Id": 2100
    },
    {
        "Id": 2101
    },
    {
        "Id": 2102
    },
    {
        "Id": 2300
    },
    {
        "Id": 2200
    },
    {
        "Id": 2103
    },
    {
        "Id": 2104
    },
    {
        "Id": 2105
    },
    {
        "Id": 2106
    },
    {
        "Id": 2107
    },
    {
        "Id": 2108
    },
    {
        "Id": 2109
    },
    {
        "Id": 2201
    },
    {
        "Id": 2202
    },
    {
        "Id": 2203
    },
    {
        "Id": 2204
    },
    {
        "Id": 2301
    },
    {
        "Id": 2302
    },
    {
        "Id": 2303
    },
    {
        "Id": 3100
    },
    {
        "Id": 3101
    },
    {
        "Id": 3102
    },
    {
        "Id": 3103
    },
    {
        "Id": 3104
    },
    {
        "Id": 3105
    },
    {
        "Id": 3106
    },
    {
        "Id": 3107
    },
    {
        "Id": 3108
    },
    {
        "Id": 3109
    },
    {
        "Id": 3110
    },
    {
        "Id": 3111
    },
    {
        "Id": 3112
    },
    {
        "Id": 3113
    },
    {
        "Id": 3200
    },
    {
        "Id": 3201
    },
    {
        "Id": 3202
    },
    {
        "Id": 3203
    },
    {
        "Id": 3204
    },
    {
        "Id": 3300
    },
    {
        "Id": 3301
    },
    {
        "Id": 3302
    },
    {
        "Id": 3303
    },
    {
        "Id": 4100
    },
    {
        "Id": 4101
    },
    {
        "Id": 4102
    },
    {
        "Id": 4103
    },
    {
        "Id": 4104
    },
    {
        "Id": 4105
    },
    {
        "Id": 4106
    },
    {
        "Id": 4107
    },
    {
        "Id": 4108
    },
    {
        "Id": 4109
    },
    {
        "Id": 4110
    },
    {
        "Id": 4200
    },
    {
        "Id": 4201
    },
    {
        "Id": 4202
    },
    {
        "Id": 4203
    },
    {
        "Id": 4204
    },
    {
        "Id": 4205
    },
    {
        "Id": 4300
    },
    {
        "Id": 4301
    },
    {
        "Id": 4302
    },
    {
        "Id": 4303
    },
    {
        "Id": 4304
    },
    {
        "Id": 4305
    },
    {
        "Id": 5101
    },
    {
        "Id": 5102
    },
    {
        "Id": 5103
    },
    {
        "Id": 5104
    },
    {
        "Id": 5105
    },
    {
        "Id": 5106
    },
    {
        "Id": 5107
    },
    {
        "Id": 5108
    },
    {
        "Id": 5109
    },
    {
        "Id": 5110
    },
    {
        "Id": 5111
    },
    {
        "Id": 5112
    },
    {
        "Id": 5113
    },
    {
        "Id": 5201
    },
    {
        "Id": 5202
    },
    {
        "Id": 5203
    },
    {
        "Id": 5204
    },
    {
        "Id": 5205
    },
    {
        "Id": 5301
    },
    {
        "Id": 5302
    },
    {
        "Id": 5303
    },
    {
        "Id": 5304
    },
    {
        "Id": 5305
    },
    {
        "Id": 6100
    },
    {
        "Id": 6101
    },
    {
        "Id": 6102
    },
    {
        "Id": 6103
    },
    {
        "Id": 6104
    },
    {
        "Id": 6105
    },
    {
        "Id": 6106
    },
    {
        "Id": 6107
    },
    {
        "Id": 6108
    },
    {
        "Id": 6109
    },
    {
        "Id": 6110
    },
    {
        "Id": 6111
    },
    {
        "Id": 6112
    },
    {
        "Id": 6200
    },
    {
        "Id": 6201
    },
    {
        "Id": 6202
    },
    {
        "Id": 6203
    },
    {
        "Id": 6300
    },
    {
        "Id": 6301
    },
    {
        "Id": 6302
    },
    {
        "Id": 7100
    },
    {
        "Id": 7101
    },
    {
        "Id": 7102
    },
    {
        "Id": 7103
    },
    {
        "Id": 7104
    },
    {
        "Id": 7105
    },
    {
        "Id": 7106
    },
    {
        "Id": 7107
    },
    {
        "Id": 7200
    },
    {
        "Id": 7201
    },
    {
        "Id": 7202
    },
    {
        "Id": 7203
    },
    {
        "Id": 7300
    },
    {
        "Id": 7301
    },
    {
        "Id": 7302
    },
    {
        "Id": 8100
    },
    {
        "Id": 8101
    },
    {
        "Id": 8102
    },
    {
        "Id": 8103
    },
    {
        "Id": 8104
    },
    {
        "Id": 8105
    },
    {
        "Id": 8106
    },
    {
        "Id": 8107
    },
    {
        "Id": 8108
    },
    {
        "Id": 8200
    },
    {
        "Id": 8201
    },
    {
        "Id": 8202
    },
    {
        "Id": 8203
    },
    {
        "Id": 8204
    },
    {
        "Id": 8205
    },
    {
        "Id": 8206
    },
    {
        "Id": 8300
    },
    {
        "Id": 8301
    },
    {
        "Id": 8302
    },
    {
        "Id": 8303
    },
    {
        "Id": 9100
    },
    {
        "Id": 9101
    },
    {
        "Id": 9102
    },
    {
        "Id": 9103
    },
    {
        "Id": 9104
    },
    {
        "Id": 9105
    },
    {
        "Id": 9106
    },
    {
        "Id": 9107
    },
    {
        "Id": 9108
    },
    {
        "Id": 9200
    },
    {
        "Id": 9201
    },
    {
        "Id": 9202
    },
    {
        "Id": 9203
    },
    {
        "Id": 9204
    },
    {
        "Id": 9205
    },
    {
        "Id": 9206
    },
    {
        "Id": 9207
    },
    {
        "Id": 9300
    },
    {
        "Id": 9301
    },
    {
        "Id": 9302
    },
    {
        "Id": 9303
    },
    {
        "Id": 9304
    },
    {
        "Id": 10100
    },
    {
        "Id": 10101
    },
    {
        "Id": 10102
    },
    {
        "Id": 10103
    },
    {
        "Id": 10104
    },
    {
        "Id": 10105
    },
    {
        "Id": 10106
    },
    {
        "Id": 10107
    },
    {
        "Id": 10108
    },
    {
        "Id": 10109
    },
    {
        "Id": 10110
    },
    {
        "Id": 10111
    },
    {
        "Id": 10112
    },
    {
        "Id": 10113
    },
    {
        "Id": 10200
    },
    {
        "Id": 10201
    },
    {
        "Id": 10202
    },
    {
        "Id": 10203
    },
    {
        "Id": 10204
    },
    {
        "Id": 10205
    },
    {
        "Id": 10206
    },
    {
        "Id": 10207
    },
    {
        "Id": 10208
    },
    {
        "Id": 10209
    },
    {
        "Id": 10210
    },
    {
        "Id": 10211
    },
    {
        "Id": 10212
    },
    {
        "Id": 10213
    },
    {
        "Id": 10214
    },
    {
        "Id": 10215
    },
    {
        "Id": 10300
    },
    {
        "Id": 10301
    },
    {
        "Id": 10302
    },
    {
        "Id": 10303
    },
    {
        "Id": 10304
    },
    {
        "Id": 10305
    },
    {
        "Id": 10306
    },
    {
        "Id": 11100
    },
    {
        "Id": 11101
    },
    {
        "Id": 11102
    },
    {
        "Id": 11103
    },
    {
        "Id": 11104
    },
    {
        "Id": 11105
    },
    {
        "Id": 11106
    },
    {
        "Id": 11107
    },
    {
        "Id": 11108
    },
    {
        "Id": 11109
    },
    {
        "Id": 11200
    },
    {
        "Id": 11201
    },
    {
        "Id": 11202
    },
    {
        "Id": 11203
    },
    {
        "Id": 11204
    },
    {
        "Id": 11205
    },
    {
        "Id": 11206
    },
    {
        "Id": 11207
    },
    {
        "Id": 11208
    },
    {
        "Id": 11209
    },
    {
        "Id": 11210
    },
    {
        "Id": 11211
    },
    {
        "Id": 11212
    },
    {
        "Id": 11213
    },
    {
        "Id": 11214
    },
    {
        "Id": 11215
    },
    {
        "Id": 11216
    },
    {
        "Id": 11217
    },
    {
        "Id": 11218
    },
    {
        "Id": 11219
    },
    {
        "Id": 11300
    },
    {
        "Id": 11301
    },
    {
        "Id": 11302
    },
    {
        "Id": 11303
    },
    {
        "Id": 11304
    },
    {
        "Id": 11305
    },
    {
        "Id": 11306
    },
    {
        "Id": 12100
    },
    {
        "Id": 12101
    },
    {
        "Id": 12102
    },
    {
        "Id": 12103
    },
    {
        "Id": 12104
    },
    {
        "Id": 12105
    },
    {
        "Id": 12106
    },
    {
        "Id": 12107
    },
    {
        "Id": 12108
    },
    {
        "Id": 12109
    },
    {
        "Id": 12110
    },
    {
        "Id": 12111
    },
    {
        "Id": 12112
    },
    {
        "Id": 12113
    },
    {
        "Id": 12114
    },
    {
        "Id": 12115
    },
    {
        "Id": 12116
    },
    {
        "Id": 12117
    },
    {
        "Id": 12118
    },
    {
        "Id": 12119
    },
    {
        "Id": 12120
    },
    {
        "Id": 12200
    },
    {
        "Id": 12201
    },
    {
        "Id": 12202
    },
    {
        "Id": 12203
    },
    {
        "Id": 12204
    },
    {
        "Id": 12205
    },
    {
        "Id": 12206
    },
    {
        "Id": 12207
    },
    {
        "Id": 12208
    },
    {
        "Id": 12209
    },
    {
        "Id": 12210
    },
    {
        "Id": 12211
    },
    {
        "Id": 12300
    },
    {
        "Id": 12301
    },
    {
        "Id": 12302
    },
    {
        "Id": 12303
    },
    {
        "Id": 12304
    },
    {
        "Id": 12305
    },
    {
        "Id": 13100
    },
    {
        "Id": 13101
    },
    {
        "Id": 13102
    },
    {
        "Id": 13103
    },
    {
        "Id": 13104
    },
    {
        "Id": 13105
    },
    {
        "Id": 13106
    },
    {
        "Id": 13107
    },
    {
        "Id": 13108
    },
    {
        "Id": 13109
    },
    {
        "Id": 13110
    },
    {
        "Id": 13111
    },
    {
        "Id": 13112
    },
    {
        "Id": 13113
    },
    {
        "Id": 13114
    },
    {
        "Id": 13115
    },
    {
        "Id": 13116
    },
    {
        "Id": 13200
    },
    {
        "Id": 13201
    },
    {
        "Id": 13202
    },
    {
        "Id": 13203
    },
    {
        "Id": 13204
    },
    {
        "Id": 13205
    },
    {
        "Id": 13206
    },
    {
        "Id": 13207
    },
    {
        "Id": 13208
    },
    {
        "Id": 13209
    },
    {
        "Id": 13210
    },
    {
        "Id": 13211
    },
    {
        "Id": 13212
    },
    {
        "Id": 13213
    },
    {
        "Id": 13214
    },
    {
        "Id": 13215
    },
    {
        "Id": 13300
    },
    {
        "Id": 13301
    },
    {
        "Id": 13302
    },
    {
        "Id": 13303
    },
    {
        "Id": 13304
    },
    {
        "Id": 13305
    },
    {
        "Id": 14100
    },
    {
        "Id": 14101
    },
    {
        "Id": 14102
    },
    {
        "Id": 14103
    },
    {
        "Id": 14104
    },
    {
        "Id": 14105
    },
    {
        "Id": 14106
    },
    {
        "Id": 14107
    },
    {
        "Id": 14108
    },
    {
        "Id": 14109
    },
    {
        "Id": 14110
    },
    {
        "Id": 14111
    },
    {
        "Id": 14112
    },
    {
        "Id": 14113
    },
    {
        "Id": 14114
    },
    {
        "Id": 14115
    },
    {
        "Id": 14116
    },
    {
        "Id": 14117
    },
    {
        "Id": 14118
    },
    {
        "Id": 14119
    },
    {
        "Id": 14120
    },
    {
        "Id": 14121
    },
    {
        "Id": 14200
    },
    {
        "Id": 14201
    },
    {
        "Id": 14202
    },
    {
        "Id": 14203
    },
    {
        "Id": 14204
    },
    {
        "Id": 14205
    },
    {
        "Id": 14206
    },
    {
        "Id": 14207
    },
    {
        "Id": 14208
    },
    {
        "Id": 14209
    },
    {
        "Id": 14210
    },
    {
        "Id": 14211
    },
    {
        "Id": 14212
    },
    {
        "Id": 14213
    },
    {
        "Id": 14214
    },
    {
        "Id": 14215
    },
    {
        "Id": 14216
    },
    {
        "Id": 14300
    },
    {
        "Id": 14301
    },
    {
        "Id": 14302
    },
    {
        "Id": 14303
    },
    {
        "Id": 14304
    },
    {
        "Id": 14305
    },
    {
        "Id": 14306
    },
    {
        "Id": 15100
    },
    {
        "Id": 15101
    },
    {
        "Id": 15102
    },
    {
        "Id": 15103
    },
    {
        "Id": 15104
    },
    {
        "Id": 15105
    },
    {
        "Id": 15106
    },
    {
        "Id": 15107
    },
    {
        "Id": 15108
    },
    {
        "Id": 15109
    },
    {
        "Id": 15110
    },
    {
        "Id": 15111
    },
    {
        "Id": 15200
    },
    {
        "Id": 15201
    },
    {
        "Id": 15202
    },
    {
        "Id": 15203
    },
    {
        "Id": 15204
    },
    {
        "Id": 15205
    },
    {
        "Id": 15206
    },
    {
        "Id": 15207
    },
    {
        "Id": 15208
    },
    {
        "Id": 15209
    },
    {
        "Id": 15210
    },
    {
        "Id": 15211
    },
    {
        "Id": 15212
    },
    {
        "Id": 15213
    },
    {
        "Id": 15214
    },
    {
        "Id": 15300
    },
    {
        "Id": 15301
    },
    {
        "Id": 15302
    },
    {
        "Id": 15303
    },
    {
        "Id": 15304
    },
    {
        "Id": 15305
    },
    {
        "Id": 15306
    },
    {
        "Id": 16100
    },
    {
        "Id": 16101
    },
    {
        "Id": 16102
    },
    {
        "Id": 16103
    },
    {
        "Id": 16104
    },
    {
        "Id": 16105
    },
    {
        "Id": 16106
    },
    {
        "Id": 16107
    },
    {
        "Id": 16108
    },
    {
        "Id": 16109
    },
    {
        "Id": 16200
    },
    {
        "Id": 16201
    },
    {
        "Id": 16202
    },
    {
        "Id": 16203
    },
    {
        "Id": 16204
    },
    {
        "Id": 16205
    },
    {
        "Id": 16206
    },
    {
        "Id": 16207
    },
    {
        "Id": 16208
    },
    {
        "Id": 16209
    },
    {
        "Id": 16210
    },
    {
        "Id": 16211
    },
    {
        "Id": 16212
    },
    {
        "Id": 16213
    },
    {
        "Id": 16214
    },
    {
        "Id": 16215
    },
    {
        "Id": 16300
    },
    {
        "Id": 16301
    },
    {
        "Id": 16302
    },
    {
        "Id": 16303
    },
    {
        "Id": 16304
    },
    {
        "Id": 16305
    },
    {
        "Id": 17100
    },
    {
        "Id": 17101
    },
    {
        "Id": 17102
    },
    {
        "Id": 17103
    },
    {
        "Id": 17104
    },
    {
        "Id": 17105
    },
    {
        "Id": 17106
    },
    {
        "Id": 17107
    },
    {
        "Id": 17108
    },
    {
        "Id": 17109
    },
    {
        "Id": 17200
    },
    {
        "Id": 17201
    },
    {
        "Id": 17202
    },
    {
        "Id": 17203
    },
    {
        "Id": 17204
    },
    {
        "Id": 17205
    },
    {
        "Id": 17206
    },
    {
        "Id": 17207
    },
    {
        "Id": 17208
    },
    {
        "Id": 17209
    },
    {
        "Id": 17210
    },
    {
        "Id": 17211
    },
    {
        "Id": 17300
    },
    {
        "Id": 17301
    },
    {
        "Id": 17302
    },
    {
        "Id": 17303
    },
    {
        "Id": 17304
    },
    {
        "Id": 18100
    },
    {
        "Id": 18101
    },
    {
        "Id": 18102
    },
    {
        "Id": 18103
    },
    {
        "Id": 18104
    },
    {
        "Id": 18105
    },
    {
        "Id": 18106
    },
    {
        "Id": 18107
    },
    {
        "Id": 18108
    },
    {
        "Id": 18109
    },
    {
        "Id": 18110
    },
    {
        "Id": 18111
    },
    {
        "Id": 18112
    },
    {
        "Id": 18113
    },
    {
        "Id": 18114
    },
    {
        "Id": 18115
    },
    {
        "Id": 18116
    },
    {
        "Id": 18117
    },
    {
        "Id": 18118
    },
    {
        "Id": 18200
    },
    {
        "Id": 18201
    },
    {
        "Id": 18202
    },
    {
        "Id": 18203
    },
    {
        "Id": 18204
    },
    {
        "Id": 18205
    },
    {
        "Id": 18206
    },
    {
        "Id": 18207
    },
    {
        "Id": 18208
    },
    {
        "Id": 18209
    },
    {
        "Id": 18210
    },
    {
        "Id": 18211
    },
    {
        "Id": 18212
    },
    {
        "Id": 18213
    },
    {
        "Id": 18214
    },
    {
        "Id": 18215
    },
    {
        "Id": 18216
    },
    {
        "Id": 18300
    },
    {
        "Id": 18301
    },
    {
        "Id": 18302
    },
    {
        "Id": 18303
    },
    {
        "Id": 18304
    },
    {
        "Id": 19100
    },
    {
        "Id": 19101
    },
    {
        "Id": 19102
    },
    {
        "Id": 19103
    },
    {
        "Id": 19104
    },
    {
        "Id": 19105
    },
    {
        "Id": 19106
    },
    {
        "Id": 19107
    },
    {
        "Id": 19108
    },
    {
        "Id": 19109
    },
    {
        "Id": 19110
    },
    {
        "Id": 19111
    },
    {
        "Id": 19112
    },
    {
        "Id": 19113
    },
    {
        "Id": 19114
    },
    {
        "Id": 19115
    },
    {
        "Id": 19116
    },
    {
        "Id": 19117
    },
    {
        "Id": 19118
    },
    {
        "Id": 19119
    },
    {
        "Id": 19120
    },
    {
        "Id": 19121
    },
    {
        "Id": 19122
    },
    {
        "Id": 19123
    },
    {
        "Id": 19124
    },
    {
        "Id": 19125
    },
    {
        "Id": 19126
    },
    {
        "Id": 19127
    },
    {
        "Id": 19128
    },
    {
        "Id": 19129
    },
    {
        "Id": 19130
    },
    {
        "Id": 19131
    },
    {
        "Id": 19132
    },
    {
        "Id": 19200
    },
    {
        "Id": 19201
    },
    {
        "Id": 19202
    },
    {
        "Id": 19203
    },
    {
        "Id": 19204
    },
    {
        "Id": 19205
    },
    {
        "Id": 19206
    },
    {
        "Id": 19207
    },
    {
        "Id": 19208
    },
    {
        "Id": 19209
    },
    {
        "Id": 19210
    },
    {
        "Id": 19211
    },
    {
        "Id": 19212
    },
    {
        "Id": 19213
    },
    {
        "Id": 19214
    },
    {
        "Id": 19215
    },
    {
        "Id": 19300
    },
    {
        "Id": 19301
    },
    {
        "Id": 19302
    },
    {
        "Id": 19303
    },
    {
        "Id": 19304
    },
    {
        "Id": 19305
    },
    {
        "Id": 19306
    },
    {
        "Id": 19307
    },
    {
        "Id": 20100
    },
    {
        "Id": 20101
    },
    {
        "Id": 20102
    },
    {
        "Id": 20103
    },
    {
        "Id": 20104
    },
    {
        "Id": 20105
    },
    {
        "Id": 20106
    },
    {
        "Id": 20107
    },
    {
        "Id": 20108
    },
    {
        "Id": 20109
    },
    {
        "Id": 20110
    },
    {
        "Id": 20111
    },
    {
        "Id": 20112
    },
    {
        "Id": 20113
    },
    {
        "Id": 20114
    },
    {
        "Id": 20115
    },
    {
        "Id": 20116
    },
    {
        "Id": 20201
    },
    {
        "Id": 20202
    },
    {
        "Id": 20203
    },
    {
        "Id": 20204
    },
    {
        "Id": 20205
    },
    {
        "Id": 20206
    },
    {
        "Id": 20207
    },
    {
        "Id": 20208
    },
    {
        "Id": 20209
    },
    {
        "Id": 20210
    },
    {
        "Id": 20211
    },
    {
        "Id": 20212
    },
    {
        "Id": 20213
    },
    {
        "Id": 20214
    },
    {
        "Id": 20301
    },
    {
        "Id": 20302
    },
    {
        "Id": 20303
    },
    {
        "Id": 20304
    },
    {
        "Id": 20305
    },
    {
        "Id": 20306
    },
    {
        "Id": 20307
    },
    {
        "Id": 20308
    },
    {
        "Id": 100000
    },
    {
        "Id": 100001
    },
    {
        "Id": 100002
    },
    {
        "Id": 100003
    },
    {
        "Id": 100010
    },
    {
        "Id": 100011
    },
    {
        "Id": 100012
    },
    {
        "Id": 100013
    },
    {
        "Id": 100020
    },
    {
        "Id": 100021
    },
    {
        "Id": 100022
    },
    {
        "Id": 100023
    },
    {
        "Id": 100100
    },
    {
        "Id": 100101
    },
    {
        "Id": 100102
    },
    {
        "Id": 100103
    },
    {
        "Id": 100110
    },
    {
        "Id": 100111
    },
    {
        "Id": 100112
    },
    {
        "Id": 100113
    },
    {
        "Id": 100120
    },
    {
        "Id": 100121
    },
    {
        "Id": 100122
    },
    {
        "Id": 100123
    },
    {
        "Id": 100200
    },
    {
        "Id": 100201
    },
    {
        "Id": 100202
    },
    {
        "Id": 100203
    },
    {
        "Id": 100210
    },
    {
        "Id": 100211
    },
    {
        "Id": 100212
    },
    {
        "Id": 100213
    },
    {
        "Id": 100220
    },
    {
        "Id": 100221
    },
    {
        "Id": 100222
    },
    {
        "Id": 100223
    },
    {
        "Id": 100310
    },
    {
        "Id": 100311
    },
    {
        "Id": 100312
    },
    {
        "Id": 100313
    },
    {
        "Id": 100320
    },
    {
        "Id": 100321
    },
    {
        "Id": 100322
    },
    {
        "Id": 100323
    },
    {
        "Id": 100400
    },
    {
        "Id": 100401
    },
    {
        "Id": 100402
    },
    {
        "Id": 100403
    },
    {
        "Id": 100420
    },
    {
        "Id": 100421
    },
    {
        "Id": 100422
    },
    {
        "Id": 100423
    },
    {
        "Id": 100510
    },
    {
        "Id": 100511
    },
    {
        "Id": 100512
    },
    {
        "Id": 100513
    },
    {
        "Id": 100500
    },
    {
        "Id": 100501
    },
    {
        "Id": 100502
    },
    {
        "Id": 100503
    },
    {
        "Id": 100620
    },
    {
        "Id": 100621
    },
    {
        "Id": 100622
    },
    {
        "Id": 100623
    },
    {
        "Id": 100710
    },
    {
        "Id": 100711
    },
    {
        "Id": 100712
    },
    {
        "Id": 100713
    },
    {
        "Id": 100610
    },
    {
        "Id": 100611
    },
    {
        "Id": 100612
    },
    {
        "Id": 100613
    },
    {
        "Id": 100810
    },
    {
        "Id": 100811
    },
    {
        "Id": 100812
    },
    {
        "Id": 100813
    },
    {
        "Id": 100700
    },
    {
        "Id": 100701
    },
    {
        "Id": 100702
    },
    {
        "Id": 100703
    },
    {
        "Id": 100900
    },
    {
        "Id": 100901
    },
    {
        "Id": 100902
    },
    {
        "Id": 100903
    },
    {
        "Id": 101020
    },
    {
        "Id": 101021
    },
    {
        "Id": 101022
    },
    {
        "Id": 101023
    },
    {
        "Id": 101100
    },
    {
        "Id": 101101
    },
    {
        "Id": 101102
    },
    {
        "Id": 101103
    },
    {
        "Id": 200301
    },
    {
        "Id": 201301
    },
    {
        "Id": 202301
    },
    {
        "Id": 202302
    },
    {
        "Id": 203301
    },
    {
        "Id": 203302
    },
    {
        "Id": 203303
    },
    {
        "Id": 204301
    },
    {
        "Id": 205301
    },
    {
        "Id": 206301
    },
    {
        "Id": 207301
    },
    {
        "Id": 207302
    },
    {
        "Id": 207303
    },
    {
        "Id": 207304
    },
    {
        "Id": 207305
    },
    {
        "Id": 207306
    },
    {
        "Id": 207307
    },
    {
        "Id": 207308
    },
    {
        "Id": 207309
    },
    {
        "Id": 207310
    },
    {
        "Id": 207311
    },
    {
        "Id": 207312
    },
    {
        "Id": 207313
    },
    {
        "Id": 207314
    },
    {
        "Id": 208301
    },
    {
        "Id": 209301
    },
    {
        "Id": 209302
    },
    {
        "Id": 210301
    },
    {
        "Id": 210302
    },
    {
        "Id": 210303
    },
    {
        "Id": 210304
    },
    {
        "Id": 210305
    },
    {
        "Id": 210306
    },
    {
        "Id": 210307
    },
    {
        "Id": 210308
    },
    {
        "Id": 210309
    },
    {
        "Id": 210310
    },
    {
        "Id": 210311
    },
    {
        "Id": 210312
    },
    {
        "Id": 210313
    },
    {
        "Id": 210314
    },
    {
        "Id": 210315
    },
    {
        "Id": 210316
    },
    {
        "Id": 210317
    },
    {
        "Id": 210318
    },
    {
        "Id": 210319
    },
    {
        "Id": 210320
    },
    {
        "Id": 210321
    },
    {
        "Id": 210322
    },
    {
        "Id": 210323
    },
    {
        "Id": 210324
    },
    {
        "Id": 210325
    },
    {
        "Id": 210326
    },
    {
        "Id": 210327
    },
    {
        "Id": 210328
    },
    {
        "Id": 210329
    },
    {
        "Id": 210330
    },
    {
        "Id": 210331
    },
    {
        "Id": 210332
    },
    {
        "Id": 210333
    },
    {
        "Id": 210334
    },
    {
        "Id": 210335
    },
    {
        "Id": 210336
    },
    {
        "Id": 210337
    },
    {
        "Id": 210338
    },
    {
        "Id": 210339
    },
    {
        "Id": 210340
    },
    {
        "Id": 210341
    },
    {
        "Id": 210342
    },
    {
        "Id": 210343
    },
    {
        "Id": 210344
    },
    {
        "Id": 210345
    },
    {
        "Id": 210346
    },
    {
        "Id": 210347
    },
    {
        "Id": 210348
    },
    {
        "Id": 210349
    },
    {
        "Id": 210350
    },
    {
        "Id": 210351
    },
    {
        "Id": 210352
    },
    {
        "Id": 210353
    },
    {
        "Id": 210354
    },
    {
        "Id": 210355
    },
    {
        "Id": 210356
    },
    {
        "Id": 210357
    },
    {
        "Id": 210358
    },
    {
        "Id": 210359
    },
    {
        "Id": 210360
    },
    {
        "Id": 210361
    },
    {
        "Id": 210362
    },
    {
        "Id": 210363
    },
    {
        "Id": 210364
    },
    {
        "Id": 210365
    },
    {
        "Id": 210366
    },
    {
        "Id": 210367
    },
    {
        "Id": 210368
    },
    {
        "Id": 210369
    },
    {
        "Id": 210370
    },
    {
        "Id": 210371
    },
    {
        "Id": 210372
    },
    {
        "Id": 301001
    },
    {
        "Id": 301101
    },
    {
        "Id": 301201
    },
    {
        "Id": 301301
    },
    {
        "Id": 301002
    },
    {
        "Id": 301102
    },
    {
        "Id": 301202
    },
    {
        "Id": 301302
    },
    {
        "Id": 302301
    },
    {
        "Id": 302302
    },
    {
        "Id": 302303
    },
    {
        "Id": 302304
    },
    {
        "Id": 302305
    },
    {
        "Id": 302306
    },
    {
        "Id": 302307
    }
]