[
    {
        "ID": 1,
        "GachaGroupID": 1
    },
    {
        "ID": 2,
        "GachaGroupID": 1
    },
    {
        "ID": 3,
        "GachaGroupID": 1
    },
    {
        "ID": 4,
        "GachaGroupID": 1
    },
    {
        "ID": 5,
        "GachaGroupID": 1
    },
    {
        "ID": 6,
        "GachaGroupID": 1
    },
    {
        "ID": 7,
        "GachaGroupID": 1
    },
    {
        "ID": 8,
        "GachaGroupID": 1
    },
    {
        "ID": 9,
        "GachaGroupID": 1
    },
    {
        "ID": 10,
        "GachaGroupID": 1
    },
    {
        "ID": 11,
        "GachaGroupID": 1
    },
    {
        "ID": 12,
        "GachaGroupID": 1
    },
    {
        "ID": 13,
        "GachaGroupID": 1
    },
    {
        "ID": 14,
        "GachaGroupID": 1
    },
    {
        "ID": 15,
        "GachaGroupID": 1
    },
    {
        "ID": 16,
        "GachaGroupID": 1
    },
    {
        "ID": 17,
        "GachaGroupID": 1
    },
    {
        "ID": 18,
        "GachaGroupID": 1
    },
    {
        "ID": 19,
        "GachaGroupID": 1
    },
    {
        "ID": 20,
        "GachaGroupID": 1
    },
    {
        "ID": 1071,
        "GachaGroupID": 1
    },
    {
        "ID": 1072,
        "GachaGroupID": 1
    },
    {
        "ID": 1073,
        "GachaGroupID": 1
    },
    {
        "ID": 1074,
        "GachaGroupID": 1
    },
    {
        "ID": 21,
        "GachaGroupID": 1
    },
    {
        "ID": 48,
        "GachaGroupID": 1
    },
    {
        "ID": 22,
        "GachaGroupID": 1
    },
    {
        "ID": 23,
        "GachaGroupID": 1
    },
    {
        "ID": 24,
        "GachaGroupID": 1
    },
    {
        "ID": 25,
        "GachaGroupID": 1
    },
    {
        "ID": 26,
        "GachaGroupID": 1
    },
    {
        "ID": 1275,
        "GachaGroupID": 1
    },
    {
        "ID": 1231,
        "GachaGroupID": 1
    },
    {
        "ID": 1584,
        "GachaGroupID": 1
    },
    {
        "ID": 27,
        "GachaGroupID": 1
    },
    {
        "ID": 28,
        "GachaGroupID": 1
    },
    {
        "ID": 29,
        "GachaGroupID": 1
    },
    {
        "ID": 30,
        "GachaGroupID": 1
    },
    {
        "ID": 31,
        "GachaGroupID": 1
    },
    {
        "ID": 32,
        "GachaGroupID": 1
    },
    {
        "ID": 33,
        "GachaGroupID": 1
    },
    {
        "ID": 34,
        "GachaGroupID": 1
    },
    {
        "ID": 1053,
        "GachaGroupID": 1
    },
    {
        "ID": 1054,
        "GachaGroupID": 1
    },
    {
        "ID": 1055,
        "GachaGroupID": 1
    },
    {
        "ID": 1056,
        "GachaGroupID": 1
    },
    {
        "ID": 1057,
        "GachaGroupID": 1
    },
    {
        "ID": 1274,
        "GachaGroupID": 1
    },
    {
        "ID": 35,
        "GachaGroupID": 1
    },
    {
        "ID": 36,
        "GachaGroupID": 1
    },
    {
        "ID": 37,
        "GachaGroupID": 1
    },
    {
        "ID": 38,
        "GachaGroupID": 1
    },
    {
        "ID": 39,
        "GachaGroupID": 1
    },
    {
        "ID": 40,
        "GachaGroupID": 1
    },
    {
        "ID": 41,
        "GachaGroupID": 1
    },
    {
        "ID": 42,
        "GachaGroupID": 1
    },
    {
        "ID": 43,
        "GachaGroupID": 1
    },
    {
        "ID": 44,
        "GachaGroupID": 1
    },
    {
        "ID": 1225,
        "GachaGroupID": 1
    },
    {
        "ID": 45,
        "GachaGroupID": 1
    },
    {
        "ID": 46,
        "GachaGroupID": 1
    },
    {
        "ID": 47,
        "GachaGroupID": 1
    },
    {
        "ID": 49,
        "GachaGroupID": 1
    },
    {
        "ID": 1075,
        "GachaGroupID": 1
    },
    {
        "ID": 1076,
        "GachaGroupID": 1
    },
    {
        "ID": 1077,
        "GachaGroupID": 1
    },
    {
        "ID": 1224,
        "GachaGroupID": 1
    },
    {
        "ID": 1276,
        "GachaGroupID": 1
    },
    {
        "ID": 1339,
        "GachaGroupID": 1
    },
    {
        "ID": 1361,
        "GachaGroupID": 1
    },
    {
        "ID": 1392,
        "GachaGroupID": 1
    },
    {
        "ID": 1418,
        "GachaGroupID": 1
    },
    {
        "ID": 1433,
        "GachaGroupID": 1
    },
    {
        "ID": 1464,
        "GachaGroupID": 1
    },
    {
        "ID": 1493,
        "GachaGroupID": 1
    },
    {
        "ID": 1524,
        "GachaGroupID": 1
    },
    {
        "ID": 1549,
        "GachaGroupID": 1
    },
    {
        "ID": 1566,
        "GachaGroupID": 1
    },
    {
        "ID": 1583,
        "GachaGroupID": 1
    },
    {
        "ID": 1237,
        "GachaGroupID": 1
    },
    {
        "ID": 1238,
        "GachaGroupID": 1
    },
    {
        "ID": 1239,
        "GachaGroupID": 1
    },
    {
        "ID": 1240,
        "GachaGroupID": 1
    },
    {
        "ID": 1241,
        "GachaGroupID": 1
    },
    {
        "ID": 1242,
        "GachaGroupID": 1
    },
    {
        "ID": 1243,
        "GachaGroupID": 1
    },
    {
        "ID": 1244,
        "GachaGroupID": 1
    },
    {
        "ID": 1245,
        "GachaGroupID": 1
    },
    {
        "ID": 1246,
        "GachaGroupID": 1
    },
    {
        "ID": 1247,
        "GachaGroupID": 1
    },
    {
        "ID": 1248,
        "GachaGroupID": 1
    },
    {
        "ID": 1249,
        "GachaGroupID": 1
    },
    {
        "ID": 1250,
        "GachaGroupID": 1
    },
    {
        "ID": 1251,
        "GachaGroupID": 1
    },
    {
        "ID": 1252,
        "GachaGroupID": 1
    },
    {
        "ID": 1253,
        "GachaGroupID": 1
    },
    {
        "ID": 1254,
        "GachaGroupID": 1
    },
    {
        "ID": 1255,
        "GachaGroupID": 1
    },
    {
        "ID": 1256,
        "GachaGroupID": 1
    },
    {
        "ID": 1257,
        "GachaGroupID": 1
    },
    {
        "ID": 1258,
        "GachaGroupID": 1
    },
    {
        "ID": 1259,
        "GachaGroupID": 1
    },
    {
        "ID": 1260,
        "GachaGroupID": 1
    },
    {
        "ID": 1261,
        "GachaGroupID": 1
    },
    {
        "ID": 1262,
        "GachaGroupID": 1
    },
    {
        "ID": 1263,
        "GachaGroupID": 1
    },
    {
        "ID": 1264,
        "GachaGroupID": 1
    },
    {
        "ID": 1585,
        "GachaGroupID": 1
    },
    {
        "ID": 1265,
        "GachaGroupID": 1
    },
    {
        "ID": 1266,
        "GachaGroupID": 1
    },
    {
        "ID": 1267,
        "GachaGroupID": 1
    },
    {
        "ID": 1268,
        "GachaGroupID": 1
    },
    {
        "ID": 1269,
        "GachaGroupID": 1
    },
    {
        "ID": 1270,
        "GachaGroupID": 1
    },
    {
        "ID": 1271,
        "GachaGroupID": 1
    },
    {
        "ID": 1272,
        "GachaGroupID": 1
    },
    {
        "ID": 1273,
        "GachaGroupID": 1
    },
    {
        "ID": 1000,
        "GachaGroupID": 10
    },
    {
        "ID": 1001,
        "GachaGroupID": 10
    },
    {
        "ID": 1002,
        "GachaGroupID": 10
    },
    {
        "ID": 2000,
        "GachaGroupID": 30
    },
    {
        "ID": 2001,
        "GachaGroupID": 30
    },
    {
        "ID": 2002,
        "GachaGroupID": 30
    },
    {
        "ID": 1003,
        "GachaGroupID": 50
    },
    {
        "ID": 1004,
        "GachaGroupID": 50
    },
    {
        "ID": 1005,
        "GachaGroupID": 50
    },
    {
        "ID": 1006,
        "GachaGroupID": 59
    },
    {
        "ID": 1007,
        "GachaGroupID": 59
    },
    {
        "ID": 1018,
        "GachaGroupID": 100010
    },
    {
        "ID": 1019,
        "GachaGroupID": 100010
    },
    {
        "ID": 1020,
        "GachaGroupID": 100010
    },
    {
        "ID": 1021,
        "GachaGroupID": 100010
    },
    {
        "ID": 1022,
        "GachaGroupID": 100010
    },
    {
        "ID": 1023,
        "GachaGroupID": 100019
    },
    {
        "ID": 1024,
        "GachaGroupID": 100019
    },
    {
        "ID": 1025,
        "GachaGroupID": 100019
    },
    {
        "ID": 1026,
        "GachaGroupID": 100019
    },
    {
        "ID": 1027,
        "GachaGroupID": 100030
    },
    {
        "ID": 1028,
        "GachaGroupID": 100030
    },
    {
        "ID": 1029,
        "GachaGroupID": 100030
    },
    {
        "ID": 1030,
        "GachaGroupID": 100030
    },
    {
        "ID": 1031,
        "GachaGroupID": 100030
    },
    {
        "ID": 1032,
        "GachaGroupID": 100039
    },
    {
        "ID": 1033,
        "GachaGroupID": 100039
    },
    {
        "ID": 1034,
        "GachaGroupID": 100039
    },
    {
        "ID": 1035,
        "GachaGroupID": 100039
    },
    {
        "ID": 1216,
        "GachaGroupID": 180000
    },
    {
        "ID": 1217,
        "GachaGroupID": 180000
    },
    {
        "ID": 1218,
        "GachaGroupID": 180000
    },
    {
        "ID": 2014,
        "GachaGroupID": 180100
    },
    {
        "ID": 2015,
        "GachaGroupID": 180100
    },
    {
        "ID": 2016,
        "GachaGroupID": 180100
    },
    {
        "ID": 1049,
        "GachaGroupID": 310000
    },
    {
        "ID": 1050,
        "GachaGroupID": 310000
    },
    {
        "ID": 1051,
        "GachaGroupID": 310000
    },
    {
        "ID": 1052,
        "GachaGroupID": 310000
    },
    {
        "ID": 1061,
        "GachaGroupID": 310010
    },
    {
        "ID": 1062,
        "GachaGroupID": 310010
    },
    {
        "ID": 1063,
        "GachaGroupID": 310010
    },
    {
        "ID": 1064,
        "GachaGroupID": 310010
    },
    {
        "ID": 1065,
        "GachaGroupID": 310010
    },
    {
        "ID": 1066,
        "GachaGroupID": 310020
    },
    {
        "ID": 1067,
        "GachaGroupID": 310020
    },
    {
        "ID": 1068,
        "GachaGroupID": 310020
    },
    {
        "ID": 1069,
        "GachaGroupID": 310020
    },
    {
        "ID": 1070,
        "GachaGroupID": 310020
    },
    {
        "ID": 1079,
        "GachaGroupID": 310030
    },
    {
        "ID": 1080,
        "GachaGroupID": 310030
    },
    {
        "ID": 1081,
        "GachaGroupID": 310030
    },
    {
        "ID": 1082,
        "GachaGroupID": 310030
    },
    {
        "ID": 1227,
        "GachaGroupID": 310040
    },
    {
        "ID": 1228,
        "GachaGroupID": 310040
    },
    {
        "ID": 1229,
        "GachaGroupID": 310040
    },
    {
        "ID": 1230,
        "GachaGroupID": 310040
    },
    {
        "ID": 1233,
        "GachaGroupID": 310050
    },
    {
        "ID": 1234,
        "GachaGroupID": 310050
    },
    {
        "ID": 1235,
        "GachaGroupID": 310050
    },
    {
        "ID": 1236,
        "GachaGroupID": 310050
    },
    {
        "ID": 1289,
        "GachaGroupID": 310080
    },
    {
        "ID": 1290,
        "GachaGroupID": 310080
    },
    {
        "ID": 1291,
        "GachaGroupID": 310080
    },
    {
        "ID": 1292,
        "GachaGroupID": 310080
    },
    {
        "ID": 1293,
        "GachaGroupID": 310080
    },
    {
        "ID": 1347,
        "GachaGroupID": 310090
    },
    {
        "ID": 1348,
        "GachaGroupID": 310090
    },
    {
        "ID": 1349,
        "GachaGroupID": 310090
    },
    {
        "ID": 1350,
        "GachaGroupID": 310090
    },
    {
        "ID": 1351,
        "GachaGroupID": 310090
    },
    {
        "ID": 1363,
        "GachaGroupID": 310100
    },
    {
        "ID": 1364,
        "GachaGroupID": 310100
    },
    {
        "ID": 1365,
        "GachaGroupID": 310100
    },
    {
        "ID": 1366,
        "GachaGroupID": 310100
    },
    {
        "ID": 1367,
        "GachaGroupID": 310100
    },
    {
        "ID": 1369,
        "GachaGroupID": 310110
    },
    {
        "ID": 1370,
        "GachaGroupID": 310110
    },
    {
        "ID": 1371,
        "GachaGroupID": 310110
    },
    {
        "ID": 1372,
        "GachaGroupID": 310110
    },
    {
        "ID": 1373,
        "GachaGroupID": 310110
    },
    {
        "ID": 1387,
        "GachaGroupID": 310120
    },
    {
        "ID": 1388,
        "GachaGroupID": 310120
    },
    {
        "ID": 1389,
        "GachaGroupID": 310120
    },
    {
        "ID": 1390,
        "GachaGroupID": 310120
    },
    {
        "ID": 1391,
        "GachaGroupID": 310120
    },
    {
        "ID": 1406,
        "GachaGroupID": 310130
    },
    {
        "ID": 1407,
        "GachaGroupID": 310130
    },
    {
        "ID": 1408,
        "GachaGroupID": 310130
    },
    {
        "ID": 1409,
        "GachaGroupID": 310130
    },
    {
        "ID": 1410,
        "GachaGroupID": 310130
    },
    {
        "ID": 1420,
        "GachaGroupID": 310140
    },
    {
        "ID": 1421,
        "GachaGroupID": 310140
    },
    {
        "ID": 1422,
        "GachaGroupID": 310140
    },
    {
        "ID": 1423,
        "GachaGroupID": 310140
    },
    {
        "ID": 1424,
        "GachaGroupID": 310140
    },
    {
        "ID": 1425,
        "GachaGroupID": 310140
    },
    {
        "ID": 1435,
        "GachaGroupID": 310150
    },
    {
        "ID": 1436,
        "GachaGroupID": 310150
    },
    {
        "ID": 1437,
        "GachaGroupID": 310150
    },
    {
        "ID": 1438,
        "GachaGroupID": 310150
    },
    {
        "ID": 1439,
        "GachaGroupID": 310150
    },
    {
        "ID": 1440,
        "GachaGroupID": 310150
    },
    {
        "ID": 1466,
        "GachaGroupID": 310160
    },
    {
        "ID": 1467,
        "GachaGroupID": 310160
    },
    {
        "ID": 1468,
        "GachaGroupID": 310160
    },
    {
        "ID": 1469,
        "GachaGroupID": 310160
    },
    {
        "ID": 1470,
        "GachaGroupID": 310160
    },
    {
        "ID": 1471,
        "GachaGroupID": 310160
    },
    {
        "ID": 1473,
        "GachaGroupID": 310170
    },
    {
        "ID": 1474,
        "GachaGroupID": 310170
    },
    {
        "ID": 1475,
        "GachaGroupID": 310170
    },
    {
        "ID": 1476,
        "GachaGroupID": 310170
    },
    {
        "ID": 1477,
        "GachaGroupID": 310170
    },
    {
        "ID": 1478,
        "GachaGroupID": 310170
    },
    {
        "ID": 1480,
        "GachaGroupID": 310180
    },
    {
        "ID": 1481,
        "GachaGroupID": 310180
    },
    {
        "ID": 1482,
        "GachaGroupID": 310180
    },
    {
        "ID": 1483,
        "GachaGroupID": 310180
    },
    {
        "ID": 1484,
        "GachaGroupID": 310180
    },
    {
        "ID": 1485,
        "GachaGroupID": 310180
    },
    {
        "ID": 1495,
        "GachaGroupID": 310190
    },
    {
        "ID": 1496,
        "GachaGroupID": 310190
    },
    {
        "ID": 1497,
        "GachaGroupID": 310190
    },
    {
        "ID": 1498,
        "GachaGroupID": 310190
    },
    {
        "ID": 1499,
        "GachaGroupID": 310190
    },
    {
        "ID": 1500,
        "GachaGroupID": 310190
    },
    {
        "ID": 1509,
        "GachaGroupID": 310200
    },
    {
        "ID": 1510,
        "GachaGroupID": 310200
    },
    {
        "ID": 1511,
        "GachaGroupID": 310200
    },
    {
        "ID": 1512,
        "GachaGroupID": 310200
    },
    {
        "ID": 1513,
        "GachaGroupID": 310200
    },
    {
        "ID": 1514,
        "GachaGroupID": 310200
    },
    {
        "ID": 1515,
        "GachaGroupID": 310200
    },
    {
        "ID": 1526,
        "GachaGroupID": 310210
    },
    {
        "ID": 1527,
        "GachaGroupID": 310210
    },
    {
        "ID": 1528,
        "GachaGroupID": 310210
    },
    {
        "ID": 1529,
        "GachaGroupID": 310210
    },
    {
        "ID": 1530,
        "GachaGroupID": 310210
    },
    {
        "ID": 1531,
        "GachaGroupID": 310210
    },
    {
        "ID": 1532,
        "GachaGroupID": 310210
    },
    {
        "ID": 1534,
        "GachaGroupID": 310220
    },
    {
        "ID": 1535,
        "GachaGroupID": 310220
    },
    {
        "ID": 1536,
        "GachaGroupID": 310220
    },
    {
        "ID": 1537,
        "GachaGroupID": 310220
    },
    {
        "ID": 1538,
        "GachaGroupID": 310220
    },
    {
        "ID": 1539,
        "GachaGroupID": 310220
    },
    {
        "ID": 1540,
        "GachaGroupID": 310220
    },
    {
        "ID": 1568,
        "GachaGroupID": 310230
    },
    {
        "ID": 1569,
        "GachaGroupID": 310230
    },
    {
        "ID": 1570,
        "GachaGroupID": 310230
    },
    {
        "ID": 1571,
        "GachaGroupID": 310230
    },
    {
        "ID": 1572,
        "GachaGroupID": 310230
    },
    {
        "ID": 1573,
        "GachaGroupID": 310230
    },
    {
        "ID": 1574,
        "GachaGroupID": 310230
    },
    {
        "ID": 1220,
        "GachaGroupID": 360000
    },
    {
        "ID": 1221,
        "GachaGroupID": 360000
    },
    {
        "ID": 1222,
        "GachaGroupID": 360000
    },
    {
        "ID": 1223,
        "GachaGroupID": 360000
    },
    {
        "ID": 1283,
        "GachaGroupID": 360016
    },
    {
        "ID": 1284,
        "GachaGroupID": 360016
    },
    {
        "ID": 1285,
        "GachaGroupID": 360016
    },
    {
        "ID": 1286,
        "GachaGroupID": 360016
    },
    {
        "ID": 1287,
        "GachaGroupID": 360016
    },
    {
        "ID": 1341,
        "GachaGroupID": 360026
    },
    {
        "ID": 1342,
        "GachaGroupID": 360026
    },
    {
        "ID": 1343,
        "GachaGroupID": 360026
    },
    {
        "ID": 1344,
        "GachaGroupID": 360026
    },
    {
        "ID": 1345,
        "GachaGroupID": 360026
    },
    {
        "ID": 1375,
        "GachaGroupID": 360036
    },
    {
        "ID": 1376,
        "GachaGroupID": 360036
    },
    {
        "ID": 1377,
        "GachaGroupID": 360036
    },
    {
        "ID": 1378,
        "GachaGroupID": 360036
    },
    {
        "ID": 1379,
        "GachaGroupID": 360036
    },
    {
        "ID": 1381,
        "GachaGroupID": 360046
    },
    {
        "ID": 1382,
        "GachaGroupID": 360046
    },
    {
        "ID": 1383,
        "GachaGroupID": 360046
    },
    {
        "ID": 1384,
        "GachaGroupID": 360046
    },
    {
        "ID": 1385,
        "GachaGroupID": 360046
    },
    {
        "ID": 1394,
        "GachaGroupID": 360056
    },
    {
        "ID": 1395,
        "GachaGroupID": 360056
    },
    {
        "ID": 1396,
        "GachaGroupID": 360056
    },
    {
        "ID": 1397,
        "GachaGroupID": 360056
    },
    {
        "ID": 1398,
        "GachaGroupID": 360056
    },
    {
        "ID": 1412,
        "GachaGroupID": 360067
    },
    {
        "ID": 1413,
        "GachaGroupID": 360067
    },
    {
        "ID": 1414,
        "GachaGroupID": 360067
    },
    {
        "ID": 1415,
        "GachaGroupID": 360067
    },
    {
        "ID": 1416,
        "GachaGroupID": 360067
    },
    {
        "ID": 1417,
        "GachaGroupID": 360067
    },
    {
        "ID": 1427,
        "GachaGroupID": 360107
    },
    {
        "ID": 1428,
        "GachaGroupID": 360107
    },
    {
        "ID": 1429,
        "GachaGroupID": 360107
    },
    {
        "ID": 1430,
        "GachaGroupID": 360107
    },
    {
        "ID": 1431,
        "GachaGroupID": 360107
    },
    {
        "ID": 1432,
        "GachaGroupID": 360107
    },
    {
        "ID": 1458,
        "GachaGroupID": 360117
    },
    {
        "ID": 1459,
        "GachaGroupID": 360117
    },
    {
        "ID": 1460,
        "GachaGroupID": 360117
    },
    {
        "ID": 1461,
        "GachaGroupID": 360117
    },
    {
        "ID": 1462,
        "GachaGroupID": 360117
    },
    {
        "ID": 1463,
        "GachaGroupID": 360117
    },
    {
        "ID": 1487,
        "GachaGroupID": 360127
    },
    {
        "ID": 1488,
        "GachaGroupID": 360127
    },
    {
        "ID": 1489,
        "GachaGroupID": 360127
    },
    {
        "ID": 1490,
        "GachaGroupID": 360127
    },
    {
        "ID": 1491,
        "GachaGroupID": 360127
    },
    {
        "ID": 1492,
        "GachaGroupID": 360127
    },
    {
        "ID": 1502,
        "GachaGroupID": 360137
    },
    {
        "ID": 1503,
        "GachaGroupID": 360137
    },
    {
        "ID": 1504,
        "GachaGroupID": 360137
    },
    {
        "ID": 1505,
        "GachaGroupID": 360137
    },
    {
        "ID": 1506,
        "GachaGroupID": 360137
    },
    {
        "ID": 1507,
        "GachaGroupID": 360137
    },
    {
        "ID": 1517,
        "GachaGroupID": 360148
    },
    {
        "ID": 1518,
        "GachaGroupID": 360148
    },
    {
        "ID": 1519,
        "GachaGroupID": 360148
    },
    {
        "ID": 1520,
        "GachaGroupID": 360148
    },
    {
        "ID": 1521,
        "GachaGroupID": 360148
    },
    {
        "ID": 1522,
        "GachaGroupID": 360148
    },
    {
        "ID": 1523,
        "GachaGroupID": 360148
    },
    {
        "ID": 1551,
        "GachaGroupID": 360158
    },
    {
        "ID": 1552,
        "GachaGroupID": 360158
    },
    {
        "ID": 1553,
        "GachaGroupID": 360158
    },
    {
        "ID": 1554,
        "GachaGroupID": 360158
    },
    {
        "ID": 1555,
        "GachaGroupID": 360158
    },
    {
        "ID": 1556,
        "GachaGroupID": 360158
    },
    {
        "ID": 1557,
        "GachaGroupID": 360158
    },
    {
        "ID": 1576,
        "GachaGroupID": 360168
    },
    {
        "ID": 1577,
        "GachaGroupID": 360168
    },
    {
        "ID": 1578,
        "GachaGroupID": 360168
    },
    {
        "ID": 1579,
        "GachaGroupID": 360168
    },
    {
        "ID": 1580,
        "GachaGroupID": 360168
    },
    {
        "ID": 1581,
        "GachaGroupID": 360168
    },
    {
        "ID": 1582,
        "GachaGroupID": 360168
    },
    {
        "ID": 1587,
        "GachaGroupID": 360178
    },
    {
        "ID": 1588,
        "GachaGroupID": 360178
    },
    {
        "ID": 1589,
        "GachaGroupID": 360178
    },
    {
        "ID": 1590,
        "GachaGroupID": 360178
    },
    {
        "ID": 1591,
        "GachaGroupID": 360178
    },
    {
        "ID": 1592,
        "GachaGroupID": 360178
    },
    {
        "ID": 1593,
        "GachaGroupID": 360178
    },
    {
        "ID": 1603,
        "GachaGroupID": 360188
    },
    {
        "ID": 1604,
        "GachaGroupID": 360188
    },
    {
        "ID": 1605,
        "GachaGroupID": 360188
    },
    {
        "ID": 1606,
        "GachaGroupID": 360188
    },
    {
        "ID": 1607,
        "GachaGroupID": 360188
    },
    {
        "ID": 1608,
        "GachaGroupID": 360188
    },
    {
        "ID": 1609,
        "GachaGroupID": 360188
    },
    {
        "ID": 1400,
        "GachaGroupID": 410000
    },
    {
        "ID": 1401,
        "GachaGroupID": 410000
    },
    {
        "ID": 1402,
        "GachaGroupID": 410000
    },
    {
        "ID": 1403,
        "GachaGroupID": 410000
    },
    {
        "ID": 1404,
        "GachaGroupID": 410000
    },
    {
        "ID": 1442,
        "GachaGroupID": 410010
    },
    {
        "ID": 1443,
        "GachaGroupID": 410010
    },
    {
        "ID": 1444,
        "GachaGroupID": 410010
    },
    {
        "ID": 1445,
        "GachaGroupID": 410010
    },
    {
        "ID": 1446,
        "GachaGroupID": 410010
    },
    {
        "ID": 1447,
        "GachaGroupID": 410010
    },
    {
        "ID": 1542,
        "GachaGroupID": 410020
    },
    {
        "ID": 1543,
        "GachaGroupID": 410020
    },
    {
        "ID": 1544,
        "GachaGroupID": 410020
    },
    {
        "ID": 1545,
        "GachaGroupID": 410020
    },
    {
        "ID": 1546,
        "GachaGroupID": 410020
    },
    {
        "ID": 1547,
        "GachaGroupID": 410020
    },
    {
        "ID": 1548,
        "GachaGroupID": 410020
    },
    {
        "ID": 1559,
        "GachaGroupID": 410030
    },
    {
        "ID": 1560,
        "GachaGroupID": 410030
    },
    {
        "ID": 1561,
        "GachaGroupID": 410030
    },
    {
        "ID": 1562,
        "GachaGroupID": 410030
    },
    {
        "ID": 1563,
        "GachaGroupID": 410030
    },
    {
        "ID": 1564,
        "GachaGroupID": 410030
    },
    {
        "ID": 1565,
        "GachaGroupID": 410030
    },
    {
        "ID": 1595,
        "GachaGroupID": 410040
    },
    {
        "ID": 1596,
        "GachaGroupID": 410040
    },
    {
        "ID": 1597,
        "GachaGroupID": 410040
    },
    {
        "ID": 1598,
        "GachaGroupID": 410040
    },
    {
        "ID": 1599,
        "GachaGroupID": 410040
    },
    {
        "ID": 1600,
        "GachaGroupID": 410040
    },
    {
        "ID": 1601,
        "GachaGroupID": 410040
    },
    {
        "ID": 1611,
        "GachaGroupID": 410050
    },
    {
        "ID": 1612,
        "GachaGroupID": 410050
    },
    {
        "ID": 1613,
        "GachaGroupID": 410050
    },
    {
        "ID": 1614,
        "GachaGroupID": 410050
    },
    {
        "ID": 1615,
        "GachaGroupID": 410050
    },
    {
        "ID": 1616,
        "GachaGroupID": 410050
    },
    {
        "ID": 1617,
        "GachaGroupID": 410050
    },
    {
        "ID": 1045,
        "GachaGroupID": 500100
    },
    {
        "ID": 1046,
        "GachaGroupID": 500100
    },
    {
        "ID": 1047,
        "GachaGroupID": 500100
    },
    {
        "ID": 1048,
        "GachaGroupID": 500100
    },
    {
        "ID": 1058,
        "GachaGroupID": 700010
    },
    {
        "ID": 1059,
        "GachaGroupID": 700010
    },
    {
        "ID": 1060,
        "GachaGroupID": 700010
    }
]