[
    {
        "ID": 1
    },
    {
        "ID": 10
    },
    {
        "ID": 11
    },
    {
        "ID": 12
    },
    {
        "ID": 13
    },
    {
        "ID": 30
    },
    {
        "ID": 31
    },
    {
        "ID": 32
    },
    {
        "ID": 33
    },
    {
        "ID": 20
    },
    {
        "ID": 50
    },
    {
        "ID": 51
    },
    {
        "ID": 52
    },
    {
        "ID": 53
    },
    {
        "ID": 59
    },
    {
        "ID": 100
    },
    {
        "ID": 101
    },
    {
        "ID": 102
    },
    {
        "ID": 103
    },
    {
        "ID": 112
    },
    {
        "ID": 120
    },
    {
        "ID": 121
    },
    {
        "ID": 122
    },
    {
        "ID": 123
    },
    {
        "ID": 130
    },
    {
        "ID": 131
    },
    {
        "ID": 132
    },
    {
        "ID": 133
    },
    {
        "ID": 140
    },
    {
        "ID": 141
    },
    {
        "ID": 142
    },
    {
        "ID": 143
    },
    {
        "ID": 151
    },
    {
        "ID": 152
    },
    {
        "ID": 153
    },
    {
        "ID": 160
    },
    {
        "ID": 161
    },
    {
        "ID": 162
    },
    {
        "ID": 163
    },
    {
        "ID": 302
    },
    {
        "ID": 303
    },
    {
        "ID": 312
    },
    {
        "ID": 313
    },
    {
        "ID": 322
    },
    {
        "ID": 323
    },
    {
        "ID": 332
    },
    {
        "ID": 333
    },
    {
        "ID": 342
    },
    {
        "ID": 343
    },
    {
        "ID": 344
    },
    {
        "ID": 352
    },
    {
        "ID": 353
    },
    {
        "ID": 362
    },
    {
        "ID": 363
    },
    {
        "ID": 370
    },
    {
        "ID": 371
    },
    {
        "ID": 380
    },
    {
        "ID": 390
    },
    {
        "ID": 1000
    },
    {
        "ID": 1001
    },
    {
        "ID": 1002
    },
    {
        "ID": 1003
    },
    {
        "ID": 1004
    },
    {
        "ID": 1005
    },
    {
        "ID": 1007
    },
    {
        "ID": 1008
    },
    {
        "ID": 1009
    },
    {
        "ID": 1010
    },
    {
        "ID": 1100
    },
    {
        "ID": 1101
    },
    {
        "ID": 1102
    },
    {
        "ID": 1103
    },
    {
        "ID": 1104
    },
    {
        "ID": 1105
    },
    {
        "ID": 1106
    },
    {
        "ID": 1107
    },
    {
        "ID": 1108
    },
    {
        "ID": 1109
    },
    {
        "ID": 1110
    },
    {
        "ID": 1111
    },
    {
        "ID": 1112
    },
    {
        "ID": 1113
    },
    {
        "ID": 2000
    },
    {
        "ID": 2001
    },
    {
        "ID": 2002
    },
    {
        "ID": 2003
    },
    {
        "ID": 2004
    },
    {
        "ID": 2005
    },
    {
        "ID": 2006
    },
    {
        "ID": 2007
    },
    {
        "ID": 2008
    },
    {
        "ID": 2009
    },
    {
        "ID": 2010
    },
    {
        "ID": 2100
    },
    {
        "ID": 2101
    },
    {
        "ID": 2102
    },
    {
        "ID": 2103
    },
    {
        "ID": 2104
    },
    {
        "ID": 2105
    },
    {
        "ID": 2106
    },
    {
        "ID": 2107
    },
    {
        "ID": 2108
    },
    {
        "ID": 2109
    },
    {
        "ID": 2110
    },
    {
        "ID": 2111
    },
    {
        "ID": 2112
    },
    {
        "ID": 2113
    },
    {
        "ID": 2114
    },
    {
        "ID": 2115
    },
    {
        "ID": 2116
    },
    {
        "ID": 2117
    },
    {
        "ID": 2118
    },
    {
        "ID": 2119
    },
    {
        "ID": 3000
    },
    {
        "ID": 3001
    },
    {
        "ID": 3002
    },
    {
        "ID": 3003
    },
    {
        "ID": 3004
    },
    {
        "ID": 3005
    },
    {
        "ID": 3006
    },
    {
        "ID": 3007
    },
    {
        "ID": 3008
    },
    {
        "ID": 3009
    },
    {
        "ID": 3100
    },
    {
        "ID": 3101
    },
    {
        "ID": 3102
    },
    {
        "ID": 3103
    },
    {
        "ID": 3104
    },
    {
        "ID": 3105
    },
    {
        "ID": 3106
    },
    {
        "ID": 3107
    },
    {
        "ID": 3108
    },
    {
        "ID": 10000
    },
    {
        "ID": 10001
    },
    {
        "ID": 10002
    },
    {
        "ID": 10003
    },
    {
        "ID": 10004
    },
    {
        "ID": 10005
    },
    {
        "ID": 10006
    },
    {
        "ID": 10007
    },
    {
        "ID": 10008
    },
    {
        "ID": 10009
    },
    {
        "ID": 10100
    },
    {
        "ID": 10101
    },
    {
        "ID": 10102
    },
    {
        "ID": 10103
    },
    {
        "ID": 10110
    },
    {
        "ID": 10111
    },
    {
        "ID": 10112
    },
    {
        "ID": 10113
    },
    {
        "ID": 10114
    },
    {
        "ID": 10115
    },
    {
        "ID": 10116
    },
    {
        "ID": 10117
    },
    {
        "ID": 10118
    },
    {
        "ID": 10119
    },
    {
        "ID": 10120
    },
    {
        "ID": 10121
    },
    {
        "ID": 10200
    },
    {
        "ID": 10300
    },
    {
        "ID": 10301
    },
    {
        "ID": 10302
    },
    {
        "ID": 10303
    },
    {
        "ID": 10310
    },
    {
        "ID": 10311
    },
    {
        "ID": 10312
    },
    {
        "ID": 10313
    },
    {
        "ID": 10314
    },
    {
        "ID": 10315
    },
    {
        "ID": 10316
    },
    {
        "ID": 10317
    },
    {
        "ID": 10318
    },
    {
        "ID": 10319
    },
    {
        "ID": 10320
    },
    {
        "ID": 10321
    },
    {
        "ID": 10400
    },
    {
        "ID": 10401
    },
    {
        "ID": 10402
    },
    {
        "ID": 10403
    },
    {
        "ID": 10410
    },
    {
        "ID": 10411
    },
    {
        "ID": 10412
    },
    {
        "ID": 10413
    },
    {
        "ID": 10414
    },
    {
        "ID": 10415
    },
    {
        "ID": 10416
    },
    {
        "ID": 10417
    },
    {
        "ID": 10418
    },
    {
        "ID": 10419
    },
    {
        "ID": 10420
    },
    {
        "ID": 10421
    },
    {
        "ID": 10510
    },
    {
        "ID": 10511
    },
    {
        "ID": 10514
    },
    {
        "ID": 10515
    },
    {
        "ID": 10518
    },
    {
        "ID": 10519
    },
    {
        "ID": 20000
    },
    {
        "ID": 20001
    },
    {
        "ID": 20002
    },
    {
        "ID": 20003
    },
    {
        "ID": 20004
    },
    {
        "ID": 20005
    },
    {
        "ID": 20006
    },
    {
        "ID": 20007
    },
    {
        "ID": 21000
    },
    {
        "ID": 21001
    },
    {
        "ID": 21002
    },
    {
        "ID": 21003
    },
    {
        "ID": 21004
    },
    {
        "ID": 21005
    },
    {
        "ID": 21006
    },
    {
        "ID": 21007
    },
    {
        "ID": 60000
    },
    {
        "ID": 60001
    },
    {
        "ID": 60010
    },
    {
        "ID": 60011
    },
    {
        "ID": 60020
    },
    {
        "ID": 60021
    },
    {
        "ID": 60030
    },
    {
        "ID": 60031
    },
    {
        "ID": 60040
    },
    {
        "ID": 60041
    },
    {
        "ID": 61000
    },
    {
        "ID": 61001
    },
    {
        "ID": 61002
    },
    {
        "ID": 61003
    },
    {
        "ID": 90000
    },
    {
        "ID": 100010
    },
    {
        "ID": 100011
    },
    {
        "ID": 100012
    },
    {
        "ID": 100013
    },
    {
        "ID": 100019
    },
    {
        "ID": 100022
    },
    {
        "ID": 100023
    },
    {
        "ID": 100030
    },
    {
        "ID": 100031
    },
    {
        "ID": 100032
    },
    {
        "ID": 100033
    },
    {
        "ID": 100039
    },
    {
        "ID": 100042
    },
    {
        "ID": 100043
    },
    {
        "ID": 180000
    },
    {
        "ID": 180001
    },
    {
        "ID": 180002
    },
    {
        "ID": 180003
    },
    {
        "ID": 180013
    },
    {
        "ID": 180100
    },
    {
        "ID": 180101
    },
    {
        "ID": 180102
    },
    {
        "ID": 180103
    },
    {
        "ID": 180113
    },
    {
        "ID": 200000
    },
    {
        "ID": 201000
    },
    {
        "ID": 210010
    },
    {
        "ID": 210011
    },
    {
        "ID": 210012
    },
    {
        "ID": 300000
    },
    {
        "ID": 300001
    },
    {
        "ID": 300002
    },
    {
        "ID": 300003
    },
    {
        "ID": 300010
    },
    {
        "ID": 300011
    },
    {
        "ID": 300012
    },
    {
        "ID": 300013
    },
    {
        "ID": 300014
    },
    {
        "ID": 300020
    },
    {
        "ID": 300021
    },
    {
        "ID": 300022
    },
    {
        "ID": 300023
    },
    {
        "ID": 300024
    },
    {
        "ID": 300031
    },
    {
        "ID": 300032
    },
    {
        "ID": 300033
    },
    {
        "ID": 300034
    },
    {
        "ID": 300041
    },
    {
        "ID": 300042
    },
    {
        "ID": 300043
    },
    {
        "ID": 300044
    },
    {
        "ID": 300051
    },
    {
        "ID": 300052
    },
    {
        "ID": 300053
    },
    {
        "ID": 300054
    },
    {
        "ID": 300060
    },
    {
        "ID": 300061
    },
    {
        "ID": 300062
    },
    {
        "ID": 300063
    },
    {
        "ID": 300064
    },
    {
        "ID": 300065
    },
    {
        "ID": 300066
    },
    {
        "ID": 300067
    },
    {
        "ID": 300068
    },
    {
        "ID": 300069
    },
    {
        "ID": 300070
    },
    {
        "ID": 300071
    },
    {
        "ID": 300072
    },
    {
        "ID": 300073
    },
    {
        "ID": 300074
    },
    {
        "ID": 300075
    },
    {
        "ID": 300081
    },
    {
        "ID": 300082
    },
    {
        "ID": 300083
    },
    {
        "ID": 300084
    },
    {
        "ID": 300085
    },
    {
        "ID": 300091
    },
    {
        "ID": 300092
    },
    {
        "ID": 300093
    },
    {
        "ID": 300094
    },
    {
        "ID": 300095
    },
    {
        "ID": 300101
    },
    {
        "ID": 300102
    },
    {
        "ID": 300103
    },
    {
        "ID": 300104
    },
    {
        "ID": 300105
    },
    {
        "ID": 300106
    },
    {
        "ID": 300107
    },
    {
        "ID": 300108
    },
    {
        "ID": 300109
    },
    {
        "ID": 300110
    },
    {
        "ID": 300111
    },
    {
        "ID": 300112
    },
    {
        "ID": 300113
    },
    {
        "ID": 300114
    },
    {
        "ID": 300115
    },
    {
        "ID": 300116
    },
    {
        "ID": 300117
    },
    {
        "ID": 300118
    },
    {
        "ID": 300119
    },
    {
        "ID": 300120
    },
    {
        "ID": 300121
    },
    {
        "ID": 300122
    },
    {
        "ID": 300123
    },
    {
        "ID": 300124
    },
    {
        "ID": 300125
    },
    {
        "ID": 300126
    },
    {
        "ID": 300127
    },
    {
        "ID": 300128
    },
    {
        "ID": 300129
    },
    {
        "ID": 300130
    },
    {
        "ID": 300131
    },
    {
        "ID": 300132
    },
    {
        "ID": 300133
    },
    {
        "ID": 300134
    },
    {
        "ID": 300135
    },
    {
        "ID": 300136
    },
    {
        "ID": 300137
    },
    {
        "ID": 300138
    },
    {
        "ID": 300139
    },
    {
        "ID": 300140
    },
    {
        "ID": 300141
    },
    {
        "ID": 300142
    },
    {
        "ID": 300143
    },
    {
        "ID": 300144
    },
    {
        "ID": 300145
    },
    {
        "ID": 300146
    },
    {
        "ID": 300147
    },
    {
        "ID": 300148
    },
    {
        "ID": 300149
    },
    {
        "ID": 300150
    },
    {
        "ID": 300151
    },
    {
        "ID": 300152
    },
    {
        "ID": 300153
    },
    {
        "ID": 300154
    },
    {
        "ID": 300155
    },
    {
        "ID": 300156
    },
    {
        "ID": 300157
    },
    {
        "ID": 300158
    },
    {
        "ID": 300159
    },
    {
        "ID": 300160
    },
    {
        "ID": 300161
    },
    {
        "ID": 300162
    },
    {
        "ID": 300163
    },
    {
        "ID": 300164
    },
    {
        "ID": 300165
    },
    {
        "ID": 300166
    },
    {
        "ID": 300167
    },
    {
        "ID": 300168
    },
    {
        "ID": 300169
    },
    {
        "ID": 300170
    },
    {
        "ID": 300171
    },
    {
        "ID": 300172
    },
    {
        "ID": 300173
    },
    {
        "ID": 300174
    },
    {
        "ID": 300175
    },
    {
        "ID": 300176
    },
    {
        "ID": 300177
    },
    {
        "ID": 300178
    },
    {
        "ID": 300179
    },
    {
        "ID": 300180
    },
    {
        "ID": 300181
    },
    {
        "ID": 300182
    },
    {
        "ID": 300183
    },
    {
        "ID": 300184
    },
    {
        "ID": 300185
    },
    {
        "ID": 300186
    },
    {
        "ID": 300187
    },
    {
        "ID": 300188
    },
    {
        "ID": 300189
    },
    {
        "ID": 300190
    },
    {
        "ID": 300191
    },
    {
        "ID": 300192
    },
    {
        "ID": 300193
    },
    {
        "ID": 300194
    },
    {
        "ID": 300195
    },
    {
        "ID": 300196
    },
    {
        "ID": 300197
    },
    {
        "ID": 300198
    },
    {
        "ID": 300199
    },
    {
        "ID": 300200
    },
    {
        "ID": 300201
    },
    {
        "ID": 300202
    },
    {
        "ID": 300203
    },
    {
        "ID": 300204
    },
    {
        "ID": 300205
    },
    {
        "ID": 300206
    },
    {
        "ID": 300207
    },
    {
        "ID": 300208
    },
    {
        "ID": 300209
    },
    {
        "ID": 300210
    },
    {
        "ID": 300211
    },
    {
        "ID": 300212
    },
    {
        "ID": 300213
    },
    {
        "ID": 300214
    },
    {
        "ID": 300215
    },
    {
        "ID": 300216
    },
    {
        "ID": 300217
    },
    {
        "ID": 300218
    },
    {
        "ID": 300219
    },
    {
        "ID": 300220
    },
    {
        "ID": 300221
    },
    {
        "ID": 300222
    },
    {
        "ID": 300223
    },
    {
        "ID": 300224
    },
    {
        "ID": 300225
    },
    {
        "ID": 300226
    },
    {
        "ID": 300227
    },
    {
        "ID": 300228
    },
    {
        "ID": 300229
    },
    {
        "ID": 300230
    },
    {
        "ID": 300231
    },
    {
        "ID": 300232
    },
    {
        "ID": 300233
    },
    {
        "ID": 300234
    },
    {
        "ID": 300235
    },
    {
        "ID": 300236
    },
    {
        "ID": 300237
    },
    {
        "ID": 300238
    },
    {
        "ID": 300239
    },
    {
        "ID": 300240
    },
    {
        "ID": 300241
    },
    {
        "ID": 300242
    },
    {
        "ID": 300243
    },
    {
        "ID": 300244
    },
    {
        "ID": 300245
    },
    {
        "ID": 300246
    },
    {
        "ID": 300247
    },
    {
        "ID": 300248
    },
    {
        "ID": 300249
    },
    {
        "ID": 300250
    },
    {
        "ID": 300251
    },
    {
        "ID": 300252
    },
    {
        "ID": 300253
    },
    {
        "ID": 300254
    },
    {
        "ID": 300255
    },
    {
        "ID": 300256
    },
    {
        "ID": 300257
    },
    {
        "ID": 300258
    },
    {
        "ID": 300259
    },
    {
        "ID": 300260
    },
    {
        "ID": 300261
    },
    {
        "ID": 300262
    },
    {
        "ID": 300263
    },
    {
        "ID": 300264
    },
    {
        "ID": 300265
    },
    {
        "ID": 300266
    },
    {
        "ID": 300267
    },
    {
        "ID": 300268
    },
    {
        "ID": 300269
    },
    {
        "ID": 300270
    },
    {
        "ID": 300271
    },
    {
        "ID": 300272
    },
    {
        "ID": 300273
    },
    {
        "ID": 300274
    },
    {
        "ID": 300275
    },
    {
        "ID": 300276
    },
    {
        "ID": 300277
    },
    {
        "ID": 300278
    },
    {
        "ID": 300279
    },
    {
        "ID": 300280
    },
    {
        "ID": 300281
    },
    {
        "ID": 300282
    },
    {
        "ID": 300283
    },
    {
        "ID": 300284
    },
    {
        "ID": 300285
    },
    {
        "ID": 300286
    },
    {
        "ID": 300287
    },
    {
        "ID": 300288
    },
    {
        "ID": 300289
    },
    {
        "ID": 300290
    },
    {
        "ID": 300291
    },
    {
        "ID": 300292
    },
    {
        "ID": 300293
    },
    {
        "ID": 300294
    },
    {
        "ID": 300295
    },
    {
        "ID": 300296
    },
    {
        "ID": 300297
    },
    {
        "ID": 300298
    },
    {
        "ID": 300299
    },
    {
        "ID": 300300
    },
    {
        "ID": 300301
    },
    {
        "ID": 300302
    },
    {
        "ID": 300303
    },
    {
        "ID": 300304
    },
    {
        "ID": 300305
    },
    {
        "ID": 300306
    },
    {
        "ID": 300307
    },
    {
        "ID": 300308
    },
    {
        "ID": 300309
    },
    {
        "ID": 300310
    },
    {
        "ID": 300311
    },
    {
        "ID": 300312
    },
    {
        "ID": 300313
    },
    {
        "ID": 300314
    },
    {
        "ID": 300315
    },
    {
        "ID": 300316
    },
    {
        "ID": 300317
    },
    {
        "ID": 300318
    },
    {
        "ID": 300319
    },
    {
        "ID": 300320
    },
    {
        "ID": 300321
    },
    {
        "ID": 300322
    },
    {
        "ID": 300323
    },
    {
        "ID": 300324
    },
    {
        "ID": 300325
    },
    {
        "ID": 300326
    },
    {
        "ID": 300327
    },
    {
        "ID": 300328
    },
    {
        "ID": 300329
    },
    {
        "ID": 300330
    },
    {
        "ID": 300331
    },
    {
        "ID": 300332
    },
    {
        "ID": 300333
    },
    {
        "ID": 300334
    },
    {
        "ID": 300335
    },
    {
        "ID": 300336
    },
    {
        "ID": 300337
    },
    {
        "ID": 300338
    },
    {
        "ID": 300339
    },
    {
        "ID": 300340
    },
    {
        "ID": 300341
    },
    {
        "ID": 300342
    },
    {
        "ID": 300343
    },
    {
        "ID": 300344
    },
    {
        "ID": 300345
    },
    {
        "ID": 300346
    },
    {
        "ID": 300347
    },
    {
        "ID": 300348
    },
    {
        "ID": 300349
    },
    {
        "ID": 300350
    },
    {
        "ID": 300351
    },
    {
        "ID": 300352
    },
    {
        "ID": 300353
    },
    {
        "ID": 300354
    },
    {
        "ID": 300355
    },
    {
        "ID": 300356
    },
    {
        "ID": 300357
    },
    {
        "ID": 300358
    },
    {
        "ID": 300359
    },
    {
        "ID": 300360
    },
    {
        "ID": 300361
    },
    {
        "ID": 300362
    },
    {
        "ID": 300363
    },
    {
        "ID": 300364
    },
    {
        "ID": 300365
    },
    {
        "ID": 300366
    },
    {
        "ID": 300367
    },
    {
        "ID": 300368
    },
    {
        "ID": 300369
    },
    {
        "ID": 300370
    },
    {
        "ID": 300371
    },
    {
        "ID": 300372
    },
    {
        "ID": 300373
    },
    {
        "ID": 300374
    },
    {
        "ID": 300375
    },
    {
        "ID": 300376
    },
    {
        "ID": 300377
    },
    {
        "ID": 300378
    },
    {
        "ID": 300379
    },
    {
        "ID": 300380
    },
    {
        "ID": 300381
    },
    {
        "ID": 300382
    },
    {
        "ID": 300383
    },
    {
        "ID": 300384
    },
    {
        "ID": 300385
    },
    {
        "ID": 300386
    },
    {
        "ID": 300387
    },
    {
        "ID": 300388
    },
    {
        "ID": 300389
    },
    {
        "ID": 300390
    },
    {
        "ID": 300391
    },
    {
        "ID": 300392
    },
    {
        "ID": 300393
    },
    {
        "ID": 300394
    },
    {
        "ID": 300395
    },
    {
        "ID": 300396
    },
    {
        "ID": 300397
    },
    {
        "ID": 300398
    },
    {
        "ID": 300399
    },
    {
        "ID": 300400
    },
    {
        "ID": 300401
    },
    {
        "ID": 300402
    },
    {
        "ID": 300403
    },
    {
        "ID": 300404
    },
    {
        "ID": 300405
    },
    {
        "ID": 300406
    },
    {
        "ID": 300407
    },
    {
        "ID": 300408
    },
    {
        "ID": 300409
    },
    {
        "ID": 300410
    },
    {
        "ID": 300411
    },
    {
        "ID": 300412
    },
    {
        "ID": 300413
    },
    {
        "ID": 300414
    },
    {
        "ID": 300415
    },
    {
        "ID": 300416
    },
    {
        "ID": 300417
    },
    {
        "ID": 300418
    },
    {
        "ID": 300419
    },
    {
        "ID": 300420
    },
    {
        "ID": 300421
    },
    {
        "ID": 300422
    },
    {
        "ID": 300423
    },
    {
        "ID": 300424
    },
    {
        "ID": 300425
    },
    {
        "ID": 300426
    },
    {
        "ID": 300427
    },
    {
        "ID": 300428
    },
    {
        "ID": 300429
    },
    {
        "ID": 300430
    },
    {
        "ID": 300431
    },
    {
        "ID": 300432
    },
    {
        "ID": 300433
    },
    {
        "ID": 300434
    },
    {
        "ID": 300435
    },
    {
        "ID": 300436
    },
    {
        "ID": 300437
    },
    {
        "ID": 300438
    },
    {
        "ID": 300439
    },
    {
        "ID": 300440
    },
    {
        "ID": 300441
    },
    {
        "ID": 300442
    },
    {
        "ID": 300443
    },
    {
        "ID": 300444
    },
    {
        "ID": 300445
    },
    {
        "ID": 300446
    },
    {
        "ID": 300447
    },
    {
        "ID": 300448
    },
    {
        "ID": 300449
    },
    {
        "ID": 300450
    },
    {
        "ID": 300451
    },
    {
        "ID": 300452
    },
    {
        "ID": 300453
    },
    {
        "ID": 300454
    },
    {
        "ID": 300455
    },
    {
        "ID": 300456
    },
    {
        "ID": 300457
    },
    {
        "ID": 300458
    },
    {
        "ID": 300459
    },
    {
        "ID": 300460
    },
    {
        "ID": 300461
    },
    {
        "ID": 300462
    },
    {
        "ID": 300463
    },
    {
        "ID": 300464
    },
    {
        "ID": 300465
    },
    {
        "ID": 300466
    },
    {
        "ID": 300467
    },
    {
        "ID": 300468
    },
    {
        "ID": 300469
    },
    {
        "ID": 300470
    },
    {
        "ID": 300471
    },
    {
        "ID": 300472
    },
    {
        "ID": 300473
    },
    {
        "ID": 300474
    },
    {
        "ID": 300475
    },
    {
        "ID": 300476
    },
    {
        "ID": 300477
    },
    {
        "ID": 300478
    },
    {
        "ID": 300479
    },
    {
        "ID": 300480
    },
    {
        "ID": 300481
    },
    {
        "ID": 300482
    },
    {
        "ID": 300483
    },
    {
        "ID": 300484
    },
    {
        "ID": 300485
    },
    {
        "ID": 300486
    },
    {
        "ID": 300487
    },
    {
        "ID": 300488
    },
    {
        "ID": 300489
    },
    {
        "ID": 300490
    },
    {
        "ID": 300491
    },
    {
        "ID": 300492
    },
    {
        "ID": 300493
    },
    {
        "ID": 300494
    },
    {
        "ID": 300495
    },
    {
        "ID": 300496
    },
    {
        "ID": 300497
    },
    {
        "ID": 300498
    },
    {
        "ID": 300499
    },
    {
        "ID": 300500
    },
    {
        "ID": 300501
    },
    {
        "ID": 300502
    },
    {
        "ID": 300503
    },
    {
        "ID": 300504
    },
    {
        "ID": 300505
    },
    {
        "ID": 300506
    },
    {
        "ID": 300507
    },
    {
        "ID": 300508
    },
    {
        "ID": 300509
    },
    {
        "ID": 300510
    },
    {
        "ID": 300511
    },
    {
        "ID": 300512
    },
    {
        "ID": 300513
    },
    {
        "ID": 300514
    },
    {
        "ID": 300515
    },
    {
        "ID": 300516
    },
    {
        "ID": 300517
    },
    {
        "ID": 300518
    },
    {
        "ID": 300519
    },
    {
        "ID": 300520
    },
    {
        "ID": 300521
    },
    {
        "ID": 300522
    },
    {
        "ID": 300523
    },
    {
        "ID": 300524
    },
    {
        "ID": 300525
    },
    {
        "ID": 300526
    },
    {
        "ID": 300527
    },
    {
        "ID": 300528
    },
    {
        "ID": 300529
    },
    {
        "ID": 300530
    },
    {
        "ID": 300531
    },
    {
        "ID": 300532
    },
    {
        "ID": 300533
    },
    {
        "ID": 300534
    },
    {
        "ID": 300535
    },
    {
        "ID": 300536
    },
    {
        "ID": 300537
    },
    {
        "ID": 300538
    },
    {
        "ID": 300539
    },
    {
        "ID": 300540
    },
    {
        "ID": 300541
    },
    {
        "ID": 300542
    },
    {
        "ID": 300543
    },
    {
        "ID": 300551
    },
    {
        "ID": 300552
    },
    {
        "ID": 300553
    },
    {
        "ID": 300554
    },
    {
        "ID": 300555
    },
    {
        "ID": 300556
    },
    {
        "ID": 300557
    },
    {
        "ID": 300558
    },
    {
        "ID": 300559
    },
    {
        "ID": 300560
    },
    {
        "ID": 300561
    },
    {
        "ID": 300562
    },
    {
        "ID": 300563
    },
    {
        "ID": 300564
    },
    {
        "ID": 300565
    },
    {
        "ID": 300566
    },
    {
        "ID": 300567
    },
    {
        "ID": 300568
    },
    {
        "ID": 300571
    },
    {
        "ID": 300572
    },
    {
        "ID": 300573
    },
    {
        "ID": 300574
    },
    {
        "ID": 300575
    },
    {
        "ID": 300581
    },
    {
        "ID": 300582
    },
    {
        "ID": 300583
    },
    {
        "ID": 300584
    },
    {
        "ID": 300585
    },
    {
        "ID": 300591
    },
    {
        "ID": 300592
    },
    {
        "ID": 300593
    },
    {
        "ID": 300594
    },
    {
        "ID": 300595
    },
    {
        "ID": 300596
    },
    {
        "ID": 300600
    },
    {
        "ID": 300610
    },
    {
        "ID": 300621
    },
    {
        "ID": 300622
    },
    {
        "ID": 300623
    },
    {
        "ID": 300624
    },
    {
        "ID": 300625
    },
    {
        "ID": 300626
    },
    {
        "ID": 300630
    },
    {
        "ID": 300631
    },
    {
        "ID": 300632
    },
    {
        "ID": 300640
    },
    {
        "ID": 300641
    },
    {
        "ID": 300642
    },
    {
        "ID": 300643
    },
    {
        "ID": 300651
    },
    {
        "ID": 300652
    },
    {
        "ID": 300653
    },
    {
        "ID": 300654
    },
    {
        "ID": 300655
    },
    {
        "ID": 300656
    },
    {
        "ID": 300660
    },
    {
        "ID": 300661
    },
    {
        "ID": 300662
    },
    {
        "ID": 300663
    },
    {
        "ID": 300664
    },
    {
        "ID": 300665
    },
    {
        "ID": 300666
    },
    {
        "ID": 300667
    },
    {
        "ID": 300668
    },
    {
        "ID": 300669
    },
    {
        "ID": 300670
    },
    {
        "ID": 300671
    },
    {
        "ID": 300672
    },
    {
        "ID": 300673
    },
    {
        "ID": 300674
    },
    {
        "ID": 300675
    },
    {
        "ID": 300676
    },
    {
        "ID": 300677
    },
    {
        "ID": 300678
    },
    {
        "ID": 300679
    },
    {
        "ID": 300680
    },
    {
        "ID": 300681
    },
    {
        "ID": 300682
    },
    {
        "ID": 300683
    },
    {
        "ID": 300684
    },
    {
        "ID": 300685
    },
    {
        "ID": 300686
    },
    {
        "ID": 300687
    },
    {
        "ID": 300688
    },
    {
        "ID": 300689
    },
    {
        "ID": 300690
    },
    {
        "ID": 300691
    },
    {
        "ID": 300701
    },
    {
        "ID": 300702
    },
    {
        "ID": 300703
    },
    {
        "ID": 300704
    },
    {
        "ID": 300705
    },
    {
        "ID": 300706
    },
    {
        "ID": 300711
    },
    {
        "ID": 300712
    },
    {
        "ID": 300713
    },
    {
        "ID": 300714
    },
    {
        "ID": 300715
    },
    {
        "ID": 300716
    },
    {
        "ID": 300721
    },
    {
        "ID": 300722
    },
    {
        "ID": 300723
    },
    {
        "ID": 300724
    },
    {
        "ID": 300725
    },
    {
        "ID": 300726
    },
    {
        "ID": 300731
    },
    {
        "ID": 300732
    },
    {
        "ID": 300733
    },
    {
        "ID": 300734
    },
    {
        "ID": 300735
    },
    {
        "ID": 300736
    },
    {
        "ID": 300737
    },
    {
        "ID": 300740
    },
    {
        "ID": 300751
    },
    {
        "ID": 300752
    },
    {
        "ID": 300753
    },
    {
        "ID": 300754
    },
    {
        "ID": 300755
    },
    {
        "ID": 300756
    },
    {
        "ID": 300757
    },
    {
        "ID": 300761
    },
    {
        "ID": 300762
    },
    {
        "ID": 300763
    },
    {
        "ID": 300764
    },
    {
        "ID": 300765
    },
    {
        "ID": 300766
    },
    {
        "ID": 300767
    },
    {
        "ID": 300644
    },
    {
        "ID": 300645
    },
    {
        "ID": 300646
    },
    {
        "ID": 300647
    },
    {
        "ID": 300770
    },
    {
        "ID": 300771
    },
    {
        "ID": 300772
    },
    {
        "ID": 300773
    },
    {
        "ID": 300774
    },
    {
        "ID": 300775
    },
    {
        "ID": 300776
    },
    {
        "ID": 300777
    },
    {
        "ID": 300778
    },
    {
        "ID": 300779
    },
    {
        "ID": 300780
    },
    {
        "ID": 300781
    },
    {
        "ID": 300782
    },
    {
        "ID": 300783
    },
    {
        "ID": 300784
    },
    {
        "ID": 300785
    },
    {
        "ID": 300786
    },
    {
        "ID": 300787
    },
    {
        "ID": 300788
    },
    {
        "ID": 300789
    },
    {
        "ID": 300790
    },
    {
        "ID": 300791
    },
    {
        "ID": 300792
    },
    {
        "ID": 300793
    },
    {
        "ID": 300794
    },
    {
        "ID": 300795
    },
    {
        "ID": 300796
    },
    {
        "ID": 300797
    },
    {
        "ID": 300798
    },
    {
        "ID": 300799
    },
    {
        "ID": 300800
    },
    {
        "ID": 300801
    },
    {
        "ID": 300811
    },
    {
        "ID": 300812
    },
    {
        "ID": 300813
    },
    {
        "ID": 300814
    },
    {
        "ID": 300815
    },
    {
        "ID": 300816
    },
    {
        "ID": 300817
    },
    {
        "ID": 300820
    },
    {
        "ID": 300821
    },
    {
        "ID": 300822
    },
    {
        "ID": 300823
    },
    {
        "ID": 310000
    },
    {
        "ID": 310010
    },
    {
        "ID": 310020
    },
    {
        "ID": 310030
    },
    {
        "ID": 310040
    },
    {
        "ID": 310050
    },
    {
        "ID": 310080
    },
    {
        "ID": 310090
    },
    {
        "ID": 310100
    },
    {
        "ID": 310110
    },
    {
        "ID": 310120
    },
    {
        "ID": 310130
    },
    {
        "ID": 310140
    },
    {
        "ID": 310150
    },
    {
        "ID": 310160
    },
    {
        "ID": 310170
    },
    {
        "ID": 310180
    },
    {
        "ID": 310190
    },
    {
        "ID": 310200
    },
    {
        "ID": 310210
    },
    {
        "ID": 310220
    },
    {
        "ID": 310230
    },
    {
        "ID": 350001
    },
    {
        "ID": 350002
    },
    {
        "ID": 350003
    },
    {
        "ID": 350004
    },
    {
        "ID": 360000
    },
    {
        "ID": 360011
    },
    {
        "ID": 360012
    },
    {
        "ID": 360013
    },
    {
        "ID": 360014
    },
    {
        "ID": 360015
    },
    {
        "ID": 360016
    },
    {
        "ID": 360021
    },
    {
        "ID": 360022
    },
    {
        "ID": 360023
    },
    {
        "ID": 360024
    },
    {
        "ID": 360025
    },
    {
        "ID": 360026
    },
    {
        "ID": 360031
    },
    {
        "ID": 360032
    },
    {
        "ID": 360033
    },
    {
        "ID": 360034
    },
    {
        "ID": 360035
    },
    {
        "ID": 360036
    },
    {
        "ID": 360041
    },
    {
        "ID": 360042
    },
    {
        "ID": 360043
    },
    {
        "ID": 360044
    },
    {
        "ID": 360045
    },
    {
        "ID": 360046
    },
    {
        "ID": 360051
    },
    {
        "ID": 360052
    },
    {
        "ID": 360053
    },
    {
        "ID": 360054
    },
    {
        "ID": 360055
    },
    {
        "ID": 360056
    },
    {
        "ID": 360061
    },
    {
        "ID": 360062
    },
    {
        "ID": 360063
    },
    {
        "ID": 360064
    },
    {
        "ID": 360065
    },
    {
        "ID": 360066
    },
    {
        "ID": 360067
    },
    {
        "ID": 360068
    },
    {
        "ID": 360069
    },
    {
        "ID": 360070
    },
    {
        "ID": 360071
    },
    {
        "ID": 360072
    },
    {
        "ID": 360073
    },
    {
        "ID": 360074
    },
    {
        "ID": 360075
    },
    {
        "ID": 360076
    },
    {
        "ID": 360077
    },
    {
        "ID": 360078
    },
    {
        "ID": 360079
    },
    {
        "ID": 360080
    },
    {
        "ID": 360081
    },
    {
        "ID": 360082
    },
    {
        "ID": 360083
    },
    {
        "ID": 360084
    },
    {
        "ID": 360085
    },
    {
        "ID": 360086
    },
    {
        "ID": 360087
    },
    {
        "ID": 360088
    },
    {
        "ID": 360089
    },
    {
        "ID": 360090
    },
    {
        "ID": 360091
    },
    {
        "ID": 360092
    },
    {
        "ID": 360093
    },
    {
        "ID": 360094
    },
    {
        "ID": 360095
    },
    {
        "ID": 360096
    },
    {
        "ID": 360097
    },
    {
        "ID": 360098
    },
    {
        "ID": 360099
    },
    {
        "ID": 360101
    },
    {
        "ID": 360102
    },
    {
        "ID": 360103
    },
    {
        "ID": 360104
    },
    {
        "ID": 360105
    },
    {
        "ID": 360106
    },
    {
        "ID": 360107
    },
    {
        "ID": 360111
    },
    {
        "ID": 360112
    },
    {
        "ID": 360113
    },
    {
        "ID": 360114
    },
    {
        "ID": 360115
    },
    {
        "ID": 360116
    },
    {
        "ID": 360117
    },
    {
        "ID": 360121
    },
    {
        "ID": 360122
    },
    {
        "ID": 360123
    },
    {
        "ID": 360124
    },
    {
        "ID": 360125
    },
    {
        "ID": 360126
    },
    {
        "ID": 360127
    },
    {
        "ID": 360131
    },
    {
        "ID": 360132
    },
    {
        "ID": 360133
    },
    {
        "ID": 360134
    },
    {
        "ID": 360135
    },
    {
        "ID": 360136
    },
    {
        "ID": 360137
    },
    {
        "ID": 360141
    },
    {
        "ID": 360142
    },
    {
        "ID": 360143
    },
    {
        "ID": 360144
    },
    {
        "ID": 360145
    },
    {
        "ID": 360146
    },
    {
        "ID": 360147
    },
    {
        "ID": 360148
    },
    {
        "ID": 360151
    },
    {
        "ID": 360152
    },
    {
        "ID": 360153
    },
    {
        "ID": 360154
    },
    {
        "ID": 360155
    },
    {
        "ID": 360156
    },
    {
        "ID": 360157
    },
    {
        "ID": 360158
    },
    {
        "ID": 360161
    },
    {
        "ID": 360162
    },
    {
        "ID": 360163
    },
    {
        "ID": 360164
    },
    {
        "ID": 360165
    },
    {
        "ID": 360166
    },
    {
        "ID": 360167
    },
    {
        "ID": 360168
    },
    {
        "ID": 360171
    },
    {
        "ID": 360172
    },
    {
        "ID": 360173
    },
    {
        "ID": 360174
    },
    {
        "ID": 360175
    },
    {
        "ID": 360176
    },
    {
        "ID": 360177
    },
    {
        "ID": 360178
    },
    {
        "ID": 360181
    },
    {
        "ID": 360182
    },
    {
        "ID": 360183
    },
    {
        "ID": 360184
    },
    {
        "ID": 360185
    },
    {
        "ID": 360186
    },
    {
        "ID": 360187
    },
    {
        "ID": 360188
    },
    {
        "ID": 400001
    },
    {
        "ID": 400002
    },
    {
        "ID": 400003
    },
    {
        "ID": 400004
    },
    {
        "ID": 400005
    },
    {
        "ID": 400010
    },
    {
        "ID": 400011
    },
    {
        "ID": 400012
    },
    {
        "ID": 400013
    },
    {
        "ID": 400014
    },
    {
        "ID": 400015
    },
    {
        "ID": 400016
    },
    {
        "ID": 400020
    },
    {
        "ID": 400021
    },
    {
        "ID": 400022
    },
    {
        "ID": 400023
    },
    {
        "ID": 400024
    },
    {
        "ID": 400025
    },
    {
        "ID": 400026
    },
    {
        "ID": 400027
    },
    {
        "ID": 400031
    },
    {
        "ID": 400032
    },
    {
        "ID": 400033
    },
    {
        "ID": 400034
    },
    {
        "ID": 400035
    },
    {
        "ID": 400036
    },
    {
        "ID": 400037
    },
    {
        "ID": 400041
    },
    {
        "ID": 400042
    },
    {
        "ID": 400043
    },
    {
        "ID": 400044
    },
    {
        "ID": 400045
    },
    {
        "ID": 400046
    },
    {
        "ID": 400047
    },
    {
        "ID": 400051
    },
    {
        "ID": 400052
    },
    {
        "ID": 400053
    },
    {
        "ID": 400054
    },
    {
        "ID": 400055
    },
    {
        "ID": 400056
    },
    {
        "ID": 400057
    },
    {
        "ID": 410000
    },
    {
        "ID": 410010
    },
    {
        "ID": 410020
    },
    {
        "ID": 410030
    },
    {
        "ID": 410040
    },
    {
        "ID": 410050
    },
    {
        "ID": 500000
    },
    {
        "ID": 500001
    },
    {
        "ID": 500100
    },
    {
        "ID": 500101
    },
    {
        "ID": 500102
    },
    {
        "ID": 500103
    },
    {
        "ID": 510000
    },
    {
        "ID": 511000
    },
    {
        "ID": 519999
    },
    {
        "ID": 601000
    },
    {
        "ID": 601001
    },
    {
        "ID": 601002
    },
    {
        "ID": 602000
    },
    {
        "ID": 602001
    },
    {
        "ID": 602002
    },
    {
        "ID": 603000
    },
    {
        "ID": 603001
    },
    {
        "ID": 603002
    },
    {
        "ID": 604000
    },
    {
        "ID": 604001
    },
    {
        "ID": 604002
    },
    {
        "ID": 605000
    },
    {
        "ID": 605001
    },
    {
        "ID": 605002
    },
    {
        "ID": 606000
    },
    {
        "ID": 606001
    },
    {
        "ID": 606002
    },
    {
        "ID": 607000
    },
    {
        "ID": 607001
    },
    {
        "ID": 607002
    },
    {
        "ID": 608000
    },
    {
        "ID": 608001
    },
    {
        "ID": 608002
    },
    {
        "ID": 609000
    },
    {
        "ID": 609001
    },
    {
        "ID": 609002
    },
    {
        "ID": 601003
    },
    {
        "ID": 602003
    },
    {
        "ID": 603003
    },
    {
        "ID": 604003
    },
    {
        "ID": 605003
    },
    {
        "ID": 606003
    },
    {
        "ID": 607003
    },
    {
        "ID": 608003
    },
    {
        "ID": 609003
    },
    {
        "ID": 601004
    },
    {
        "ID": 602004
    },
    {
        "ID": 603004
    },
    {
        "ID": 604004
    },
    {
        "ID": 605004
    },
    {
        "ID": 606004
    },
    {
        "ID": 607004
    },
    {
        "ID": 608004
    },
    {
        "ID": 609004
    },
    {
        "ID": 601005
    },
    {
        "ID": 602005
    },
    {
        "ID": 603005
    },
    {
        "ID": 604005
    },
    {
        "ID": 605005
    },
    {
        "ID": 606005
    },
    {
        "ID": 607005
    },
    {
        "ID": 608005
    },
    {
        "ID": 609005
    },
    {
        "ID": 601006
    },
    {
        "ID": 602006
    },
    {
        "ID": 603006
    },
    {
        "ID": 604006
    },
    {
        "ID": 605006
    },
    {
        "ID": 606006
    },
    {
        "ID": 607006
    },
    {
        "ID": 608006
    },
    {
        "ID": 609006
    },
    {
        "ID": 601007
    },
    {
        "ID": 602007
    },
    {
        "ID": 603007
    },
    {
        "ID": 604007
    },
    {
        "ID": 605007
    },
    {
        "ID": 606007
    },
    {
        "ID": 607007
    },
    {
        "ID": 608007
    },
    {
        "ID": 609007
    },
    {
        "ID": 700010
    },
    {
        "ID": 700011
    },
    {
        "ID": 700012
    },
    {
        "ID": 700013
    },
    {
        "ID": 700021
    },
    {
        "ID": 800000
    },
    {
        "ID": 800001
    },
    {
        "ID": 800002
    },
    {
        "ID": 800003
    },
    {
        "ID": 800010
    },
    {
        "ID": 800011
    },
    {
        "ID": 800012
    },
    {
        "ID": 800013
    },
    {
        "ID": 800020
    },
    {
        "ID": 800021
    },
    {
        "ID": 800022
    },
    {
        "ID": 800023
    },
    {
        "ID": 801000
    },
    {
        "ID": 801001
    },
    {
        "ID": 801002
    },
    {
        "ID": 801003
    },
    {
        "ID": 801004
    },
    {
        "ID": 801005
    },
    {
        "ID": 801006
    },
    {
        "ID": 801007
    },
    {
        "ID": 801008
    },
    {
        "ID": 801009
    },
    {
        "ID": 801010
    },
    {
        "ID": 801011
    },
    {
        "ID": 801012
    },
    {
        "ID": 801013
    },
    {
        "ID": 801014
    },
    {
        "ID": 801015
    },
    {
        "ID": 801016
    },
    {
        "ID": 801017
    },
    {
        "ID": 801018
    },
    {
        "ID": 801019
    },
    {
        "ID": 801020
    },
    {
        "ID": 801991
    },
    {
        "ID": 801992
    },
    {
        "ID": 801993
    },
    {
        "ID": 801999
    },
    {
        "ID": 1000000
    }
]