[
    {
        "SeasonId": 10,
        "OrderNumber": 1
    },
    {
        "SeasonId": 10,
        "OrderNumber": 2
    },
    {
        "SeasonId": 10,
        "OrderNumber": 3
    },
    {
        "SeasonId": 10,
        "OrderNumber": 4
    },
    {
        "SeasonId": 10,
        "OrderNumber": 5
    },
    {
        "SeasonId": 10,
        "OrderNumber": 6
    },
    {
        "SeasonId": 10,
        "OrderNumber": 7
    },
    {
        "SeasonId": 10,
        "OrderNumber": 8
    },
    {
        "SeasonId": 10,
        "OrderNumber": 9
    }
]