[
    {
        "Id": 1000001
    },
    {
        "Id": 1000011
    },
    {
        "Id": 1000012
    },
    {
        "Id": 1000013
    },
    {
        "Id": 1000014
    },
    {
        "Id": 1000015
    },
    {
        "Id": 1000016
    },
    {
        "Id": 1000017
    },
    {
        "Id": 1000018
    },
    {
        "Id": 1000019
    },
    {
        "Id": 1000020
    },
    {
        "Id": 1000021
    },
    {
        "Id": 1000022
    },
    {
        "Id": 1000023
    },
    {
        "Id": 1000024
    },
    {
        "Id": 1000025
    },
    {
        "Id": 1000026
    },
    {
        "Id": 1000027
    },
    {
        "Id": 1000028
    },
    {
        "Id": 1000029
    },
    {
        "Id": 1000030
    },
    {
        "Id": 1000031
    },
    {
        "Id": 1000032
    },
    {
        "Id": 1000033
    },
    {
        "Id": 1000034
    },
    {
        "Id": 1000035
    },
    {
        "Id": 1000036
    },
    {
        "Id": 1000037
    },
    {
        "Id": 1000038
    },
    {
        "Id": 1000039
    },
    {
        "Id": 1000040
    },
    {
        "Id": 1000041
    },
    {
        "Id": 1000042
    },
    {
        "Id": 1000043
    },
    {
        "Id": 1000044
    },
    {
        "Id": 1000045
    },
    {
        "Id": 1000046
    },
    {
        "Id": 1000047
    },
    {
        "Id": 1000048
    },
    {
        "Id": 1000049
    },
    {
        "Id": 1000050
    },
    {
        "Id": 1000051
    },
    {
        "Id": 1000052
    },
    {
        "Id": 1000053
    },
    {
        "Id": 1000054
    },
    {
        "Id": 1000055
    },
    {
        "Id": 1000056
    },
    {
        "Id": 1000057
    },
    {
        "Id": 1000058
    },
    {
        "Id": 1000059
    },
    {
        "Id": 1000060
    },
    {
        "Id": 1000061
    },
    {
        "Id": 1000062
    },
    {
        "Id": 1000063
    },
    {
        "Id": 1000064
    },
    {
        "Id": 1000065
    },
    {
        "Id": 1000066
    },
    {
        "Id": 1000067
    },
    {
        "Id": 1000068
    },
    {
        "Id": 1000069
    },
    {
        "Id": 1000070
    },
    {
        "Id": 1000071
    },
    {
        "Id": 1000072
    },
    {
        "Id": 1000073
    },
    {
        "Id": 1000074
    },
    {
        "Id": 1000075
    },
    {
        "Id": 1000076
    },
    {
        "Id": 1000077
    },
    {
        "Id": 1000078
    },
    {
        "Id": 1000079
    },
    {
        "Id": 1000080
    },
    {
        "Id": 1000101
    },
    {
        "Id": 1000102
    },
    {
        "Id": 1000103
    },
    {
        "Id": 1000104
    },
    {
        "Id": 1000105
    },
    {
        "Id": 1000106
    },
    {
        "Id": 1000200
    },
    {
        "Id": 1000210
    },
    {
        "Id": 1000211
    },
    {
        "Id": 1000212
    },
    {
        "Id": 1000213
    },
    {
        "Id": 1000214
    },
    {
        "Id": 1000215
    },
    {
        "Id": 1000220
    },
    {
        "Id": 1000221
    },
    {
        "Id": 1000222
    },
    {
        "Id": 1000223
    },
    {
        "Id": 1000224
    },
    {
        "Id": 1000225
    },
    {
        "Id": 1000230
    },
    {
        "Id": 1000231
    },
    {
        "Id": 1000232
    },
    {
        "Id": 1000233
    },
    {
        "Id": 1000234
    },
    {
        "Id": 1000235
    },
    {
        "Id": 1000240
    },
    {
        "Id": 1000241
    },
    {
        "Id": 1000242
    },
    {
        "Id": 1000243
    },
    {
        "Id": 1000244
    },
    {
        "Id": 1000245
    },
    {
        "Id": 1000250
    },
    {
        "Id": 1000251
    },
    {
        "Id": 1000252
    },
    {
        "Id": 1000253
    },
    {
        "Id": 1000254
    },
    {
        "Id": 1000255
    },
    {
        "Id": 1000260
    },
    {
        "Id": 1000261
    },
    {
        "Id": 1000262
    },
    {
        "Id": 1000263
    },
    {
        "Id": 1000264
    },
    {
        "Id": 1000265
    },
    {
        "Id": 1000270
    },
    {
        "Id": 1000271
    },
    {
        "Id": 1000272
    },
    {
        "Id": 1000273
    },
    {
        "Id": 1000274
    },
    {
        "Id": 1000275
    },
    {
        "Id": 1000300
    },
    {
        "Id": 1000310
    },
    {
        "Id": 1000311
    },
    {
        "Id": 1000312
    },
    {
        "Id": 1000313
    },
    {
        "Id": 1000314
    },
    {
        "Id": 1000315
    },
    {
        "Id": 1000320
    },
    {
        "Id": 1000321
    },
    {
        "Id": 1000322
    },
    {
        "Id": 1000323
    },
    {
        "Id": 1000324
    },
    {
        "Id": 1000325
    },
    {
        "Id": 1000330
    },
    {
        "Id": 1000331
    },
    {
        "Id": 1000332
    },
    {
        "Id": 1000333
    },
    {
        "Id": 1000334
    },
    {
        "Id": 1000335
    },
    {
        "Id": 1000340
    },
    {
        "Id": 1000341
    },
    {
        "Id": 1000342
    },
    {
        "Id": 1000343
    },
    {
        "Id": 1000344
    },
    {
        "Id": 1000345
    },
    {
        "Id": 1000350
    },
    {
        "Id": 1000351
    },
    {
        "Id": 1000352
    },
    {
        "Id": 1000353
    },
    {
        "Id": 1000354
    },
    {
        "Id": 1000355
    },
    {
        "Id": 1000360
    },
    {
        "Id": 1000361
    },
    {
        "Id": 1000362
    },
    {
        "Id": 1000363
    },
    {
        "Id": 1000364
    },
    {
        "Id": 1000365
    },
    {
        "Id": 1000370
    },
    {
        "Id": 1000371
    },
    {
        "Id": 1000372
    },
    {
        "Id": 1000373
    },
    {
        "Id": 1000374
    },
    {
        "Id": 1000375
    },
    {
        "Id": 1000400
    },
    {
        "Id": 1000410
    },
    {
        "Id": 1000411
    },
    {
        "Id": 1000412
    },
    {
        "Id": 1000413
    },
    {
        "Id": 1000414
    },
    {
        "Id": 1000415
    },
    {
        "Id": 1000420
    },
    {
        "Id": 1000421
    },
    {
        "Id": 1000422
    },
    {
        "Id": 1000423
    },
    {
        "Id": 1000424
    },
    {
        "Id": 1000425
    },
    {
        "Id": 1000430
    },
    {
        "Id": 1000431
    },
    {
        "Id": 1000432
    },
    {
        "Id": 1000433
    },
    {
        "Id": 1000434
    },
    {
        "Id": 1000435
    },
    {
        "Id": 1000440
    },
    {
        "Id": 1000441
    },
    {
        "Id": 1000442
    },
    {
        "Id": 1000443
    },
    {
        "Id": 1000444
    },
    {
        "Id": 1000445
    },
    {
        "Id": 1000450
    },
    {
        "Id": 1000451
    },
    {
        "Id": 1000452
    },
    {
        "Id": 1000453
    },
    {
        "Id": 1000454
    },
    {
        "Id": 1000455
    },
    {
        "Id": 1000460
    },
    {
        "Id": 1000461
    },
    {
        "Id": 1000462
    },
    {
        "Id": 1000463
    },
    {
        "Id": 1000464
    },
    {
        "Id": 1000465
    },
    {
        "Id": 1000470
    },
    {
        "Id": 1000471
    },
    {
        "Id": 1000472
    },
    {
        "Id": 1000473
    },
    {
        "Id": 1000474
    },
    {
        "Id": 1000475
    },
    {
        "Id": 1000500
    },
    {
        "Id": 1000510
    },
    {
        "Id": 1000511
    },
    {
        "Id": 1000512
    },
    {
        "Id": 1000513
    },
    {
        "Id": 1000514
    },
    {
        "Id": 1000515
    },
    {
        "Id": 1000520
    },
    {
        "Id": 1000521
    },
    {
        "Id": 1000522
    },
    {
        "Id": 1000523
    },
    {
        "Id": 1000524
    },
    {
        "Id": 1000525
    },
    {
        "Id": 1000530
    },
    {
        "Id": 1000531
    },
    {
        "Id": 1000532
    },
    {
        "Id": 1000533
    },
    {
        "Id": 1000534
    },
    {
        "Id": 1000535
    },
    {
        "Id": 1000540
    },
    {
        "Id": 1000541
    },
    {
        "Id": 1000542
    },
    {
        "Id": 1000543
    },
    {
        "Id": 1000544
    },
    {
        "Id": 1000545
    },
    {
        "Id": 1000550
    },
    {
        "Id": 1000551
    },
    {
        "Id": 1000552
    },
    {
        "Id": 1000553
    },
    {
        "Id": 1000554
    },
    {
        "Id": 1000555
    },
    {
        "Id": 1000560
    },
    {
        "Id": 1000561
    },
    {
        "Id": 1000562
    },
    {
        "Id": 1000563
    },
    {
        "Id": 1000564
    },
    {
        "Id": 1000565
    },
    {
        "Id": 1000570
    },
    {
        "Id": 1000571
    },
    {
        "Id": 1000572
    },
    {
        "Id": 1000573
    },
    {
        "Id": 1000574
    },
    {
        "Id": 1000575
    },
    {
        "Id": 1000600
    },
    {
        "Id": 1000610
    },
    {
        "Id": 1000611
    },
    {
        "Id": 1000612
    },
    {
        "Id": 1000613
    },
    {
        "Id": 1000614
    },
    {
        "Id": 1000615
    },
    {
        "Id": 1000620
    },
    {
        "Id": 1000621
    },
    {
        "Id": 1000622
    },
    {
        "Id": 1000623
    },
    {
        "Id": 1000624
    },
    {
        "Id": 1000625
    },
    {
        "Id": 1000630
    },
    {
        "Id": 1000631
    },
    {
        "Id": 1000632
    },
    {
        "Id": 1000633
    },
    {
        "Id": 1000634
    },
    {
        "Id": 1000635
    },
    {
        "Id": 1000640
    },
    {
        "Id": 1000641
    },
    {
        "Id": 1000642
    },
    {
        "Id": 1000643
    },
    {
        "Id": 1000644
    },
    {
        "Id": 1000645
    },
    {
        "Id": 1000650
    },
    {
        "Id": 1000651
    },
    {
        "Id": 1000652
    },
    {
        "Id": 1000653
    },
    {
        "Id": 1000654
    },
    {
        "Id": 1000655
    },
    {
        "Id": 1000660
    },
    {
        "Id": 1000661
    },
    {
        "Id": 1000662
    },
    {
        "Id": 1000663
    },
    {
        "Id": 1000664
    },
    {
        "Id": 1000665
    },
    {
        "Id": 1000670
    },
    {
        "Id": 1000671
    },
    {
        "Id": 1000672
    },
    {
        "Id": 1000673
    },
    {
        "Id": 1000674
    },
    {
        "Id": 1000675
    },
    {
        "Id": 1000700
    },
    {
        "Id": 1000710
    },
    {
        "Id": 1000711
    },
    {
        "Id": 1000712
    },
    {
        "Id": 1000713
    },
    {
        "Id": 1000714
    },
    {
        "Id": 1000715
    },
    {
        "Id": 1000720
    },
    {
        "Id": 1000721
    },
    {
        "Id": 1000722
    },
    {
        "Id": 1000723
    },
    {
        "Id": 1000724
    },
    {
        "Id": 1000725
    },
    {
        "Id": 1000730
    },
    {
        "Id": 1000731
    },
    {
        "Id": 1000732
    },
    {
        "Id": 1000733
    },
    {
        "Id": 1000734
    },
    {
        "Id": 1000735
    },
    {
        "Id": 1000740
    },
    {
        "Id": 1000741
    },
    {
        "Id": 1000742
    },
    {
        "Id": 1000743
    },
    {
        "Id": 1000744
    },
    {
        "Id": 1000745
    },
    {
        "Id": 1000750
    },
    {
        "Id": 1000751
    },
    {
        "Id": 1000752
    },
    {
        "Id": 1000753
    },
    {
        "Id": 1000754
    },
    {
        "Id": 1000755
    },
    {
        "Id": 1000760
    },
    {
        "Id": 1000761
    },
    {
        "Id": 1000762
    },
    {
        "Id": 1000763
    },
    {
        "Id": 1000764
    },
    {
        "Id": 1000765
    },
    {
        "Id": 1000770
    },
    {
        "Id": 1000771
    },
    {
        "Id": 1000772
    },
    {
        "Id": 1000773
    },
    {
        "Id": 1000774
    },
    {
        "Id": 1000775
    },
    {
        "Id": 1000800
    },
    {
        "Id": 1000810
    },
    {
        "Id": 1000811
    },
    {
        "Id": 1000812
    },
    {
        "Id": 1000813
    },
    {
        "Id": 1000814
    },
    {
        "Id": 1000815
    },
    {
        "Id": 1000820
    },
    {
        "Id": 1000821
    },
    {
        "Id": 1000822
    },
    {
        "Id": 1000823
    },
    {
        "Id": 1000824
    },
    {
        "Id": 1000825
    },
    {
        "Id": 1000830
    },
    {
        "Id": 1000831
    },
    {
        "Id": 1000832
    },
    {
        "Id": 1000833
    },
    {
        "Id": 1000834
    },
    {
        "Id": 1000835
    },
    {
        "Id": 1000840
    },
    {
        "Id": 1000841
    },
    {
        "Id": 1000842
    },
    {
        "Id": 1000843
    },
    {
        "Id": 1000844
    },
    {
        "Id": 1000845
    },
    {
        "Id": 1000850
    },
    {
        "Id": 1000851
    },
    {
        "Id": 1000852
    },
    {
        "Id": 1000853
    },
    {
        "Id": 1000854
    },
    {
        "Id": 1000855
    },
    {
        "Id": 1000860
    },
    {
        "Id": 1000861
    },
    {
        "Id": 1000862
    },
    {
        "Id": 1000863
    },
    {
        "Id": 1000864
    },
    {
        "Id": 1000865
    },
    {
        "Id": 1000870
    },
    {
        "Id": 1000871
    },
    {
        "Id": 1000872
    },
    {
        "Id": 1000873
    },
    {
        "Id": 1000874
    },
    {
        "Id": 1000875
    },
    {
        "Id": 1000900
    },
    {
        "Id": 1000910
    },
    {
        "Id": 1000911
    },
    {
        "Id": 1000912
    },
    {
        "Id": 1000913
    },
    {
        "Id": 1000914
    },
    {
        "Id": 1000915
    },
    {
        "Id": 1000916
    },
    {
        "Id": 1000917
    },
    {
        "Id": 1000920
    },
    {
        "Id": 1000921
    },
    {
        "Id": 1000922
    },
    {
        "Id": 1000923
    },
    {
        "Id": 1000924
    },
    {
        "Id": 1000925
    },
    {
        "Id": 1000926
    },
    {
        "Id": 1000927
    },
    {
        "Id": 1000930
    },
    {
        "Id": 1000931
    },
    {
        "Id": 1000932
    },
    {
        "Id": 1000933
    },
    {
        "Id": 1000934
    },
    {
        "Id": 1000935
    },
    {
        "Id": 1000936
    },
    {
        "Id": 1000937
    },
    {
        "Id": 1000940
    },
    {
        "Id": 1000941
    },
    {
        "Id": 1000942
    },
    {
        "Id": 1000943
    },
    {
        "Id": 1000944
    },
    {
        "Id": 1000945
    },
    {
        "Id": 1000946
    },
    {
        "Id": 1000947
    },
    {
        "Id": 1000950
    },
    {
        "Id": 1000951
    },
    {
        "Id": 1000952
    },
    {
        "Id": 1000953
    },
    {
        "Id": 1000954
    },
    {
        "Id": 1000955
    },
    {
        "Id": 1000956
    },
    {
        "Id": 1000957
    },
    {
        "Id": 1000960
    },
    {
        "Id": 1000961
    },
    {
        "Id": 1000962
    },
    {
        "Id": 1000963
    },
    {
        "Id": 1000964
    },
    {
        "Id": 1000965
    },
    {
        "Id": 1000966
    },
    {
        "Id": 1000967
    },
    {
        "Id": 1000970
    },
    {
        "Id": 1000971
    },
    {
        "Id": 1000972
    },
    {
        "Id": 1000973
    },
    {
        "Id": 1000974
    },
    {
        "Id": 1000975
    },
    {
        "Id": 1000976
    },
    {
        "Id": 1000977
    },
    {
        "Id": 1000980
    },
    {
        "Id": 1000981
    },
    {
        "Id": 1000982
    },
    {
        "Id": 1000983
    },
    {
        "Id": 1000984
    },
    {
        "Id": 1000985
    },
    {
        "Id": 1000986
    },
    {
        "Id": 1000987
    },
    {
        "Id": 1000990
    },
    {
        "Id": 1000991
    },
    {
        "Id": 1000992
    },
    {
        "Id": 1000993
    },
    {
        "Id": 1000994
    },
    {
        "Id": 1000995
    },
    {
        "Id": 1000996
    },
    {
        "Id": 1000997
    },
    {
        "Id": 1001001
    },
    {
        "Id": 1001011
    },
    {
        "Id": 1001012
    },
    {
        "Id": 1001013
    },
    {
        "Id": 1001014
    },
    {
        "Id": 1001015
    },
    {
        "Id": 1001016
    },
    {
        "Id": 1001017
    },
    {
        "Id": 1001018
    },
    {
        "Id": 1001019
    },
    {
        "Id": 1001020
    },
    {
        "Id": 1001021
    },
    {
        "Id": 1001022
    },
    {
        "Id": 1001023
    },
    {
        "Id": 1001024
    },
    {
        "Id": 1001025
    },
    {
        "Id": 1001026
    },
    {
        "Id": 1001027
    },
    {
        "Id": 1001028
    },
    {
        "Id": 1001029
    },
    {
        "Id": 1001030
    },
    {
        "Id": 1001031
    },
    {
        "Id": 1001032
    },
    {
        "Id": 1001033
    },
    {
        "Id": 1001034
    },
    {
        "Id": 1001035
    },
    {
        "Id": 1001036
    },
    {
        "Id": 1001037
    },
    {
        "Id": 1001038
    },
    {
        "Id": 1001039
    },
    {
        "Id": 1001040
    },
    {
        "Id": 1001041
    },
    {
        "Id": 1001042
    },
    {
        "Id": 1001043
    },
    {
        "Id": 1001044
    },
    {
        "Id": 1001045
    },
    {
        "Id": 1001046
    },
    {
        "Id": 1001047
    },
    {
        "Id": 1001048
    },
    {
        "Id": 1001049
    },
    {
        "Id": 1001050
    },
    {
        "Id": 1001051
    },
    {
        "Id": 1001052
    },
    {
        "Id": 1001053
    },
    {
        "Id": 1001054
    },
    {
        "Id": 1001055
    },
    {
        "Id": 1001056
    },
    {
        "Id": 1001057
    },
    {
        "Id": 1001058
    },
    {
        "Id": 1001059
    },
    {
        "Id": 1001060
    },
    {
        "Id": 1001061
    },
    {
        "Id": 1001062
    },
    {
        "Id": 1001063
    },
    {
        "Id": 1001064
    },
    {
        "Id": 1001065
    },
    {
        "Id": 1001066
    },
    {
        "Id": 1001067
    },
    {
        "Id": 1001068
    },
    {
        "Id": 1001069
    },
    {
        "Id": 1001070
    },
    {
        "Id": 1001071
    },
    {
        "Id": 1001072
    },
    {
        "Id": 1001073
    },
    {
        "Id": 1001074
    },
    {
        "Id": 1001075
    },
    {
        "Id": 1001076
    },
    {
        "Id": 1001077
    },
    {
        "Id": 1001078
    },
    {
        "Id": 1001079
    },
    {
        "Id": 1001080
    },
    {
        "Id": 1001100
    },
    {
        "Id": 1001110
    },
    {
        "Id": 1001111
    },
    {
        "Id": 1001112
    },
    {
        "Id": 1001113
    },
    {
        "Id": 1001114
    },
    {
        "Id": 1001115
    },
    {
        "Id": 1001120
    },
    {
        "Id": 1001121
    },
    {
        "Id": 1001122
    },
    {
        "Id": 1001123
    },
    {
        "Id": 1001124
    },
    {
        "Id": 1001125
    },
    {
        "Id": 1001130
    },
    {
        "Id": 1001131
    },
    {
        "Id": 1001132
    },
    {
        "Id": 1001133
    },
    {
        "Id": 1001134
    },
    {
        "Id": 1001135
    },
    {
        "Id": 1001140
    },
    {
        "Id": 1001141
    },
    {
        "Id": 1001142
    },
    {
        "Id": 1001143
    },
    {
        "Id": 1001144
    },
    {
        "Id": 1001145
    },
    {
        "Id": 1001150
    },
    {
        "Id": 1001151
    },
    {
        "Id": 1001152
    },
    {
        "Id": 1001153
    },
    {
        "Id": 1001154
    },
    {
        "Id": 1001155
    },
    {
        "Id": 1001160
    },
    {
        "Id": 1001161
    },
    {
        "Id": 1001162
    },
    {
        "Id": 1001163
    },
    {
        "Id": 1001164
    },
    {
        "Id": 1001165
    },
    {
        "Id": 1001170
    },
    {
        "Id": 1001171
    },
    {
        "Id": 1001172
    },
    {
        "Id": 1001173
    },
    {
        "Id": 1001174
    },
    {
        "Id": 1001175
    },
    {
        "Id": 1001200
    },
    {
        "Id": 1001210
    },
    {
        "Id": 1001211
    },
    {
        "Id": 1001212
    },
    {
        "Id": 1001213
    },
    {
        "Id": 1001214
    },
    {
        "Id": 1001215
    },
    {
        "Id": 1001220
    },
    {
        "Id": 1001221
    },
    {
        "Id": 1001222
    },
    {
        "Id": 1001223
    },
    {
        "Id": 1001224
    },
    {
        "Id": 1001225
    },
    {
        "Id": 1001230
    },
    {
        "Id": 1001231
    },
    {
        "Id": 1001232
    },
    {
        "Id": 1001233
    },
    {
        "Id": 1001234
    },
    {
        "Id": 1001235
    },
    {
        "Id": 1001240
    },
    {
        "Id": 1001241
    },
    {
        "Id": 1001242
    },
    {
        "Id": 1001243
    },
    {
        "Id": 1001244
    },
    {
        "Id": 1001245
    },
    {
        "Id": 1001250
    },
    {
        "Id": 1001251
    },
    {
        "Id": 1001252
    },
    {
        "Id": 1001253
    },
    {
        "Id": 1001254
    },
    {
        "Id": 1001255
    },
    {
        "Id": 1001260
    },
    {
        "Id": 1001261
    },
    {
        "Id": 1001262
    },
    {
        "Id": 1001263
    },
    {
        "Id": 1001264
    },
    {
        "Id": 1001265
    },
    {
        "Id": 1001270
    },
    {
        "Id": 1001271
    },
    {
        "Id": 1001272
    },
    {
        "Id": 1001273
    },
    {
        "Id": 1001274
    },
    {
        "Id": 1001275
    },
    {
        "Id": 1001400
    },
    {
        "Id": 1001410
    },
    {
        "Id": 1001411
    },
    {
        "Id": 1001412
    },
    {
        "Id": 1001413
    },
    {
        "Id": 1001414
    },
    {
        "Id": 1001415
    },
    {
        "Id": 1001420
    },
    {
        "Id": 1001421
    },
    {
        "Id": 1001422
    },
    {
        "Id": 1001423
    },
    {
        "Id": 1001424
    },
    {
        "Id": 1001425
    },
    {
        "Id": 1001430
    },
    {
        "Id": 1001431
    },
    {
        "Id": 1001432
    },
    {
        "Id": 1001433
    },
    {
        "Id": 1001434
    },
    {
        "Id": 1001435
    },
    {
        "Id": 1001440
    },
    {
        "Id": 1001441
    },
    {
        "Id": 1001442
    },
    {
        "Id": 1001443
    },
    {
        "Id": 1001444
    },
    {
        "Id": 1001445
    },
    {
        "Id": 1001450
    },
    {
        "Id": 1001451
    },
    {
        "Id": 1001452
    },
    {
        "Id": 1001453
    },
    {
        "Id": 1001454
    },
    {
        "Id": 1001455
    },
    {
        "Id": 1001460
    },
    {
        "Id": 1001461
    },
    {
        "Id": 1001462
    },
    {
        "Id": 1001463
    },
    {
        "Id": 1001464
    },
    {
        "Id": 1001465
    },
    {
        "Id": 1001470
    },
    {
        "Id": 1001471
    },
    {
        "Id": 1001472
    },
    {
        "Id": 1001473
    },
    {
        "Id": 1001474
    },
    {
        "Id": 1001475
    },
    {
        "Id": 1001500
    },
    {
        "Id": 1001510
    },
    {
        "Id": 1001511
    },
    {
        "Id": 1001512
    },
    {
        "Id": 1001513
    },
    {
        "Id": 1001514
    },
    {
        "Id": 1001515
    },
    {
        "Id": 1001520
    },
    {
        "Id": 1001521
    },
    {
        "Id": 1001522
    },
    {
        "Id": 1001523
    },
    {
        "Id": 1001524
    },
    {
        "Id": 1001525
    },
    {
        "Id": 1001530
    },
    {
        "Id": 1001531
    },
    {
        "Id": 1001532
    },
    {
        "Id": 1001533
    },
    {
        "Id": 1001534
    },
    {
        "Id": 1001535
    },
    {
        "Id": 1001540
    },
    {
        "Id": 1001541
    },
    {
        "Id": 1001542
    },
    {
        "Id": 1001543
    },
    {
        "Id": 1001544
    },
    {
        "Id": 1001545
    },
    {
        "Id": 1001550
    },
    {
        "Id": 1001551
    },
    {
        "Id": 1001552
    },
    {
        "Id": 1001553
    },
    {
        "Id": 1001554
    },
    {
        "Id": 1001555
    },
    {
        "Id": 1001560
    },
    {
        "Id": 1001561
    },
    {
        "Id": 1001562
    },
    {
        "Id": 1001563
    },
    {
        "Id": 1001564
    },
    {
        "Id": 1001565
    },
    {
        "Id": 1001570
    },
    {
        "Id": 1001571
    },
    {
        "Id": 1001572
    },
    {
        "Id": 1001573
    },
    {
        "Id": 1001574
    },
    {
        "Id": 1001575
    },
    {
        "Id": 1001600
    },
    {
        "Id": 1001610
    },
    {
        "Id": 1001611
    },
    {
        "Id": 1001612
    },
    {
        "Id": 1001613
    },
    {
        "Id": 1001614
    },
    {
        "Id": 1001615
    },
    {
        "Id": 1001620
    },
    {
        "Id": 1001621
    },
    {
        "Id": 1001622
    },
    {
        "Id": 1001623
    },
    {
        "Id": 1001624
    },
    {
        "Id": 1001625
    },
    {
        "Id": 1001630
    },
    {
        "Id": 1001631
    },
    {
        "Id": 1001632
    },
    {
        "Id": 1001633
    },
    {
        "Id": 1001634
    },
    {
        "Id": 1001635
    },
    {
        "Id": 1001640
    },
    {
        "Id": 1001641
    },
    {
        "Id": 1001642
    },
    {
        "Id": 1001643
    },
    {
        "Id": 1001644
    },
    {
        "Id": 1001645
    },
    {
        "Id": 1001650
    },
    {
        "Id": 1001651
    },
    {
        "Id": 1001652
    },
    {
        "Id": 1001653
    },
    {
        "Id": 1001654
    },
    {
        "Id": 1001655
    },
    {
        "Id": 1001660
    },
    {
        "Id": 1001661
    },
    {
        "Id": 1001662
    },
    {
        "Id": 1001663
    },
    {
        "Id": 1001664
    },
    {
        "Id": 1001665
    },
    {
        "Id": 1001670
    },
    {
        "Id": 1001671
    },
    {
        "Id": 1001672
    },
    {
        "Id": 1001673
    },
    {
        "Id": 1001674
    },
    {
        "Id": 1001675
    },
    {
        "Id": 1001300
    },
    {
        "Id": 1001310
    },
    {
        "Id": 1001311
    },
    {
        "Id": 1001312
    },
    {
        "Id": 1001313
    },
    {
        "Id": 1001314
    },
    {
        "Id": 1001315
    },
    {
        "Id": 1001316
    },
    {
        "Id": 1001320
    },
    {
        "Id": 1001321
    },
    {
        "Id": 1001322
    },
    {
        "Id": 1001323
    },
    {
        "Id": 1001324
    },
    {
        "Id": 1001326
    },
    {
        "Id": 1001327
    },
    {
        "Id": 1001330
    },
    {
        "Id": 1001331
    },
    {
        "Id": 1001332
    },
    {
        "Id": 1001333
    },
    {
        "Id": 1001334
    },
    {
        "Id": 1001335
    },
    {
        "Id": 1001336
    },
    {
        "Id": 1001340
    },
    {
        "Id": 1001341
    },
    {
        "Id": 1001342
    },
    {
        "Id": 1001343
    },
    {
        "Id": 1001344
    },
    {
        "Id": 1001345
    },
    {
        "Id": 1001346
    },
    {
        "Id": 1001350
    },
    {
        "Id": 1001351
    },
    {
        "Id": 1001352
    },
    {
        "Id": 1001353
    },
    {
        "Id": 1001354
    },
    {
        "Id": 1001355
    },
    {
        "Id": 1001357
    },
    {
        "Id": 1001360
    },
    {
        "Id": 1001361
    },
    {
        "Id": 1001362
    },
    {
        "Id": 1001363
    },
    {
        "Id": 1001364
    },
    {
        "Id": 1001365
    },
    {
        "Id": 1001366
    },
    {
        "Id": 1001370
    },
    {
        "Id": 1001371
    },
    {
        "Id": 1001372
    },
    {
        "Id": 1001373
    },
    {
        "Id": 1001374
    },
    {
        "Id": 1001375
    },
    {
        "Id": 1001377
    }
]