[
    {
        "Key": 3205063001
    },
    {
        "Key": 3080068811
    },
    {
        "Key": 1451459100
    },
    {
        "Key": 593817179
    },
    {
        "Key": 2920904025
    },
    {
        "Key": 3347437062
    },
    {
        "Key": 3047249769
    },
    {
        "Key": 430044536
    },
    {
        "Key": 2095745906
    },
    {
        "Key": 2367643443
    },
    {
        "Key": 3762581793
    },
    {
        "Key": 2711028080
    },
    {
        "Key": 950826558
    },
    {
        "Key": 1838154309
    },
    {
        "Key": 296527733
    },
    {
        "Key": 2525474471
    },
    {
        "Key": 503931658
    },
    {
        "Key": 3296768386
    },
    {
        "Key": 3501394912
    },
    {
        "Key": 3421421223
    },
    {
        "Key": 3283850040
    },
    {
        "Key": 1228209340
    },
    {
        "Key": 787750543
    },
    {
        "Key": 2136129359
    },
    {
        "Key": 1234200571
    },
    {
        "Key": 2238395843
    },
    {
        "Key": 928524933
    },
    {
        "Key": 1004710492
    },
    {
        "Key": 491727203
    },
    {
        "Key": 4020319994
    },
    {
        "Key": 230738428
    },
    {
        "Key": 269379813
    },
    {
        "Key": 2445884324
    },
    {
        "Key": 2707122617
    },
    {
        "Key": 3808631556
    },
    {
        "Key": 4060733599
    },
    {
        "Key": 2302161878
    },
    {
        "Key": 3518848085
    },
    {
        "Key": 1030865580
    },
    {
        "Key": 2186670411
    },
    {
        "Key": 3926485639
    },
    {
        "Key": 271875608
    },
    {
        "Key": 3899674665
    },
    {
        "Key": 3199174171
    },
    {
        "Key": 2028977636
    },
    {
        "Key": 2153358435
    },
    {
        "Key": 4227111820
    },
    {
        "Key": 436810703
    },
    {
        "Key": 1666241848
    },
    {
        "Key": 2402602733
    },
    {
        "Key": 2874832470
    },
    {
        "Key": 1734057918
    },
    {
        "Key": 1323800997
    },
    {
        "Key": 2152463179
    },
    {
        "Key": 2875328899
    },
    {
        "Key": 606737380
    },
    {
        "Key": 3085378534
    },
    {
        "Key": 2234067980
    },
    {
        "Key": 2422016245
    },
    {
        "Key": 688651309
    },
    {
        "Key": 957588825
    },
    {
        "Key": 3910671251
    },
    {
        "Key": 213352577
    },
    {
        "Key": 2136130675
    },
    {
        "Key": 138788887
    },
    {
        "Key": 614311547
    },
    {
        "Key": 272639916
    },
    {
        "Key": 2432466270
    },
    {
        "Key": 2402851462
    },
    {
        "Key": 404034177
    },
    {
        "Key": 1012603495
    },
    {
        "Key": 260795101
    },
    {
        "Key": 347228547
    },
    {
        "Key": 1157920399
    },
    {
        "Key": 2583699762
    },
    {
        "Key": 3261228687
    },
    {
        "Key": 2942809624
    },
    {
        "Key": 4228418186
    },
    {
        "Key": 415352066
    },
    {
        "Key": 1758812781
    },
    {
        "Key": 2041378334
    },
    {
        "Key": 1749329065
    },
    {
        "Key": 2660807240
    },
    {
        "Key": 2950738644
    },
    {
        "Key": 4237895473
    },
    {
        "Key": 1269606458
    },
    {
        "Key": 1458733722
    },
    {
        "Key": 3621762549
    },
    {
        "Key": 613903562
    },
    {
        "Key": 3205256468
    },
    {
        "Key": 1877159664
    },
    {
        "Key": 216432509
    },
    {
        "Key": 1783313464
    },
    {
        "Key": 1192440065
    },
    {
        "Key": 49321440
    },
    {
        "Key": 463622482
    },
    {
        "Key": 1865613949
    },
    {
        "Key": 2188088798
    },
    {
        "Key": 1510279504
    },
    {
        "Key": 696726334
    },
    {
        "Key": 454910838
    },
    {
        "Key": 2000402903
    },
    {
        "Key": 3716096871
    },
    {
        "Key": 449070089
    },
    {
        "Key": 4267934794
    },
    {
        "Key": 1026052528
    },
    {
        "Key": 1243134087
    },
    {
        "Key": 4163649284
    },
    {
        "Key": 2194821661
    },
    {
        "Key": 973547158
    },
    {
        "Key": 2970299365
    },
    {
        "Key": 140003667
    },
    {
        "Key": 722323811
    },
    {
        "Key": 2339702451
    },
    {
        "Key": 1332955216
    },
    {
        "Key": 1254199814
    },
    {
        "Key": 2597660730
    },
    {
        "Key": 4087551590
    },
    {
        "Key": 2615324660
    },
    {
        "Key": 2947026275
    },
    {
        "Key": 1934835945
    },
    {
        "Key": 4149047221
    },
    {
        "Key": 3058666136
    },
    {
        "Key": 3573385991
    },
    {
        "Key": 986999103
    },
    {
        "Key": 4098579131
    },
    {
        "Key": 1465803275
    },
    {
        "Key": 767163894
    },
    {
        "Key": 2838772495
    },
    {
        "Key": 2540639998
    },
    {
        "Key": 2750737239
    },
    {
        "Key": 3793271115
    },
    {
        "Key": 2658092416
    },
    {
        "Key": 2650496749
    },
    {
        "Key": 317783289
    },
    {
        "Key": 4088362999
    },
    {
        "Key": 3260873820
    },
    {
        "Key": 1449130769
    },
    {
        "Key": 1595339990
    },
    {
        "Key": 2172607841
    },
    {
        "Key": 279935345
    },
    {
        "Key": 2862945212
    },
    {
        "Key": 2350037431
    },
    {
        "Key": 4154804449
    },
    {
        "Key": 2435225822
    },
    {
        "Key": 3693538322
    },
    {
        "Key": 1900014796
    },
    {
        "Key": 1867831835
    },
    {
        "Key": 2084469709
    },
    {
        "Key": 516360769
    },
    {
        "Key": 2486217945
    },
    {
        "Key": 2972986328
    },
    {
        "Key": 2131067520
    },
    {
        "Key": 697494425
    },
    {
        "Key": 2703780086
    },
    {
        "Key": 2481436170
    },
    {
        "Key": 2528585070
    },
    {
        "Key": 2742406503
    },
    {
        "Key": 1443720116
    },
    {
        "Key": 4160425110
    },
    {
        "Key": 2745951414
    },
    {
        "Key": 892044620
    },
    {
        "Key": 3165059078
    },
    {
        "Key": 928979900
    },
    {
        "Key": 1627145907
    },
    {
        "Key": 3703636363
    },
    {
        "Key": 2211462200
    },
    {
        "Key": 1749817446
    },
    {
        "Key": 600902130
    },
    {
        "Key": 2441522708
    },
    {
        "Key": 281872164
    },
    {
        "Key": 3833806126
    },
    {
        "Key": 2788887398
    },
    {
        "Key": 329825449
    },
    {
        "Key": 1764176572
    },
    {
        "Key": 846737899
    },
    {
        "Key": 263335428
    },
    {
        "Key": 1473721350
    },
    {
        "Key": 4199568983
    },
    {
        "Key": 854479611
    },
    {
        "Key": 1667401147
    },
    {
        "Key": 3373019765
    },
    {
        "Key": 1967620704
    },
    {
        "Key": 1387597489
    },
    {
        "Key": 874234115
    },
    {
        "Key": 4131409760
    },
    {
        "Key": 2025471191
    },
    {
        "Key": 715519178
    },
    {
        "Key": 1128341386
    },
    {
        "Key": 3770265341
    },
    {
        "Key": 1897255150
    },
    {
        "Key": 3600060356
    },
    {
        "Key": 3406003919
    },
    {
        "Key": 2697096147
    },
    {
        "Key": 1560950739
    },
    {
        "Key": 2570594034
    },
    {
        "Key": 3143884977
    },
    {
        "Key": 1099459407
    },
    {
        "Key": 823781795
    },
    {
        "Key": 1134830357
    },
    {
        "Key": 572639595
    },
    {
        "Key": 2305226512
    },
    {
        "Key": 2702264133
    },
    {
        "Key": 1476039225
    },
    {
        "Key": 1710124296
    },
    {
        "Key": 3023464381
    },
    {
        "Key": 1892580245
    },
    {
        "Key": 364570626
    },
    {
        "Key": 2915218317
    },
    {
        "Key": 1834139508
    },
    {
        "Key": 2408040378
    },
    {
        "Key": 1400807002
    },
    {
        "Key": 2091119962
    },
    {
        "Key": 2010887118
    },
    {
        "Key": 1183429982
    },
    {
        "Key": 2955685875
    },
    {
        "Key": 844584816
    },
    {
        "Key": 2966739105
    },
    {
        "Key": 2899564018
    },
    {
        "Key": 1556015914
    },
    {
        "Key": 1988324695
    },
    {
        "Key": 257404051
    },
    {
        "Key": 2016178701
    },
    {
        "Key": 681178497
    },
    {
        "Key": 2129400885
    },
    {
        "Key": 3045956905
    },
    {
        "Key": 4069281913
    },
    {
        "Key": 469714755
    },
    {
        "Key": 3604544587
    },
    {
        "Key": 199871244
    },
    {
        "Key": 967534405
    },
    {
        "Key": 1998286387
    },
    {
        "Key": 2148321055
    },
    {
        "Key": 1143382744
    },
    {
        "Key": 3299212715
    },
    {
        "Key": 2071833767
    },
    {
        "Key": 1350002648
    },
    {
        "Key": 250137538
    },
    {
        "Key": 1199549907
    },
    {
        "Key": 269254824
    },
    {
        "Key": 278111411
    },
    {
        "Key": 569861543
    },
    {
        "Key": 2894419798
    },
    {
        "Key": 3629172404
    },
    {
        "Key": 2640579740
    },
    {
        "Key": 2226866488
    },
    {
        "Key": 3994088247
    },
    {
        "Key": 4070949931
    },
    {
        "Key": 989987378
    },
    {
        "Key": 1231811525
    },
    {
        "Key": 2262420626
    },
    {
        "Key": 367774391
    },
    {
        "Key": 602787320
    },
    {
        "Key": 3004047387
    },
    {
        "Key": 976342321
    },
    {
        "Key": 1879314961
    },
    {
        "Key": 354888554
    },
    {
        "Key": 3386131571
    },
    {
        "Key": 3044066361
    },
    {
        "Key": 2895313259
    },
    {
        "Key": 3536494282
    },
    {
        "Key": 880662068
    },
    {
        "Key": 2143241516
    },
    {
        "Key": 2519875832
    },
    {
        "Key": 261121768
    },
    {
        "Key": 3668978765
    },
    {
        "Key": 2905977845
    },
    {
        "Key": 2393967944
    },
    {
        "Key": 551069908
    },
    {
        "Key": 240259365
    },
    {
        "Key": 740556531
    },
    {
        "Key": 124599116
    },
    {
        "Key": 2418221952
    },
    {
        "Key": 2135655308
    },
    {
        "Key": 2856326245
    },
    {
        "Key": 569241788
    },
    {
        "Key": 1076112629
    },
    {
        "Key": 2592514515
    },
    {
        "Key": 3430710823
    },
    {
        "Key": 2490705469
    },
    {
        "Key": 364169284
    },
    {
        "Key": 507009660
    },
    {
        "Key": 1625540169
    },
    {
        "Key": 190083373
    },
    {
        "Key": 569149920
    },
    {
        "Key": 2847927515
    },
    {
        "Key": 2798337214
    },
    {
        "Key": 1426481190
    },
    {
        "Key": 3922891619
    },
    {
        "Key": 3981288380
    },
    {
        "Key": 2980092194
    },
    {
        "Key": 884407970
    },
    {
        "Key": 3944054940
    },
    {
        "Key": 1854458240
    },
    {
        "Key": 1788564632
    },
    {
        "Key": 1606628276
    },
    {
        "Key": 2770189623
    },
    {
        "Key": 1503209846
    },
    {
        "Key": 3670806320
    },
    {
        "Key": 2153223226
    },
    {
        "Key": 1443275327
    },
    {
        "Key": 3336944289
    },
    {
        "Key": 1792965332
    },
    {
        "Key": 3940889778
    },
    {
        "Key": 1542776967
    },
    {
        "Key": 1705407544
    },
    {
        "Key": 3931378640
    },
    {
        "Key": 658573648
    },
    {
        "Key": 1345230216
    },
    {
        "Key": 3226801384
    },
    {
        "Key": 1637928881
    },
    {
        "Key": 3369731642
    },
    {
        "Key": 3994530367
    },
    {
        "Key": 1529682812
    },
    {
        "Key": 1709993532
    },
    {
        "Key": 2845889380
    },
    {
        "Key": 3017282168
    },
    {
        "Key": 2964710758
    },
    {
        "Key": 2513956776
    },
    {
        "Key": 1864642385
    },
    {
        "Key": 2047558969
    },
    {
        "Key": 1920124898
    },
    {
        "Key": 3507390375
    },
    {
        "Key": 3490397281
    },
    {
        "Key": 1747331783
    },
    {
        "Key": 3861829530
    },
    {
        "Key": 2744957643
    },
    {
        "Key": 697699156
    },
    {
        "Key": 2785402308
    },
    {
        "Key": 126229189
    },
    {
        "Key": 2367091035
    },
    {
        "Key": 1264542676
    },
    {
        "Key": 3076130328
    },
    {
        "Key": 3202852766
    },
    {
        "Key": 3863520183
    },
    {
        "Key": 3400388344
    },
    {
        "Key": 337993265
    },
    {
        "Key": 2267537515
    },
    {
        "Key": 3587383162
    },
    {
        "Key": 1186923194
    },
    {
        "Key": 3964055362
    },
    {
        "Key": 936218380
    },
    {
        "Key": 2100477460
    },
    {
        "Key": 1703914045
    },
    {
        "Key": 2193719013
    },
    {
        "Key": 2070149033
    },
    {
        "Key": 1682605423
    },
    {
        "Key": 614842256
    },
    {
        "Key": 866734449
    },
    {
        "Key": 2984740428
    },
    {
        "Key": 3694147787
    },
    {
        "Key": 4050948436
    },
    {
        "Key": 1044115767
    },
    {
        "Key": 229924161
    },
    {
        "Key": 2896478356
    },
    {
        "Key": 74584359
    },
    {
        "Key": 2426984458
    },
    {
        "Key": 4156782493
    },
    {
        "Key": 2239305032
    },
    {
        "Key": 3597640989
    },
    {
        "Key": 635909163
    },
    {
        "Key": 2898246963
    },
    {
        "Key": 336268343
    },
    {
        "Key": 4220524733
    },
    {
        "Key": 4272144267
    },
    {
        "Key": 2679306329
    },
    {
        "Key": 14749936
    },
    {
        "Key": 4280485597
    },
    {
        "Key": 2689814996
    },
    {
        "Key": 774325742
    },
    {
        "Key": 2003150184
    },
    {
        "Key": 468627021
    },
    {
        "Key": 436191477
    },
    {
        "Key": 1099196264
    },
    {
        "Key": 3719177960
    },
    {
        "Key": 3605770317
    },
    {
        "Key": 4189976503
    },
    {
        "Key": 423837306
    },
    {
        "Key": 1281004619
    },
    {
        "Key": 1535161669
    },
    {
        "Key": 617231319
    },
    {
        "Key": 993521222
    },
    {
        "Key": 648895849
    },
    {
        "Key": 616668617
    },
    {
        "Key": 667254186
    },
    {
        "Key": 3892642851
    },
    {
        "Key": 2885117158
    },
    {
        "Key": 1791868885
    },
    {
        "Key": 2012934882
    },
    {
        "Key": 216576929
    },
    {
        "Key": 1163792356
    },
    {
        "Key": 2012218285
    },
    {
        "Key": 2301337179
    },
    {
        "Key": 4284073730
    },
    {
        "Key": 3094046990
    },
    {
        "Key": 1319625247
    },
    {
        "Key": 305394291
    },
    {
        "Key": 1248443640
    },
    {
        "Key": 963278386
    },
    {
        "Key": 1978647219
    }
]