[
    {
        "StringID": 3659979920
    },
    {
        "StringID": 2901313264
    },
    {
        "StringID": 1879638
    },
    {
        "StringID": 1063124417
    },
    {
        "StringID": 2918162076
    },
    {
        "StringID": 3729856231
    },
    {
        "StringID": 893752000
    },
    {
        "StringID": 2878943974
    },
    {
        "StringID": 219420186
    },
    {
        "StringID": 2240433966
    },
    {
        "StringID": 2744704006
    },
    {
        "StringID": 2730804290
    },
    {
        "StringID": 2017606013
    },
    {
        "StringID": 1654039521
    },
    {
        "StringID": 1120194450
    },
    {
        "StringID": 2614070894
    },
    {
        "StringID": 466971287
    },
    {
        "StringID": 492466405
    },
    {
        "StringID": 2222104281
    },
    {
        "StringID": 1945596997
    },
    {
        "StringID": 984747699
    },
    {
        "StringID": 2226940592
    },
    {
        "StringID": 2098196733
    },
    {
        "StringID": 3236345739
    },
    {
        "StringID": 2464144566
    },
    {
        "StringID": 3404149854
    },
    {
        "StringID": 3335491848
    },
    {
        "StringID": 2402212689
    },
    {
        "StringID": 1197635562
    },
    {
        "StringID": 432324717
    },
    {
        "StringID": 1385659425
    },
    {
        "StringID": 1542221352
    },
    {
        "StringID": 1836667183
    },
    {
        "StringID": 2498062119
    },
    {
        "StringID": 2009714009
    },
    {
        "StringID": 2398824037
    },
    {
        "StringID": 1629380771
    },
    {
        "StringID": 3006478383
    },
    {
        "StringID": 801292375
    },
    {
        "StringID": 3975398267
    },
    {
        "StringID": 2908221647
    },
    {
        "StringID": 3626979433
    },
    {
        "StringID": 2329998669
    },
    {
        "StringID": 2690784199
    },
    {
        "StringID": 3368561749
    },
    {
        "StringID": 2795767498
    },
    {
        "StringID": 2914769656
    },
    {
        "StringID": 2527665448
    },
    {
        "StringID": 3097404873
    },
    {
        "StringID": 3553727518
    },
    {
        "StringID": 2504974704
    },
    {
        "StringID": 3632978795
    },
    {
        "StringID": 703601786
    },
    {
        "StringID": 842791874
    },
    {
        "StringID": 1433939538
    },
    {
        "StringID": 500357266
    },
    {
        "StringID": 2156571916
    },
    {
        "StringID": 190965654
    },
    {
        "StringID": 2406964730
    },
    {
        "StringID": 3612220451
    },
    {
        "StringID": 3340931356
    },
    {
        "StringID": 450845847
    },
    {
        "StringID": 2074384028
    },
    {
        "StringID": 3881165515
    },
    {
        "StringID": 2311074612
    },
    {
        "StringID": 1681981958
    },
    {
        "StringID": 3173925164
    },
    {
        "StringID": 508514549
    },
    {
        "StringID": 2411165953
    },
    {
        "StringID": 4158764653
    },
    {
        "StringID": 3855236231
    },
    {
        "StringID": 1653310702
    },
    {
        "StringID": 3954315639
    },
    {
        "StringID": 3898593874
    },
    {
        "StringID": 2439885638
    },
    {
        "StringID": 3802407019
    },
    {
        "StringID": 2075725760
    },
    {
        "StringID": 3486816427
    },
    {
        "StringID": 3152018902
    },
    {
        "StringID": 2598604334
    },
    {
        "StringID": 3501082059
    },
    {
        "StringID": 576268658
    },
    {
        "StringID": 2614330369
    },
    {
        "StringID": 1531222510
    },
    {
        "StringID": 4023648526
    },
    {
        "StringID": 1747413669
    },
    {
        "StringID": 1081101121
    },
    {
        "StringID": 1176542071
    },
    {
        "StringID": 2841571640
    },
    {
        "StringID": 1886856702
    },
    {
        "StringID": 2305213079
    },
    {
        "StringID": 2592645500
    },
    {
        "StringID": 2849390100
    },
    {
        "StringID": 720513377
    },
    {
        "StringID": 4102806804
    },
    {
        "StringID": 2018822638
    },
    {
        "StringID": 484744461
    },
    {
        "StringID": 2543710472
    },
    {
        "StringID": 1096377425
    },
    {
        "StringID": 3727671672
    },
    {
        "StringID": 3913311100
    },
    {
        "StringID": 1417371326
    },
    {
        "StringID": 2362021517
    },
    {
        "StringID": 2522635607
    },
    {
        "StringID": 110289588
    },
    {
        "StringID": 1293438670
    },
    {
        "StringID": 1543393246
    },
    {
        "StringID": 3165523278
    },
    {
        "StringID": 3176826282
    },
    {
        "StringID": 4246034849
    },
    {
        "StringID": 2698135020
    },
    {
        "StringID": 924697133
    },
    {
        "StringID": 3799219249
    },
    {
        "StringID": 3839318889
    },
    {
        "StringID": 2056221508
    },
    {
        "StringID": 1203487688
    },
    {
        "StringID": 4273626343
    },
    {
        "StringID": 2692789625
    },
    {
        "StringID": 3347062940
    },
    {
        "StringID": 2243944633
    },
    {
        "StringID": 1820008632
    },
    {
        "StringID": 2017608780
    },
    {
        "StringID": 143890364
    },
    {
        "StringID": 3953182883
    },
    {
        "StringID": 107942001
    },
    {
        "StringID": 4177475698
    },
    {
        "StringID": 3748913782
    },
    {
        "StringID": 4163415064
    },
    {
        "StringID": 4171795992
    },
    {
        "StringID": 2505637886
    },
    {
        "StringID": 4060516079
    },
    {
        "StringID": 1984301438
    },
    {
        "StringID": 3597933452
    },
    {
        "StringID": 1764390228
    },
    {
        "StringID": 879124467
    },
    {
        "StringID": 1309985029
    },
    {
        "StringID": 3331160154
    },
    {
        "StringID": 2218742589
    },
    {
        "StringID": 223578584
    },
    {
        "StringID": 1714969618
    },
    {
        "StringID": 3633952030
    },
    {
        "StringID": 255612199
    },
    {
        "StringID": 555460675
    },
    {
        "StringID": 4029312677
    },
    {
        "StringID": 1795818930
    },
    {
        "StringID": 2365431611
    },
    {
        "StringID": 2697729134
    },
    {
        "StringID": 1688107602
    },
    {
        "StringID": 2626444233
    },
    {
        "StringID": 389596686
    },
    {
        "StringID": 1174503121
    },
    {
        "StringID": 486544782
    },
    {
        "StringID": 2996483653
    },
    {
        "StringID": 4110291909
    },
    {
        "StringID": 3407310089
    },
    {
        "StringID": 4120498863
    },
    {
        "StringID": 1479828511
    },
    {
        "StringID": 4055041496
    },
    {
        "StringID": 2994265691
    },
    {
        "StringID": 1113525169
    },
    {
        "StringID": 829463972
    },
    {
        "StringID": 2139799346
    },
    {
        "StringID": 2473367365
    },
    {
        "StringID": 1558413239
    },
    {
        "StringID": 148105998
    },
    {
        "StringID": 3005422857
    },
    {
        "StringID": 2898560826
    },
    {
        "StringID": 476467461
    },
    {
        "StringID": 4208843343
    },
    {
        "StringID": 4067280937
    },
    {
        "StringID": 1912550387
    },
    {
        "StringID": 1820124411
    },
    {
        "StringID": 2145429086
    },
    {
        "StringID": 653738187
    },
    {
        "StringID": 1096852934
    },
    {
        "StringID": 2453659090
    },
    {
        "StringID": 2227296549
    },
    {
        "StringID": 2890320249
    },
    {
        "StringID": 2294886261
    },
    {
        "StringID": 462249261
    },
    {
        "StringID": 3027590414
    },
    {
        "StringID": 78865591
    },
    {
        "StringID": 289267551
    },
    {
        "StringID": 26177633
    },
    {
        "StringID": 1092375960
    },
    {
        "StringID": 28331125
    },
    {
        "StringID": 2812918118
    }
]