[
    {
        "StringId": 3517473940
    },
    {
        "StringId": 2643617425
    },
    {
        "StringId": 4163796428
    },
    {
        "StringId": 1042664745
    },
    {
        "StringId": 242227083
    },
    {
        "StringId": 723792890
    },
    {
        "StringId": 4111474543
    },
    {
        "StringId": 3277890639
    },
    {
        "StringId": 370803796
    },
    {
        "StringId": 3725087021
    },
    {
        "StringId": 2615910137
    },
    {
        "StringId": 1907472597
    },
    {
        "StringId": 2452841979
    },
    {
        "StringId": 3382436969
    },
    {
        "StringId": 3026957277
    },
    {
        "StringId": 3727146599
    },
    {
        "StringId": 3761414221
    },
    {
        "StringId": 754852573
    },
    {
        "StringId": 1905870343
    },
    {
        "StringId": 213154195
    },
    {
        "StringId": 820301887
    },
    {
        "StringId": 2565776678
    },
    {
        "StringId": 2316211398
    },
    {
        "StringId": 3866252865
    },
    {
        "StringId": 3486170506
    },
    {
        "StringId": 1602047548
    },
    {
        "StringId": 854814355
    },
    {
        "StringId": 326945610
    },
    {
        "StringId": 2170387587
    },
    {
        "StringId": 2710996635
    },
    {
        "StringId": 1335624333
    },
    {
        "StringId": 2342335834
    },
    {
        "StringId": 2631505368
    },
    {
        "StringId": 4136037016
    },
    {
        "StringId": 3276654140
    },
    {
        "StringId": 3369945667
    },
    {
        "StringId": 638676971
    },
    {
        "StringId": 389279421
    },
    {
        "StringId": 3156385011
    },
    {
        "StringId": 741728872
    },
    {
        "StringId": 1294123350
    },
    {
        "StringId": 2773973056
    },
    {
        "StringId": 2514413730
    },
    {
        "StringId": 3648749156
    },
    {
        "StringId": 570365472
    },
    {
        "StringId": 1860343787
    },
    {
        "StringId": 3619033947
    },
    {
        "StringId": 4141290263
    },
    {
        "StringId": 1511652166
    },
    {
        "StringId": 1453098684
    },
    {
        "StringId": 2053385975
    },
    {
        "StringId": 4012159436
    },
    {
        "StringId": 503696764
    },
    {
        "StringId": 2305398174
    },
    {
        "StringId": 3414619066
    },
    {
        "StringId": 1517093943
    },
    {
        "StringId": 1022878965
    },
    {
        "StringId": 3898901067
    },
    {
        "StringId": 2476910193
    },
    {
        "StringId": 3299450568
    },
    {
        "StringId": 1489340826
    },
    {
        "StringId": 2373361405
    },
    {
        "StringId": 1522562059
    },
    {
        "StringId": 2925834381
    },
    {
        "StringId": 2249797001
    },
    {
        "StringId": 99229275
    }
]