[
    {
        "UniqueId": 82800
    },
    {
        "UniqueId": 82810
    },
    {
        "UniqueId": 82820
    },
    {
        "UniqueId": 82830
    },
    {
        "UniqueId": 82840
    },
    {
        "UniqueId": 82850
    },
    {
        "UniqueId": 82860
    },
    {
        "UniqueId": 1082800
    },
    {
        "UniqueId": 1082801
    },
    {
        "UniqueId": 1082810
    },
    {
        "UniqueId": 1082811
    },
    {
        "UniqueId": 1082820
    },
    {
        "UniqueId": 1082821
    },
    {
        "UniqueId": 1082830
    },
    {
        "UniqueId": 1082831
    },
    {
        "UniqueId": 1082840
    },
    {
        "UniqueId": 1082841
    },
    {
        "UniqueId": 1082850
    },
    {
        "UniqueId": 1082851
    },
    {
        "UniqueId": 1082860
    },
    {
        "UniqueId": 1082861
    }
]