[
    {
        "UniqueId": 82800
    },
    {
        "UniqueId": 82801
    },
    {
        "UniqueId": 82802
    },
    {
        "UniqueId": 82810
    },
    {
        "UniqueId": 82811
    },
    {
        "UniqueId": 82812
    },
    {
        "UniqueId": 82820
    },
    {
        "UniqueId": 82830
    },
    {
        "UniqueId": 82831
    },
    {
        "UniqueId": 82832
    },
    {
        "UniqueId": 82840
    },
    {
        "UniqueId": 82850
    },
    {
        "UniqueId": 82851
    },
    {
        "UniqueId": 82852
    },
    {
        "UniqueId": 82853
    },
    {
        "UniqueId": 82854
    },
    {
        "UniqueId": 82855
    },
    {
        "UniqueId": 82856
    },
    {
        "UniqueId": 82857
    },
    {
        "UniqueId": 82858
    },
    {
        "UniqueId": 82859
    },
    {
        "UniqueId": 82860
    },
    {
        "UniqueId": 82870
    },
    {
        "UniqueId": 82871
    },
    {
        "UniqueId": 82872
    },
    {
        "UniqueId": 82873
    },
    {
        "UniqueId": 82874
    },
    {
        "UniqueId": 82875
    },
    {
        "UniqueId": 82876
    },
    {
        "UniqueId": 82877
    },
    {
        "UniqueId": 82878
    },
    {
        "UniqueId": 1082800
    },
    {
        "UniqueId": 1082801
    },
    {
        "UniqueId": 1082802
    },
    {
        "UniqueId": 1082810
    },
    {
        "UniqueId": 1082811
    },
    {
        "UniqueId": 1082812
    },
    {
        "UniqueId": 1082820
    },
    {
        "UniqueId": 1082830
    },
    {
        "UniqueId": 1082831
    },
    {
        "UniqueId": 1082832
    },
    {
        "UniqueId": 1082840
    },
    {
        "UniqueId": 1082850
    },
    {
        "UniqueId": 1082851
    },
    {
        "UniqueId": 1082852
    },
    {
        "UniqueId": 1082853
    },
    {
        "UniqueId": 1082854
    },
    {
        "UniqueId": 1082855
    },
    {
        "UniqueId": 1082856
    },
    {
        "UniqueId": 1082857
    },
    {
        "UniqueId": 1082858
    },
    {
        "UniqueId": 1082859
    },
    {
        "UniqueId": 1082860
    },
    {
        "UniqueId": 1082870
    },
    {
        "UniqueId": 1082871
    },
    {
        "UniqueId": 1082872
    },
    {
        "UniqueId": 1082873
    },
    {
        "UniqueId": 1082874
    },
    {
        "UniqueId": 1082875
    },
    {
        "UniqueId": 1082876
    },
    {
        "UniqueId": 1082877
    },
    {
        "UniqueId": 1082878
    },
    {
        "UniqueId": 1082880
    },
    {
        "UniqueId": 99999
    }
]