[
    {
        "UniqueId": 828000000
    },
    {
        "UniqueId": 828000010
    },
    {
        "UniqueId": 828110000
    },
    {
        "UniqueId": 828111000
    },
    {
        "UniqueId": 828111001
    },
    {
        "UniqueId": 828111002
    },
    {
        "UniqueId": 828111010
    },
    {
        "UniqueId": 828111011
    },
    {
        "UniqueId": 828111012
    },
    {
        "UniqueId": 828111020
    },
    {
        "UniqueId": 828111021
    },
    {
        "UniqueId": 828111022
    },
    {
        "UniqueId": 828111030
    },
    {
        "UniqueId": 828111031
    },
    {
        "UniqueId": 828111032
    },
    {
        "UniqueId": 828111040
    },
    {
        "UniqueId": 828111041
    },
    {
        "UniqueId": 828111042
    },
    {
        "UniqueId": 828111050
    },
    {
        "UniqueId": 828111051
    },
    {
        "UniqueId": 828111052
    },
    {
        "UniqueId": 828111060
    },
    {
        "UniqueId": 828111061
    },
    {
        "UniqueId": 828111062
    },
    {
        "UniqueId": 828111070
    },
    {
        "UniqueId": 828111071
    },
    {
        "UniqueId": 828111072
    },
    {
        "UniqueId": 828112000
    },
    {
        "UniqueId": 828112010
    },
    {
        "UniqueId": 828112020
    },
    {
        "UniqueId": 828112030
    },
    {
        "UniqueId": 828112040
    },
    {
        "UniqueId": 828112050
    },
    {
        "UniqueId": 828113000
    },
    {
        "UniqueId": 828113010
    },
    {
        "UniqueId": 828113020
    },
    {
        "UniqueId": 828114000
    },
    {
        "UniqueId": 828114001
    },
    {
        "UniqueId": 828114010
    },
    {
        "UniqueId": 828114011
    },
    {
        "UniqueId": 828210000
    },
    {
        "UniqueId": 828211000
    },
    {
        "UniqueId": 828211001
    },
    {
        "UniqueId": 828211002
    },
    {
        "UniqueId": 828211010
    },
    {
        "UniqueId": 828211011
    },
    {
        "UniqueId": 828211012
    },
    {
        "UniqueId": 828211020
    },
    {
        "UniqueId": 828211021
    },
    {
        "UniqueId": 828211022
    },
    {
        "UniqueId": 828211030
    },
    {
        "UniqueId": 828211031
    },
    {
        "UniqueId": 828211032
    },
    {
        "UniqueId": 828211040
    },
    {
        "UniqueId": 828211041
    },
    {
        "UniqueId": 828211042
    },
    {
        "UniqueId": 828211050
    },
    {
        "UniqueId": 828211051
    },
    {
        "UniqueId": 828211052
    },
    {
        "UniqueId": 828211060
    },
    {
        "UniqueId": 828211061
    },
    {
        "UniqueId": 828211062
    },
    {
        "UniqueId": 828211070
    },
    {
        "UniqueId": 828211071
    },
    {
        "UniqueId": 828211072
    },
    {
        "UniqueId": 828212000
    },
    {
        "UniqueId": 828212010
    },
    {
        "UniqueId": 828212020
    },
    {
        "UniqueId": 828212030
    },
    {
        "UniqueId": 828212040
    },
    {
        "UniqueId": 828212050
    },
    {
        "UniqueId": 828213000
    },
    {
        "UniqueId": 828213010
    },
    {
        "UniqueId": 828213020
    },
    {
        "UniqueId": 828214000
    },
    {
        "UniqueId": 828214001
    },
    {
        "UniqueId": 828214010
    },
    {
        "UniqueId": 828214011
    },
    {
        "UniqueId": 828220000
    },
    {
        "UniqueId": 828221000
    },
    {
        "UniqueId": 828221001
    },
    {
        "UniqueId": 828221002
    },
    {
        "UniqueId": 828221010
    },
    {
        "UniqueId": 828221011
    },
    {
        "UniqueId": 828221012
    },
    {
        "UniqueId": 828221020
    },
    {
        "UniqueId": 828221021
    },
    {
        "UniqueId": 828221022
    },
    {
        "UniqueId": 828221030
    },
    {
        "UniqueId": 828221031
    },
    {
        "UniqueId": 828221032
    },
    {
        "UniqueId": 828310000
    },
    {
        "UniqueId": 828311000
    },
    {
        "UniqueId": 828311001
    },
    {
        "UniqueId": 828311002
    },
    {
        "UniqueId": 828311010
    },
    {
        "UniqueId": 828311011
    },
    {
        "UniqueId": 828311012
    },
    {
        "UniqueId": 828311030
    },
    {
        "UniqueId": 828311031
    },
    {
        "UniqueId": 828311032
    },
    {
        "UniqueId": 828311040
    },
    {
        "UniqueId": 828311041
    },
    {
        "UniqueId": 828311042
    },
    {
        "UniqueId": 828311050
    },
    {
        "UniqueId": 828311051
    },
    {
        "UniqueId": 828311052
    },
    {
        "UniqueId": 828311060
    },
    {
        "UniqueId": 828311061
    },
    {
        "UniqueId": 828311062
    },
    {
        "UniqueId": 828311070
    },
    {
        "UniqueId": 828311071
    },
    {
        "UniqueId": 828311072
    },
    {
        "UniqueId": 828312000
    },
    {
        "UniqueId": 828312010
    },
    {
        "UniqueId": 828312020
    },
    {
        "UniqueId": 828312030
    },
    {
        "UniqueId": 828312040
    },
    {
        "UniqueId": 828312050
    },
    {
        "UniqueId": 828313000
    },
    {
        "UniqueId": 828313010
    },
    {
        "UniqueId": 828313020
    },
    {
        "UniqueId": 828314000
    },
    {
        "UniqueId": 828314001
    },
    {
        "UniqueId": 828314010
    },
    {
        "UniqueId": 828314011
    },
    {
        "UniqueId": 828410000
    },
    {
        "UniqueId": 828411000
    },
    {
        "UniqueId": 828411001
    },
    {
        "UniqueId": 828411002
    },
    {
        "UniqueId": 828411010
    },
    {
        "UniqueId": 828411011
    },
    {
        "UniqueId": 828411012
    },
    {
        "UniqueId": 828411020
    },
    {
        "UniqueId": 828411021
    },
    {
        "UniqueId": 828411022
    },
    {
        "UniqueId": 828411030
    },
    {
        "UniqueId": 828411031
    },
    {
        "UniqueId": 828411032
    },
    {
        "UniqueId": 828411040
    },
    {
        "UniqueId": 828411041
    },
    {
        "UniqueId": 828411042
    },
    {
        "UniqueId": 828411050
    },
    {
        "UniqueId": 828411051
    },
    {
        "UniqueId": 828411052
    },
    {
        "UniqueId": 828411060
    },
    {
        "UniqueId": 828411061
    },
    {
        "UniqueId": 828411062
    },
    {
        "UniqueId": 828411070
    },
    {
        "UniqueId": 828411071
    },
    {
        "UniqueId": 828411072
    },
    {
        "UniqueId": 828412000
    },
    {
        "UniqueId": 828412010
    },
    {
        "UniqueId": 828412020
    },
    {
        "UniqueId": 828412030
    },
    {
        "UniqueId": 828412040
    },
    {
        "UniqueId": 828412050
    },
    {
        "UniqueId": 828413000
    },
    {
        "UniqueId": 828413010
    },
    {
        "UniqueId": 828413020
    },
    {
        "UniqueId": 828414000
    },
    {
        "UniqueId": 828414001
    },
    {
        "UniqueId": 828414010
    },
    {
        "UniqueId": 828414011
    },
    {
        "UniqueId": 828420000
    },
    {
        "UniqueId": 828421000
    },
    {
        "UniqueId": 828421001
    },
    {
        "UniqueId": 828421002
    },
    {
        "UniqueId": 828421010
    },
    {
        "UniqueId": 828421011
    },
    {
        "UniqueId": 828421012
    },
    {
        "UniqueId": 828421020
    },
    {
        "UniqueId": 828421021
    },
    {
        "UniqueId": 828421022
    },
    {
        "UniqueId": 828421030
    },
    {
        "UniqueId": 828421031
    },
    {
        "UniqueId": 828421032
    },
    {
        "UniqueId": 10828000000
    },
    {
        "UniqueId": 10828000010
    },
    {
        "UniqueId": 10828010000
    },
    {
        "UniqueId": 10828011000
    },
    {
        "UniqueId": 10828011001
    },
    {
        "UniqueId": 10828011002
    },
    {
        "UniqueId": 10828012000
    },
    {
        "UniqueId": 10828013000
    },
    {
        "UniqueId": 10828014000
    },
    {
        "UniqueId": 10828014001
    },
    {
        "UniqueId": 10828110000
    },
    {
        "UniqueId": 10828111000
    },
    {
        "UniqueId": 10828111001
    },
    {
        "UniqueId": 10828111002
    },
    {
        "UniqueId": 10828111010
    },
    {
        "UniqueId": 10828111011
    },
    {
        "UniqueId": 10828111012
    },
    {
        "UniqueId": 10828111020
    },
    {
        "UniqueId": 10828111021
    },
    {
        "UniqueId": 10828111022
    },
    {
        "UniqueId": 10828111030
    },
    {
        "UniqueId": 10828111031
    },
    {
        "UniqueId": 10828111032
    },
    {
        "UniqueId": 10828111040
    },
    {
        "UniqueId": 10828111041
    },
    {
        "UniqueId": 10828111042
    },
    {
        "UniqueId": 10828111050
    },
    {
        "UniqueId": 10828111051
    },
    {
        "UniqueId": 10828111052
    },
    {
        "UniqueId": 10828111060
    },
    {
        "UniqueId": 10828111061
    },
    {
        "UniqueId": 10828111062
    },
    {
        "UniqueId": 10828111070
    },
    {
        "UniqueId": 10828111071
    },
    {
        "UniqueId": 10828111072
    },
    {
        "UniqueId": 10828112000
    },
    {
        "UniqueId": 10828112010
    },
    {
        "UniqueId": 10828112020
    },
    {
        "UniqueId": 10828112030
    },
    {
        "UniqueId": 10828112040
    },
    {
        "UniqueId": 10828112050
    },
    {
        "UniqueId": 10828113000
    },
    {
        "UniqueId": 10828113010
    },
    {
        "UniqueId": 10828113020
    },
    {
        "UniqueId": 10828114000
    },
    {
        "UniqueId": 10828114001
    },
    {
        "UniqueId": 10828114010
    },
    {
        "UniqueId": 10828114011
    },
    {
        "UniqueId": 10828210000
    },
    {
        "UniqueId": 10828211000
    },
    {
        "UniqueId": 10828211001
    },
    {
        "UniqueId": 10828211002
    },
    {
        "UniqueId": 10828211010
    },
    {
        "UniqueId": 10828211011
    },
    {
        "UniqueId": 10828211012
    },
    {
        "UniqueId": 10828211020
    },
    {
        "UniqueId": 10828211021
    },
    {
        "UniqueId": 10828211022
    },
    {
        "UniqueId": 10828211030
    },
    {
        "UniqueId": 10828211031
    },
    {
        "UniqueId": 10828211032
    },
    {
        "UniqueId": 10828211040
    },
    {
        "UniqueId": 10828211041
    },
    {
        "UniqueId": 10828211042
    },
    {
        "UniqueId": 10828211050
    },
    {
        "UniqueId": 10828211051
    },
    {
        "UniqueId": 10828211052
    },
    {
        "UniqueId": 10828211060
    },
    {
        "UniqueId": 10828211061
    },
    {
        "UniqueId": 10828211062
    },
    {
        "UniqueId": 10828211070
    },
    {
        "UniqueId": 10828211071
    },
    {
        "UniqueId": 10828211072
    },
    {
        "UniqueId": 10828212000
    },
    {
        "UniqueId": 10828212010
    },
    {
        "UniqueId": 10828212020
    },
    {
        "UniqueId": 10828212030
    },
    {
        "UniqueId": 10828212040
    },
    {
        "UniqueId": 10828212050
    },
    {
        "UniqueId": 10828213000
    },
    {
        "UniqueId": 10828213010
    },
    {
        "UniqueId": 10828213020
    },
    {
        "UniqueId": 10828214000
    },
    {
        "UniqueId": 10828214001
    },
    {
        "UniqueId": 10828214010
    },
    {
        "UniqueId": 10828214011
    },
    {
        "UniqueId": 10828220000
    },
    {
        "UniqueId": 10828221000
    },
    {
        "UniqueId": 10828221001
    },
    {
        "UniqueId": 10828221002
    },
    {
        "UniqueId": 10828221010
    },
    {
        "UniqueId": 10828221011
    },
    {
        "UniqueId": 10828221012
    },
    {
        "UniqueId": 10828221020
    },
    {
        "UniqueId": 10828221021
    },
    {
        "UniqueId": 10828221022
    },
    {
        "UniqueId": 10828221030
    },
    {
        "UniqueId": 10828221031
    },
    {
        "UniqueId": 10828221032
    },
    {
        "UniqueId": 10828310000
    },
    {
        "UniqueId": 10828311000
    },
    {
        "UniqueId": 10828311001
    },
    {
        "UniqueId": 10828311002
    },
    {
        "UniqueId": 10828311010
    },
    {
        "UniqueId": 10828311011
    },
    {
        "UniqueId": 10828311012
    },
    {
        "UniqueId": 10828311030
    },
    {
        "UniqueId": 10828311031
    },
    {
        "UniqueId": 10828311032
    },
    {
        "UniqueId": 10828311040
    },
    {
        "UniqueId": 10828311041
    },
    {
        "UniqueId": 10828311042
    },
    {
        "UniqueId": 10828311050
    },
    {
        "UniqueId": 10828311051
    },
    {
        "UniqueId": 10828311052
    },
    {
        "UniqueId": 10828311060
    },
    {
        "UniqueId": 10828311061
    },
    {
        "UniqueId": 10828311062
    },
    {
        "UniqueId": 10828311070
    },
    {
        "UniqueId": 10828311071
    },
    {
        "UniqueId": 10828311072
    },
    {
        "UniqueId": 10828312000
    },
    {
        "UniqueId": 10828312010
    },
    {
        "UniqueId": 10828312020
    },
    {
        "UniqueId": 10828312030
    },
    {
        "UniqueId": 10828312040
    },
    {
        "UniqueId": 10828312050
    },
    {
        "UniqueId": 10828313000
    },
    {
        "UniqueId": 10828313010
    },
    {
        "UniqueId": 10828313020
    },
    {
        "UniqueId": 10828314000
    },
    {
        "UniqueId": 10828314001
    },
    {
        "UniqueId": 10828314010
    },
    {
        "UniqueId": 10828314011
    },
    {
        "UniqueId": 10828410000
    },
    {
        "UniqueId": 10828411000
    },
    {
        "UniqueId": 10828411001
    },
    {
        "UniqueId": 10828411002
    },
    {
        "UniqueId": 10828411010
    },
    {
        "UniqueId": 10828411011
    },
    {
        "UniqueId": 10828411012
    },
    {
        "UniqueId": 10828411020
    },
    {
        "UniqueId": 10828411021
    },
    {
        "UniqueId": 10828411022
    },
    {
        "UniqueId": 10828411030
    },
    {
        "UniqueId": 10828411031
    },
    {
        "UniqueId": 10828411032
    },
    {
        "UniqueId": 10828411040
    },
    {
        "UniqueId": 10828411041
    },
    {
        "UniqueId": 10828411042
    },
    {
        "UniqueId": 10828411050
    },
    {
        "UniqueId": 10828411051
    },
    {
        "UniqueId": 10828411052
    },
    {
        "UniqueId": 10828411060
    },
    {
        "UniqueId": 10828411061
    },
    {
        "UniqueId": 10828411062
    },
    {
        "UniqueId": 10828411070
    },
    {
        "UniqueId": 10828411071
    },
    {
        "UniqueId": 10828411072
    },
    {
        "UniqueId": 10828412000
    },
    {
        "UniqueId": 10828412010
    },
    {
        "UniqueId": 10828412020
    },
    {
        "UniqueId": 10828412030
    },
    {
        "UniqueId": 10828412040
    },
    {
        "UniqueId": 10828412050
    },
    {
        "UniqueId": 10828413000
    },
    {
        "UniqueId": 10828413010
    },
    {
        "UniqueId": 10828413020
    },
    {
        "UniqueId": 10828414000
    },
    {
        "UniqueId": 10828414001
    },
    {
        "UniqueId": 10828414010
    },
    {
        "UniqueId": 10828414011
    },
    {
        "UniqueId": 10828420000
    },
    {
        "UniqueId": 10828421000
    },
    {
        "UniqueId": 10828421001
    },
    {
        "UniqueId": 10828421002
    },
    {
        "UniqueId": 10828421010
    },
    {
        "UniqueId": 10828421011
    },
    {
        "UniqueId": 10828421012
    },
    {
        "UniqueId": 10828421020
    },
    {
        "UniqueId": 10828421021
    },
    {
        "UniqueId": 10828421022
    },
    {
        "UniqueId": 10828421030
    },
    {
        "UniqueId": 10828421031
    },
    {
        "UniqueId": 10828421032
    }
]