[
    {
        "UniqueId": 8040101
    },
    {
        "UniqueId": 8040102
    },
    {
        "UniqueId": 8040103
    },
    {
        "UniqueId": 8040210
    },
    {
        "UniqueId": 8070101
    },
    {
        "UniqueId": 8070102
    },
    {
        "UniqueId": 8070103
    },
    {
        "UniqueId": 8070104
    },
    {
        "UniqueId": 8070201
    },
    {
        "UniqueId": 8070202
    },
    {
        "UniqueId": 8070203
    },
    {
        "UniqueId": 8070204
    },
    {
        "UniqueId": 8070301
    },
    {
        "UniqueId": 8070302
    },
    {
        "UniqueId": 8070303
    },
    {
        "UniqueId": 8070304
    },
    {
        "UniqueId": 108040101
    },
    {
        "UniqueId": 108040102
    },
    {
        "UniqueId": 108040103
    },
    {
        "UniqueId": 108040210
    }
]