[
    {
        "EventContentId": 836,
        "DreamMakerScheduleGroupId": 100
    },
    {
        "EventContentId": 836,
        "DreamMakerScheduleGroupId": 200
    },
    {
        "EventContentId": 836,
        "DreamMakerScheduleGroupId": 300
    },
    {
        "EventContentId": 836,
        "DreamMakerScheduleGroupId": 400
    },
    {
        "EventContentId": 10836,
        "DreamMakerScheduleGroupId": 10100
    },
    {
        "EventContentId": 10836,
        "DreamMakerScheduleGroupId": 10200
    },
    {
        "EventContentId": 10836,
        "DreamMakerScheduleGroupId": 10300
    },
    {
        "EventContentId": 10836,
        "DreamMakerScheduleGroupId": 10400
    }
]