[
    {
        "RhythmBgmId": 80401,
        "EventContentId": 804
    },
    {
        "RhythmBgmId": 80402,
        "EventContentId": 804
    },
    {
        "RhythmBgmId": 80701,
        "EventContentId": 807
    },
    {
        "RhythmBgmId": 80702,
        "EventContentId": 807
    },
    {
        "RhythmBgmId": 80703,
        "EventContentId": 807
    },
    {
        "RhythmBgmId": 1080401,
        "EventContentId": 10804
    },
    {
        "RhythmBgmId": 1080402,
        "EventContentId": 10804
    }
]