[
    {
        "UniqueId": 1
    },
    {
        "UniqueId": 2
    },
    {
        "UniqueId": 3
    },
    {
        "UniqueId": 4
    },
    {
        "UniqueId": 5
    },
    {
        "UniqueId": 10000
    },
    {
        "UniqueId": 10001
    },
    {
        "UniqueId": 10002
    },
    {
        "UniqueId": 11011
    },
    {
        "UniqueId": 11012
    },
    {
        "UniqueId": 11013
    },
    {
        "UniqueId": 11014
    },
    {
        "UniqueId": 11021
    },
    {
        "UniqueId": 11022
    },
    {
        "UniqueId": 11023
    },
    {
        "UniqueId": 11024
    },
    {
        "UniqueId": 11031
    },
    {
        "UniqueId": 11032
    },
    {
        "UniqueId": 11033
    },
    {
        "UniqueId": 11041
    },
    {
        "UniqueId": 11042
    },
    {
        "UniqueId": 11043
    },
    {
        "UniqueId": 11044
    },
    {
        "UniqueId": 12051
    },
    {
        "UniqueId": 12052
    },
    {
        "UniqueId": 12061
    },
    {
        "UniqueId": 12062
    },
    {
        "UniqueId": 12071
    },
    {
        "UniqueId": 12072
    },
    {
        "UniqueId": 12073
    },
    {
        "UniqueId": 12074
    },
    {
        "UniqueId": 12081
    },
    {
        "UniqueId": 12082
    },
    {
        "UniqueId": 12091
    },
    {
        "UniqueId": 12092
    },
    {
        "UniqueId": 21011
    },
    {
        "UniqueId": 21012
    },
    {
        "UniqueId": 21021
    },
    {
        "UniqueId": 21022
    },
    {
        "UniqueId": 21041
    },
    {
        "UniqueId": 21042
    },
    {
        "UniqueId": 31101
    },
    {
        "UniqueId": 210000
    },
    {
        "UniqueId": 210001
    },
    {
        "UniqueId": 211011
    },
    {
        "UniqueId": 211012
    },
    {
        "UniqueId": 211013
    },
    {
        "UniqueId": 211014
    },
    {
        "UniqueId": 211021
    },
    {
        "UniqueId": 211022
    },
    {
        "UniqueId": 211023
    },
    {
        "UniqueId": 211024
    },
    {
        "UniqueId": 211031
    },
    {
        "UniqueId": 211032
    },
    {
        "UniqueId": 211033
    },
    {
        "UniqueId": 211041
    },
    {
        "UniqueId": 211042
    },
    {
        "UniqueId": 211043
    },
    {
        "UniqueId": 211044
    },
    {
        "UniqueId": 212051
    },
    {
        "UniqueId": 212052
    },
    {
        "UniqueId": 212061
    },
    {
        "UniqueId": 212062
    },
    {
        "UniqueId": 212071
    },
    {
        "UniqueId": 212072
    },
    {
        "UniqueId": 212073
    },
    {
        "UniqueId": 212074
    },
    {
        "UniqueId": 212081
    },
    {
        "UniqueId": 212082
    },
    {
        "UniqueId": 212091
    },
    {
        "UniqueId": 212092
    },
    {
        "UniqueId": 221011
    },
    {
        "UniqueId": 221012
    },
    {
        "UniqueId": 221021
    },
    {
        "UniqueId": 221022
    },
    {
        "UniqueId": 221041
    },
    {
        "UniqueId": 221042
    },
    {
        "UniqueId": 231101
    },
    {
        "UniqueId": 11051
    },
    {
        "UniqueId": 11052
    },
    {
        "UniqueId": 11053
    },
    {
        "UniqueId": 11061
    },
    {
        "UniqueId": 11062
    },
    {
        "UniqueId": 11063
    },
    {
        "UniqueId": 11071
    },
    {
        "UniqueId": 11072
    },
    {
        "UniqueId": 11073
    },
    {
        "UniqueId": 11081
    },
    {
        "UniqueId": 11082
    },
    {
        "UniqueId": 11083
    },
    {
        "UniqueId": 21051
    },
    {
        "UniqueId": 21052
    },
    {
        "UniqueId": 21053
    },
    {
        "UniqueId": 21054
    },
    {
        "UniqueId": 21061
    },
    {
        "UniqueId": 21062
    },
    {
        "UniqueId": 21063
    },
    {
        "UniqueId": 21064
    },
    {
        "UniqueId": 21071
    },
    {
        "UniqueId": 21072
    },
    {
        "UniqueId": 211051
    },
    {
        "UniqueId": 211052
    },
    {
        "UniqueId": 211053
    },
    {
        "UniqueId": 211061
    },
    {
        "UniqueId": 211062
    },
    {
        "UniqueId": 211063
    },
    {
        "UniqueId": 211071
    },
    {
        "UniqueId": 211072
    },
    {
        "UniqueId": 211073
    },
    {
        "UniqueId": 211081
    },
    {
        "UniqueId": 211082
    },
    {
        "UniqueId": 211083
    },
    {
        "UniqueId": 221051
    },
    {
        "UniqueId": 221052
    },
    {
        "UniqueId": 221053
    },
    {
        "UniqueId": 221054
    },
    {
        "UniqueId": 221061
    },
    {
        "UniqueId": 221062
    },
    {
        "UniqueId": 221063
    },
    {
        "UniqueId": 221064
    },
    {
        "UniqueId": 221071
    },
    {
        "UniqueId": 221072
    },
    {
        "UniqueId": 310000
    },
    {
        "UniqueId": 310001
    },
    {
        "UniqueId": 310002
    },
    {
        "UniqueId": 311011
    },
    {
        "UniqueId": 311012
    },
    {
        "UniqueId": 311013
    },
    {
        "UniqueId": 311014
    },
    {
        "UniqueId": 311021
    },
    {
        "UniqueId": 311022
    },
    {
        "UniqueId": 311023
    },
    {
        "UniqueId": 311024
    },
    {
        "UniqueId": 311031
    },
    {
        "UniqueId": 311032
    },
    {
        "UniqueId": 311033
    },
    {
        "UniqueId": 311041
    },
    {
        "UniqueId": 311042
    },
    {
        "UniqueId": 311043
    },
    {
        "UniqueId": 311044
    },
    {
        "UniqueId": 311051
    },
    {
        "UniqueId": 311052
    },
    {
        "UniqueId": 311053
    },
    {
        "UniqueId": 311061
    },
    {
        "UniqueId": 311062
    },
    {
        "UniqueId": 311063
    },
    {
        "UniqueId": 311071
    },
    {
        "UniqueId": 311072
    },
    {
        "UniqueId": 311073
    },
    {
        "UniqueId": 311081
    },
    {
        "UniqueId": 311082
    },
    {
        "UniqueId": 311083
    },
    {
        "UniqueId": 312051
    },
    {
        "UniqueId": 312052
    },
    {
        "UniqueId": 312061
    },
    {
        "UniqueId": 312062
    },
    {
        "UniqueId": 312071
    },
    {
        "UniqueId": 312072
    },
    {
        "UniqueId": 312073
    },
    {
        "UniqueId": 312074
    },
    {
        "UniqueId": 312081
    },
    {
        "UniqueId": 312082
    },
    {
        "UniqueId": 312091
    },
    {
        "UniqueId": 312092
    },
    {
        "UniqueId": 321011
    },
    {
        "UniqueId": 321012
    },
    {
        "UniqueId": 321021
    },
    {
        "UniqueId": 321022
    },
    {
        "UniqueId": 321041
    },
    {
        "UniqueId": 321042
    },
    {
        "UniqueId": 321051
    },
    {
        "UniqueId": 321052
    },
    {
        "UniqueId": 321053
    },
    {
        "UniqueId": 321054
    },
    {
        "UniqueId": 321061
    },
    {
        "UniqueId": 321062
    },
    {
        "UniqueId": 321063
    },
    {
        "UniqueId": 321064
    },
    {
        "UniqueId": 321071
    },
    {
        "UniqueId": 321072
    },
    {
        "UniqueId": 321091
    },
    {
        "UniqueId": 321092
    },
    {
        "UniqueId": 321093
    },
    {
        "UniqueId": 321094
    },
    {
        "UniqueId": 321095
    },
    {
        "UniqueId": 321096
    },
    {
        "UniqueId": 321097
    },
    {
        "UniqueId": 321098
    },
    {
        "UniqueId": 321099
    },
    {
        "UniqueId": 321100
    },
    {
        "UniqueId": 321101
    },
    {
        "UniqueId": 321102
    },
    {
        "UniqueId": 321103
    },
    {
        "UniqueId": 331101
    },
    {
        "UniqueId": 999997
    },
    {
        "UniqueId": 999998
    },
    {
        "UniqueId": 999999
    }
]