[
    {
        "ControllerNameHash": 1370139560
    },
    {
        "ControllerNameHash": 2974078760
    },
    {
        "ControllerNameHash": 3853271645
    },
    {
        "ControllerNameHash": 3074584757
    },
    {
        "ControllerNameHash": 206466382
    },
    {
        "ControllerNameHash": 930391890
    },
    {
        "ControllerNameHash": 930391890
    },
    {
        "ControllerNameHash": 930391890
    },
    {
        "ControllerNameHash": 930391890
    },
    {
        "ControllerNameHash": 1072926509
    },
    {
        "ControllerNameHash": 3267491504
    }
]