[
    {
        "Id": 100838101,
        "EventContentId": 838
    },
    {
        "Id": 100838102,
        "EventContentId": 838
    },
    {
        "Id": 100838103,
        "EventContentId": 838
    },
    {
        "Id": 100838201,
        "EventContentId": 838
    },
    {
        "Id": 100838202,
        "EventContentId": 838
    },
    {
        "Id": 100838203,
        "EventContentId": 838
    },
    {
        "Id": 100838204,
        "EventContentId": 838
    },
    {
        "Id": 100838301,
        "EventContentId": 838
    },
    {
        "Id": 100838302,
        "EventContentId": 838
    },
    {
        "Id": 100838303,
        "EventContentId": 838
    },
    {
        "Id": 100838304,
        "EventContentId": 838
    }
]