[
    {
        "EventContentId": 846,
        "UniqueId": 846001,
        "VoiceCondition": 1
    },
    {
        "EventContentId": 846,
        "UniqueId": 846002,
        "VoiceCondition": 1
    },
    {
        "EventContentId": 846,
        "UniqueId": 846003,
        "VoiceCondition": 1
    },
    {
        "EventContentId": 846,
        "UniqueId": 846101,
        "VoiceCondition": 2
    },
    {
        "EventContentId": 846,
        "UniqueId": 846102,
        "VoiceCondition": 2
    },
    {
        "EventContentId": 846,
        "UniqueId": 846103,
        "VoiceCondition": 2
    }
]