[
    {
        "Id": 8041001
    },
    {
        "Id": 8041002
    },
    {
        "Id": 8041003
    },
    {
        "Id": 8041004
    },
    {
        "Id": 8041005
    },
    {
        "Id": 8041006
    },
    {
        "Id": 8041007
    },
    {
        "Id": 8041008
    },
    {
        "Id": 8041009
    },
    {
        "Id": 8041010
    },
    {
        "Id": 8041011
    },
    {
        "Id": 8041012
    },
    {
        "Id": 8041013
    },
    {
        "Id": 8041014
    },
    {
        "Id": 8041015
    },
    {
        "Id": 8041016
    },
    {
        "Id": 8041017
    },
    {
        "Id": 8041018
    },
    {
        "Id": 8041019
    },
    {
        "Id": 8041020
    },
    {
        "Id": 8041021
    },
    {
        "Id": 8041022
    },
    {
        "Id": 8041023
    },
    {
        "Id": 8041024
    },
    {
        "Id": 8041025
    },
    {
        "Id": 8041026
    },
    {
        "Id": 8041027
    },
    {
        "Id": 8041028
    },
    {
        "Id": 8041029
    },
    {
        "Id": 8041030
    },
    {
        "Id": 8041031
    },
    {
        "Id": 8041032
    },
    {
        "Id": 8041033
    },
    {
        "Id": 8041034
    },
    {
        "Id": 8041035
    },
    {
        "Id": 8041036
    },
    {
        "Id": 8041037
    },
    {
        "Id": 8041038
    },
    {
        "Id": 8041039
    },
    {
        "Id": 8041040
    },
    {
        "Id": 8041041
    },
    {
        "Id": 8041042
    },
    {
        "Id": 8041043
    },
    {
        "Id": 8041044
    },
    {
        "Id": 8070001
    },
    {
        "Id": 8070002
    },
    {
        "Id": 8070003
    },
    {
        "Id": 8070004
    },
    {
        "Id": 8070005
    },
    {
        "Id": 8070006
    },
    {
        "Id": 8070007
    },
    {
        "Id": 8070101
    },
    {
        "Id": 8070102
    },
    {
        "Id": 8070103
    },
    {
        "Id": 8070104
    },
    {
        "Id": 8070105
    },
    {
        "Id": 8070106
    },
    {
        "Id": 8070107
    },
    {
        "Id": 8070108
    },
    {
        "Id": 8070109
    },
    {
        "Id": 8070110
    },
    {
        "Id": 8070111
    },
    {
        "Id": 8070112
    },
    {
        "Id": 8070113
    },
    {
        "Id": 8070114
    },
    {
        "Id": 8070115
    },
    {
        "Id": 8070116
    },
    {
        "Id": 108041001
    },
    {
        "Id": 108041002
    },
    {
        "Id": 108041003
    },
    {
        "Id": 108041004
    },
    {
        "Id": 108041005
    },
    {
        "Id": 108041006
    },
    {
        "Id": 108041007
    },
    {
        "Id": 108041008
    },
    {
        "Id": 108041009
    },
    {
        "Id": 108041010
    },
    {
        "Id": 108041011
    },
    {
        "Id": 108041012
    },
    {
        "Id": 108041013
    },
    {
        "Id": 108041014
    },
    {
        "Id": 108041015
    },
    {
        "Id": 108041019
    },
    {
        "Id": 108041021
    },
    {
        "Id": 108041022
    },
    {
        "Id": 108041023
    },
    {
        "Id": 108041027
    },
    {
        "Id": 108041029
    },
    {
        "Id": 108041030
    },
    {
        "Id": 108041031
    },
    {
        "Id": 108041035
    },
    {
        "Id": 108041037
    },
    {
        "Id": 108041038
    },
    {
        "Id": 108041039
    },
    {
        "Id": 108041043
    },
    {
        "Id": 8250001
    },
    {
        "Id": 8250002
    },
    {
        "Id": 8250003
    },
    {
        "Id": 8250004
    },
    {
        "Id": 8250005
    },
    {
        "Id": 8250006
    },
    {
        "Id": 8250007
    },
    {
        "Id": 8250008
    },
    {
        "Id": 8250009
    },
    {
        "Id": 8250010
    },
    {
        "Id": 8250011
    },
    {
        "Id": 8250012
    },
    {
        "Id": 8250013
    },
    {
        "Id": 8250014
    },
    {
        "Id": 8250015
    },
    {
        "Id": 8250016
    },
    {
        "Id": 8250017
    },
    {
        "Id": 8250018
    },
    {
        "Id": 8250019
    },
    {
        "Id": 8250020
    },
    {
        "Id": 8250021
    },
    {
        "Id": 8250022
    },
    {
        "Id": 8250023
    },
    {
        "Id": 8250024
    },
    {
        "Id": 8250025
    },
    {
        "Id": 8250026
    },
    {
        "Id": 8250027
    },
    {
        "Id": 8250028
    },
    {
        "Id": 8250029
    },
    {
        "Id": 8250030
    },
    {
        "Id": 8250031
    },
    {
        "Id": 8250032
    },
    {
        "Id": 8250033
    },
    {
        "Id": 8250034
    },
    {
        "Id": 8250035
    },
    {
        "Id": 8250036
    },
    {
        "Id": 8330000
    },
    {
        "Id": 8330001
    },
    {
        "Id": 8330002
    },
    {
        "Id": 8330003
    },
    {
        "Id": 8330004
    },
    {
        "Id": 8330005
    },
    {
        "Id": 8330006
    },
    {
        "Id": 8330007
    },
    {
        "Id": 8330008
    },
    {
        "Id": 8330009
    },
    {
        "Id": 8330010
    },
    {
        "Id": 8330011
    },
    {
        "Id": 8330012
    },
    {
        "Id": 8330013
    },
    {
        "Id": 8330014
    },
    {
        "Id": 8330015
    },
    {
        "Id": 8330016
    },
    {
        "Id": 8330017
    },
    {
        "Id": 8330018
    },
    {
        "Id": 8330019
    },
    {
        "Id": 8330020
    },
    {
        "Id": 8330021
    },
    {
        "Id": 8330022
    },
    {
        "Id": 8330023
    },
    {
        "Id": 8330024
    },
    {
        "Id": 8330025
    },
    {
        "Id": 8330026
    },
    {
        "Id": 8330027
    },
    {
        "Id": 8330028
    },
    {
        "Id": 8330029
    },
    {
        "Id": 8330030
    },
    {
        "Id": 8330031
    },
    {
        "Id": 8360000
    },
    {
        "Id": 8360001
    },
    {
        "Id": 8360002
    },
    {
        "Id": 8360003
    },
    {
        "Id": 8360004
    },
    {
        "Id": 8360005
    },
    {
        "Id": 8360006
    },
    {
        "Id": 8360007
    },
    {
        "Id": 8360008
    },
    {
        "Id": 8360009
    },
    {
        "Id": 8360010
    },
    {
        "Id": 8360011
    },
    {
        "Id": 8360012
    },
    {
        "Id": 8360013
    },
    {
        "Id": 8360014
    },
    {
        "Id": 8360015
    },
    {
        "Id": 8360016
    },
    {
        "Id": 8360017
    },
    {
        "Id": 8360018
    },
    {
        "Id": 8360019
    },
    {
        "Id": 8360020
    },
    {
        "Id": 8360021
    },
    {
        "Id": 8360022
    },
    {
        "Id": 8360023
    },
    {
        "Id": 8360024
    },
    {
        "Id": 8360025
    },
    {
        "Id": 8360026
    },
    {
        "Id": 8360027
    },
    {
        "Id": 8360028
    },
    {
        "Id": 8360029
    },
    {
        "Id": 8360030
    },
    {
        "Id": 8360031
    },
    {
        "Id": 8360032
    },
    {
        "Id": 8360033
    },
    {
        "Id": 8360034
    },
    {
        "Id": 8360035
    },
    {
        "Id": 8360036
    },
    {
        "Id": 8360037
    },
    {
        "Id": 8360038
    },
    {
        "Id": 8360039
    },
    {
        "Id": 8360040
    },
    {
        "Id": 8360041
    },
    {
        "Id": 8360042
    },
    {
        "Id": 8360043
    },
    {
        "Id": 108250001
    },
    {
        "Id": 108250002
    },
    {
        "Id": 108250003
    },
    {
        "Id": 108250004
    },
    {
        "Id": 108250005
    },
    {
        "Id": 108250006
    },
    {
        "Id": 108250007
    },
    {
        "Id": 108250008
    },
    {
        "Id": 108250009
    },
    {
        "Id": 108250010
    },
    {
        "Id": 108250011
    },
    {
        "Id": 108250012
    },
    {
        "Id": 108250013
    },
    {
        "Id": 108250014
    },
    {
        "Id": 108250015
    },
    {
        "Id": 108250016
    },
    {
        "Id": 108250017
    },
    {
        "Id": 108250018
    },
    {
        "Id": 108250019
    },
    {
        "Id": 108250020
    },
    {
        "Id": 108250021
    },
    {
        "Id": 108250022
    },
    {
        "Id": 108250023
    },
    {
        "Id": 108250024
    },
    {
        "Id": 108250025
    },
    {
        "Id": 108250026
    },
    {
        "Id": 108250027
    },
    {
        "Id": 108250028
    },
    {
        "Id": 108250029
    },
    {
        "Id": 108250030
    },
    {
        "Id": 108250031
    },
    {
        "Id": 108250032
    },
    {
        "Id": 108250033
    },
    {
        "Id": 108250034
    },
    {
        "Id": 108250035
    },
    {
        "Id": 108250036
    },
    {
        "Id": 108250037
    },
    {
        "Id": 108250038
    },
    {
        "Id": 108250039
    },
    {
        "Id": 108250040
    },
    {
        "Id": 8380000
    },
    {
        "Id": 8380001
    },
    {
        "Id": 8380002
    },
    {
        "Id": 8380003
    },
    {
        "Id": 8380004
    },
    {
        "Id": 8380005
    },
    {
        "Id": 8380006
    },
    {
        "Id": 8380007
    },
    {
        "Id": 8380008
    },
    {
        "Id": 8380009
    },
    {
        "Id": 8380010
    },
    {
        "Id": 8380011
    },
    {
        "Id": 8380012
    },
    {
        "Id": 8380013
    },
    {
        "Id": 8380014
    },
    {
        "Id": 8380015
    },
    {
        "Id": 8380016
    },
    {
        "Id": 8380017
    },
    {
        "Id": 108330001
    },
    {
        "Id": 108330002
    },
    {
        "Id": 108330003
    },
    {
        "Id": 108330004
    },
    {
        "Id": 108330005
    },
    {
        "Id": 108330006
    },
    {
        "Id": 108330007
    },
    {
        "Id": 108330008
    },
    {
        "Id": 108330009
    },
    {
        "Id": 108330010
    },
    {
        "Id": 108330011
    },
    {
        "Id": 108330012
    },
    {
        "Id": 108330013
    },
    {
        "Id": 108330014
    },
    {
        "Id": 108330015
    },
    {
        "Id": 108330016
    },
    {
        "Id": 108330017
    },
    {
        "Id": 108330018
    },
    {
        "Id": 108330019
    },
    {
        "Id": 108330020
    },
    {
        "Id": 108330021
    },
    {
        "Id": 108330022
    },
    {
        "Id": 108330023
    },
    {
        "Id": 108330024
    },
    {
        "Id": 108330025
    },
    {
        "Id": 108330026
    },
    {
        "Id": 108330027
    },
    {
        "Id": 108330028
    },
    {
        "Id": 108330029
    },
    {
        "Id": 108330030
    },
    {
        "Id": 108330031
    },
    {
        "Id": 108330032
    },
    {
        "Id": 8430000
    },
    {
        "Id": 8430001
    },
    {
        "Id": 8430002
    },
    {
        "Id": 8430003
    },
    {
        "Id": 8430004
    },
    {
        "Id": 8430005
    },
    {
        "Id": 8430006
    },
    {
        "Id": 8430007
    },
    {
        "Id": 8430008
    },
    {
        "Id": 8430009
    },
    {
        "Id": 8430010
    },
    {
        "Id": 8430011
    },
    {
        "Id": 8430012
    },
    {
        "Id": 8430013
    },
    {
        "Id": 8430014
    },
    {
        "Id": 8430015
    },
    {
        "Id": 8430016
    },
    {
        "Id": 8430017
    },
    {
        "Id": 8430018
    },
    {
        "Id": 8430019
    },
    {
        "Id": 8430020
    },
    {
        "Id": 8430021
    },
    {
        "Id": 8430022
    },
    {
        "Id": 8430023
    },
    {
        "Id": 8430024
    },
    {
        "Id": 8430025
    },
    {
        "Id": 8430026
    },
    {
        "Id": 108360000
    },
    {
        "Id": 108360001
    },
    {
        "Id": 108360002
    },
    {
        "Id": 108360003
    },
    {
        "Id": 108360004
    },
    {
        "Id": 108360005
    },
    {
        "Id": 108360006
    },
    {
        "Id": 108360007
    },
    {
        "Id": 108360008
    },
    {
        "Id": 108360009
    },
    {
        "Id": 108360010
    },
    {
        "Id": 108360011
    },
    {
        "Id": 108360012
    },
    {
        "Id": 108360013
    },
    {
        "Id": 108360014
    },
    {
        "Id": 108360015
    },
    {
        "Id": 108360016
    },
    {
        "Id": 108360017
    },
    {
        "Id": 108360018
    },
    {
        "Id": 108360019
    },
    {
        "Id": 108360020
    },
    {
        "Id": 108360021
    },
    {
        "Id": 108360022
    },
    {
        "Id": 108360023
    },
    {
        "Id": 108360024
    },
    {
        "Id": 108360025
    },
    {
        "Id": 108360026
    },
    {
        "Id": 108360027
    },
    {
        "Id": 108360028
    },
    {
        "Id": 108360029
    },
    {
        "Id": 108360030
    },
    {
        "Id": 108360031
    },
    {
        "Id": 108360032
    },
    {
        "Id": 108360033
    },
    {
        "Id": 108360034
    },
    {
        "Id": 108360035
    },
    {
        "Id": 108360036
    },
    {
        "Id": 108360037
    },
    {
        "Id": 108360038
    },
    {
        "Id": 108360039
    },
    {
        "Id": 108360040
    },
    {
        "Id": 108360041
    },
    {
        "Id": 108360042
    },
    {
        "Id": 108360043
    }
]