[
    {
        "UniqueId": 82800000
    },
    {
        "UniqueId": 82800001
    },
    {
        "UniqueId": 82811000
    },
    {
        "UniqueId": 82811100
    },
    {
        "UniqueId": 82811101
    },
    {
        "UniqueId": 82811102
    },
    {
        "UniqueId": 82811103
    },
    {
        "UniqueId": 82811104
    },
    {
        "UniqueId": 82811105
    },
    {
        "UniqueId": 82811106
    },
    {
        "UniqueId": 82811107
    },
    {
        "UniqueId": 82811200
    },
    {
        "UniqueId": 82811201
    },
    {
        "UniqueId": 82811202
    },
    {
        "UniqueId": 82811203
    },
    {
        "UniqueId": 82811204
    },
    {
        "UniqueId": 82811205
    },
    {
        "UniqueId": 82811300
    },
    {
        "UniqueId": 82811301
    },
    {
        "UniqueId": 82811302
    },
    {
        "UniqueId": 82811400
    },
    {
        "UniqueId": 82811401
    },
    {
        "UniqueId": 82821000
    },
    {
        "UniqueId": 82821100
    },
    {
        "UniqueId": 82821101
    },
    {
        "UniqueId": 82821102
    },
    {
        "UniqueId": 82821103
    },
    {
        "UniqueId": 82821104
    },
    {
        "UniqueId": 82821105
    },
    {
        "UniqueId": 82821106
    },
    {
        "UniqueId": 82821107
    },
    {
        "UniqueId": 82821200
    },
    {
        "UniqueId": 82821201
    },
    {
        "UniqueId": 82821202
    },
    {
        "UniqueId": 82821203
    },
    {
        "UniqueId": 82821204
    },
    {
        "UniqueId": 82821205
    },
    {
        "UniqueId": 82821300
    },
    {
        "UniqueId": 82821301
    },
    {
        "UniqueId": 82821302
    },
    {
        "UniqueId": 82821400
    },
    {
        "UniqueId": 82821401
    },
    {
        "UniqueId": 82822000
    },
    {
        "UniqueId": 82822100
    },
    {
        "UniqueId": 82822101
    },
    {
        "UniqueId": 82822102
    },
    {
        "UniqueId": 82822103
    },
    {
        "UniqueId": 82831000
    },
    {
        "UniqueId": 82831100
    },
    {
        "UniqueId": 82831101
    },
    {
        "UniqueId": 82831103
    },
    {
        "UniqueId": 82831104
    },
    {
        "UniqueId": 82831105
    },
    {
        "UniqueId": 82831106
    },
    {
        "UniqueId": 82831107
    },
    {
        "UniqueId": 82831200
    },
    {
        "UniqueId": 82831201
    },
    {
        "UniqueId": 82831202
    },
    {
        "UniqueId": 82831203
    },
    {
        "UniqueId": 82831204
    },
    {
        "UniqueId": 82831205
    },
    {
        "UniqueId": 82831300
    },
    {
        "UniqueId": 82831301
    },
    {
        "UniqueId": 82831302
    },
    {
        "UniqueId": 82831400
    },
    {
        "UniqueId": 82831401
    },
    {
        "UniqueId": 82841000
    },
    {
        "UniqueId": 82841100
    },
    {
        "UniqueId": 82841101
    },
    {
        "UniqueId": 82841102
    },
    {
        "UniqueId": 82841103
    },
    {
        "UniqueId": 82841104
    },
    {
        "UniqueId": 82841105
    },
    {
        "UniqueId": 82841106
    },
    {
        "UniqueId": 82841107
    },
    {
        "UniqueId": 82841200
    },
    {
        "UniqueId": 82841201
    },
    {
        "UniqueId": 82841202
    },
    {
        "UniqueId": 82841203
    },
    {
        "UniqueId": 82841204
    },
    {
        "UniqueId": 82841205
    },
    {
        "UniqueId": 82841300
    },
    {
        "UniqueId": 82841301
    },
    {
        "UniqueId": 82841302
    },
    {
        "UniqueId": 82841400
    },
    {
        "UniqueId": 82841401
    },
    {
        "UniqueId": 82842000
    },
    {
        "UniqueId": 82842100
    },
    {
        "UniqueId": 82842101
    },
    {
        "UniqueId": 82842102
    },
    {
        "UniqueId": 82842103
    },
    {
        "UniqueId": 1082800000
    },
    {
        "UniqueId": 1082800001
    },
    {
        "UniqueId": 1082801000
    },
    {
        "UniqueId": 1082801100
    },
    {
        "UniqueId": 1082801200
    },
    {
        "UniqueId": 1082801300
    },
    {
        "UniqueId": 1082801400
    },
    {
        "UniqueId": 1082811000
    },
    {
        "UniqueId": 1082811100
    },
    {
        "UniqueId": 1082811101
    },
    {
        "UniqueId": 1082811102
    },
    {
        "UniqueId": 1082811103
    },
    {
        "UniqueId": 1082811104
    },
    {
        "UniqueId": 1082811105
    },
    {
        "UniqueId": 1082811106
    },
    {
        "UniqueId": 1082811107
    },
    {
        "UniqueId": 1082811200
    },
    {
        "UniqueId": 1082811201
    },
    {
        "UniqueId": 1082811202
    },
    {
        "UniqueId": 1082811203
    },
    {
        "UniqueId": 1082811204
    },
    {
        "UniqueId": 1082811205
    },
    {
        "UniqueId": 1082811300
    },
    {
        "UniqueId": 1082811301
    },
    {
        "UniqueId": 1082811302
    },
    {
        "UniqueId": 1082811400
    },
    {
        "UniqueId": 1082811401
    },
    {
        "UniqueId": 1082821000
    },
    {
        "UniqueId": 1082821100
    },
    {
        "UniqueId": 1082821101
    },
    {
        "UniqueId": 1082821102
    },
    {
        "UniqueId": 1082821103
    },
    {
        "UniqueId": 1082821104
    },
    {
        "UniqueId": 1082821105
    },
    {
        "UniqueId": 1082821106
    },
    {
        "UniqueId": 1082821107
    },
    {
        "UniqueId": 1082821200
    },
    {
        "UniqueId": 1082821201
    },
    {
        "UniqueId": 1082821202
    },
    {
        "UniqueId": 1082821203
    },
    {
        "UniqueId": 1082821204
    },
    {
        "UniqueId": 1082821205
    },
    {
        "UniqueId": 1082821300
    },
    {
        "UniqueId": 1082821301
    },
    {
        "UniqueId": 1082821302
    },
    {
        "UniqueId": 1082821400
    },
    {
        "UniqueId": 1082821401
    },
    {
        "UniqueId": 1082822000
    },
    {
        "UniqueId": 1082822100
    },
    {
        "UniqueId": 1082822101
    },
    {
        "UniqueId": 1082822102
    },
    {
        "UniqueId": 1082822103
    },
    {
        "UniqueId": 1082831000
    },
    {
        "UniqueId": 1082831100
    },
    {
        "UniqueId": 1082831101
    },
    {
        "UniqueId": 1082831103
    },
    {
        "UniqueId": 1082831104
    },
    {
        "UniqueId": 1082831105
    },
    {
        "UniqueId": 1082831106
    },
    {
        "UniqueId": 1082831107
    },
    {
        "UniqueId": 1082831200
    },
    {
        "UniqueId": 1082831201
    },
    {
        "UniqueId": 1082831202
    },
    {
        "UniqueId": 1082831203
    },
    {
        "UniqueId": 1082831204
    },
    {
        "UniqueId": 1082831205
    },
    {
        "UniqueId": 1082831300
    },
    {
        "UniqueId": 1082831301
    },
    {
        "UniqueId": 1082831302
    },
    {
        "UniqueId": 1082831400
    },
    {
        "UniqueId": 1082831401
    },
    {
        "UniqueId": 1082841000
    },
    {
        "UniqueId": 1082841100
    },
    {
        "UniqueId": 1082841101
    },
    {
        "UniqueId": 1082841102
    },
    {
        "UniqueId": 1082841103
    },
    {
        "UniqueId": 1082841104
    },
    {
        "UniqueId": 1082841105
    },
    {
        "UniqueId": 1082841106
    },
    {
        "UniqueId": 1082841107
    },
    {
        "UniqueId": 1082841200
    },
    {
        "UniqueId": 1082841201
    },
    {
        "UniqueId": 1082841202
    },
    {
        "UniqueId": 1082841203
    },
    {
        "UniqueId": 1082841204
    },
    {
        "UniqueId": 1082841205
    },
    {
        "UniqueId": 1082841300
    },
    {
        "UniqueId": 1082841301
    },
    {
        "UniqueId": 1082841302
    },
    {
        "UniqueId": 1082841400
    },
    {
        "UniqueId": 1082841401
    },
    {
        "UniqueId": 1082842000
    },
    {
        "UniqueId": 1082842100
    },
    {
        "UniqueId": 1082842101
    },
    {
        "UniqueId": 1082842102
    },
    {
        "UniqueId": 1082842103
    }
]