[
    {
        "EventContentId": 836,
        "EndingId": 100
    },
    {
        "EventContentId": 836,
        "EndingId": 200
    },
    {
        "EventContentId": 836,
        "EndingId": 100
    },
    {
        "EventContentId": 836,
        "EndingId": 200
    },
    {
        "EventContentId": 10836,
        "EndingId": 10100
    },
    {
        "EventContentId": 10836,
        "EndingId": 10200
    },
    {
        "EventContentId": 10836,
        "EndingId": 10100
    },
    {
        "EventContentId": 10836,
        "EndingId": 10200
    }
]