[
    {
        "EventContentId": 828,
        "ThemaIndex": 0,
        "ThemaType": 1
    },
    {
        "EventContentId": 828,
        "ThemaIndex": 1,
        "ThemaType": 1
    },
    {
        "EventContentId": 828,
        "ThemaIndex": 1,
        "ThemaType": 2
    },
    {
        "EventContentId": 828,
        "ThemaIndex": 2,
        "ThemaType": 1
    },
    {
        "EventContentId": 828,
        "ThemaIndex": 3,
        "ThemaType": 1
    },
    {
        "EventContentId": 828,
        "ThemaIndex": 3,
        "ThemaType": 2
    },
    {
        "EventContentId": 10828,
        "ThemaIndex": 0,
        "ThemaType": 1
    },
    {
        "EventContentId": 10828,
        "ThemaIndex": 1,
        "ThemaType": 1
    },
    {
        "EventContentId": 10828,
        "ThemaIndex": 2,
        "ThemaType": 1
    },
    {
        "EventContentId": 10828,
        "ThemaIndex": 2,
        "ThemaType": 2
    },
    {
        "EventContentId": 10828,
        "ThemaIndex": 3,
        "ThemaType": 1
    },
    {
        "EventContentId": 10828,
        "ThemaIndex": 4,
        "ThemaType": 1
    },
    {
        "EventContentId": 10828,
        "ThemaIndex": 4,
        "ThemaType": 2
    }
]