[
    {
        "EventContentId": 846,
        "UniqueId": 100,
        "MapTileType": 1
    },
    {
        "EventContentId": 846,
        "UniqueId": 200,
        "MapTileType": 2
    },
    {
        "EventContentId": 846,
        "UniqueId": 310,
        "MapTileType": 3
    },
    {
        "EventContentId": 846,
        "UniqueId": 320,
        "MapTileType": 3
    },
    {
        "EventContentId": 846,
        "UniqueId": 330,
        "MapTileType": 3
    },
    {
        "EventContentId": 846,
        "UniqueId": 400,
        "MapTileType": 4
    },
    {
        "EventContentId": 846,
        "UniqueId": 401,
        "MapTileType": 4
    },
    {
        "EventContentId": 846,
        "UniqueId": 411,
        "MapTileType": 4
    },
    {
        "EventContentId": 846,
        "UniqueId": 412,
        "MapTileType": 4
    },
    {
        "EventContentId": 846,
        "UniqueId": 421,
        "MapTileType": 4
    },
    {
        "EventContentId": 846,
        "UniqueId": 422,
        "MapTileType": 4
    },
    {
        "EventContentId": 846,
        "UniqueId": 423,
        "MapTileType": 4
    },
    {
        "EventContentId": 846,
        "UniqueId": 431,
        "MapTileType": 4
    },
    {
        "EventContentId": 846,
        "UniqueId": 432,
        "MapTileType": 4
    },
    {
        "EventContentId": 846,
        "UniqueId": 433,
        "MapTileType": 4
    },
    {
        "EventContentId": 846,
        "UniqueId": 434,
        "MapTileType": 4
    },
    {
        "EventContentId": 846,
        "UniqueId": 435,
        "MapTileType": 4
    },
    {
        "EventContentId": 846,
        "UniqueId": 440,
        "MapTileType": 4
    },
    {
        "EventContentId": 846,
        "UniqueId": 500,
        "MapTileType": 5
    }
]