[
    {
        "SeasonId": 1
    },
    {
        "SeasonId": 2
    },
    {
        "SeasonId": 3
    },
    {
        "SeasonId": 4
    },
    {
        "SeasonId": 5
    },
    {
        "SeasonId": 6
    },
    {
        "SeasonId": 7
    },
    {
        "SeasonId": 8
    },
    {
        "SeasonId": 9
    },
    {
        "SeasonId": 10
    },
    {
        "SeasonId": 11
    },
    {
        "SeasonId": 12
    },
    {
        "SeasonId": 13
    },
    {
        "SeasonId": 14
    },
    {
        "SeasonId": 15
    },
    {
        "SeasonId": 16
    },
    {
        "SeasonId": 17
    }
]