[
    {
        "StringID": 2527275467
    },
    {
        "StringID": 2760446568
    },
    {
        "StringID": 915064283
    },
    {
        "StringID": 1017309031
    },
    {
        "StringID": 121396730
    },
    {
        "StringID": 3167643971
    },
    {
        "StringID": 4215491955
    },
    {
        "StringID": 737628983
    },
    {
        "StringID": 2677655950
    },
    {
        "StringID": 3006940082
    },
    {
        "StringID": 3913060775
    },
    {
        "StringID": 2242602590
    },
    {
        "StringID": 965533062
    },
    {
        "StringID": 4047132274
    },
    {
        "StringID": 1526636798
    },
    {
        "StringID": 3653383081
    },
    {
        "StringID": 3289450004
    },
    {
        "StringID": 3058291815
    },
    {
        "StringID": 1522850727
    },
    {
        "StringID": 2198639503
    },
    {
        "StringID": 3610965522
    },
    {
        "StringID": 2933986372
    },
    {
        "StringID": 2790776556
    },
    {
        "StringID": 2911066335
    },
    {
        "StringID": 2511875457
    },
    {
        "StringID": 2212500001
    },
    {
        "StringID": 23746232
    },
    {
        "StringID": 2614628564
    },
    {
        "StringID": 2155616733
    },
    {
        "StringID": 3224751572
    },
    {
        "StringID": 4175123197
    },
    {
        "StringID": 108011080
    },
    {
        "StringID": 1776147339
    },
    {
        "StringID": 145046924
    },
    {
        "StringID": 960407519
    },
    {
        "StringID": 4079509795
    },
    {
        "StringID": 1387271093
    },
    {
        "StringID": 1758207883
    },
    {
        "StringID": 3825174888
    },
    {
        "StringID": 1495275335
    },
    {
        "StringID": 1670331752
    },
    {
        "StringID": 618947650
    },
    {
        "StringID": 2075924933
    },
    {
        "StringID": 3388445265
    },
    {
        "StringID": 4258941879
    },
    {
        "StringID": 1715176533
    },
    {
        "StringID": 1200302714
    },
    {
        "StringID": 1632059064
    },
    {
        "StringID": 1522221857
    },
    {
        "StringID": 1599388370
    },
    {
        "StringID": 2186972
    },
    {
        "StringID": 2740719891
    },
    {
        "StringID": 3159243628
    },
    {
        "StringID": 2845942073
    },
    {
        "StringID": 4250058468
    },
    {
        "StringID": 1333041480
    },
    {
        "StringID": 1099121378
    },
    {
        "StringID": 20952221
    },
    {
        "StringID": 1523723098
    },
    {
        "StringID": 3945027307
    },
    {
        "StringID": 4020222580
    },
    {
        "StringID": 2361304828
    },
    {
        "StringID": 270860077
    },
    {
        "StringID": 3356067711
    },
    {
        "StringID": 3743547085
    },
    {
        "StringID": 430789012
    },
    {
        "StringID": 2095247685
    },
    {
        "StringID": 2663892060
    },
    {
        "StringID": 3503234433
    },
    {
        "StringID": 2829162771
    },
    {
        "StringID": 4207540252
    },
    {
        "StringID": 1299604785
    },
    {
        "StringID": 1492650677
    },
    {
        "StringID": 3657596623
    },
    {
        "StringID": 2898317372
    },
    {
        "StringID": 579540694
    },
    {
        "StringID": 1838409155
    },
    {
        "StringID": 686490789
    },
    {
        "StringID": 1066889172
    },
    {
        "StringID": 1951962616
    },
    {
        "StringID": 2554300422
    },
    {
        "StringID": 1490731260
    },
    {
        "StringID": 2751673510
    },
    {
        "StringID": 2987748946
    },
    {
        "StringID": 3166874642
    },
    {
        "StringID": 3946538171
    },
    {
        "StringID": 2301086345
    },
    {
        "StringID": 687317384
    },
    {
        "StringID": 3758799129
    },
    {
        "StringID": 3019200809
    },
    {
        "StringID": 2923810001
    },
    {
        "StringID": 54987030
    },
    {
        "StringID": 1701898625
    },
    {
        "StringID": 2425129779
    },
    {
        "StringID": 2034134193
    },
    {
        "StringID": 638877426
    },
    {
        "StringID": 3515005395
    },
    {
        "StringID": 3118715905
    },
    {
        "StringID": 3859004486
    },
    {
        "StringID": 1908672162
    },
    {
        "StringID": 2295735135
    },
    {
        "StringID": 1349745209
    },
    {
        "StringID": 1860100752
    },
    {
        "StringID": 205963632
    },
    {
        "StringID": 860454670
    },
    {
        "StringID": 3722678188
    },
    {
        "StringID": 3583607172
    },
    {
        "StringID": 511389189
    },
    {
        "StringID": 4235220743
    },
    {
        "StringID": 1526575480
    },
    {
        "StringID": 965900908
    },
    {
        "StringID": 767723105
    },
    {
        "StringID": 2698628198
    },
    {
        "StringID": 2887366745
    },
    {
        "StringID": 2813384199
    },
    {
        "StringID": 4057206794
    },
    {
        "StringID": 4014483121
    },
    {
        "StringID": 3777631110
    },
    {
        "StringID": 4011999045
    },
    {
        "StringID": 1280928891
    },
    {
        "StringID": 679039682
    },
    {
        "StringID": 981646515
    },
    {
        "StringID": 2692212364
    },
    {
        "StringID": 968693350
    },
    {
        "StringID": 1044311609
    },
    {
        "StringID": 513824547
    },
    {
        "StringID": 2487578635
    },
    {
        "StringID": 2173788851
    },
    {
        "StringID": 2670812625
    },
    {
        "StringID": 1666286998
    },
    {
        "StringID": 998987557
    },
    {
        "StringID": 1431974737
    },
    {
        "StringID": 713904602
    },
    {
        "StringID": 395996376
    },
    {
        "StringID": 4122692173
    },
    {
        "StringID": 995174873
    },
    {
        "StringID": 1428210295
    },
    {
        "StringID": 1257200070
    },
    {
        "StringID": 3987679888
    },
    {
        "StringID": 206050408
    },
    {
        "StringID": 2722970257
    },
    {
        "StringID": 3830145926
    },
    {
        "StringID": 2762613341
    },
    {
        "StringID": 3931134487
    },
    {
        "StringID": 3784937182
    },
    {
        "StringID": 1109131538
    },
    {
        "StringID": 2370545868
    },
    {
        "StringID": 3197107682
    },
    {
        "StringID": 159156398
    },
    {
        "StringID": 2319984441
    },
    {
        "StringID": 3048130803
    },
    {
        "StringID": 3232303997
    },
    {
        "StringID": 3580123535
    },
    {
        "StringID": 2401289463
    },
    {
        "StringID": 369805579
    },
    {
        "StringID": 2015240522
    },
    {
        "StringID": 3913664908
    },
    {
        "StringID": 3625640970
    },
    {
        "StringID": 1237151914
    },
    {
        "StringID": 3340043721
    },
    {
        "StringID": 3929210881
    },
    {
        "StringID": 4263838460
    },
    {
        "StringID": 3827634579
    },
    {
        "StringID": 3168047057
    },
    {
        "StringID": 2983910945
    },
    {
        "StringID": 3025049727
    },
    {
        "StringID": 3226981758
    },
    {
        "StringID": 2694993341
    },
    {
        "StringID": 3601785297
    },
    {
        "StringID": 3751333084
    },
    {
        "StringID": 2708119593
    },
    {
        "StringID": 1160704967
    },
    {
        "StringID": 1140137283
    },
    {
        "StringID": 3849320616
    },
    {
        "StringID": 3399329262
    },
    {
        "StringID": 4136368613
    },
    {
        "StringID": 367639826
    },
    {
        "StringID": 1027750036
    },
    {
        "StringID": 50475544
    },
    {
        "StringID": 3768480557
    },
    {
        "StringID": 2748982825
    },
    {
        "StringID": 2316232471
    },
    {
        "StringID": 3597632669
    },
    {
        "StringID": 3073787924
    },
    {
        "StringID": 1876386179
    },
    {
        "StringID": 2362887462
    },
    {
        "StringID": 2843108847
    },
    {
        "StringID": 1105942393
    },
    {
        "StringID": 758138293
    },
    {
        "StringID": 530758980
    },
    {
        "StringID": 2580372882
    },
    {
        "StringID": 657102736
    },
    {
        "StringID": 2230152589
    },
    {
        "StringID": 1132380086
    },
    {
        "StringID": 2118641120
    },
    {
        "StringID": 2739973064
    },
    {
        "StringID": 1926441829
    },
    {
        "StringID": 1177903342
    },
    {
        "StringID": 2236022491
    },
    {
        "StringID": 1189384636
    },
    {
        "StringID": 1052034986
    },
    {
        "StringID": 615982753
    },
    {
        "StringID": 509623130
    },
    {
        "StringID": 1653968956
    },
    {
        "StringID": 2355484930
    },
    {
        "StringID": 2451782720
    },
    {
        "StringID": 52331463
    },
    {
        "StringID": 4126256829
    },
    {
        "StringID": 3248495245
    },
    {
        "StringID": 1147423211
    },
    {
        "StringID": 1185209549
    },
    {
        "StringID": 3195518755
    },
    {
        "StringID": 226250540
    },
    {
        "StringID": 3618150346
    },
    {
        "StringID": 2103101035
    },
    {
        "StringID": 1208602425
    },
    {
        "StringID": 518409049
    },
    {
        "StringID": 586429520
    },
    {
        "StringID": 1021851915
    },
    {
        "StringID": 41674116
    },
    {
        "StringID": 161936664
    },
    {
        "StringID": 2579630874
    },
    {
        "StringID": 573694417
    },
    {
        "StringID": 2067553315
    },
    {
        "StringID": 702891881
    },
    {
        "StringID": 4140256691
    },
    {
        "StringID": 3847781360
    },
    {
        "StringID": 682077340
    },
    {
        "StringID": 1342934042
    },
    {
        "StringID": 353172328
    },
    {
        "StringID": 281173649
    },
    {
        "StringID": 3546818759
    },
    {
        "StringID": 2223078231
    },
    {
        "StringID": 3655398595
    },
    {
        "StringID": 3179184661
    },
    {
        "StringID": 1015368646
    },
    {
        "StringID": 1806643130
    },
    {
        "StringID": 1730311628
    },
    {
        "StringID": 2709327057
    },
    {
        "StringID": 1725455853
    },
    {
        "StringID": 1653629021
    },
    {
        "StringID": 1280812966
    },
    {
        "StringID": 335193253
    },
    {
        "StringID": 1682016705
    },
    {
        "StringID": 2318761043
    },
    {
        "StringID": 561484998
    },
    {
        "StringID": 2546100367
    },
    {
        "StringID": 1423942080
    },
    {
        "StringID": 2278580512
    },
    {
        "StringID": 774061430
    },
    {
        "StringID": 3410042180
    },
    {
        "StringID": 1064331534
    },
    {
        "StringID": 2650730309
    },
    {
        "StringID": 1383511028
    },
    {
        "StringID": 1270077850
    },
    {
        "StringID": 2387363749
    },
    {
        "StringID": 2321513539
    },
    {
        "StringID": 2185243944
    },
    {
        "StringID": 3290427820
    },
    {
        "StringID": 4287724337
    },
    {
        "StringID": 199656426
    },
    {
        "StringID": 877503592
    },
    {
        "StringID": 4040097419
    },
    {
        "StringID": 240191375
    },
    {
        "StringID": 751074665
    },
    {
        "StringID": 594905552
    },
    {
        "StringID": 3122573924
    },
    {
        "StringID": 2812472285
    },
    {
        "StringID": 1203452320
    },
    {
        "StringID": 1121159446
    },
    {
        "StringID": 1544122395
    },
    {
        "StringID": 1940043577
    },
    {
        "StringID": 1864283082
    },
    {
        "StringID": 2259963764
    },
    {
        "StringID": 2864148248
    },
    {
        "StringID": 3300472305
    },
    {
        "StringID": 918074468
    },
    {
        "StringID": 3236514080
    },
    {
        "StringID": 3939406004
    },
    {
        "StringID": 960881581
    },
    {
        "StringID": 2626975982
    },
    {
        "StringID": 4275242938
    },
    {
        "StringID": 410372504
    },
    {
        "StringID": 1191247941
    },
    {
        "StringID": 3095948114
    },
    {
        "StringID": 675065564
    },
    {
        "StringID": 99478807
    },
    {
        "StringID": 1788470526
    },
    {
        "StringID": 2209378450
    },
    {
        "StringID": 854162292
    },
    {
        "StringID": 1640872588
    },
    {
        "StringID": 275798651
    },
    {
        "StringID": 2874352149
    },
    {
        "StringID": 790572915
    },
    {
        "StringID": 2282532883
    },
    {
        "StringID": 4040438017
    },
    {
        "StringID": 832423404
    },
    {
        "StringID": 12560728
    },
    {
        "StringID": 1228026065
    },
    {
        "StringID": 719415497
    },
    {
        "StringID": 1523650686
    },
    {
        "StringID": 1854763522
    },
    {
        "StringID": 1288974885
    },
    {
        "StringID": 761485332
    },
    {
        "StringID": 3736713341
    },
    {
        "StringID": 1304903803
    },
    {
        "StringID": 4158385362
    },
    {
        "StringID": 54650338
    },
    {
        "StringID": 656278547
    },
    {
        "StringID": 1023438245
    },
    {
        "StringID": 1320302109
    },
    {
        "StringID": 3292435625
    },
    {
        "StringID": 627328562
    },
    {
        "StringID": 2607401759
    },
    {
        "StringID": 254874216
    },
    {
        "StringID": 2912236970
    },
    {
        "StringID": 113659958
    },
    {
        "StringID": 2393805440
    },
    {
        "StringID": 2894069997
    },
    {
        "StringID": 2574771463
    },
    {
        "StringID": 871430399
    },
    {
        "StringID": 2005704642
    },
    {
        "StringID": 3293305095
    },
    {
        "StringID": 3255073655
    },
    {
        "StringID": 1350727803
    },
    {
        "StringID": 543306228
    },
    {
        "StringID": 3161645903
    },
    {
        "StringID": 215077080
    },
    {
        "StringID": 2082422399
    },
    {
        "StringID": 1904018851
    },
    {
        "StringID": 1957677733
    },
    {
        "StringID": 2790028685
    },
    {
        "StringID": 1273837299
    },
    {
        "StringID": 148505136
    },
    {
        "StringID": 1009931115
    },
    {
        "StringID": 68386473
    },
    {
        "StringID": 2754932617
    },
    {
        "StringID": 1979044697
    },
    {
        "StringID": 892154812
    },
    {
        "StringID": 1738838184
    },
    {
        "StringID": 4234671617
    },
    {
        "StringID": 4185825150
    },
    {
        "StringID": 213731401
    },
    {
        "StringID": 4261972236
    },
    {
        "StringID": 3481663940
    },
    {
        "StringID": 2466189799
    },
    {
        "StringID": 3526135134
    },
    {
        "StringID": 216189497
    },
    {
        "StringID": 1261732234
    },
    {
        "StringID": 4279364601
    },
    {
        "StringID": 1218605657
    },
    {
        "StringID": 3427801088
    },
    {
        "StringID": 3773970588
    },
    {
        "StringID": 1713939144
    },
    {
        "StringID": 248401332
    },
    {
        "StringID": 1598547136
    },
    {
        "StringID": 3238863917
    },
    {
        "StringID": 2827257752
    },
    {
        "StringID": 1011901208
    },
    {
        "StringID": 1462175296
    },
    {
        "StringID": 2151469229
    },
    {
        "StringID": 1375446316
    },
    {
        "StringID": 384517230
    },
    {
        "StringID": 1283995186
    },
    {
        "StringID": 3005277183
    },
    {
        "StringID": 988389621
    },
    {
        "StringID": 1020619571
    },
    {
        "StringID": 3947557241
    },
    {
        "StringID": 2204588889
    },
    {
        "StringID": 4140872670
    },
    {
        "StringID": 1791710687
    },
    {
        "StringID": 443379946
    },
    {
        "StringID": 2020414117
    },
    {
        "StringID": 2291362484
    },
    {
        "StringID": 671794049
    },
    {
        "StringID": 3658875016
    },
    {
        "StringID": 35489394
    },
    {
        "StringID": 2791900425
    },
    {
        "StringID": 1997713000
    },
    {
        "StringID": 4171469738
    },
    {
        "StringID": 1855641566
    },
    {
        "StringID": 1453524102
    },
    {
        "StringID": 3749233683
    },
    {
        "StringID": 3050657383
    },
    {
        "StringID": 4025280702
    },
    {
        "StringID": 4116191842
    },
    {
        "StringID": 3229142162
    },
    {
        "StringID": 1432960445
    },
    {
        "StringID": 1017196657
    },
    {
        "StringID": 2542295551
    },
    {
        "StringID": 855430263
    },
    {
        "StringID": 2233238818
    },
    {
        "StringID": 1850092378
    },
    {
        "StringID": 1548821406
    },
    {
        "StringID": 1023552087
    },
    {
        "StringID": 3085311932
    },
    {
        "StringID": 2653594690
    },
    {
        "StringID": 221007931
    },
    {
        "StringID": 1042156880
    },
    {
        "StringID": 262745568
    },
    {
        "StringID": 1047244288
    },
    {
        "StringID": 2081973695
    },
    {
        "StringID": 2752643591
    },
    {
        "StringID": 3221934296
    },
    {
        "StringID": 2961238073
    },
    {
        "StringID": 1556219812
    },
    {
        "StringID": 1869173440
    },
    {
        "StringID": 1573620112
    },
    {
        "StringID": 1803792848
    },
    {
        "StringID": 1697226439
    },
    {
        "StringID": 2201701718
    },
    {
        "StringID": 835735576
    },
    {
        "StringID": 1114938431
    },
    {
        "StringID": 3659338167
    },
    {
        "StringID": 189589740
    },
    {
        "StringID": 1587946206
    },
    {
        "StringID": 3716520972
    },
    {
        "StringID": 2822223834
    },
    {
        "StringID": 2596859456
    },
    {
        "StringID": 763568437
    },
    {
        "StringID": 2958015617
    },
    {
        "StringID": 2522684226
    },
    {
        "StringID": 2850725299
    },
    {
        "StringID": 3028732091
    },
    {
        "StringID": 3713830611
    },
    {
        "StringID": 2987530205
    },
    {
        "StringID": 3854148754
    },
    {
        "StringID": 2900052945
    },
    {
        "StringID": 924401401
    },
    {
        "StringID": 2222598325
    },
    {
        "StringID": 2677562689
    },
    {
        "StringID": 3145792006
    },
    {
        "StringID": 3856850640
    },
    {
        "StringID": 2525523910
    },
    {
        "StringID": 2142971131
    },
    {
        "StringID": 2868101928
    },
    {
        "StringID": 1048735229
    },
    {
        "StringID": 2984053210
    }
]