[
    {
        "OpenConditionContentType": 0
    },
    {
        "OpenConditionContentType": 1
    },
    {
        "OpenConditionContentType": 2
    },
    {
        "OpenConditionContentType": 3
    },
    {
        "OpenConditionContentType": 4
    },
    {
        "OpenConditionContentType": 5
    },
    {
        "OpenConditionContentType": 6
    },
    {
        "OpenConditionContentType": 7
    },
    {
        "OpenConditionContentType": 20
    },
    {
        "OpenConditionContentType": 8
    },
    {
        "OpenConditionContentType": 9
    },
    {
        "OpenConditionContentType": 10
    },
    {
        "OpenConditionContentType": 11
    },
    {
        "OpenConditionContentType": 14
    },
    {
        "OpenConditionContentType": 15
    },
    {
        "OpenConditionContentType": 16
    },
    {
        "OpenConditionContentType": 17
    },
    {
        "OpenConditionContentType": 18
    },
    {
        "OpenConditionContentType": 19
    },
    {
        "OpenConditionContentType": 21
    },
    {
        "OpenConditionContentType": 22
    },
    {
        "OpenConditionContentType": 23
    },
    {
        "OpenConditionContentType": 24
    },
    {
        "OpenConditionContentType": 25
    },
    {
        "OpenConditionContentType": 26
    },
    {
        "OpenConditionContentType": 27
    },
    {
        "OpenConditionContentType": 28
    },
    {
        "OpenConditionContentType": 29
    },
    {
        "OpenConditionContentType": 31
    },
    {
        "OpenConditionContentType": 32
    },
    {
        "OpenConditionContentType": 33
    },
    {
        "OpenConditionContentType": 34
    },
    {
        "OpenConditionContentType": 35
    },
    {
        "OpenConditionContentType": 36
    },
    {
        "OpenConditionContentType": 37
    },
    {
        "OpenConditionContentType": 38
    },
    {
        "OpenConditionContentType": 52
    },
    {
        "OpenConditionContentType": 39
    },
    {
        "OpenConditionContentType": 40
    },
    {
        "OpenConditionContentType": 41
    },
    {
        "OpenConditionContentType": 42
    },
    {
        "OpenConditionContentType": 44
    },
    {
        "OpenConditionContentType": 45
    },
    {
        "OpenConditionContentType": 46
    },
    {
        "OpenConditionContentType": 47
    },
    {
        "OpenConditionContentType": 48
    },
    {
        "OpenConditionContentType": 49
    },
    {
        "OpenConditionContentType": 50
    },
    {
        "OpenConditionContentType": 51
    },
    {
        "OpenConditionContentType": 53
    },
    {
        "OpenConditionContentType": 54
    },
    {
        "OpenConditionContentType": 55
    },
    {
        "OpenConditionContentType": 56
    }
]