[
    {
        "PresetCharacterGroupId": 1
    },
    {
        "PresetCharacterGroupId": 2
    },
    {
        "PresetCharacterGroupId": 9999
    },
    {
        "PresetCharacterGroupId": 10000
    },
    {
        "PresetCharacterGroupId": 10001
    },
    {
        "PresetCharacterGroupId": 10002
    },
    {
        "PresetCharacterGroupId": 10003
    },
    {
        "PresetCharacterGroupId": 10004
    },
    {
        "PresetCharacterGroupId": 10005
    },
    {
        "PresetCharacterGroupId": 10006
    },
    {
        "PresetCharacterGroupId": 10007
    },
    {
        "PresetCharacterGroupId": 10008
    },
    {
        "PresetCharacterGroupId": 10009
    },
    {
        "PresetCharacterGroupId": 10010
    },
    {
        "PresetCharacterGroupId": 10011
    },
    {
        "PresetCharacterGroupId": 10012
    },
    {
        "PresetCharacterGroupId": 11011
    },
    {
        "PresetCharacterGroupId": 11012
    },
    {
        "PresetCharacterGroupId": 11013
    },
    {
        "PresetCharacterGroupId": 20001
    },
    {
        "PresetCharacterGroupId": 20002
    },
    {
        "PresetCharacterGroupId": 20003
    },
    {
        "PresetCharacterGroupId": 20004
    },
    {
        "PresetCharacterGroupId": 20005
    },
    {
        "PresetCharacterGroupId": 20006
    },
    {
        "PresetCharacterGroupId": 20007
    },
    {
        "PresetCharacterGroupId": 20008
    },
    {
        "PresetCharacterGroupId": 20012
    },
    {
        "PresetCharacterGroupId": 30006
    },
    {
        "PresetCharacterGroupId": 30007
    },
    {
        "PresetCharacterGroupId": 30008
    },
    {
        "PresetCharacterGroupId": 30009
    },
    {
        "PresetCharacterGroupId": 40000
    },
    {
        "PresetCharacterGroupId": 50001
    },
    {
        "PresetCharacterGroupId": 50002
    },
    {
        "PresetCharacterGroupId": 50003
    },
    {
        "PresetCharacterGroupId": 70000
    },
    {
        "PresetCharacterGroupId": 80001
    },
    {
        "PresetCharacterGroupId": 80002
    },
    {
        "PresetCharacterGroupId": 80003
    },
    {
        "PresetCharacterGroupId": 80004
    },
    {
        "PresetCharacterGroupId": 99997
    },
    {
        "PresetCharacterGroupId": 99998
    },
    {
        "PresetCharacterGroupId": 99999
    },
    {
        "PresetCharacterGroupId": 100061
    },
    {
        "PresetCharacterGroupId": 100071
    },
    {
        "PresetCharacterGroupId": 100081
    },
    {
        "PresetCharacterGroupId": 100091
    },
    {
        "PresetCharacterGroupId": 100101
    },
    {
        "PresetCharacterGroupId": 100111
    },
    {
        "PresetCharacterGroupId": 100062
    },
    {
        "PresetCharacterGroupId": 100072
    },
    {
        "PresetCharacterGroupId": 100082
    },
    {
        "PresetCharacterGroupId": 100092
    },
    {
        "PresetCharacterGroupId": 100102
    },
    {
        "PresetCharacterGroupId": 100112
    },
    {
        "PresetCharacterGroupId": 100120
    },
    {
        "PresetCharacterGroupId": 100121
    },
    {
        "PresetCharacterGroupId": 100122
    },
    {
        "PresetCharacterGroupId": 101120
    },
    {
        "PresetCharacterGroupId": 101121
    },
    {
        "PresetCharacterGroupId": 101122
    },
    {
        "PresetCharacterGroupId": 102120
    },
    {
        "PresetCharacterGroupId": 102121
    },
    {
        "PresetCharacterGroupId": 102122
    },
    {
        "PresetCharacterGroupId": 110120
    },
    {
        "PresetCharacterGroupId": 110121
    },
    {
        "PresetCharacterGroupId": 110122
    },
    {
        "PresetCharacterGroupId": 111120
    },
    {
        "PresetCharacterGroupId": 111121
    },
    {
        "PresetCharacterGroupId": 111122
    },
    {
        "PresetCharacterGroupId": 112120
    },
    {
        "PresetCharacterGroupId": 112121
    },
    {
        "PresetCharacterGroupId": 112122
    },
    {
        "PresetCharacterGroupId": 120120
    },
    {
        "PresetCharacterGroupId": 120121
    },
    {
        "PresetCharacterGroupId": 120122
    },
    {
        "PresetCharacterGroupId": 121120
    },
    {
        "PresetCharacterGroupId": 121121
    },
    {
        "PresetCharacterGroupId": 121122
    },
    {
        "PresetCharacterGroupId": 122120
    },
    {
        "PresetCharacterGroupId": 122121
    },
    {
        "PresetCharacterGroupId": 122122
    },
    {
        "PresetCharacterGroupId": 100130
    },
    {
        "PresetCharacterGroupId": 100131
    },
    {
        "PresetCharacterGroupId": 100132
    },
    {
        "PresetCharacterGroupId": 101130
    },
    {
        "PresetCharacterGroupId": 101131
    },
    {
        "PresetCharacterGroupId": 101132
    },
    {
        "PresetCharacterGroupId": 102130
    },
    {
        "PresetCharacterGroupId": 102131
    },
    {
        "PresetCharacterGroupId": 102132
    },
    {
        "PresetCharacterGroupId": 110130
    },
    {
        "PresetCharacterGroupId": 110131
    },
    {
        "PresetCharacterGroupId": 110132
    },
    {
        "PresetCharacterGroupId": 111130
    },
    {
        "PresetCharacterGroupId": 111131
    },
    {
        "PresetCharacterGroupId": 111132
    },
    {
        "PresetCharacterGroupId": 112130
    },
    {
        "PresetCharacterGroupId": 112131
    },
    {
        "PresetCharacterGroupId": 112132
    },
    {
        "PresetCharacterGroupId": 120130
    },
    {
        "PresetCharacterGroupId": 120131
    },
    {
        "PresetCharacterGroupId": 120132
    },
    {
        "PresetCharacterGroupId": 121130
    },
    {
        "PresetCharacterGroupId": 121131
    },
    {
        "PresetCharacterGroupId": 121132
    },
    {
        "PresetCharacterGroupId": 122130
    },
    {
        "PresetCharacterGroupId": 122131
    },
    {
        "PresetCharacterGroupId": 122132
    }
]