[
    {
        "SeasonId": 1
    },
    {
        "SeasonId": 2
    },
    {
        "SeasonId": 3
    },
    {
        "SeasonId": 4
    },
    {
        "SeasonId": 5
    },
    {
        "SeasonId": 6
    },
    {
        "SeasonId": 7
    },
    {
        "SeasonId": 8
    },
    {
        "SeasonId": 9
    },
    {
        "SeasonId": 10
    },
    {
        "SeasonId": 11
    },
    {
        "SeasonId": 12
    },
    {
        "SeasonId": 13
    },
    {
        "SeasonId": 14
    },
    {
        "SeasonId": 15
    },
    {
        "SeasonId": 16
    },
    {
        "SeasonId": 17
    },
    {
        "SeasonId": 18
    },
    {
        "SeasonId": 19
    },
    {
        "SeasonId": 20
    },
    {
        "SeasonId": 21
    },
    {
        "SeasonId": 22
    },
    {
        "SeasonId": 23
    },
    {
        "SeasonId": 24
    },
    {
        "SeasonId": 25
    },
    {
        "SeasonId": 26
    },
    {
        "SeasonId": 27
    },
    {
        "SeasonId": 28
    },
    {
        "SeasonId": 29
    },
    {
        "SeasonId": 30
    },
    {
        "SeasonId": 31
    },
    {
        "SeasonId": 32
    },
    {
        "SeasonId": 33
    },
    {
        "SeasonId": 34
    },
    {
        "SeasonId": 35
    },
    {
        "SeasonId": 36
    },
    {
        "SeasonId": 37
    },
    {
        "SeasonId": 38
    },
    {
        "SeasonId": 39
    },
    {
        "SeasonId": 40
    },
    {
        "SeasonId": 41
    },
    {
        "SeasonId": 42
    },
    {
        "SeasonId": 43
    },
    {
        "SeasonId": 44
    },
    {
        "SeasonId": 45
    },
    {
        "SeasonId": 46
    },
    {
        "SeasonId": 47
    },
    {
        "SeasonId": 48
    },
    {
        "SeasonId": 49
    },
    {
        "SeasonId": 50
    },
    {
        "SeasonId": 51
    },
    {
        "SeasonId": 52
    },
    {
        "SeasonId": 53
    },
    {
        "SeasonId": 54
    },
    {
        "SeasonId": 55
    },
    {
        "SeasonId": 56
    },
    {
        "SeasonId": 57
    },
    {
        "SeasonId": 58
    },
    {
        "SeasonId": 59
    },
    {
        "SeasonId": 60
    },
    {
        "SeasonId": 61
    },
    {
        "SeasonId": 62
    },
    {
        "SeasonId": 63
    },
    {
        "SeasonId": 64
    },
    {
        "SeasonId": 65
    },
    {
        "SeasonId": 66
    },
    {
        "SeasonId": 67
    },
    {
        "SeasonId": 68
    },
    {
        "SeasonId": 69
    },
    {
        "SeasonId": 70
    },
    {
        "SeasonId": 71
    },
    {
        "SeasonId": 72
    },
    {
        "SeasonId": 73
    },
    {
        "SeasonId": 74
    },
    {
        "SeasonId": 75
    },
    {
        "SeasonId": 76
    },
    {
        "SeasonId": 77
    },
    {
        "SeasonId": 78
    },
    {
        "SeasonId": 79
    },
    {
        "SeasonId": 80
    },
    {
        "SeasonId": 81
    },
    {
        "SeasonId": 82
    },
    {
        "SeasonId": 83
    },
    {
        "SeasonId": 84
    }
]