[
    {
        "ParcelType": 4,
        "TargetItemId": 5000
    },
    {
        "ParcelType": 4,
        "TargetItemId": 5001
    },
    {
        "ParcelType": 4,
        "TargetItemId": 5002
    },
    {
        "ParcelType": 4,
        "TargetItemId": 5003
    },
    {
        "ParcelType": 4,
        "TargetItemId": 5004
    },
    {
        "ParcelType": 4,
        "TargetItemId": 5005
    },
    {
        "ParcelType": 4,
        "TargetItemId": 5006
    },
    {
        "ParcelType": 4,
        "TargetItemId": 5007
    },
    {
        "ParcelType": 4,
        "TargetItemId": 5008
    },
    {
        "ParcelType": 4,
        "TargetItemId": 5009
    },
    {
        "ParcelType": 4,
        "TargetItemId": 5010
    },
    {
        "ParcelType": 4,
        "TargetItemId": 5011
    },
    {
        "ParcelType": 4,
        "TargetItemId": 5012
    },
    {
        "ParcelType": 4,
        "TargetItemId": 5013
    },
    {
        "ParcelType": 4,
        "TargetItemId": 5014
    },
    {
        "ParcelType": 4,
        "TargetItemId": 5015
    },
    {
        "ParcelType": 4,
        "TargetItemId": 5016
    },
    {
        "ParcelType": 4,
        "TargetItemId": 5017
    },
    {
        "ParcelType": 4,
        "TargetItemId": 5018
    },
    {
        "ParcelType": 4,
        "TargetItemId": 5019
    },
    {
        "ParcelType": 4,
        "TargetItemId": 5020
    },
    {
        "ParcelType": 4,
        "TargetItemId": 5021
    },
    {
        "ParcelType": 4,
        "TargetItemId": 5022
    },
    {
        "ParcelType": 4,
        "TargetItemId": 5023
    },
    {
        "ParcelType": 4,
        "TargetItemId": 5024
    },
    {
        "ParcelType": 4,
        "TargetItemId": 5025
    },
    {
        "ParcelType": 4,
        "TargetItemId": 5026
    },
    {
        "ParcelType": 4,
        "TargetItemId": 5027
    },
    {
        "ParcelType": 4,
        "TargetItemId": 5028
    },
    {
        "ParcelType": 4,
        "TargetItemId": 5029
    },
    {
        "ParcelType": 4,
        "TargetItemId": 5030
    },
    {
        "ParcelType": 4,
        "TargetItemId": 5031
    },
    {
        "ParcelType": 4,
        "TargetItemId": 5032
    },
    {
        "ParcelType": 4,
        "TargetItemId": 5033
    },
    {
        "ParcelType": 4,
        "TargetItemId": 5034
    },
    {
        "ParcelType": 3,
        "TargetItemId": 101001
    },
    {
        "ParcelType": 3,
        "TargetItemId": 101002
    },
    {
        "ParcelType": 3,
        "TargetItemId": 101003
    },
    {
        "ParcelType": 3,
        "TargetItemId": 101004
    },
    {
        "ParcelType": 3,
        "TargetItemId": 101005
    },
    {
        "ParcelType": 3,
        "TargetItemId": 101006
    },
    {
        "ParcelType": 3,
        "TargetItemId": 101007
    },
    {
        "ParcelType": 3,
        "TargetItemId": 102001
    },
    {
        "ParcelType": 3,
        "TargetItemId": 102002
    },
    {
        "ParcelType": 3,
        "TargetItemId": 102003
    },
    {
        "ParcelType": 3,
        "TargetItemId": 102004
    },
    {
        "ParcelType": 3,
        "TargetItemId": 102005
    },
    {
        "ParcelType": 3,
        "TargetItemId": 102006
    },
    {
        "ParcelType": 3,
        "TargetItemId": 102007
    },
    {
        "ParcelType": 3,
        "TargetItemId": 103001
    },
    {
        "ParcelType": 3,
        "TargetItemId": 103002
    },
    {
        "ParcelType": 3,
        "TargetItemId": 103003
    },
    {
        "ParcelType": 3,
        "TargetItemId": 103004
    },
    {
        "ParcelType": 3,
        "TargetItemId": 103005
    },
    {
        "ParcelType": 3,
        "TargetItemId": 103006
    },
    {
        "ParcelType": 3,
        "TargetItemId": 103007
    },
    {
        "ParcelType": 3,
        "TargetItemId": 104001
    },
    {
        "ParcelType": 3,
        "TargetItemId": 104002
    },
    {
        "ParcelType": 3,
        "TargetItemId": 104003
    },
    {
        "ParcelType": 3,
        "TargetItemId": 104004
    },
    {
        "ParcelType": 3,
        "TargetItemId": 104005
    },
    {
        "ParcelType": 3,
        "TargetItemId": 104006
    },
    {
        "ParcelType": 3,
        "TargetItemId": 104007
    },
    {
        "ParcelType": 3,
        "TargetItemId": 105001
    },
    {
        "ParcelType": 3,
        "TargetItemId": 105002
    },
    {
        "ParcelType": 3,
        "TargetItemId": 105003
    },
    {
        "ParcelType": 3,
        "TargetItemId": 105004
    },
    {
        "ParcelType": 3,
        "TargetItemId": 105005
    },
    {
        "ParcelType": 3,
        "TargetItemId": 105006
    },
    {
        "ParcelType": 3,
        "TargetItemId": 105007
    },
    {
        "ParcelType": 3,
        "TargetItemId": 106001
    },
    {
        "ParcelType": 3,
        "TargetItemId": 106002
    },
    {
        "ParcelType": 3,
        "TargetItemId": 106003
    },
    {
        "ParcelType": 3,
        "TargetItemId": 106004
    },
    {
        "ParcelType": 3,
        "TargetItemId": 106005
    },
    {
        "ParcelType": 3,
        "TargetItemId": 106006
    },
    {
        "ParcelType": 3,
        "TargetItemId": 106007
    },
    {
        "ParcelType": 3,
        "TargetItemId": 107001
    },
    {
        "ParcelType": 3,
        "TargetItemId": 107002
    },
    {
        "ParcelType": 3,
        "TargetItemId": 107003
    },
    {
        "ParcelType": 3,
        "TargetItemId": 107004
    },
    {
        "ParcelType": 3,
        "TargetItemId": 107005
    },
    {
        "ParcelType": 3,
        "TargetItemId": 107006
    },
    {
        "ParcelType": 3,
        "TargetItemId": 107007
    },
    {
        "ParcelType": 3,
        "TargetItemId": 108001
    },
    {
        "ParcelType": 3,
        "TargetItemId": 108002
    },
    {
        "ParcelType": 3,
        "TargetItemId": 108003
    },
    {
        "ParcelType": 3,
        "TargetItemId": 108004
    },
    {
        "ParcelType": 3,
        "TargetItemId": 108005
    },
    {
        "ParcelType": 3,
        "TargetItemId": 108006
    },
    {
        "ParcelType": 3,
        "TargetItemId": 108007
    },
    {
        "ParcelType": 3,
        "TargetItemId": 109001
    },
    {
        "ParcelType": 3,
        "TargetItemId": 109002
    },
    {
        "ParcelType": 3,
        "TargetItemId": 109003
    },
    {
        "ParcelType": 3,
        "TargetItemId": 109004
    },
    {
        "ParcelType": 3,
        "TargetItemId": 109005
    },
    {
        "ParcelType": 3,
        "TargetItemId": 109006
    },
    {
        "ParcelType": 3,
        "TargetItemId": 109007
    },
    {
        "ParcelType": 4,
        "TargetItemId": 3000
    },
    {
        "ParcelType": 4,
        "TargetItemId": 3001
    },
    {
        "ParcelType": 4,
        "TargetItemId": 3002
    },
    {
        "ParcelType": 4,
        "TargetItemId": 3003
    },
    {
        "ParcelType": 4,
        "TargetItemId": 3010
    },
    {
        "ParcelType": 4,
        "TargetItemId": 3011
    },
    {
        "ParcelType": 4,
        "TargetItemId": 3012
    },
    {
        "ParcelType": 4,
        "TargetItemId": 3013
    },
    {
        "ParcelType": 4,
        "TargetItemId": 3020
    },
    {
        "ParcelType": 4,
        "TargetItemId": 3021
    },
    {
        "ParcelType": 4,
        "TargetItemId": 3022
    },
    {
        "ParcelType": 4,
        "TargetItemId": 3023
    },
    {
        "ParcelType": 4,
        "TargetItemId": 3030
    },
    {
        "ParcelType": 4,
        "TargetItemId": 3031
    },
    {
        "ParcelType": 4,
        "TargetItemId": 3032
    },
    {
        "ParcelType": 4,
        "TargetItemId": 3033
    },
    {
        "ParcelType": 4,
        "TargetItemId": 3040
    },
    {
        "ParcelType": 4,
        "TargetItemId": 3041
    },
    {
        "ParcelType": 4,
        "TargetItemId": 3042
    },
    {
        "ParcelType": 4,
        "TargetItemId": 3043
    },
    {
        "ParcelType": 4,
        "TargetItemId": 3050
    },
    {
        "ParcelType": 4,
        "TargetItemId": 3051
    },
    {
        "ParcelType": 4,
        "TargetItemId": 3052
    },
    {
        "ParcelType": 4,
        "TargetItemId": 3053
    },
    {
        "ParcelType": 4,
        "TargetItemId": 3060
    },
    {
        "ParcelType": 4,
        "TargetItemId": 3061
    },
    {
        "ParcelType": 4,
        "TargetItemId": 3062
    },
    {
        "ParcelType": 4,
        "TargetItemId": 3063
    },
    {
        "ParcelType": 4,
        "TargetItemId": 3070
    },
    {
        "ParcelType": 4,
        "TargetItemId": 3071
    },
    {
        "ParcelType": 4,
        "TargetItemId": 3072
    },
    {
        "ParcelType": 4,
        "TargetItemId": 3073
    },
    {
        "ParcelType": 4,
        "TargetItemId": 3080
    },
    {
        "ParcelType": 4,
        "TargetItemId": 3081
    },
    {
        "ParcelType": 4,
        "TargetItemId": 3082
    },
    {
        "ParcelType": 4,
        "TargetItemId": 3083
    },
    {
        "ParcelType": 4,
        "TargetItemId": 4000
    },
    {
        "ParcelType": 4,
        "TargetItemId": 4001
    },
    {
        "ParcelType": 4,
        "TargetItemId": 4002
    },
    {
        "ParcelType": 4,
        "TargetItemId": 4003
    },
    {
        "ParcelType": 4,
        "TargetItemId": 4010
    },
    {
        "ParcelType": 4,
        "TargetItemId": 4011
    },
    {
        "ParcelType": 4,
        "TargetItemId": 4012
    },
    {
        "ParcelType": 4,
        "TargetItemId": 4013
    },
    {
        "ParcelType": 4,
        "TargetItemId": 4020
    },
    {
        "ParcelType": 4,
        "TargetItemId": 4021
    },
    {
        "ParcelType": 4,
        "TargetItemId": 4022
    },
    {
        "ParcelType": 4,
        "TargetItemId": 4023
    },
    {
        "ParcelType": 4,
        "TargetItemId": 4030
    },
    {
        "ParcelType": 4,
        "TargetItemId": 4031
    },
    {
        "ParcelType": 4,
        "TargetItemId": 4032
    },
    {
        "ParcelType": 4,
        "TargetItemId": 4033
    },
    {
        "ParcelType": 4,
        "TargetItemId": 4040
    },
    {
        "ParcelType": 4,
        "TargetItemId": 4041
    },
    {
        "ParcelType": 4,
        "TargetItemId": 4042
    },
    {
        "ParcelType": 4,
        "TargetItemId": 4043
    },
    {
        "ParcelType": 4,
        "TargetItemId": 4050
    },
    {
        "ParcelType": 4,
        "TargetItemId": 4051
    },
    {
        "ParcelType": 4,
        "TargetItemId": 4052
    },
    {
        "ParcelType": 4,
        "TargetItemId": 4053
    },
    {
        "ParcelType": 4,
        "TargetItemId": 4060
    },
    {
        "ParcelType": 4,
        "TargetItemId": 4061
    },
    {
        "ParcelType": 4,
        "TargetItemId": 4062
    },
    {
        "ParcelType": 4,
        "TargetItemId": 4063
    },
    {
        "ParcelType": 4,
        "TargetItemId": 4070
    },
    {
        "ParcelType": 4,
        "TargetItemId": 4071
    },
    {
        "ParcelType": 4,
        "TargetItemId": 4072
    },
    {
        "ParcelType": 4,
        "TargetItemId": 4073
    },
    {
        "ParcelType": 4,
        "TargetItemId": 4080
    },
    {
        "ParcelType": 4,
        "TargetItemId": 4081
    },
    {
        "ParcelType": 4,
        "TargetItemId": 4082
    },
    {
        "ParcelType": 4,
        "TargetItemId": 4083
    },
    {
        "ParcelType": 4,
        "TargetItemId": 100
    },
    {
        "ParcelType": 4,
        "TargetItemId": 101
    },
    {
        "ParcelType": 4,
        "TargetItemId": 102
    },
    {
        "ParcelType": 4,
        "TargetItemId": 103
    },
    {
        "ParcelType": 4,
        "TargetItemId": 110
    },
    {
        "ParcelType": 4,
        "TargetItemId": 111
    },
    {
        "ParcelType": 4,
        "TargetItemId": 112
    },
    {
        "ParcelType": 4,
        "TargetItemId": 113
    },
    {
        "ParcelType": 4,
        "TargetItemId": 120
    },
    {
        "ParcelType": 4,
        "TargetItemId": 121
    },
    {
        "ParcelType": 4,
        "TargetItemId": 122
    },
    {
        "ParcelType": 4,
        "TargetItemId": 123
    },
    {
        "ParcelType": 4,
        "TargetItemId": 130
    },
    {
        "ParcelType": 4,
        "TargetItemId": 131
    },
    {
        "ParcelType": 4,
        "TargetItemId": 132
    },
    {
        "ParcelType": 4,
        "TargetItemId": 133
    },
    {
        "ParcelType": 4,
        "TargetItemId": 140
    },
    {
        "ParcelType": 4,
        "TargetItemId": 141
    },
    {
        "ParcelType": 4,
        "TargetItemId": 142
    },
    {
        "ParcelType": 4,
        "TargetItemId": 143
    },
    {
        "ParcelType": 4,
        "TargetItemId": 150
    },
    {
        "ParcelType": 4,
        "TargetItemId": 151
    },
    {
        "ParcelType": 4,
        "TargetItemId": 152
    },
    {
        "ParcelType": 4,
        "TargetItemId": 153
    },
    {
        "ParcelType": 4,
        "TargetItemId": 160
    },
    {
        "ParcelType": 4,
        "TargetItemId": 161
    },
    {
        "ParcelType": 4,
        "TargetItemId": 162
    },
    {
        "ParcelType": 4,
        "TargetItemId": 163
    },
    {
        "ParcelType": 4,
        "TargetItemId": 170
    },
    {
        "ParcelType": 4,
        "TargetItemId": 171
    },
    {
        "ParcelType": 4,
        "TargetItemId": 172
    },
    {
        "ParcelType": 4,
        "TargetItemId": 173
    },
    {
        "ParcelType": 4,
        "TargetItemId": 180
    },
    {
        "ParcelType": 4,
        "TargetItemId": 181
    },
    {
        "ParcelType": 4,
        "TargetItemId": 182
    },
    {
        "ParcelType": 4,
        "TargetItemId": 183
    },
    {
        "ParcelType": 4,
        "TargetItemId": 190
    },
    {
        "ParcelType": 4,
        "TargetItemId": 191
    },
    {
        "ParcelType": 4,
        "TargetItemId": 192
    },
    {
        "ParcelType": 4,
        "TargetItemId": 193
    },
    {
        "ParcelType": 4,
        "TargetItemId": 200
    },
    {
        "ParcelType": 4,
        "TargetItemId": 201
    },
    {
        "ParcelType": 4,
        "TargetItemId": 202
    },
    {
        "ParcelType": 4,
        "TargetItemId": 203
    },
    {
        "ParcelType": 4,
        "TargetItemId": 210
    },
    {
        "ParcelType": 4,
        "TargetItemId": 211
    },
    {
        "ParcelType": 4,
        "TargetItemId": 212
    },
    {
        "ParcelType": 4,
        "TargetItemId": 213
    },
    {
        "ParcelType": 4,
        "TargetItemId": 220
    },
    {
        "ParcelType": 4,
        "TargetItemId": 221
    },
    {
        "ParcelType": 4,
        "TargetItemId": 222
    },
    {
        "ParcelType": 4,
        "TargetItemId": 223
    },
    {
        "ParcelType": 4,
        "TargetItemId": 230
    },
    {
        "ParcelType": 4,
        "TargetItemId": 231
    },
    {
        "ParcelType": 4,
        "TargetItemId": 232
    },
    {
        "ParcelType": 4,
        "TargetItemId": 233
    },
    {
        "ParcelType": 4,
        "TargetItemId": 240
    },
    {
        "ParcelType": 4,
        "TargetItemId": 241
    },
    {
        "ParcelType": 4,
        "TargetItemId": 242
    },
    {
        "ParcelType": 4,
        "TargetItemId": 243
    },
    {
        "ParcelType": 4,
        "TargetItemId": 250
    },
    {
        "ParcelType": 4,
        "TargetItemId": 251
    },
    {
        "ParcelType": 4,
        "TargetItemId": 252
    },
    {
        "ParcelType": 4,
        "TargetItemId": 253
    },
    {
        "ParcelType": 4,
        "TargetItemId": 260
    },
    {
        "ParcelType": 4,
        "TargetItemId": 261
    },
    {
        "ParcelType": 4,
        "TargetItemId": 262
    },
    {
        "ParcelType": 4,
        "TargetItemId": 263
    },
    {
        "ParcelType": 4,
        "TargetItemId": 270
    },
    {
        "ParcelType": 4,
        "TargetItemId": 271
    },
    {
        "ParcelType": 4,
        "TargetItemId": 272
    },
    {
        "ParcelType": 4,
        "TargetItemId": 273
    },
    {
        "ParcelType": 4,
        "TargetItemId": 280
    },
    {
        "ParcelType": 4,
        "TargetItemId": 281
    },
    {
        "ParcelType": 4,
        "TargetItemId": 282
    },
    {
        "ParcelType": 4,
        "TargetItemId": 283
    },
    {
        "ParcelType": 4,
        "TargetItemId": 290
    },
    {
        "ParcelType": 4,
        "TargetItemId": 291
    },
    {
        "ParcelType": 4,
        "TargetItemId": 292
    },
    {
        "ParcelType": 4,
        "TargetItemId": 293
    },
    {
        "ParcelType": 3,
        "TargetItemId": 101008
    },
    {
        "ParcelType": 3,
        "TargetItemId": 102008
    },
    {
        "ParcelType": 3,
        "TargetItemId": 103008
    },
    {
        "ParcelType": 3,
        "TargetItemId": 104008
    },
    {
        "ParcelType": 3,
        "TargetItemId": 105008
    },
    {
        "ParcelType": 3,
        "TargetItemId": 106008
    },
    {
        "ParcelType": 3,
        "TargetItemId": 107008
    },
    {
        "ParcelType": 3,
        "TargetItemId": 108008
    },
    {
        "ParcelType": 3,
        "TargetItemId": 109008
    },
    {
        "ParcelType": 4,
        "TargetItemId": 3090
    },
    {
        "ParcelType": 4,
        "TargetItemId": 3091
    },
    {
        "ParcelType": 4,
        "TargetItemId": 3092
    },
    {
        "ParcelType": 4,
        "TargetItemId": 3093
    },
    {
        "ParcelType": 4,
        "TargetItemId": 4090
    },
    {
        "ParcelType": 4,
        "TargetItemId": 4091
    },
    {
        "ParcelType": 4,
        "TargetItemId": 4092
    },
    {
        "ParcelType": 4,
        "TargetItemId": 4093
    }
]