[
    {
        "Name": 4077523630
    },
    {
        "Name": 658678236
    },
    {
        "Name": 2586578947
    },
    {
        "Name": 66790552
    },
    {
        "Name": 1742987651
    },
    {
        "Name": 335367606
    },
    {
        "Name": 1970779671
    },
    {
        "Name": 1728594702
    },
    {
        "Name": 3300945433
    },
    {
        "Name": 1716464422
    },
    {
        "Name": 2681227723
    },
    {
        "Name": 2615480889
    },
    {
        "Name": 872015076
    },
    {
        "Name": 1061522909
    },
    {
        "Name": 1564826887
    },
    {
        "Name": 1662698032
    },
    {
        "Name": 1140995250
    },
    {
        "Name": 914447542
    },
    {
        "Name": 1796039949
    },
    {
        "Name": 372706000
    },
    {
        "Name": 2954412640
    },
    {
        "Name": 4248937807
    },
    {
        "Name": 2845336193
    },
    {
        "Name": 2165164771
    },
    {
        "Name": 2403794073
    },
    {
        "Name": 4071765194
    },
    {
        "Name": 2129431916
    },
    {
        "Name": 2179851007
    },
    {
        "Name": 3536428238
    },
    {
        "Name": 1832714951
    },
    {
        "Name": 4175459350
    },
    {
        "Name": 1732616475
    },
    {
        "Name": 1122159274
    },
    {
        "Name": 2999718561
    },
    {
        "Name": 4166318367
    },
    {
        "Name": 1216994208
    },
    {
        "Name": 3146659780
    },
    {
        "Name": 3425615864
    },
    {
        "Name": 2906813162
    },
    {
        "Name": 3204407858
    },
    {
        "Name": 1426945110
    },
    {
        "Name": 1505341831
    },
    {
        "Name": 4004515611
    },
    {
        "Name": 2156850971
    },
    {
        "Name": 811278473
    },
    {
        "Name": 2703191865
    },
    {
        "Name": 643963725
    },
    {
        "Name": 974162354
    },
    {
        "Name": 3698808529
    },
    {
        "Name": 4086942996
    },
    {
        "Name": 3931135012
    },
    {
        "Name": 2622398324
    },
    {
        "Name": 2717776187
    },
    {
        "Name": 1198839303
    },
    {
        "Name": 4196521609
    },
    {
        "Name": 2718739903
    },
    {
        "Name": 1427303575
    },
    {
        "Name": 1123242640
    },
    {
        "Name": 4183478727
    },
    {
        "Name": 2804950734
    },
    {
        "Name": 3577494298
    }
]