[
    {
        "ScenarioModeRewardId": 11010
    },
    {
        "ScenarioModeRewardId": 11020
    },
    {
        "ScenarioModeRewardId": 11020
    },
    {
        "ScenarioModeRewardId": 11030
    },
    {
        "ScenarioModeRewardId": 11040
    },
    {
        "ScenarioModeRewardId": 11050
    },
    {
        "ScenarioModeRewardId": 11060
    },
    {
        "ScenarioModeRewardId": 11070
    },
    {
        "ScenarioModeRewardId": 11080
    },
    {
        "ScenarioModeRewardId": 11090
    },
    {
        "ScenarioModeRewardId": 11100
    },
    {
        "ScenarioModeRewardId": 11110
    },
    {
        "ScenarioModeRewardId": 11120
    },
    {
        "ScenarioModeRewardId": 11130
    },
    {
        "ScenarioModeRewardId": 11140
    },
    {
        "ScenarioModeRewardId": 11150
    },
    {
        "ScenarioModeRewardId": 11160
    },
    {
        "ScenarioModeRewardId": 11170
    },
    {
        "ScenarioModeRewardId": 11180
    },
    {
        "ScenarioModeRewardId": 11190
    },
    {
        "ScenarioModeRewardId": 11200
    },
    {
        "ScenarioModeRewardId": 12010
    },
    {
        "ScenarioModeRewardId": 12020
    },
    {
        "ScenarioModeRewardId": 12030
    },
    {
        "ScenarioModeRewardId": 12040
    },
    {
        "ScenarioModeRewardId": 12050
    },
    {
        "ScenarioModeRewardId": 12060
    },
    {
        "ScenarioModeRewardId": 12070
    },
    {
        "ScenarioModeRewardId": 12080
    },
    {
        "ScenarioModeRewardId": 12090
    },
    {
        "ScenarioModeRewardId": 12100
    },
    {
        "ScenarioModeRewardId": 12110
    },
    {
        "ScenarioModeRewardId": 12120
    },
    {
        "ScenarioModeRewardId": 12130
    },
    {
        "ScenarioModeRewardId": 12140
    },
    {
        "ScenarioModeRewardId": 12150
    },
    {
        "ScenarioModeRewardId": 12160
    },
    {
        "ScenarioModeRewardId": 12160
    },
    {
        "ScenarioModeRewardId": 12170
    },
    {
        "ScenarioModeRewardId": 12180
    },
    {
        "ScenarioModeRewardId": 12190
    },
    {
        "ScenarioModeRewardId": 12200
    },
    {
        "ScenarioModeRewardId": 13010
    },
    {
        "ScenarioModeRewardId": 13010
    },
    {
        "ScenarioModeRewardId": 13020
    },
    {
        "ScenarioModeRewardId": 13030
    },
    {
        "ScenarioModeRewardId": 13040
    },
    {
        "ScenarioModeRewardId": 13050
    },
    {
        "ScenarioModeRewardId": 13060
    },
    {
        "ScenarioModeRewardId": 13070
    },
    {
        "ScenarioModeRewardId": 13080
    },
    {
        "ScenarioModeRewardId": 13090
    },
    {
        "ScenarioModeRewardId": 13100
    },
    {
        "ScenarioModeRewardId": 13110
    },
    {
        "ScenarioModeRewardId": 13120
    },
    {
        "ScenarioModeRewardId": 13130
    },
    {
        "ScenarioModeRewardId": 13140
    },
    {
        "ScenarioModeRewardId": 13150
    },
    {
        "ScenarioModeRewardId": 13160
    },
    {
        "ScenarioModeRewardId": 13170
    },
    {
        "ScenarioModeRewardId": 13180
    },
    {
        "ScenarioModeRewardId": 13190
    },
    {
        "ScenarioModeRewardId": 13200
    },
    {
        "ScenarioModeRewardId": 13210
    },
    {
        "ScenarioModeRewardId": 13220
    },
    {
        "ScenarioModeRewardId": 13230
    },
    {
        "ScenarioModeRewardId": 13240
    },
    {
        "ScenarioModeRewardId": 13250
    },
    {
        "ScenarioModeRewardId": 13260
    },
    {
        "ScenarioModeRewardId": 13270
    },
    {
        "ScenarioModeRewardId": 13280
    },
    {
        "ScenarioModeRewardId": 13290
    },
    {
        "ScenarioModeRewardId": 13300
    },
    {
        "ScenarioModeRewardId": 13310
    },
    {
        "ScenarioModeRewardId": 13320
    },
    {
        "ScenarioModeRewardId": 13330
    },
    {
        "ScenarioModeRewardId": 13340
    },
    {
        "ScenarioModeRewardId": 13350
    },
    {
        "ScenarioModeRewardId": 13360
    },
    {
        "ScenarioModeRewardId": 13370
    },
    {
        "ScenarioModeRewardId": 13380
    },
    {
        "ScenarioModeRewardId": 13390
    },
    {
        "ScenarioModeRewardId": 13400
    },
    {
        "ScenarioModeRewardId": 13410
    },
    {
        "ScenarioModeRewardId": 13420
    },
    {
        "ScenarioModeRewardId": 13430
    },
    {
        "ScenarioModeRewardId": 21010
    },
    {
        "ScenarioModeRewardId": 21020
    },
    {
        "ScenarioModeRewardId": 21030
    },
    {
        "ScenarioModeRewardId": 21040
    },
    {
        "ScenarioModeRewardId": 21040
    },
    {
        "ScenarioModeRewardId": 21050
    },
    {
        "ScenarioModeRewardId": 21060
    },
    {
        "ScenarioModeRewardId": 21070
    },
    {
        "ScenarioModeRewardId": 21080
    },
    {
        "ScenarioModeRewardId": 21090
    },
    {
        "ScenarioModeRewardId": 21100
    },
    {
        "ScenarioModeRewardId": 21110
    },
    {
        "ScenarioModeRewardId": 21120
    },
    {
        "ScenarioModeRewardId": 21130
    },
    {
        "ScenarioModeRewardId": 21140
    },
    {
        "ScenarioModeRewardId": 21150
    },
    {
        "ScenarioModeRewardId": 21160
    },
    {
        "ScenarioModeRewardId": 21170
    },
    {
        "ScenarioModeRewardId": 21180
    },
    {
        "ScenarioModeRewardId": 21190
    },
    {
        "ScenarioModeRewardId": 21200
    },
    {
        "ScenarioModeRewardId": 22010
    },
    {
        "ScenarioModeRewardId": 22020
    },
    {
        "ScenarioModeRewardId": 22030
    },
    {
        "ScenarioModeRewardId": 22040
    },
    {
        "ScenarioModeRewardId": 22050
    },
    {
        "ScenarioModeRewardId": 22060
    },
    {
        "ScenarioModeRewardId": 22070
    },
    {
        "ScenarioModeRewardId": 22080
    },
    {
        "ScenarioModeRewardId": 22090
    },
    {
        "ScenarioModeRewardId": 22100
    },
    {
        "ScenarioModeRewardId": 22110
    },
    {
        "ScenarioModeRewardId": 22120
    },
    {
        "ScenarioModeRewardId": 22130
    },
    {
        "ScenarioModeRewardId": 22140
    },
    {
        "ScenarioModeRewardId": 22150
    },
    {
        "ScenarioModeRewardId": 22160
    },
    {
        "ScenarioModeRewardId": 22170
    },
    {
        "ScenarioModeRewardId": 22180
    },
    {
        "ScenarioModeRewardId": 22180
    },
    {
        "ScenarioModeRewardId": 22190
    },
    {
        "ScenarioModeRewardId": 22200
    },
    {
        "ScenarioModeRewardId": 22210
    },
    {
        "ScenarioModeRewardId": 22220
    },
    {
        "ScenarioModeRewardId": 22230
    },
    {
        "ScenarioModeRewardId": 22240
    },
    {
        "ScenarioModeRewardId": 22250
    },
    {
        "ScenarioModeRewardId": 31010
    },
    {
        "ScenarioModeRewardId": 31020
    },
    {
        "ScenarioModeRewardId": 31030
    },
    {
        "ScenarioModeRewardId": 31040
    },
    {
        "ScenarioModeRewardId": 31050
    },
    {
        "ScenarioModeRewardId": 31060
    },
    {
        "ScenarioModeRewardId": 31070
    },
    {
        "ScenarioModeRewardId": 31080
    },
    {
        "ScenarioModeRewardId": 31080
    },
    {
        "ScenarioModeRewardId": 31090
    },
    {
        "ScenarioModeRewardId": 31100
    },
    {
        "ScenarioModeRewardId": 31110
    },
    {
        "ScenarioModeRewardId": 31120
    },
    {
        "ScenarioModeRewardId": 31130
    },
    {
        "ScenarioModeRewardId": 31140
    },
    {
        "ScenarioModeRewardId": 31150
    },
    {
        "ScenarioModeRewardId": 31160
    },
    {
        "ScenarioModeRewardId": 31170
    },
    {
        "ScenarioModeRewardId": 32010
    },
    {
        "ScenarioModeRewardId": 32020
    },
    {
        "ScenarioModeRewardId": 32030
    },
    {
        "ScenarioModeRewardId": 32040
    },
    {
        "ScenarioModeRewardId": 32050
    },
    {
        "ScenarioModeRewardId": 32060
    },
    {
        "ScenarioModeRewardId": 32070
    },
    {
        "ScenarioModeRewardId": 32080
    },
    {
        "ScenarioModeRewardId": 32090
    },
    {
        "ScenarioModeRewardId": 32100
    },
    {
        "ScenarioModeRewardId": 32110
    },
    {
        "ScenarioModeRewardId": 32120
    },
    {
        "ScenarioModeRewardId": 32130
    },
    {
        "ScenarioModeRewardId": 32140
    },
    {
        "ScenarioModeRewardId": 32150
    },
    {
        "ScenarioModeRewardId": 32160
    },
    {
        "ScenarioModeRewardId": 32170
    },
    {
        "ScenarioModeRewardId": 32170
    },
    {
        "ScenarioModeRewardId": 32180
    },
    {
        "ScenarioModeRewardId": 32190
    },
    {
        "ScenarioModeRewardId": 32200
    },
    {
        "ScenarioModeRewardId": 33010
    },
    {
        "ScenarioModeRewardId": 33020
    },
    {
        "ScenarioModeRewardId": 33030
    },
    {
        "ScenarioModeRewardId": 33040
    },
    {
        "ScenarioModeRewardId": 33050
    },
    {
        "ScenarioModeRewardId": 33060
    },
    {
        "ScenarioModeRewardId": 33060
    },
    {
        "ScenarioModeRewardId": 33070
    },
    {
        "ScenarioModeRewardId": 33080
    },
    {
        "ScenarioModeRewardId": 33090
    },
    {
        "ScenarioModeRewardId": 33100
    },
    {
        "ScenarioModeRewardId": 33110
    },
    {
        "ScenarioModeRewardId": 33120
    },
    {
        "ScenarioModeRewardId": 33130
    },
    {
        "ScenarioModeRewardId": 33140
    },
    {
        "ScenarioModeRewardId": 33150
    },
    {
        "ScenarioModeRewardId": 33160
    },
    {
        "ScenarioModeRewardId": 33170
    },
    {
        "ScenarioModeRewardId": 33180
    },
    {
        "ScenarioModeRewardId": 33190
    },
    {
        "ScenarioModeRewardId": 33200
    },
    {
        "ScenarioModeRewardId": 33210
    },
    {
        "ScenarioModeRewardId": 33220
    },
    {
        "ScenarioModeRewardId": 33230
    },
    {
        "ScenarioModeRewardId": 33240
    },
    {
        "ScenarioModeRewardId": 33250
    },
    {
        "ScenarioModeRewardId": 34010
    },
    {
        "ScenarioModeRewardId": 34020
    },
    {
        "ScenarioModeRewardId": 34030
    },
    {
        "ScenarioModeRewardId": 34040
    },
    {
        "ScenarioModeRewardId": 34050
    },
    {
        "ScenarioModeRewardId": 34060
    },
    {
        "ScenarioModeRewardId": 34070
    },
    {
        "ScenarioModeRewardId": 34080
    },
    {
        "ScenarioModeRewardId": 34090
    },
    {
        "ScenarioModeRewardId": 34100
    },
    {
        "ScenarioModeRewardId": 34110
    },
    {
        "ScenarioModeRewardId": 34120
    },
    {
        "ScenarioModeRewardId": 34130
    },
    {
        "ScenarioModeRewardId": 34140
    },
    {
        "ScenarioModeRewardId": 34150
    },
    {
        "ScenarioModeRewardId": 34160
    },
    {
        "ScenarioModeRewardId": 34160
    },
    {
        "ScenarioModeRewardId": 34170
    },
    {
        "ScenarioModeRewardId": 34180
    },
    {
        "ScenarioModeRewardId": 34190
    },
    {
        "ScenarioModeRewardId": 34200
    },
    {
        "ScenarioModeRewardId": 34210
    },
    {
        "ScenarioModeRewardId": 34220
    },
    {
        "ScenarioModeRewardId": 34230
    },
    {
        "ScenarioModeRewardId": 34240
    },
    {
        "ScenarioModeRewardId": 34250
    },
    {
        "ScenarioModeRewardId": 34260
    },
    {
        "ScenarioModeRewardId": 34270
    },
    {
        "ScenarioModeRewardId": 41010
    },
    {
        "ScenarioModeRewardId": 41020
    },
    {
        "ScenarioModeRewardId": 41030
    },
    {
        "ScenarioModeRewardId": 41040
    },
    {
        "ScenarioModeRewardId": 41050
    },
    {
        "ScenarioModeRewardId": 41060
    },
    {
        "ScenarioModeRewardId": 41070
    },
    {
        "ScenarioModeRewardId": 41080
    },
    {
        "ScenarioModeRewardId": 41090
    },
    {
        "ScenarioModeRewardId": 41100
    },
    {
        "ScenarioModeRewardId": 41110
    },
    {
        "ScenarioModeRewardId": 41120
    },
    {
        "ScenarioModeRewardId": 41130
    },
    {
        "ScenarioModeRewardId": 41140
    },
    {
        "ScenarioModeRewardId": 41150
    },
    {
        "ScenarioModeRewardId": 41160
    },
    {
        "ScenarioModeRewardId": 41170
    },
    {
        "ScenarioModeRewardId": 41180
    },
    {
        "ScenarioModeRewardId": 41180
    },
    {
        "ScenarioModeRewardId": 41190
    },
    {
        "ScenarioModeRewardId": 41200
    },
    {
        "ScenarioModeRewardId": 42010
    },
    {
        "ScenarioModeRewardId": 42010
    },
    {
        "ScenarioModeRewardId": 42020
    },
    {
        "ScenarioModeRewardId": 42030
    },
    {
        "ScenarioModeRewardId": 42040
    },
    {
        "ScenarioModeRewardId": 42050
    },
    {
        "ScenarioModeRewardId": 42060
    },
    {
        "ScenarioModeRewardId": 42070
    },
    {
        "ScenarioModeRewardId": 42080
    },
    {
        "ScenarioModeRewardId": 42090
    },
    {
        "ScenarioModeRewardId": 42100
    },
    {
        "ScenarioModeRewardId": 42110
    },
    {
        "ScenarioModeRewardId": 42120
    },
    {
        "ScenarioModeRewardId": 42130
    },
    {
        "ScenarioModeRewardId": 42140
    },
    {
        "ScenarioModeRewardId": 42150
    },
    {
        "ScenarioModeRewardId": 42160
    },
    {
        "ScenarioModeRewardId": 42170
    },
    {
        "ScenarioModeRewardId": 42180
    },
    {
        "ScenarioModeRewardId": 42190
    },
    {
        "ScenarioModeRewardId": 42200
    },
    {
        "ScenarioModeRewardId": 42210
    },
    {
        "ScenarioModeRewardId": 42220
    },
    {
        "ScenarioModeRewardId": 42230
    },
    {
        "ScenarioModeRewardId": 42240
    },
    {
        "ScenarioModeRewardId": 101010
    },
    {
        "ScenarioModeRewardId": 101020
    },
    {
        "ScenarioModeRewardId": 101030
    },
    {
        "ScenarioModeRewardId": 101040
    },
    {
        "ScenarioModeRewardId": 101050
    },
    {
        "ScenarioModeRewardId": 101060
    },
    {
        "ScenarioModeRewardId": 101070
    },
    {
        "ScenarioModeRewardId": 101080
    },
    {
        "ScenarioModeRewardId": 101080
    },
    {
        "ScenarioModeRewardId": 101090
    },
    {
        "ScenarioModeRewardId": 101100
    },
    {
        "ScenarioModeRewardId": 101110
    },
    {
        "ScenarioModeRewardId": 101120
    },
    {
        "ScenarioModeRewardId": 101130
    },
    {
        "ScenarioModeRewardId": 101140
    },
    {
        "ScenarioModeRewardId": 101150
    },
    {
        "ScenarioModeRewardId": 102010
    },
    {
        "ScenarioModeRewardId": 102020
    },
    {
        "ScenarioModeRewardId": 102020
    },
    {
        "ScenarioModeRewardId": 102030
    },
    {
        "ScenarioModeRewardId": 102040
    },
    {
        "ScenarioModeRewardId": 102050
    },
    {
        "ScenarioModeRewardId": 102060
    },
    {
        "ScenarioModeRewardId": 102070
    },
    {
        "ScenarioModeRewardId": 102080
    },
    {
        "ScenarioModeRewardId": 102090
    },
    {
        "ScenarioModeRewardId": 102100
    },
    {
        "ScenarioModeRewardId": 102110
    },
    {
        "ScenarioModeRewardId": 102120
    },
    {
        "ScenarioModeRewardId": 102130
    },
    {
        "ScenarioModeRewardId": 102140
    },
    {
        "ScenarioModeRewardId": 102150
    },
    {
        "ScenarioModeRewardId": 102160
    },
    {
        "ScenarioModeRewardId": 102170
    },
    {
        "ScenarioModeRewardId": 102180
    },
    {
        "ScenarioModeRewardId": 102190
    },
    {
        "ScenarioModeRewardId": 102200
    },
    {
        "ScenarioModeRewardId": 102210
    },
    {
        "ScenarioModeRewardId": 103010
    },
    {
        "ScenarioModeRewardId": 103020
    },
    {
        "ScenarioModeRewardId": 103030
    },
    {
        "ScenarioModeRewardId": 103040
    },
    {
        "ScenarioModeRewardId": 103050
    },
    {
        "ScenarioModeRewardId": 103060
    },
    {
        "ScenarioModeRewardId": 103070
    },
    {
        "ScenarioModeRewardId": 103080
    },
    {
        "ScenarioModeRewardId": 103090
    },
    {
        "ScenarioModeRewardId": 103100
    },
    {
        "ScenarioModeRewardId": 103110
    },
    {
        "ScenarioModeRewardId": 103120
    },
    {
        "ScenarioModeRewardId": 103120
    },
    {
        "ScenarioModeRewardId": 103130
    },
    {
        "ScenarioModeRewardId": 103140
    },
    {
        "ScenarioModeRewardId": 103150
    },
    {
        "ScenarioModeRewardId": 103160
    },
    {
        "ScenarioModeRewardId": 104010
    },
    {
        "ScenarioModeRewardId": 104020
    },
    {
        "ScenarioModeRewardId": 104030
    },
    {
        "ScenarioModeRewardId": 104040
    },
    {
        "ScenarioModeRewardId": 104050
    },
    {
        "ScenarioModeRewardId": 104060
    },
    {
        "ScenarioModeRewardId": 104060
    },
    {
        "ScenarioModeRewardId": 104070
    },
    {
        "ScenarioModeRewardId": 104080
    },
    {
        "ScenarioModeRewardId": 104090
    },
    {
        "ScenarioModeRewardId": 104100
    },
    {
        "ScenarioModeRewardId": 104100
    },
    {
        "ScenarioModeRewardId": 104110
    },
    {
        "ScenarioModeRewardId": 104120
    },
    {
        "ScenarioModeRewardId": 104120
    },
    {
        "ScenarioModeRewardId": 51010
    },
    {
        "ScenarioModeRewardId": 51020
    },
    {
        "ScenarioModeRewardId": 51030
    },
    {
        "ScenarioModeRewardId": 51040
    },
    {
        "ScenarioModeRewardId": 51040
    },
    {
        "ScenarioModeRewardId": 51050
    },
    {
        "ScenarioModeRewardId": 51060
    },
    {
        "ScenarioModeRewardId": 51070
    },
    {
        "ScenarioModeRewardId": 51080
    },
    {
        "ScenarioModeRewardId": 51090
    },
    {
        "ScenarioModeRewardId": 51100
    },
    {
        "ScenarioModeRewardId": 51110
    },
    {
        "ScenarioModeRewardId": 51120
    },
    {
        "ScenarioModeRewardId": 51130
    },
    {
        "ScenarioModeRewardId": 51140
    },
    {
        "ScenarioModeRewardId": 51150
    },
    {
        "ScenarioModeRewardId": 51160
    },
    {
        "ScenarioModeRewardId": 51170
    },
    {
        "ScenarioModeRewardId": 51180
    },
    {
        "ScenarioModeRewardId": 51190
    },
    {
        "ScenarioModeRewardId": 51200
    },
    {
        "ScenarioModeRewardId": 51210
    },
    {
        "ScenarioModeRewardId": 51220
    },
    {
        "ScenarioModeRewardId": 51230
    },
    {
        "ScenarioModeRewardId": 51240
    },
    {
        "ScenarioModeRewardId": 51250
    },
    {
        "ScenarioModeRewardId": 51260
    },
    {
        "ScenarioModeRewardId": 52010
    },
    {
        "ScenarioModeRewardId": 52020
    },
    {
        "ScenarioModeRewardId": 52030
    },
    {
        "ScenarioModeRewardId": 52040
    },
    {
        "ScenarioModeRewardId": 52050
    },
    {
        "ScenarioModeRewardId": 52060
    },
    {
        "ScenarioModeRewardId": 52070
    },
    {
        "ScenarioModeRewardId": 52080
    },
    {
        "ScenarioModeRewardId": 52090
    },
    {
        "ScenarioModeRewardId": 52100
    },
    {
        "ScenarioModeRewardId": 52110
    },
    {
        "ScenarioModeRewardId": 52120
    },
    {
        "ScenarioModeRewardId": 52130
    },
    {
        "ScenarioModeRewardId": 52140
    },
    {
        "ScenarioModeRewardId": 52150
    },
    {
        "ScenarioModeRewardId": 52160
    },
    {
        "ScenarioModeRewardId": 52170
    },
    {
        "ScenarioModeRewardId": 52180
    },
    {
        "ScenarioModeRewardId": 52190
    },
    {
        "ScenarioModeRewardId": 52200
    },
    {
        "ScenarioModeRewardId": 52210
    },
    {
        "ScenarioModeRewardId": 52220
    },
    {
        "ScenarioModeRewardId": 52230
    },
    {
        "ScenarioModeRewardId": 52240
    },
    {
        "ScenarioModeRewardId": 52250
    },
    {
        "ScenarioModeRewardId": 52260
    },
    {
        "ScenarioModeRewardId": 52270
    },
    {
        "ScenarioModeRewardId": 52270
    },
    {
        "ScenarioModeRewardId": 52280
    },
    {
        "ScenarioModeRewardId": 90000005
    },
    {
        "ScenarioModeRewardId": 90000010
    },
    {
        "ScenarioModeRewardId": 90000020
    },
    {
        "ScenarioModeRewardId": 90000030
    },
    {
        "ScenarioModeRewardId": 90000040
    },
    {
        "ScenarioModeRewardId": 90000050
    },
    {
        "ScenarioModeRewardId": 90000060
    },
    {
        "ScenarioModeRewardId": 90000070
    },
    {
        "ScenarioModeRewardId": 90000080
    },
    {
        "ScenarioModeRewardId": 90000090
    },
    {
        "ScenarioModeRewardId": 90000100
    },
    {
        "ScenarioModeRewardId": 90000110
    },
    {
        "ScenarioModeRewardId": 90000120
    },
    {
        "ScenarioModeRewardId": 90000130
    },
    {
        "ScenarioModeRewardId": 90000140
    },
    {
        "ScenarioModeRewardId": 90000150
    },
    {
        "ScenarioModeRewardId": 90000160
    },
    {
        "ScenarioModeRewardId": 90000160
    },
    {
        "ScenarioModeRewardId": 90000160
    },
    {
        "ScenarioModeRewardId": 90001010
    },
    {
        "ScenarioModeRewardId": 90001020
    },
    {
        "ScenarioModeRewardId": 90001030
    },
    {
        "ScenarioModeRewardId": 90001040
    },
    {
        "ScenarioModeRewardId": 90001050
    },
    {
        "ScenarioModeRewardId": 90001060
    },
    {
        "ScenarioModeRewardId": 90001070
    },
    {
        "ScenarioModeRewardId": 90001080
    },
    {
        "ScenarioModeRewardId": 90001090
    },
    {
        "ScenarioModeRewardId": 90001100
    },
    {
        "ScenarioModeRewardId": 90001110
    },
    {
        "ScenarioModeRewardId": 90001120
    },
    {
        "ScenarioModeRewardId": 90001130
    },
    {
        "ScenarioModeRewardId": 90001140
    },
    {
        "ScenarioModeRewardId": 90001150
    },
    {
        "ScenarioModeRewardId": 90001160
    },
    {
        "ScenarioModeRewardId": 90001170
    },
    {
        "ScenarioModeRewardId": 90001180
    },
    {
        "ScenarioModeRewardId": 90001190
    },
    {
        "ScenarioModeRewardId": 90001200
    },
    {
        "ScenarioModeRewardId": 90001210
    },
    {
        "ScenarioModeRewardId": 90001210
    },
    {
        "ScenarioModeRewardId": 90001220
    },
    {
        "ScenarioModeRewardId": 90001230
    },
    {
        "ScenarioModeRewardId": 90001240
    },
    {
        "ScenarioModeRewardId": 90001250
    },
    {
        "ScenarioModeRewardId": 90001260
    },
    {
        "ScenarioModeRewardId": 90001270
    },
    {
        "ScenarioModeRewardId": 90001280
    },
    {
        "ScenarioModeRewardId": 90001290
    },
    {
        "ScenarioModeRewardId": 90001300
    },
    {
        "ScenarioModeRewardId": 90001310
    },
    {
        "ScenarioModeRewardId": 1101
    },
    {
        "ScenarioModeRewardId": 1101
    },
    {
        "ScenarioModeRewardId": 1102
    },
    {
        "ScenarioModeRewardId": 1103
    },
    {
        "ScenarioModeRewardId": 1104
    },
    {
        "ScenarioModeRewardId": 1201
    },
    {
        "ScenarioModeRewardId": 1201
    },
    {
        "ScenarioModeRewardId": 1202
    },
    {
        "ScenarioModeRewardId": 1203
    },
    {
        "ScenarioModeRewardId": 2201
    },
    {
        "ScenarioModeRewardId": 2201
    },
    {
        "ScenarioModeRewardId": 1401
    },
    {
        "ScenarioModeRewardId": 1401
    },
    {
        "ScenarioModeRewardId": 1402
    },
    {
        "ScenarioModeRewardId": 1403
    },
    {
        "ScenarioModeRewardId": 1501
    },
    {
        "ScenarioModeRewardId": 1501
    },
    {
        "ScenarioModeRewardId": 1502
    },
    {
        "ScenarioModeRewardId": 1503
    },
    {
        "ScenarioModeRewardId": 1601
    },
    {
        "ScenarioModeRewardId": 1601
    },
    {
        "ScenarioModeRewardId": 1602
    },
    {
        "ScenarioModeRewardId": 1701
    },
    {
        "ScenarioModeRewardId": 1701
    },
    {
        "ScenarioModeRewardId": 1702
    },
    {
        "ScenarioModeRewardId": 1703
    },
    {
        "ScenarioModeRewardId": 1801
    },
    {
        "ScenarioModeRewardId": 1801
    },
    {
        "ScenarioModeRewardId": 1802
    },
    {
        "ScenarioModeRewardId": 1901
    },
    {
        "ScenarioModeRewardId": 1901
    },
    {
        "ScenarioModeRewardId": 1902
    },
    {
        "ScenarioModeRewardId": 2001
    },
    {
        "ScenarioModeRewardId": 2001
    },
    {
        "ScenarioModeRewardId": 2002
    },
    {
        "ScenarioModeRewardId": 2101
    },
    {
        "ScenarioModeRewardId": 2101
    },
    {
        "ScenarioModeRewardId": 2102
    },
    {
        "ScenarioModeRewardId": 1301
    },
    {
        "ScenarioModeRewardId": 1301
    },
    {
        "ScenarioModeRewardId": 1302
    },
    {
        "ScenarioModeRewardId": 1303
    },
    {
        "ScenarioModeRewardId": 2301
    },
    {
        "ScenarioModeRewardId": 2301
    },
    {
        "ScenarioModeRewardId": 2302
    },
    {
        "ScenarioModeRewardId": 2401
    },
    {
        "ScenarioModeRewardId": 2401
    },
    {
        "ScenarioModeRewardId": 2402
    },
    {
        "ScenarioModeRewardId": 2403
    },
    {
        "ScenarioModeRewardId": 2404
    },
    {
        "ScenarioModeRewardId": 2501
    },
    {
        "ScenarioModeRewardId": 2501
    },
    {
        "ScenarioModeRewardId": 2502
    },
    {
        "ScenarioModeRewardId": 2601
    },
    {
        "ScenarioModeRewardId": 2601
    },
    {
        "ScenarioModeRewardId": 2602
    },
    {
        "ScenarioModeRewardId": 2701
    },
    {
        "ScenarioModeRewardId": 2701
    },
    {
        "ScenarioModeRewardId": 2702
    },
    {
        "ScenarioModeRewardId": 2801
    },
    {
        "ScenarioModeRewardId": 2801
    },
    {
        "ScenarioModeRewardId": 2802
    },
    {
        "ScenarioModeRewardId": 2901
    },
    {
        "ScenarioModeRewardId": 2901
    },
    {
        "ScenarioModeRewardId": 2902
    },
    {
        "ScenarioModeRewardId": 3001
    },
    {
        "ScenarioModeRewardId": 3001
    },
    {
        "ScenarioModeRewardId": 3002
    },
    {
        "ScenarioModeRewardId": 3003
    },
    {
        "ScenarioModeRewardId": 3101
    },
    {
        "ScenarioModeRewardId": 3101
    },
    {
        "ScenarioModeRewardId": 3102
    },
    {
        "ScenarioModeRewardId": 3103
    },
    {
        "ScenarioModeRewardId": 3201
    },
    {
        "ScenarioModeRewardId": 3201
    },
    {
        "ScenarioModeRewardId": 3202
    },
    {
        "ScenarioModeRewardId": 3301
    },
    {
        "ScenarioModeRewardId": 3301
    },
    {
        "ScenarioModeRewardId": 3302
    },
    {
        "ScenarioModeRewardId": 3303
    },
    {
        "ScenarioModeRewardId": 3401
    },
    {
        "ScenarioModeRewardId": 3401
    },
    {
        "ScenarioModeRewardId": 3402
    },
    {
        "ScenarioModeRewardId": 3403
    },
    {
        "ScenarioModeRewardId": 3501
    },
    {
        "ScenarioModeRewardId": 3501
    },
    {
        "ScenarioModeRewardId": 3502
    },
    {
        "ScenarioModeRewardId": 70000010
    },
    {
        "ScenarioModeRewardId": 70000020
    },
    {
        "ScenarioModeRewardId": 70001010
    },
    {
        "ScenarioModeRewardId": 70001020
    },
    {
        "ScenarioModeRewardId": 70001030
    },
    {
        "ScenarioModeRewardId": 70002010
    },
    {
        "ScenarioModeRewardId": 70002020
    },
    {
        "ScenarioModeRewardId": 70003010
    },
    {
        "ScenarioModeRewardId": 70003020
    },
    {
        "ScenarioModeRewardId": 70004010
    },
    {
        "ScenarioModeRewardId": 70004020
    },
    {
        "ScenarioModeRewardId": 70004030
    },
    {
        "ScenarioModeRewardId": 70005010
    },
    {
        "ScenarioModeRewardId": 70005020
    },
    {
        "ScenarioModeRewardId": 70005030
    },
    {
        "ScenarioModeRewardId": 70006010
    },
    {
        "ScenarioModeRewardId": 70006020
    },
    {
        "ScenarioModeRewardId": 70007010
    },
    {
        "ScenarioModeRewardId": 70007020
    },
    {
        "ScenarioModeRewardId": 70008010
    },
    {
        "ScenarioModeRewardId": 70008020
    },
    {
        "ScenarioModeRewardId": 70008030
    }
]