[
    {
        "Name": 1377724294
    },
    {
        "Name": 3550865647
    },
    {
        "Name": 1679852157
    },
    {
        "Name": 3023046476
    },
    {
        "Name": 2728481130
    },
    {
        "Name": 3676184657
    },
    {
        "Name": 575794762
    },
    {
        "Name": 1061522909
    },
    {
        "Name": 1870781268
    },
    {
        "Name": 2675527592
    },
    {
        "Name": 3134544579
    },
    {
        "Name": 2551519896
    },
    {
        "Name": 2499688462
    },
    {
        "Name": 866423043
    },
    {
        "Name": 3610115052
    },
    {
        "Name": 880081110
    },
    {
        "Name": 4180629607
    },
    {
        "Name": 2688008756
    },
    {
        "Name": 2294765479
    },
    {
        "Name": 2786804546
    },
    {
        "Name": 588464592
    },
    {
        "Name": 3395110614
    },
    {
        "Name": 73430338
    },
    {
        "Name": 2572386699
    },
    {
        "Name": 67432837
    },
    {
        "Name": 4138745450
    },
    {
        "Name": 3507083243
    },
    {
        "Name": 3934311147
    },
    {
        "Name": 736631543
    },
    {
        "Name": 4006301275
    },
    {
        "Name": 2174743540
    },
    {
        "Name": 786952175
    },
    {
        "Name": 1566732214
    },
    {
        "Name": 2852995640
    },
    {
        "Name": 1645868105
    },
    {
        "Name": 1488006201
    },
    {
        "Name": 616417400
    },
    {
        "Name": 404951874
    },
    {
        "Name": 1775396144
    },
    {
        "Name": 1523509272
    },
    {
        "Name": 176581582
    },
    {
        "Name": 944219793
    },
    {
        "Name": 3148254787
    },
    {
        "Name": 442565896
    },
    {
        "Name": 2245459904
    },
    {
        "Name": 2313116516
    },
    {
        "Name": 1868040285
    },
    {
        "Name": 625495150
    },
    {
        "Name": 3431396086
    },
    {
        "Name": 3787421326
    },
    {
        "Name": 906158010
    },
    {
        "Name": 413824252
    },
    {
        "Name": 2900509978
    },
    {
        "Name": 2636511002
    },
    {
        "Name": 352657052
    },
    {
        "Name": 2494980290
    },
    {
        "Name": 2720349264
    },
    {
        "Name": 3472227801
    },
    {
        "Name": 704076025
    },
    {
        "Name": 1275849141
    },
    {
        "Name": 2465271538
    },
    {
        "Name": 1924060894
    },
    {
        "Name": 815023049
    },
    {
        "Name": 3272994292
    },
    {
        "Name": 3861608420
    },
    {
        "Name": 572912748
    },
    {
        "Name": 2199627969
    },
    {
        "Name": 637143556
    },
    {
        "Name": 3431139783
    },
    {
        "Name": 617044145
    },
    {
        "Name": 356899549
    },
    {
        "Name": 3538076526
    },
    {
        "Name": 757368843
    },
    {
        "Name": 1336965041
    },
    {
        "Name": 3155400160
    },
    {
        "Name": 921085781
    },
    {
        "Name": 1030448727
    },
    {
        "Name": 2536167775
    },
    {
        "Name": 1918767535
    },
    {
        "Name": 4142393986
    },
    {
        "Name": 885184297
    }
]