[
    {
        "ModeId": 10000
    },
    {
        "ModeId": 10002
    },
    {
        "ModeId": 11010
    },
    {
        "ModeId": 11020
    },
    {
        "ModeId": 11030
    },
    {
        "ModeId": 11040
    },
    {
        "ModeId": 11050
    },
    {
        "ModeId": 11060
    },
    {
        "ModeId": 11070
    },
    {
        "ModeId": 11080
    },
    {
        "ModeId": 11090
    },
    {
        "ModeId": 11100
    },
    {
        "ModeId": 11110
    },
    {
        "ModeId": 11120
    },
    {
        "ModeId": 11130
    },
    {
        "ModeId": 11140
    },
    {
        "ModeId": 11150
    },
    {
        "ModeId": 11160
    },
    {
        "ModeId": 11170
    },
    {
        "ModeId": 11180
    },
    {
        "ModeId": 11190
    },
    {
        "ModeId": 11200
    },
    {
        "ModeId": 12010
    },
    {
        "ModeId": 12020
    },
    {
        "ModeId": 12030
    },
    {
        "ModeId": 12040
    },
    {
        "ModeId": 12050
    },
    {
        "ModeId": 12060
    },
    {
        "ModeId": 12070
    },
    {
        "ModeId": 12080
    },
    {
        "ModeId": 12090
    },
    {
        "ModeId": 12100
    },
    {
        "ModeId": 12110
    },
    {
        "ModeId": 12120
    },
    {
        "ModeId": 12130
    },
    {
        "ModeId": 12140
    },
    {
        "ModeId": 12150
    },
    {
        "ModeId": 12160
    },
    {
        "ModeId": 12170
    },
    {
        "ModeId": 12180
    },
    {
        "ModeId": 12190
    },
    {
        "ModeId": 12200
    },
    {
        "ModeId": 21010
    },
    {
        "ModeId": 21020
    },
    {
        "ModeId": 21030
    },
    {
        "ModeId": 21040
    },
    {
        "ModeId": 21050
    },
    {
        "ModeId": 21060
    },
    {
        "ModeId": 21070
    },
    {
        "ModeId": 21080
    },
    {
        "ModeId": 21090
    },
    {
        "ModeId": 21100
    },
    {
        "ModeId": 21110
    },
    {
        "ModeId": 21120
    },
    {
        "ModeId": 21130
    },
    {
        "ModeId": 21140
    },
    {
        "ModeId": 21150
    },
    {
        "ModeId": 21160
    },
    {
        "ModeId": 21170
    },
    {
        "ModeId": 21180
    },
    {
        "ModeId": 21190
    },
    {
        "ModeId": 21200
    },
    {
        "ModeId": 22010
    },
    {
        "ModeId": 22020
    },
    {
        "ModeId": 22030
    },
    {
        "ModeId": 22040
    },
    {
        "ModeId": 22050
    },
    {
        "ModeId": 22060
    },
    {
        "ModeId": 22070
    },
    {
        "ModeId": 22080
    },
    {
        "ModeId": 22090
    },
    {
        "ModeId": 22100
    },
    {
        "ModeId": 22110
    },
    {
        "ModeId": 22120
    },
    {
        "ModeId": 22130
    },
    {
        "ModeId": 22140
    },
    {
        "ModeId": 22150
    },
    {
        "ModeId": 22160
    },
    {
        "ModeId": 22170
    },
    {
        "ModeId": 22180
    },
    {
        "ModeId": 22190
    },
    {
        "ModeId": 22200
    },
    {
        "ModeId": 22210
    },
    {
        "ModeId": 22220
    },
    {
        "ModeId": 22230
    },
    {
        "ModeId": 22240
    },
    {
        "ModeId": 22250
    },
    {
        "ModeId": 31010
    },
    {
        "ModeId": 31020
    },
    {
        "ModeId": 31030
    },
    {
        "ModeId": 31040
    },
    {
        "ModeId": 31050
    },
    {
        "ModeId": 31060
    },
    {
        "ModeId": 31070
    },
    {
        "ModeId": 31080
    },
    {
        "ModeId": 31090
    },
    {
        "ModeId": 31100
    },
    {
        "ModeId": 31110
    },
    {
        "ModeId": 31120
    },
    {
        "ModeId": 31130
    },
    {
        "ModeId": 31140
    },
    {
        "ModeId": 31150
    },
    {
        "ModeId": 31160
    },
    {
        "ModeId": 31170
    },
    {
        "ModeId": 32010
    },
    {
        "ModeId": 32020
    },
    {
        "ModeId": 32030
    },
    {
        "ModeId": 32040
    },
    {
        "ModeId": 32050
    },
    {
        "ModeId": 32060
    },
    {
        "ModeId": 32070
    },
    {
        "ModeId": 32080
    },
    {
        "ModeId": 32090
    },
    {
        "ModeId": 32100
    },
    {
        "ModeId": 32110
    },
    {
        "ModeId": 32120
    },
    {
        "ModeId": 32130
    },
    {
        "ModeId": 32140
    },
    {
        "ModeId": 32150
    },
    {
        "ModeId": 32160
    },
    {
        "ModeId": 32170
    },
    {
        "ModeId": 32180
    },
    {
        "ModeId": 32190
    },
    {
        "ModeId": 32200
    },
    {
        "ModeId": 33010
    },
    {
        "ModeId": 33020
    },
    {
        "ModeId": 33030
    },
    {
        "ModeId": 33040
    },
    {
        "ModeId": 33050
    },
    {
        "ModeId": 33060
    },
    {
        "ModeId": 33070
    },
    {
        "ModeId": 33080
    },
    {
        "ModeId": 33090
    },
    {
        "ModeId": 33100
    },
    {
        "ModeId": 33110
    },
    {
        "ModeId": 33120
    },
    {
        "ModeId": 33130
    },
    {
        "ModeId": 33140
    },
    {
        "ModeId": 33150
    },
    {
        "ModeId": 33160
    },
    {
        "ModeId": 33170
    },
    {
        "ModeId": 33180
    },
    {
        "ModeId": 33190
    },
    {
        "ModeId": 33200
    },
    {
        "ModeId": 33210
    },
    {
        "ModeId": 33220
    },
    {
        "ModeId": 33230
    },
    {
        "ModeId": 33240
    },
    {
        "ModeId": 33250
    },
    {
        "ModeId": 34010
    },
    {
        "ModeId": 34020
    },
    {
        "ModeId": 34030
    },
    {
        "ModeId": 34040
    },
    {
        "ModeId": 34050
    },
    {
        "ModeId": 34060
    },
    {
        "ModeId": 34070
    },
    {
        "ModeId": 34080
    },
    {
        "ModeId": 34090
    },
    {
        "ModeId": 34100
    },
    {
        "ModeId": 34110
    },
    {
        "ModeId": 34120
    },
    {
        "ModeId": 34130
    },
    {
        "ModeId": 34140
    },
    {
        "ModeId": 34150
    },
    {
        "ModeId": 34160
    },
    {
        "ModeId": 34170
    },
    {
        "ModeId": 34180
    },
    {
        "ModeId": 34190
    },
    {
        "ModeId": 34200
    },
    {
        "ModeId": 34210
    },
    {
        "ModeId": 34220
    },
    {
        "ModeId": 34230
    },
    {
        "ModeId": 34240
    },
    {
        "ModeId": 34250
    },
    {
        "ModeId": 34260
    },
    {
        "ModeId": 34270
    },
    {
        "ModeId": 41010
    },
    {
        "ModeId": 41020
    },
    {
        "ModeId": 41030
    },
    {
        "ModeId": 41040
    },
    {
        "ModeId": 41050
    },
    {
        "ModeId": 41060
    },
    {
        "ModeId": 41070
    },
    {
        "ModeId": 41080
    },
    {
        "ModeId": 41090
    },
    {
        "ModeId": 41100
    },
    {
        "ModeId": 41110
    },
    {
        "ModeId": 41120
    },
    {
        "ModeId": 41130
    },
    {
        "ModeId": 41140
    },
    {
        "ModeId": 41150
    },
    {
        "ModeId": 41160
    },
    {
        "ModeId": 41170
    },
    {
        "ModeId": 41180
    },
    {
        "ModeId": 41190
    },
    {
        "ModeId": 41200
    },
    {
        "ModeId": 42010
    },
    {
        "ModeId": 42020
    },
    {
        "ModeId": 42030
    },
    {
        "ModeId": 42040
    },
    {
        "ModeId": 42050
    },
    {
        "ModeId": 42060
    },
    {
        "ModeId": 42070
    },
    {
        "ModeId": 42080
    },
    {
        "ModeId": 42090
    },
    {
        "ModeId": 42100
    },
    {
        "ModeId": 42110
    },
    {
        "ModeId": 42120
    },
    {
        "ModeId": 42130
    },
    {
        "ModeId": 42140
    },
    {
        "ModeId": 42150
    },
    {
        "ModeId": 42160
    },
    {
        "ModeId": 42170
    },
    {
        "ModeId": 42180
    },
    {
        "ModeId": 42190
    },
    {
        "ModeId": 42200
    },
    {
        "ModeId": 42210
    },
    {
        "ModeId": 42220
    },
    {
        "ModeId": 42230
    },
    {
        "ModeId": 42240
    },
    {
        "ModeId": 101010
    },
    {
        "ModeId": 101020
    },
    {
        "ModeId": 101030
    },
    {
        "ModeId": 101040
    },
    {
        "ModeId": 101050
    },
    {
        "ModeId": 101060
    },
    {
        "ModeId": 101070
    },
    {
        "ModeId": 101080
    },
    {
        "ModeId": 101090
    },
    {
        "ModeId": 101100
    },
    {
        "ModeId": 101110
    },
    {
        "ModeId": 101120
    },
    {
        "ModeId": 101130
    },
    {
        "ModeId": 101140
    },
    {
        "ModeId": 101150
    },
    {
        "ModeId": 102010
    },
    {
        "ModeId": 102020
    },
    {
        "ModeId": 102030
    },
    {
        "ModeId": 102040
    },
    {
        "ModeId": 102050
    },
    {
        "ModeId": 102060
    },
    {
        "ModeId": 102070
    },
    {
        "ModeId": 102080
    },
    {
        "ModeId": 102090
    },
    {
        "ModeId": 102100
    },
    {
        "ModeId": 102110
    },
    {
        "ModeId": 102120
    },
    {
        "ModeId": 102130
    },
    {
        "ModeId": 102140
    },
    {
        "ModeId": 102150
    },
    {
        "ModeId": 102160
    },
    {
        "ModeId": 102170
    },
    {
        "ModeId": 102180
    },
    {
        "ModeId": 102190
    },
    {
        "ModeId": 102200
    },
    {
        "ModeId": 102210
    },
    {
        "ModeId": 103010
    },
    {
        "ModeId": 103020
    },
    {
        "ModeId": 103030
    },
    {
        "ModeId": 103040
    },
    {
        "ModeId": 103050
    },
    {
        "ModeId": 103060
    },
    {
        "ModeId": 103070
    },
    {
        "ModeId": 103080
    },
    {
        "ModeId": 103090
    },
    {
        "ModeId": 103100
    },
    {
        "ModeId": 103110
    },
    {
        "ModeId": 103120
    },
    {
        "ModeId": 103130
    },
    {
        "ModeId": 103140
    },
    {
        "ModeId": 103150
    },
    {
        "ModeId": 103160
    },
    {
        "ModeId": 104010
    },
    {
        "ModeId": 104020
    },
    {
        "ModeId": 104030
    },
    {
        "ModeId": 104040
    },
    {
        "ModeId": 104050
    },
    {
        "ModeId": 104060
    },
    {
        "ModeId": 104070
    },
    {
        "ModeId": 104080
    },
    {
        "ModeId": 104090
    },
    {
        "ModeId": 104100
    },
    {
        "ModeId": 104110
    },
    {
        "ModeId": 104120
    },
    {
        "ModeId": 51010
    },
    {
        "ModeId": 51020
    },
    {
        "ModeId": 51030
    },
    {
        "ModeId": 51040
    },
    {
        "ModeId": 51050
    },
    {
        "ModeId": 51060
    },
    {
        "ModeId": 51070
    },
    {
        "ModeId": 51080
    },
    {
        "ModeId": 51090
    },
    {
        "ModeId": 51100
    },
    {
        "ModeId": 51110
    },
    {
        "ModeId": 51120
    },
    {
        "ModeId": 51130
    },
    {
        "ModeId": 51140
    },
    {
        "ModeId": 51150
    },
    {
        "ModeId": 51160
    },
    {
        "ModeId": 51170
    },
    {
        "ModeId": 51180
    },
    {
        "ModeId": 51190
    },
    {
        "ModeId": 51200
    },
    {
        "ModeId": 51210
    },
    {
        "ModeId": 51220
    },
    {
        "ModeId": 51230
    },
    {
        "ModeId": 51240
    },
    {
        "ModeId": 51250
    },
    {
        "ModeId": 51260
    },
    {
        "ModeId": 13010
    },
    {
        "ModeId": 13020
    },
    {
        "ModeId": 13030
    },
    {
        "ModeId": 13040
    },
    {
        "ModeId": 13050
    },
    {
        "ModeId": 13060
    },
    {
        "ModeId": 13070
    },
    {
        "ModeId": 13080
    },
    {
        "ModeId": 13090
    },
    {
        "ModeId": 13100
    },
    {
        "ModeId": 13110
    },
    {
        "ModeId": 13120
    },
    {
        "ModeId": 13130
    },
    {
        "ModeId": 13140
    },
    {
        "ModeId": 13150
    },
    {
        "ModeId": 13160
    },
    {
        "ModeId": 13170
    },
    {
        "ModeId": 13180
    },
    {
        "ModeId": 13190
    },
    {
        "ModeId": 13200
    },
    {
        "ModeId": 13210
    },
    {
        "ModeId": 13220
    },
    {
        "ModeId": 13230
    },
    {
        "ModeId": 13240
    },
    {
        "ModeId": 13250
    },
    {
        "ModeId": 13260
    },
    {
        "ModeId": 13270
    },
    {
        "ModeId": 13280
    },
    {
        "ModeId": 13290
    },
    {
        "ModeId": 13300
    },
    {
        "ModeId": 13310
    },
    {
        "ModeId": 13320
    },
    {
        "ModeId": 13330
    },
    {
        "ModeId": 13340
    },
    {
        "ModeId": 13350
    },
    {
        "ModeId": 13360
    },
    {
        "ModeId": 13370
    },
    {
        "ModeId": 13380
    },
    {
        "ModeId": 13390
    },
    {
        "ModeId": 13400
    },
    {
        "ModeId": 13410
    },
    {
        "ModeId": 13420
    },
    {
        "ModeId": 13430
    },
    {
        "ModeId": 90000005
    },
    {
        "ModeId": 90000010
    },
    {
        "ModeId": 90000020
    },
    {
        "ModeId": 90000030
    },
    {
        "ModeId": 90000040
    },
    {
        "ModeId": 90000050
    },
    {
        "ModeId": 90000060
    },
    {
        "ModeId": 90000070
    },
    {
        "ModeId": 90000080
    },
    {
        "ModeId": 90000090
    },
    {
        "ModeId": 90000100
    },
    {
        "ModeId": 90000110
    },
    {
        "ModeId": 90000120
    },
    {
        "ModeId": 90000130
    },
    {
        "ModeId": 90000140
    },
    {
        "ModeId": 90000150
    },
    {
        "ModeId": 90000160
    },
    {
        "ModeId": 90001010
    },
    {
        "ModeId": 90001020
    },
    {
        "ModeId": 90001030
    },
    {
        "ModeId": 90001040
    },
    {
        "ModeId": 90001050
    },
    {
        "ModeId": 90001060
    },
    {
        "ModeId": 90001070
    },
    {
        "ModeId": 90001080
    },
    {
        "ModeId": 90001090
    },
    {
        "ModeId": 90001100
    },
    {
        "ModeId": 90001110
    },
    {
        "ModeId": 90001120
    },
    {
        "ModeId": 90001130
    },
    {
        "ModeId": 90001140
    },
    {
        "ModeId": 90001150
    },
    {
        "ModeId": 90001160
    },
    {
        "ModeId": 90001170
    },
    {
        "ModeId": 90001180
    },
    {
        "ModeId": 90001190
    },
    {
        "ModeId": 90001200
    },
    {
        "ModeId": 90001210
    },
    {
        "ModeId": 90001220
    },
    {
        "ModeId": 90001230
    },
    {
        "ModeId": 90001240
    },
    {
        "ModeId": 90001250
    },
    {
        "ModeId": 90001260
    },
    {
        "ModeId": 90001270
    },
    {
        "ModeId": 90001280
    },
    {
        "ModeId": 90001290
    },
    {
        "ModeId": 90001300
    },
    {
        "ModeId": 90001310
    },
    {
        "ModeId": 52010
    },
    {
        "ModeId": 52020
    },
    {
        "ModeId": 52030
    },
    {
        "ModeId": 52040
    },
    {
        "ModeId": 52050
    },
    {
        "ModeId": 52060
    },
    {
        "ModeId": 52070
    },
    {
        "ModeId": 52080
    },
    {
        "ModeId": 52090
    },
    {
        "ModeId": 52100
    },
    {
        "ModeId": 52110
    },
    {
        "ModeId": 52120
    },
    {
        "ModeId": 52130
    },
    {
        "ModeId": 52140
    },
    {
        "ModeId": 52150
    },
    {
        "ModeId": 52160
    },
    {
        "ModeId": 52170
    },
    {
        "ModeId": 52180
    },
    {
        "ModeId": 52190
    },
    {
        "ModeId": 52200
    },
    {
        "ModeId": 52210
    },
    {
        "ModeId": 52220
    },
    {
        "ModeId": 52230
    },
    {
        "ModeId": 52240
    },
    {
        "ModeId": 52250
    },
    {
        "ModeId": 52260
    },
    {
        "ModeId": 52270
    },
    {
        "ModeId": 52280
    },
    {
        "ModeId": 1101
    },
    {
        "ModeId": 1102
    },
    {
        "ModeId": 1103
    },
    {
        "ModeId": 1104
    },
    {
        "ModeId": 1201
    },
    {
        "ModeId": 1202
    },
    {
        "ModeId": 1203
    },
    {
        "ModeId": 2201
    },
    {
        "ModeId": 1401
    },
    {
        "ModeId": 1402
    },
    {
        "ModeId": 1403
    },
    {
        "ModeId": 1501
    },
    {
        "ModeId": 1502
    },
    {
        "ModeId": 1503
    },
    {
        "ModeId": 1601
    },
    {
        "ModeId": 1602
    },
    {
        "ModeId": 1701
    },
    {
        "ModeId": 1702
    },
    {
        "ModeId": 1703
    },
    {
        "ModeId": 1801
    },
    {
        "ModeId": 1802
    },
    {
        "ModeId": 1901
    },
    {
        "ModeId": 1902
    },
    {
        "ModeId": 2001
    },
    {
        "ModeId": 2002
    },
    {
        "ModeId": 2101
    },
    {
        "ModeId": 2102
    },
    {
        "ModeId": 1301
    },
    {
        "ModeId": 1302
    },
    {
        "ModeId": 1303
    },
    {
        "ModeId": 2301
    },
    {
        "ModeId": 2302
    },
    {
        "ModeId": 2401
    },
    {
        "ModeId": 2402
    },
    {
        "ModeId": 2403
    },
    {
        "ModeId": 2404
    },
    {
        "ModeId": 2501
    },
    {
        "ModeId": 2502
    },
    {
        "ModeId": 2601
    },
    {
        "ModeId": 2602
    },
    {
        "ModeId": 2701
    },
    {
        "ModeId": 2702
    },
    {
        "ModeId": 2801
    },
    {
        "ModeId": 2802
    },
    {
        "ModeId": 2901
    },
    {
        "ModeId": 2902
    },
    {
        "ModeId": 3001
    },
    {
        "ModeId": 3002
    },
    {
        "ModeId": 3003
    },
    {
        "ModeId": 3101
    },
    {
        "ModeId": 3102
    },
    {
        "ModeId": 3103
    },
    {
        "ModeId": 3201
    },
    {
        "ModeId": 3202
    },
    {
        "ModeId": 3301
    },
    {
        "ModeId": 3302
    },
    {
        "ModeId": 3303
    },
    {
        "ModeId": 3401
    },
    {
        "ModeId": 3402
    },
    {
        "ModeId": 3403
    },
    {
        "ModeId": 3501
    },
    {
        "ModeId": 3502
    },
    {
        "ModeId": 70000010
    },
    {
        "ModeId": 70000020
    },
    {
        "ModeId": 70001010
    },
    {
        "ModeId": 70001020
    },
    {
        "ModeId": 70001030
    },
    {
        "ModeId": 70002010
    },
    {
        "ModeId": 70002020
    },
    {
        "ModeId": 70003010
    },
    {
        "ModeId": 70003020
    },
    {
        "ModeId": 70004010
    },
    {
        "ModeId": 70004020
    },
    {
        "ModeId": 70004030
    },
    {
        "ModeId": 70005010
    },
    {
        "ModeId": 70005020
    },
    {
        "ModeId": 70005030
    },
    {
        "ModeId": 70006010
    },
    {
        "ModeId": 70006020
    },
    {
        "ModeId": 70007010
    },
    {
        "ModeId": 70007020
    },
    {
        "ModeId": 70008010
    },
    {
        "ModeId": 70008020
    },
    {
        "ModeId": 70008030
    },
    {
        "ModeId": 11000
    },
    {
        "ModeId": 11002
    }
]