[
    {
        "Id": 50
    },
    {
        "Id": 41
    },
    {
        "Id": 1
    },
    {
        "Id": 2
    },
    {
        "Id": 3
    },
    {
        "Id": 4
    },
    {
        "Id": 5
    },
    {
        "Id": 6
    },
    {
        "Id": 7
    },
    {
        "Id": 8
    },
    {
        "Id": 9
    },
    {
        "Id": 10
    },
    {
        "Id": 11
    },
    {
        "Id": 12
    },
    {
        "Id": 14
    },
    {
        "Id": 15
    },
    {
        "Id": 16
    },
    {
        "Id": 17
    },
    {
        "Id": 18
    },
    {
        "Id": 19
    },
    {
        "Id": 20
    },
    {
        "Id": 46
    },
    {
        "Id": 48
    },
    {
        "Id": 55
    },
    {
        "Id": 57
    },
    {
        "Id": 59
    },
    {
        "Id": 69
    },
    {
        "Id": 71
    },
    {
        "Id": 73
    },
    {
        "Id": 75
    },
    {
        "Id": 77
    },
    {
        "Id": 79
    },
    {
        "Id": 81
    },
    {
        "Id": 83
    },
    {
        "Id": 60
    },
    {
        "Id": 13
    },
    {
        "Id": 61
    },
    {
        "Id": 62
    },
    {
        "Id": 63
    },
    {
        "Id": 21
    },
    {
        "Id": 22
    },
    {
        "Id": 23
    },
    {
        "Id": 24
    },
    {
        "Id": 25
    },
    {
        "Id": 26
    },
    {
        "Id": 27
    },
    {
        "Id": 28
    },
    {
        "Id": 29
    },
    {
        "Id": 30
    },
    {
        "Id": 31
    },
    {
        "Id": 32
    },
    {
        "Id": 34
    },
    {
        "Id": 35
    },
    {
        "Id": 36
    },
    {
        "Id": 37
    },
    {
        "Id": 38
    },
    {
        "Id": 39
    },
    {
        "Id": 40
    },
    {
        "Id": 47
    },
    {
        "Id": 49
    },
    {
        "Id": 56
    },
    {
        "Id": 58
    },
    {
        "Id": 64
    },
    {
        "Id": 70
    },
    {
        "Id": 72
    },
    {
        "Id": 74
    },
    {
        "Id": 76
    },
    {
        "Id": 78
    },
    {
        "Id": 80
    },
    {
        "Id": 82
    },
    {
        "Id": 84
    },
    {
        "Id": 65
    },
    {
        "Id": 33
    },
    {
        "Id": 66
    },
    {
        "Id": 67
    },
    {
        "Id": 68
    },
    {
        "Id": 42
    },
    {
        "Id": 43
    },
    {
        "Id": 44
    },
    {
        "Id": 45
    },
    {
        "Id": 51
    },
    {
        "Id": 52
    },
    {
        "Id": 53
    },
    {
        "Id": 54
    }
]