[
    {
        "Id": 1000,
        "CategoryType": 0
    },
    {
        "Id": 1001,
        "CategoryType": 0
    },
    {
        "Id": 1002,
        "CategoryType": 0
    },
    {
        "Id": 1003,
        "CategoryType": 0
    },
    {
        "Id": 1004,
        "CategoryType": 0
    },
    {
        "Id": 1005,
        "CategoryType": 0
    },
    {
        "Id": 1006,
        "CategoryType": 0
    },
    {
        "Id": 1007,
        "CategoryType": 0
    },
    {
        "Id": 1008,
        "CategoryType": 0
    },
    {
        "Id": 1009,
        "CategoryType": 0
    },
    {
        "Id": 1010,
        "CategoryType": 0
    },
    {
        "Id": 1011,
        "CategoryType": 0
    },
    {
        "Id": 1012,
        "CategoryType": 0
    },
    {
        "Id": 1013,
        "CategoryType": 0
    },
    {
        "Id": 1014,
        "CategoryType": 0
    },
    {
        "Id": 1015,
        "CategoryType": 0
    },
    {
        "Id": 1016,
        "CategoryType": 0
    },
    {
        "Id": 1017,
        "CategoryType": 0
    },
    {
        "Id": 1018,
        "CategoryType": 0
    },
    {
        "Id": 1019,
        "CategoryType": 0
    },
    {
        "Id": 1020,
        "CategoryType": 0
    },
    {
        "Id": 1021,
        "CategoryType": 0
    },
    {
        "Id": 1022,
        "CategoryType": 0
    },
    {
        "Id": 1023,
        "CategoryType": 0
    },
    {
        "Id": 1032,
        "CategoryType": 0
    },
    {
        "Id": 1036,
        "CategoryType": 0
    },
    {
        "Id": 1037,
        "CategoryType": 0
    },
    {
        "Id": 1038,
        "CategoryType": 0
    },
    {
        "Id": 1039,
        "CategoryType": 0
    },
    {
        "Id": 1040,
        "CategoryType": 0
    },
    {
        "Id": 1041,
        "CategoryType": 0
    },
    {
        "Id": 1042,
        "CategoryType": 0
    },
    {
        "Id": 1043,
        "CategoryType": 0
    },
    {
        "Id": 1046,
        "CategoryType": 0
    },
    {
        "Id": 1047,
        "CategoryType": 0
    },
    {
        "Id": 1048,
        "CategoryType": 0
    },
    {
        "Id": 1049,
        "CategoryType": 0
    },
    {
        "Id": 1050,
        "CategoryType": 0
    },
    {
        "Id": 1051,
        "CategoryType": 0
    },
    {
        "Id": 1052,
        "CategoryType": 0
    },
    {
        "Id": 1053,
        "CategoryType": 0
    },
    {
        "Id": 1054,
        "CategoryType": 0
    },
    {
        "Id": 1055,
        "CategoryType": 0
    },
    {
        "Id": 1056,
        "CategoryType": 0
    },
    {
        "Id": 1057,
        "CategoryType": 0
    },
    {
        "Id": 1058,
        "CategoryType": 0
    },
    {
        "Id": 1059,
        "CategoryType": 0
    },
    {
        "Id": 1060,
        "CategoryType": 0
    },
    {
        "Id": 1061,
        "CategoryType": 0
    },
    {
        "Id": 1062,
        "CategoryType": 0
    },
    {
        "Id": 1063,
        "CategoryType": 0
    },
    {
        "Id": 1064,
        "CategoryType": 0
    },
    {
        "Id": 1065,
        "CategoryType": 0
    },
    {
        "Id": 1066,
        "CategoryType": 0
    },
    {
        "Id": 1067,
        "CategoryType": 0
    },
    {
        "Id": 1068,
        "CategoryType": 0
    },
    {
        "Id": 1069,
        "CategoryType": 0
    },
    {
        "Id": 3000,
        "CategoryType": 10
    },
    {
        "Id": 3001,
        "CategoryType": 10
    },
    {
        "Id": 3002,
        "CategoryType": 10
    },
    {
        "Id": 3003,
        "CategoryType": 10
    },
    {
        "Id": 3004,
        "CategoryType": 10
    },
    {
        "Id": 3005,
        "CategoryType": 10
    },
    {
        "Id": 3006,
        "CategoryType": 10
    },
    {
        "Id": 3007,
        "CategoryType": 10
    },
    {
        "Id": 3008,
        "CategoryType": 10
    },
    {
        "Id": 3009,
        "CategoryType": 10
    },
    {
        "Id": 3010,
        "CategoryType": 10
    },
    {
        "Id": 3011,
        "CategoryType": 10
    },
    {
        "Id": 3012,
        "CategoryType": 10
    },
    {
        "Id": 3013,
        "CategoryType": 10
    },
    {
        "Id": 3014,
        "CategoryType": 10
    },
    {
        "Id": 3015,
        "CategoryType": 10
    }
]