[
    {
        "Id": 100
    },
    {
        "Id": 101
    },
    {
        "Id": 102
    },
    {
        "Id": 103
    },
    {
        "Id": 104
    },
    {
        "Id": 105
    },
    {
        "Id": 500
    },
    {
        "Id": 501
    },
    {
        "Id": 502
    },
    {
        "Id": 503
    },
    {
        "Id": 504
    },
    {
        "Id": 505
    },
    {
        "Id": 1000
    },
    {
        "Id": 1001
    },
    {
        "Id": 1002
    },
    {
        "Id": 1003
    },
    {
        "Id": 1004
    },
    {
        "Id": 1005
    },
    {
        "Id": 1006
    },
    {
        "Id": 1100
    },
    {
        "Id": 1101
    },
    {
        "Id": 1102
    },
    {
        "Id": 1103
    },
    {
        "Id": 1104
    },
    {
        "Id": 1105
    },
    {
        "Id": 1106
    },
    {
        "Id": 1107
    },
    {
        "Id": 1108
    },
    {
        "Id": 1109
    },
    {
        "Id": 1110
    },
    {
        "Id": 1111
    },
    {
        "Id": 1112
    },
    {
        "Id": 1113
    },
    {
        "Id": 1114
    },
    {
        "Id": 1206
    },
    {
        "Id": 1500
    },
    {
        "Id": 1501
    },
    {
        "Id": 1502
    },
    {
        "Id": 1503
    },
    {
        "Id": 1504
    },
    {
        "Id": 1505
    },
    {
        "Id": 1506
    },
    {
        "Id": 1507
    },
    {
        "Id": 1508
    },
    {
        "Id": 1509
    },
    {
        "Id": 1510
    },
    {
        "Id": 1511
    },
    {
        "Id": 1512
    },
    {
        "Id": 1513
    },
    {
        "Id": 1514
    },
    {
        "Id": 1515
    },
    {
        "Id": 1516
    },
    {
        "Id": 1517
    },
    {
        "Id": 1518
    },
    {
        "Id": 1519
    },
    {
        "Id": 1520
    },
    {
        "Id": 1521
    },
    {
        "Id": 1522
    },
    {
        "Id": 1523
    },
    {
        "Id": 1524
    },
    {
        "Id": 1525
    },
    {
        "Id": 1526
    },
    {
        "Id": 1527
    },
    {
        "Id": 1528
    },
    {
        "Id": 1529
    },
    {
        "Id": 1530
    },
    {
        "Id": 1531
    },
    {
        "Id": 1532
    },
    {
        "Id": 1533
    },
    {
        "Id": 1534
    },
    {
        "Id": 1535
    },
    {
        "Id": 1536
    },
    {
        "Id": 1537
    },
    {
        "Id": 1538
    },
    {
        "Id": 1539
    },
    {
        "Id": 1540
    },
    {
        "Id": 1541
    },
    {
        "Id": 1542
    },
    {
        "Id": 1543
    },
    {
        "Id": 1544
    },
    {
        "Id": 1545
    },
    {
        "Id": 1546
    },
    {
        "Id": 1547
    },
    {
        "Id": 1548
    },
    {
        "Id": 1549
    },
    {
        "Id": 1550
    },
    {
        "Id": 1551
    },
    {
        "Id": 1552
    },
    {
        "Id": 1553
    },
    {
        "Id": 1554
    },
    {
        "Id": 1555
    },
    {
        "Id": 1556
    },
    {
        "Id": 1557
    },
    {
        "Id": 1558
    },
    {
        "Id": 1559
    },
    {
        "Id": 1560
    },
    {
        "Id": 1561
    },
    {
        "Id": 1562
    },
    {
        "Id": 1563
    },
    {
        "Id": 1564
    },
    {
        "Id": 1565
    },
    {
        "Id": 1566
    },
    {
        "Id": 1567
    },
    {
        "Id": 1568
    },
    {
        "Id": 1569
    },
    {
        "Id": 1570
    },
    {
        "Id": 1571
    },
    {
        "Id": 1572
    },
    {
        "Id": 1573
    },
    {
        "Id": 1574
    },
    {
        "Id": 1575
    },
    {
        "Id": 1576
    },
    {
        "Id": 1577
    },
    {
        "Id": 1578
    },
    {
        "Id": 1579
    },
    {
        "Id": 1580
    },
    {
        "Id": 1581
    },
    {
        "Id": 1582
    },
    {
        "Id": 1583
    },
    {
        "Id": 1584
    },
    {
        "Id": 1585
    },
    {
        "Id": 1586
    },
    {
        "Id": 1587
    },
    {
        "Id": 1588
    },
    {
        "Id": 1589
    },
    {
        "Id": 1590
    },
    {
        "Id": 1591
    },
    {
        "Id": 1592
    },
    {
        "Id": 1593
    },
    {
        "Id": 1594
    },
    {
        "Id": 1595
    },
    {
        "Id": 1596
    },
    {
        "Id": 1597
    },
    {
        "Id": 1598
    },
    {
        "Id": 1599
    },
    {
        "Id": 1600
    },
    {
        "Id": 1601
    },
    {
        "Id": 1602
    },
    {
        "Id": 1603
    },
    {
        "Id": 1604
    },
    {
        "Id": 1605
    },
    {
        "Id": 1606
    },
    {
        "Id": 1607
    },
    {
        "Id": 1608
    },
    {
        "Id": 1609
    },
    {
        "Id": 1610
    },
    {
        "Id": 1611
    },
    {
        "Id": 1612
    },
    {
        "Id": 1613
    },
    {
        "Id": 1614
    },
    {
        "Id": 1615
    },
    {
        "Id": 1616
    },
    {
        "Id": 1617
    },
    {
        "Id": 1618
    },
    {
        "Id": 1619
    },
    {
        "Id": 1620
    },
    {
        "Id": 1621
    },
    {
        "Id": 1622
    },
    {
        "Id": 1623
    },
    {
        "Id": 1624
    },
    {
        "Id": 1625
    },
    {
        "Id": 1626
    },
    {
        "Id": 1627
    },
    {
        "Id": 1628
    },
    {
        "Id": 5000
    },
    {
        "Id": 5001
    },
    {
        "Id": 5002
    },
    {
        "Id": 5003
    },
    {
        "Id": 5004
    },
    {
        "Id": 5005
    },
    {
        "Id": 5006
    },
    {
        "Id": 5100
    },
    {
        "Id": 5101
    },
    {
        "Id": 5102
    },
    {
        "Id": 5103
    },
    {
        "Id": 5104
    },
    {
        "Id": 5105
    },
    {
        "Id": 5106
    },
    {
        "Id": 5107
    },
    {
        "Id": 5108
    },
    {
        "Id": 5109
    },
    {
        "Id": 5110
    },
    {
        "Id": 5111
    },
    {
        "Id": 5112
    },
    {
        "Id": 5113
    },
    {
        "Id": 5114
    },
    {
        "Id": 5206
    },
    {
        "Id": 5500
    },
    {
        "Id": 5501
    },
    {
        "Id": 5502
    },
    {
        "Id": 5503
    },
    {
        "Id": 5504
    },
    {
        "Id": 5505
    },
    {
        "Id": 5506
    },
    {
        "Id": 5507
    },
    {
        "Id": 5508
    },
    {
        "Id": 5509
    },
    {
        "Id": 5510
    },
    {
        "Id": 5511
    },
    {
        "Id": 5512
    },
    {
        "Id": 5513
    },
    {
        "Id": 5514
    },
    {
        "Id": 5515
    },
    {
        "Id": 5516
    },
    {
        "Id": 5517
    },
    {
        "Id": 5518
    },
    {
        "Id": 5519
    },
    {
        "Id": 5520
    },
    {
        "Id": 5521
    },
    {
        "Id": 5522
    },
    {
        "Id": 5523
    },
    {
        "Id": 5524
    },
    {
        "Id": 5525
    },
    {
        "Id": 5526
    },
    {
        "Id": 5527
    },
    {
        "Id": 5528
    },
    {
        "Id": 5529
    },
    {
        "Id": 5530
    },
    {
        "Id": 5531
    },
    {
        "Id": 5532
    },
    {
        "Id": 5533
    },
    {
        "Id": 5534
    },
    {
        "Id": 5535
    },
    {
        "Id": 5536
    },
    {
        "Id": 5537
    },
    {
        "Id": 5538
    },
    {
        "Id": 5539
    },
    {
        "Id": 5540
    },
    {
        "Id": 5541
    },
    {
        "Id": 5542
    },
    {
        "Id": 5543
    },
    {
        "Id": 5544
    },
    {
        "Id": 5545
    },
    {
        "Id": 5546
    },
    {
        "Id": 5547
    },
    {
        "Id": 5548
    },
    {
        "Id": 5549
    },
    {
        "Id": 5550
    },
    {
        "Id": 5551
    },
    {
        "Id": 5552
    },
    {
        "Id": 5553
    },
    {
        "Id": 5554
    },
    {
        "Id": 5555
    },
    {
        "Id": 5556
    },
    {
        "Id": 5557
    },
    {
        "Id": 5558
    },
    {
        "Id": 5559
    },
    {
        "Id": 5560
    },
    {
        "Id": 5561
    },
    {
        "Id": 5562
    },
    {
        "Id": 5563
    },
    {
        "Id": 5564
    },
    {
        "Id": 5565
    },
    {
        "Id": 5566
    },
    {
        "Id": 5567
    },
    {
        "Id": 5568
    },
    {
        "Id": 5569
    },
    {
        "Id": 5570
    },
    {
        "Id": 5571
    },
    {
        "Id": 5572
    },
    {
        "Id": 5573
    },
    {
        "Id": 5574
    },
    {
        "Id": 5575
    },
    {
        "Id": 5576
    },
    {
        "Id": 5577
    },
    {
        "Id": 5578
    },
    {
        "Id": 5579
    },
    {
        "Id": 5580
    },
    {
        "Id": 5581
    },
    {
        "Id": 5582
    },
    {
        "Id": 5583
    },
    {
        "Id": 5584
    },
    {
        "Id": 5585
    },
    {
        "Id": 5586
    },
    {
        "Id": 5587
    },
    {
        "Id": 5588
    },
    {
        "Id": 5589
    },
    {
        "Id": 5590
    },
    {
        "Id": 5591
    },
    {
        "Id": 5592
    },
    {
        "Id": 5593
    },
    {
        "Id": 5594
    },
    {
        "Id": 5595
    },
    {
        "Id": 5596
    },
    {
        "Id": 5597
    },
    {
        "Id": 5598
    },
    {
        "Id": 5599
    },
    {
        "Id": 5600
    },
    {
        "Id": 5601
    },
    {
        "Id": 5602
    },
    {
        "Id": 5603
    },
    {
        "Id": 5604
    },
    {
        "Id": 5605
    },
    {
        "Id": 5606
    },
    {
        "Id": 5607
    },
    {
        "Id": 5608
    },
    {
        "Id": 5609
    },
    {
        "Id": 5610
    },
    {
        "Id": 5611
    },
    {
        "Id": 5612
    },
    {
        "Id": 5613
    },
    {
        "Id": 5614
    },
    {
        "Id": 5615
    },
    {
        "Id": 5616
    },
    {
        "Id": 5617
    },
    {
        "Id": 5618
    },
    {
        "Id": 5619
    },
    {
        "Id": 5620
    },
    {
        "Id": 5621
    },
    {
        "Id": 5622
    },
    {
        "Id": 5623
    },
    {
        "Id": 5624
    },
    {
        "Id": 5625
    },
    {
        "Id": 5626
    },
    {
        "Id": 5627
    },
    {
        "Id": 5628
    }
]