[
    {
        "CategoryType": 0
    },
    {
        "CategoryType": 1
    },
    {
        "CategoryType": 2
    },
    {
        "CategoryType": 33
    },
    {
        "CategoryType": 3
    },
    {
        "CategoryType": 4
    },
    {
        "CategoryType": 9
    },
    {
        "CategoryType": 10
    },
    {
        "CategoryType": 21
    },
    {
        "CategoryType": 25
    },
    {
        "CategoryType": 20
    },
    {
        "CategoryType": 26
    },
    {
        "CategoryType": 27
    },
    {
        "CategoryType": 28
    },
    {
        "CategoryType": 29
    }
]