[
    {
        "GoodsId": 1002
    },
    {
        "GoodsId": 1003
    },
    {
        "GoodsId": 1004
    },
    {
        "GoodsId": 1005
    },
    {
        "GoodsId": 1006
    },
    {
        "GoodsId": 1007
    },
    {
        "GoodsId": 1008
    },
    {
        "GoodsId": 1009
    },
    {
        "GoodsId": 1010
    },
    {
        "GoodsId": 1011
    },
    {
        "GoodsId": 1012
    },
    {
        "GoodsId": 1013
    },
    {
        "GoodsId": 1014
    },
    {
        "GoodsId": 1015
    },
    {
        "GoodsId": 1016
    },
    {
        "GoodsId": 1017
    },
    {
        "GoodsId": 1018
    },
    {
        "GoodsId": 1019
    },
    {
        "GoodsId": 1020
    },
    {
        "GoodsId": 1021
    },
    {
        "GoodsId": 1022
    },
    {
        "GoodsId": 1023
    },
    {
        "GoodsId": 1024
    },
    {
        "GoodsId": 1025
    },
    {
        "GoodsId": 1038
    },
    {
        "GoodsId": 1039
    },
    {
        "GoodsId": 1040
    },
    {
        "GoodsId": 1041
    },
    {
        "GoodsId": 1042
    },
    {
        "GoodsId": 1043
    },
    {
        "GoodsId": 1044
    },
    {
        "GoodsId": 1045
    },
    {
        "GoodsId": 1046
    },
    {
        "GoodsId": 1047
    },
    {
        "GoodsId": 1048
    },
    {
        "GoodsId": 1049
    },
    {
        "GoodsId": 2000
    },
    {
        "GoodsId": 2001
    },
    {
        "GoodsId": 2002
    },
    {
        "GoodsId": 2003
    },
    {
        "GoodsId": 2004
    },
    {
        "GoodsId": 2005
    },
    {
        "GoodsId": 2006
    },
    {
        "GoodsId": 2007
    },
    {
        "GoodsId": 2008
    },
    {
        "GoodsId": 2100
    },
    {
        "GoodsId": 2101
    },
    {
        "GoodsId": 2200
    },
    {
        "GoodsId": 2201
    },
    {
        "GoodsId": 2202
    },
    {
        "GoodsId": 2203
    },
    {
        "GoodsId": 2204
    },
    {
        "GoodsId": 2205
    },
    {
        "GoodsId": 2206
    },
    {
        "GoodsId": 2207
    },
    {
        "GoodsId": 2208
    },
    {
        "GoodsId": 2209
    },
    {
        "GoodsId": 2210
    },
    {
        "GoodsId": 2211
    },
    {
        "GoodsId": 2212
    },
    {
        "GoodsId": 2213
    },
    {
        "GoodsId": 2214
    },
    {
        "GoodsId": 2215
    },
    {
        "GoodsId": 2216
    },
    {
        "GoodsId": 2217
    },
    {
        "GoodsId": 2218
    },
    {
        "GoodsId": 2219
    },
    {
        "GoodsId": 2220
    },
    {
        "GoodsId": 2221
    },
    {
        "GoodsId": 2222
    },
    {
        "GoodsId": 2223
    },
    {
        "GoodsId": 2224
    },
    {
        "GoodsId": 2225
    },
    {
        "GoodsId": 2226
    },
    {
        "GoodsId": 2227
    },
    {
        "GoodsId": 2228
    },
    {
        "GoodsId": 2229
    },
    {
        "GoodsId": 2230
    },
    {
        "GoodsId": 2231
    },
    {
        "GoodsId": 2232
    },
    {
        "GoodsId": 2233
    },
    {
        "GoodsId": 2234
    },
    {
        "GoodsId": 2235
    },
    {
        "GoodsId": 2236
    },
    {
        "GoodsId": 2237
    },
    {
        "GoodsId": 2238
    },
    {
        "GoodsId": 2239
    },
    {
        "GoodsId": 2400
    },
    {
        "GoodsId": 2401
    },
    {
        "GoodsId": 2402
    },
    {
        "GoodsId": 2403
    },
    {
        "GoodsId": 2404
    },
    {
        "GoodsId": 2405
    },
    {
        "GoodsId": 2406
    },
    {
        "GoodsId": 2407
    },
    {
        "GoodsId": 2408
    },
    {
        "GoodsId": 2409
    },
    {
        "GoodsId": 2410
    },
    {
        "GoodsId": 2411
    },
    {
        "GoodsId": 2412
    },
    {
        "GoodsId": 2413
    },
    {
        "GoodsId": 2414
    },
    {
        "GoodsId": 2415
    },
    {
        "GoodsId": 2416
    },
    {
        "GoodsId": 2417
    },
    {
        "GoodsId": 2418
    },
    {
        "GoodsId": 2419
    },
    {
        "GoodsId": 2420
    },
    {
        "GoodsId": 2421
    },
    {
        "GoodsId": 2422
    },
    {
        "GoodsId": 2423
    },
    {
        "GoodsId": 2424
    },
    {
        "GoodsId": 2425
    },
    {
        "GoodsId": 2426
    },
    {
        "GoodsId": 2427
    },
    {
        "GoodsId": 2428
    },
    {
        "GoodsId": 2429
    },
    {
        "GoodsId": 2430
    },
    {
        "GoodsId": 2431
    },
    {
        "GoodsId": 2432
    },
    {
        "GoodsId": 2433
    },
    {
        "GoodsId": 2434
    },
    {
        "GoodsId": 2435
    },
    {
        "GoodsId": 2436
    },
    {
        "GoodsId": 2437
    },
    {
        "GoodsId": 2438
    },
    {
        "GoodsId": 2439
    },
    {
        "GoodsId": 3000
    },
    {
        "GoodsId": 3001
    },
    {
        "GoodsId": 3002
    },
    {
        "GoodsId": 3003
    },
    {
        "GoodsId": 3004
    },
    {
        "GoodsId": 3005
    },
    {
        "GoodsId": 3100
    },
    {
        "GoodsId": 3101
    },
    {
        "GoodsId": 3110
    },
    {
        "GoodsId": 3111
    },
    {
        "GoodsId": 3112
    },
    {
        "GoodsId": 3113
    },
    {
        "GoodsId": 3120
    },
    {
        "GoodsId": 3121
    },
    {
        "GoodsId": 3122
    },
    {
        "GoodsId": 3123
    },
    {
        "GoodsId": 4000
    },
    {
        "GoodsId": 4001
    },
    {
        "GoodsId": 4002
    },
    {
        "GoodsId": 4003
    },
    {
        "GoodsId": 4100
    },
    {
        "GoodsId": 4200
    },
    {
        "GoodsId": 4201
    },
    {
        "GoodsId": 4202
    },
    {
        "GoodsId": 4203
    },
    {
        "GoodsId": 4204
    },
    {
        "GoodsId": 4205
    },
    {
        "GoodsId": 4206
    },
    {
        "GoodsId": 4207
    },
    {
        "GoodsId": 4208
    },
    {
        "GoodsId": 4209
    },
    {
        "GoodsId": 4210
    },
    {
        "GoodsId": 4211
    },
    {
        "GoodsId": 4212
    },
    {
        "GoodsId": 4213
    },
    {
        "GoodsId": 4214
    },
    {
        "GoodsId": 4215
    },
    {
        "GoodsId": 4216
    },
    {
        "GoodsId": 4217
    },
    {
        "GoodsId": 4218
    },
    {
        "GoodsId": 4219
    },
    {
        "GoodsId": 4220
    },
    {
        "GoodsId": 4221
    },
    {
        "GoodsId": 4222
    },
    {
        "GoodsId": 4223
    },
    {
        "GoodsId": 4224
    },
    {
        "GoodsId": 4225
    },
    {
        "GoodsId": 4226
    },
    {
        "GoodsId": 4227
    },
    {
        "GoodsId": 4228
    },
    {
        "GoodsId": 4229
    },
    {
        "GoodsId": 4230
    },
    {
        "GoodsId": 4231
    },
    {
        "GoodsId": 4232
    },
    {
        "GoodsId": 4233
    },
    {
        "GoodsId": 4234
    },
    {
        "GoodsId": 4235
    },
    {
        "GoodsId": 4236
    },
    {
        "GoodsId": 4237
    },
    {
        "GoodsId": 4238
    },
    {
        "GoodsId": 4239
    },
    {
        "GoodsId": 4400
    },
    {
        "GoodsId": 4401
    },
    {
        "GoodsId": 4402
    },
    {
        "GoodsId": 4403
    },
    {
        "GoodsId": 4404
    },
    {
        "GoodsId": 4405
    },
    {
        "GoodsId": 4406
    },
    {
        "GoodsId": 4407
    },
    {
        "GoodsId": 4408
    },
    {
        "GoodsId": 4409
    },
    {
        "GoodsId": 4410
    },
    {
        "GoodsId": 4411
    },
    {
        "GoodsId": 4412
    },
    {
        "GoodsId": 4413
    },
    {
        "GoodsId": 4414
    },
    {
        "GoodsId": 4415
    },
    {
        "GoodsId": 4416
    },
    {
        "GoodsId": 4417
    },
    {
        "GoodsId": 4418
    },
    {
        "GoodsId": 4419
    },
    {
        "GoodsId": 4420
    },
    {
        "GoodsId": 4421
    },
    {
        "GoodsId": 4422
    },
    {
        "GoodsId": 4423
    },
    {
        "GoodsId": 4424
    },
    {
        "GoodsId": 4425
    },
    {
        "GoodsId": 4426
    },
    {
        "GoodsId": 4427
    },
    {
        "GoodsId": 4428
    },
    {
        "GoodsId": 4429
    },
    {
        "GoodsId": 4430
    },
    {
        "GoodsId": 4431
    },
    {
        "GoodsId": 4432
    },
    {
        "GoodsId": 4433
    },
    {
        "GoodsId": 4434
    },
    {
        "GoodsId": 4435
    },
    {
        "GoodsId": 4436
    },
    {
        "GoodsId": 4437
    },
    {
        "GoodsId": 4438
    },
    {
        "GoodsId": 4439
    },
    {
        "GoodsId": 5010
    },
    {
        "GoodsId": 5011
    },
    {
        "GoodsId": 5012
    },
    {
        "GoodsId": 5013
    },
    {
        "GoodsId": 5014
    },
    {
        "GoodsId": 5100
    },
    {
        "GoodsId": 5200
    },
    {
        "GoodsId": 5201
    },
    {
        "GoodsId": 5202
    },
    {
        "GoodsId": 5203
    },
    {
        "GoodsId": 5204
    },
    {
        "GoodsId": 5205
    },
    {
        "GoodsId": 5206
    },
    {
        "GoodsId": 5207
    },
    {
        "GoodsId": 5208
    },
    {
        "GoodsId": 5209
    },
    {
        "GoodsId": 5210
    },
    {
        "GoodsId": 5211
    },
    {
        "GoodsId": 5212
    },
    {
        "GoodsId": 5213
    },
    {
        "GoodsId": 5214
    },
    {
        "GoodsId": 5215
    },
    {
        "GoodsId": 5216
    },
    {
        "GoodsId": 5217
    },
    {
        "GoodsId": 5218
    },
    {
        "GoodsId": 5219
    },
    {
        "GoodsId": 5220
    },
    {
        "GoodsId": 5221
    },
    {
        "GoodsId": 5222
    },
    {
        "GoodsId": 5223
    },
    {
        "GoodsId": 5224
    },
    {
        "GoodsId": 5225
    },
    {
        "GoodsId": 5226
    },
    {
        "GoodsId": 5227
    },
    {
        "GoodsId": 5228
    },
    {
        "GoodsId": 5229
    },
    {
        "GoodsId": 5230
    },
    {
        "GoodsId": 5231
    },
    {
        "GoodsId": 5232
    },
    {
        "GoodsId": 5233
    },
    {
        "GoodsId": 5234
    },
    {
        "GoodsId": 5235
    },
    {
        "GoodsId": 5236
    },
    {
        "GoodsId": 5237
    },
    {
        "GoodsId": 5238
    },
    {
        "GoodsId": 5239
    },
    {
        "GoodsId": 5400
    },
    {
        "GoodsId": 5401
    },
    {
        "GoodsId": 5402
    },
    {
        "GoodsId": 5403
    },
    {
        "GoodsId": 5404
    },
    {
        "GoodsId": 5405
    },
    {
        "GoodsId": 5406
    },
    {
        "GoodsId": 5407
    },
    {
        "GoodsId": 5408
    },
    {
        "GoodsId": 5409
    },
    {
        "GoodsId": 5410
    },
    {
        "GoodsId": 5411
    },
    {
        "GoodsId": 5412
    },
    {
        "GoodsId": 5413
    },
    {
        "GoodsId": 5414
    },
    {
        "GoodsId": 5415
    },
    {
        "GoodsId": 5416
    },
    {
        "GoodsId": 5417
    },
    {
        "GoodsId": 5418
    },
    {
        "GoodsId": 5419
    },
    {
        "GoodsId": 5420
    },
    {
        "GoodsId": 5421
    },
    {
        "GoodsId": 5422
    },
    {
        "GoodsId": 5423
    },
    {
        "GoodsId": 5424
    },
    {
        "GoodsId": 5425
    },
    {
        "GoodsId": 5426
    },
    {
        "GoodsId": 5427
    },
    {
        "GoodsId": 5428
    },
    {
        "GoodsId": 5429
    },
    {
        "GoodsId": 5430
    },
    {
        "GoodsId": 5431
    },
    {
        "GoodsId": 5432
    },
    {
        "GoodsId": 5433
    },
    {
        "GoodsId": 5434
    },
    {
        "GoodsId": 5435
    },
    {
        "GoodsId": 5437
    },
    {
        "GoodsId": 5438
    },
    {
        "GoodsId": 5439
    },
    {
        "GoodsId": 5440
    },
    {
        "GoodsId": 6010
    },
    {
        "GoodsId": 6011
    },
    {
        "GoodsId": 6012
    },
    {
        "GoodsId": 6200
    },
    {
        "GoodsId": 6201
    },
    {
        "GoodsId": 6202
    },
    {
        "GoodsId": 6203
    },
    {
        "GoodsId": 6204
    },
    {
        "GoodsId": 6205
    },
    {
        "GoodsId": 6206
    },
    {
        "GoodsId": 6207
    },
    {
        "GoodsId": 6208
    },
    {
        "GoodsId": 6209
    },
    {
        "GoodsId": 6210
    },
    {
        "GoodsId": 6211
    },
    {
        "GoodsId": 6212
    },
    {
        "GoodsId": 6213
    },
    {
        "GoodsId": 6214
    },
    {
        "GoodsId": 6215
    },
    {
        "GoodsId": 6216
    },
    {
        "GoodsId": 6217
    },
    {
        "GoodsId": 6218
    },
    {
        "GoodsId": 6219
    },
    {
        "GoodsId": 6220
    },
    {
        "GoodsId": 6221
    },
    {
        "GoodsId": 6222
    },
    {
        "GoodsId": 6223
    },
    {
        "GoodsId": 6224
    },
    {
        "GoodsId": 6225
    },
    {
        "GoodsId": 6226
    },
    {
        "GoodsId": 6227
    },
    {
        "GoodsId": 6228
    },
    {
        "GoodsId": 6229
    },
    {
        "GoodsId": 6230
    },
    {
        "GoodsId": 6231
    },
    {
        "GoodsId": 6232
    },
    {
        "GoodsId": 6233
    },
    {
        "GoodsId": 6234
    },
    {
        "GoodsId": 6235
    },
    {
        "GoodsId": 6236
    },
    {
        "GoodsId": 6237
    },
    {
        "GoodsId": 6238
    },
    {
        "GoodsId": 6239
    },
    {
        "GoodsId": 6400
    },
    {
        "GoodsId": 6401
    },
    {
        "GoodsId": 6402
    },
    {
        "GoodsId": 6403
    },
    {
        "GoodsId": 6404
    },
    {
        "GoodsId": 6405
    },
    {
        "GoodsId": 6406
    },
    {
        "GoodsId": 6407
    },
    {
        "GoodsId": 6408
    },
    {
        "GoodsId": 6409
    },
    {
        "GoodsId": 6410
    },
    {
        "GoodsId": 6411
    },
    {
        "GoodsId": 6412
    },
    {
        "GoodsId": 6413
    },
    {
        "GoodsId": 6414
    },
    {
        "GoodsId": 6415
    },
    {
        "GoodsId": 6416
    },
    {
        "GoodsId": 6417
    },
    {
        "GoodsId": 6418
    },
    {
        "GoodsId": 6419
    },
    {
        "GoodsId": 6420
    },
    {
        "GoodsId": 6421
    },
    {
        "GoodsId": 6422
    },
    {
        "GoodsId": 6423
    },
    {
        "GoodsId": 6424
    },
    {
        "GoodsId": 6425
    },
    {
        "GoodsId": 6426
    },
    {
        "GoodsId": 6427
    },
    {
        "GoodsId": 6428
    },
    {
        "GoodsId": 6429
    },
    {
        "GoodsId": 6430
    },
    {
        "GoodsId": 6431
    },
    {
        "GoodsId": 6432
    },
    {
        "GoodsId": 6433
    },
    {
        "GoodsId": 6434
    },
    {
        "GoodsId": 6435
    },
    {
        "GoodsId": 6437
    },
    {
        "GoodsId": 6438
    },
    {
        "GoodsId": 6439
    },
    {
        "GoodsId": 6440
    },
    {
        "GoodsId": 20000
    },
    {
        "GoodsId": 20001
    },
    {
        "GoodsId": 20002
    },
    {
        "GoodsId": 20003
    },
    {
        "GoodsId": 20004
    },
    {
        "GoodsId": 20005
    },
    {
        "GoodsId": 20006
    },
    {
        "GoodsId": 20007
    },
    {
        "GoodsId": 20008
    },
    {
        "GoodsId": 20009
    },
    {
        "GoodsId": 20010
    },
    {
        "GoodsId": 20011
    },
    {
        "GoodsId": 20012
    },
    {
        "GoodsId": 20013
    },
    {
        "GoodsId": 20014
    },
    {
        "GoodsId": 20015
    },
    {
        "GoodsId": 20016
    },
    {
        "GoodsId": 20017
    },
    {
        "GoodsId": 20018
    },
    {
        "GoodsId": 20019
    },
    {
        "GoodsId": 20020
    },
    {
        "GoodsId": 20021
    },
    {
        "GoodsId": 20022
    },
    {
        "GoodsId": 20023
    },
    {
        "GoodsId": 20024
    },
    {
        "GoodsId": 20025
    },
    {
        "GoodsId": 20026
    },
    {
        "GoodsId": 20027
    },
    {
        "GoodsId": 20028
    },
    {
        "GoodsId": 20029
    },
    {
        "GoodsId": 20030
    },
    {
        "GoodsId": 20031
    },
    {
        "GoodsId": 20032
    },
    {
        "GoodsId": 20033
    },
    {
        "GoodsId": 20034
    },
    {
        "GoodsId": 20035
    },
    {
        "GoodsId": 20036
    },
    {
        "GoodsId": 20037
    },
    {
        "GoodsId": 20038
    },
    {
        "GoodsId": 20039
    },
    {
        "GoodsId": 20040
    },
    {
        "GoodsId": 20041
    },
    {
        "GoodsId": 20042
    },
    {
        "GoodsId": 20043
    },
    {
        "GoodsId": 20044
    },
    {
        "GoodsId": 20045
    },
    {
        "GoodsId": 20046
    },
    {
        "GoodsId": 20047
    },
    {
        "GoodsId": 20048
    },
    {
        "GoodsId": 20049
    },
    {
        "GoodsId": 20050
    },
    {
        "GoodsId": 20051
    },
    {
        "GoodsId": 20052
    },
    {
        "GoodsId": 20053
    },
    {
        "GoodsId": 20054
    },
    {
        "GoodsId": 20056
    },
    {
        "GoodsId": 20057
    },
    {
        "GoodsId": 20058
    },
    {
        "GoodsId": 20059
    },
    {
        "GoodsId": 20060
    },
    {
        "GoodsId": 20061
    },
    {
        "GoodsId": 20062
    },
    {
        "GoodsId": 20063
    },
    {
        "GoodsId": 20064
    },
    {
        "GoodsId": 20065
    },
    {
        "GoodsId": 20066
    },
    {
        "GoodsId": 20067
    },
    {
        "GoodsId": 20068
    },
    {
        "GoodsId": 20069
    },
    {
        "GoodsId": 20070
    },
    {
        "GoodsId": 20071
    },
    {
        "GoodsId": 20072
    },
    {
        "GoodsId": 20073
    },
    {
        "GoodsId": 20074
    },
    {
        "GoodsId": 20075
    },
    {
        "GoodsId": 20076
    },
    {
        "GoodsId": 20077
    },
    {
        "GoodsId": 20078
    },
    {
        "GoodsId": 20079
    },
    {
        "GoodsId": 20080
    },
    {
        "GoodsId": 20081
    },
    {
        "GoodsId": 20082
    },
    {
        "GoodsId": 20083
    },
    {
        "GoodsId": 20084
    },
    {
        "GoodsId": 20085
    },
    {
        "GoodsId": 20086
    },
    {
        "GoodsId": 20087
    },
    {
        "GoodsId": 20088
    },
    {
        "GoodsId": 20089
    },
    {
        "GoodsId": 20090
    },
    {
        "GoodsId": 20091
    },
    {
        "GoodsId": 20092
    },
    {
        "GoodsId": 20093
    },
    {
        "GoodsId": 20094
    },
    {
        "GoodsId": 20095
    },
    {
        "GoodsId": 20096
    },
    {
        "GoodsId": 20097
    },
    {
        "GoodsId": 20098
    },
    {
        "GoodsId": 20099
    },
    {
        "GoodsId": 20100
    },
    {
        "GoodsId": 20101
    },
    {
        "GoodsId": 20102
    },
    {
        "GoodsId": 20103
    },
    {
        "GoodsId": 20104
    },
    {
        "GoodsId": 20105
    },
    {
        "GoodsId": 20106
    },
    {
        "GoodsId": 20107
    },
    {
        "GoodsId": 20108
    },
    {
        "GoodsId": 20109
    },
    {
        "GoodsId": 20110
    },
    {
        "GoodsId": 20111
    },
    {
        "GoodsId": 20112
    },
    {
        "GoodsId": 20113
    },
    {
        "GoodsId": 20114
    },
    {
        "GoodsId": 20115
    },
    {
        "GoodsId": 20116
    },
    {
        "GoodsId": 20117
    },
    {
        "GoodsId": 20118
    },
    {
        "GoodsId": 20119
    },
    {
        "GoodsId": 20120
    },
    {
        "GoodsId": 20121
    },
    {
        "GoodsId": 20122
    },
    {
        "GoodsId": 20123
    },
    {
        "GoodsId": 20124
    },
    {
        "GoodsId": 20125
    },
    {
        "GoodsId": 20126
    },
    {
        "GoodsId": 20127
    },
    {
        "GoodsId": 20128
    },
    {
        "GoodsId": 20129
    },
    {
        "GoodsId": 20130
    },
    {
        "GoodsId": 20131
    },
    {
        "GoodsId": 20132
    },
    {
        "GoodsId": 20133
    },
    {
        "GoodsId": 20134
    },
    {
        "GoodsId": 20135
    },
    {
        "GoodsId": 20136
    },
    {
        "GoodsId": 20137
    },
    {
        "GoodsId": 20138
    },
    {
        "GoodsId": 20139
    },
    {
        "GoodsId": 20140
    },
    {
        "GoodsId": 20141
    },
    {
        "GoodsId": 20142
    },
    {
        "GoodsId": 20143
    },
    {
        "GoodsId": 20144
    },
    {
        "GoodsId": 20145
    },
    {
        "GoodsId": 20146
    },
    {
        "GoodsId": 20147
    },
    {
        "GoodsId": 20148
    },
    {
        "GoodsId": 20149
    },
    {
        "GoodsId": 20150
    },
    {
        "GoodsId": 20151
    },
    {
        "GoodsId": 20152
    },
    {
        "GoodsId": 20153
    },
    {
        "GoodsId": 20154
    },
    {
        "GoodsId": 20155
    },
    {
        "GoodsId": 20156
    },
    {
        "GoodsId": 20157
    },
    {
        "GoodsId": 20158
    },
    {
        "GoodsId": 20159
    },
    {
        "GoodsId": 20160
    },
    {
        "GoodsId": 20161
    },
    {
        "GoodsId": 20162
    },
    {
        "GoodsId": 20163
    },
    {
        "GoodsId": 20164
    },
    {
        "GoodsId": 20165
    },
    {
        "GoodsId": 20166
    },
    {
        "GoodsId": 20167
    },
    {
        "GoodsId": 20168
    },
    {
        "GoodsId": 20169
    },
    {
        "GoodsId": 20170
    },
    {
        "GoodsId": 20171
    },
    {
        "GoodsId": 20172
    },
    {
        "GoodsId": 20173
    },
    {
        "GoodsId": 20174
    },
    {
        "GoodsId": 20175
    },
    {
        "GoodsId": 20176
    },
    {
        "GoodsId": 20177
    },
    {
        "GoodsId": 20178
    },
    {
        "GoodsId": 20179
    },
    {
        "GoodsId": 20180
    },
    {
        "GoodsId": 20181
    },
    {
        "GoodsId": 20182
    },
    {
        "GoodsId": 20183
    },
    {
        "GoodsId": 20184
    },
    {
        "GoodsId": 20185
    },
    {
        "GoodsId": 20186
    },
    {
        "GoodsId": 20187
    },
    {
        "GoodsId": 20188
    },
    {
        "GoodsId": 20189
    },
    {
        "GoodsId": 20190
    },
    {
        "GoodsId": 20191
    },
    {
        "GoodsId": 20192
    },
    {
        "GoodsId": 20193
    },
    {
        "GoodsId": 20194
    },
    {
        "GoodsId": 20195
    },
    {
        "GoodsId": 20196
    },
    {
        "GoodsId": 20197
    },
    {
        "GoodsId": 20198
    },
    {
        "GoodsId": 20199
    },
    {
        "GoodsId": 20200
    },
    {
        "GoodsId": 20201
    },
    {
        "GoodsId": 20202
    },
    {
        "GoodsId": 20203
    },
    {
        "GoodsId": 20204
    },
    {
        "GoodsId": 20205
    },
    {
        "GoodsId": 20206
    },
    {
        "GoodsId": 20207
    },
    {
        "GoodsId": 20208
    },
    {
        "GoodsId": 20209
    },
    {
        "GoodsId": 20210
    },
    {
        "GoodsId": 20211
    },
    {
        "GoodsId": 20212
    },
    {
        "GoodsId": 20213
    },
    {
        "GoodsId": 20214
    },
    {
        "GoodsId": 20215
    },
    {
        "GoodsId": 20216
    },
    {
        "GoodsId": 20217
    },
    {
        "GoodsId": 20218
    },
    {
        "GoodsId": 20219
    },
    {
        "GoodsId": 20220
    },
    {
        "GoodsId": 20221
    },
    {
        "GoodsId": 20222
    },
    {
        "GoodsId": 20223
    },
    {
        "GoodsId": 20224
    },
    {
        "GoodsId": 20225
    },
    {
        "GoodsId": 20226
    },
    {
        "GoodsId": 50000
    },
    {
        "GoodsId": 50001
    },
    {
        "GoodsId": 50999
    },
    {
        "GoodsId": 51100
    },
    {
        "GoodsId": 51101
    },
    {
        "GoodsId": 51102
    },
    {
        "GoodsId": 51110
    },
    {
        "GoodsId": 51111
    },
    {
        "GoodsId": 51112
    },
    {
        "GoodsId": 51120
    },
    {
        "GoodsId": 51121
    },
    {
        "GoodsId": 51122
    },
    {
        "GoodsId": 51130
    },
    {
        "GoodsId": 51131
    },
    {
        "GoodsId": 51132
    },
    {
        "GoodsId": 51140
    },
    {
        "GoodsId": 51141
    },
    {
        "GoodsId": 51142
    },
    {
        "GoodsId": 51150
    },
    {
        "GoodsId": 51151
    },
    {
        "GoodsId": 51152
    },
    {
        "GoodsId": 51160
    },
    {
        "GoodsId": 51161
    },
    {
        "GoodsId": 51162
    },
    {
        "GoodsId": 51170
    },
    {
        "GoodsId": 51171
    },
    {
        "GoodsId": 51172
    },
    {
        "GoodsId": 51180
    },
    {
        "GoodsId": 51181
    },
    {
        "GoodsId": 51182
    },
    {
        "GoodsId": 51190
    },
    {
        "GoodsId": 51191
    },
    {
        "GoodsId": 51192
    },
    {
        "GoodsId": 51200
    },
    {
        "GoodsId": 51201
    },
    {
        "GoodsId": 51202
    },
    {
        "GoodsId": 51210
    },
    {
        "GoodsId": 51211
    },
    {
        "GoodsId": 51212
    },
    {
        "GoodsId": 51220
    },
    {
        "GoodsId": 51221
    },
    {
        "GoodsId": 51222
    },
    {
        "GoodsId": 51260
    },
    {
        "GoodsId": 51261
    },
    {
        "GoodsId": 51262
    },
    {
        "GoodsId": 51230
    },
    {
        "GoodsId": 51231
    },
    {
        "GoodsId": 51232
    },
    {
        "GoodsId": 51240
    },
    {
        "GoodsId": 51241
    },
    {
        "GoodsId": 51242
    },
    {
        "GoodsId": 51250
    },
    {
        "GoodsId": 51251
    },
    {
        "GoodsId": 51252
    },
    {
        "GoodsId": 51290
    },
    {
        "GoodsId": 51291
    },
    {
        "GoodsId": 51292
    },
    {
        "GoodsId": 51270
    },
    {
        "GoodsId": 51271
    },
    {
        "GoodsId": 51272
    },
    {
        "GoodsId": 51280
    },
    {
        "GoodsId": 51281
    },
    {
        "GoodsId": 51282
    },
    {
        "GoodsId": 70000
    },
    {
        "GoodsId": 70001
    },
    {
        "GoodsId": 70002
    },
    {
        "GoodsId": 70003
    },
    {
        "GoodsId": 70004
    },
    {
        "GoodsId": 70005
    },
    {
        "GoodsId": 70006
    },
    {
        "GoodsId": 70007
    },
    {
        "GoodsId": 70008
    },
    {
        "GoodsId": 70009
    },
    {
        "GoodsId": 70010
    },
    {
        "GoodsId": 70011
    },
    {
        "GoodsId": 70012
    },
    {
        "GoodsId": 70013
    },
    {
        "GoodsId": 70014
    },
    {
        "GoodsId": 70015
    },
    {
        "GoodsId": 70016
    },
    {
        "GoodsId": 70017
    },
    {
        "GoodsId": 70018
    },
    {
        "GoodsId": 70019
    },
    {
        "GoodsId": 70020
    },
    {
        "GoodsId": 70021
    },
    {
        "GoodsId": 70022
    },
    {
        "GoodsId": 70023
    },
    {
        "GoodsId": 70024
    },
    {
        "GoodsId": 70025
    },
    {
        "GoodsId": 70026
    },
    {
        "GoodsId": 70027
    },
    {
        "GoodsId": 70028
    },
    {
        "GoodsId": 70029
    },
    {
        "GoodsId": 70030
    },
    {
        "GoodsId": 70031
    },
    {
        "GoodsId": 70032
    },
    {
        "GoodsId": 70033
    },
    {
        "GoodsId": 70034
    },
    {
        "GoodsId": 70035
    },
    {
        "GoodsId": 70036
    },
    {
        "GoodsId": 70037
    },
    {
        "GoodsId": 70038
    },
    {
        "GoodsId": 70039
    },
    {
        "GoodsId": 70040
    },
    {
        "GoodsId": 70041
    },
    {
        "GoodsId": 70042
    },
    {
        "GoodsId": 70043
    },
    {
        "GoodsId": 70044
    },
    {
        "GoodsId": 70045
    },
    {
        "GoodsId": 70046
    },
    {
        "GoodsId": 70047
    },
    {
        "GoodsId": 70048
    },
    {
        "GoodsId": 80000
    },
    {
        "GoodsId": 80001
    },
    {
        "GoodsId": 80002
    },
    {
        "GoodsId": 80003
    },
    {
        "GoodsId": 80004
    },
    {
        "GoodsId": 80005
    },
    {
        "GoodsId": 80006
    },
    {
        "GoodsId": 80007
    },
    {
        "GoodsId": 80008
    },
    {
        "GoodsId": 80009
    },
    {
        "GoodsId": 80010
    },
    {
        "GoodsId": 80011
    },
    {
        "GoodsId": 80012
    },
    {
        "GoodsId": 80013
    },
    {
        "GoodsId": 80014
    },
    {
        "GoodsId": 80015
    },
    {
        "GoodsId": 80033
    },
    {
        "GoodsId": 80016
    },
    {
        "GoodsId": 80017
    },
    {
        "GoodsId": 80018
    },
    {
        "GoodsId": 80019
    },
    {
        "GoodsId": 80020
    },
    {
        "GoodsId": 80021
    },
    {
        "GoodsId": 80022
    },
    {
        "GoodsId": 80023
    },
    {
        "GoodsId": 80024
    },
    {
        "GoodsId": 80025
    },
    {
        "GoodsId": 80026
    },
    {
        "GoodsId": 80027
    },
    {
        "GoodsId": 80028
    },
    {
        "GoodsId": 80029
    },
    {
        "GoodsId": 80030
    },
    {
        "GoodsId": 80031
    },
    {
        "GoodsId": 80032
    },
    {
        "GoodsId": 80034
    },
    {
        "GoodsId": 80035
    },
    {
        "GoodsId": 80036
    },
    {
        "GoodsId": 80037
    },
    {
        "GoodsId": 80038
    },
    {
        "GoodsId": 80039
    },
    {
        "GoodsId": 80040
    },
    {
        "GoodsId": 80041
    },
    {
        "GoodsId": 80042
    },
    {
        "GoodsId": 80043
    },
    {
        "GoodsId": 80044
    },
    {
        "GoodsId": 80045
    },
    {
        "GoodsId": 80046
    },
    {
        "GoodsId": 80047
    },
    {
        "GoodsId": 80048
    },
    {
        "GoodsId": 80049
    },
    {
        "GoodsId": 80050
    },
    {
        "GoodsId": 80051
    },
    {
        "GoodsId": 80052
    },
    {
        "GoodsId": 80053
    },
    {
        "GoodsId": 80054
    },
    {
        "GoodsId": 80055
    },
    {
        "GoodsId": 80056
    },
    {
        "GoodsId": 80057
    },
    {
        "GoodsId": 80058
    },
    {
        "GoodsId": 80059
    },
    {
        "GoodsId": 80060
    },
    {
        "GoodsId": 90000
    },
    {
        "GoodsId": 90001
    },
    {
        "GoodsId": 90002
    },
    {
        "GoodsId": 90003
    },
    {
        "GoodsId": 90004
    },
    {
        "GoodsId": 90005
    },
    {
        "GoodsId": 90006
    },
    {
        "GoodsId": 90007
    },
    {
        "GoodsId": 90008
    },
    {
        "GoodsId": 90009
    },
    {
        "GoodsId": 90010
    },
    {
        "GoodsId": 90011
    },
    {
        "GoodsId": 90012
    },
    {
        "GoodsId": 90013
    },
    {
        "GoodsId": 90014
    },
    {
        "GoodsId": 90015
    },
    {
        "GoodsId": 90016
    },
    {
        "GoodsId": 90017
    },
    {
        "GoodsId": 90018
    },
    {
        "GoodsId": 90019
    },
    {
        "GoodsId": 90020
    },
    {
        "GoodsId": 90021
    },
    {
        "GoodsId": 90022
    },
    {
        "GoodsId": 90023
    },
    {
        "GoodsId": 90024
    },
    {
        "GoodsId": 90025
    },
    {
        "GoodsId": 90026
    },
    {
        "GoodsId": 90027
    },
    {
        "GoodsId": 90028
    },
    {
        "GoodsId": 90029
    },
    {
        "GoodsId": 90030
    },
    {
        "GoodsId": 90031
    },
    {
        "GoodsId": 90032
    },
    {
        "GoodsId": 90033
    },
    {
        "GoodsId": 90034
    },
    {
        "GoodsId": 90035
    },
    {
        "GoodsId": 90036
    },
    {
        "GoodsId": 90037
    },
    {
        "GoodsId": 90038
    },
    {
        "GoodsId": 90039
    },
    {
        "GoodsId": 90040
    },
    {
        "GoodsId": 90041
    },
    {
        "GoodsId": 90042
    },
    {
        "GoodsId": 90043
    },
    {
        "GoodsId": 90044
    },
    {
        "GoodsId": 90045
    },
    {
        "GoodsId": 90046
    },
    {
        "GoodsId": 90047
    },
    {
        "GoodsId": 90048
    },
    {
        "GoodsId": 90049
    },
    {
        "GoodsId": 90050
    },
    {
        "GoodsId": 90051
    },
    {
        "GoodsId": 90052
    },
    {
        "GoodsId": 90053
    },
    {
        "GoodsId": 90054
    },
    {
        "GoodsId": 90055
    },
    {
        "GoodsId": 90056
    },
    {
        "GoodsId": 90057
    },
    {
        "GoodsId": 90058
    },
    {
        "GoodsId": 90059
    },
    {
        "GoodsId": 90060
    },
    {
        "GoodsId": 90061
    },
    {
        "GoodsId": 90062
    },
    {
        "GoodsId": 90063
    },
    {
        "GoodsId": 90064
    },
    {
        "GoodsId": 90065
    },
    {
        "GoodsId": 90066
    },
    {
        "GoodsId": 90067
    },
    {
        "GoodsId": 90068
    },
    {
        "GoodsId": 90069
    },
    {
        "GoodsId": 90070
    },
    {
        "GoodsId": 90071
    },
    {
        "GoodsId": 90072
    },
    {
        "GoodsId": 90073
    },
    {
        "GoodsId": 90074
    },
    {
        "GoodsId": 90075
    },
    {
        "GoodsId": 90076
    },
    {
        "GoodsId": 90077
    },
    {
        "GoodsId": 90078
    },
    {
        "GoodsId": 90079
    },
    {
        "GoodsId": 90080
    },
    {
        "GoodsId": 90081
    },
    {
        "GoodsId": 90082
    },
    {
        "GoodsId": 90083
    },
    {
        "GoodsId": 90084
    },
    {
        "GoodsId": 90085
    },
    {
        "GoodsId": 90086
    },
    {
        "GoodsId": 90087
    },
    {
        "GoodsId": 90088
    },
    {
        "GoodsId": 90089
    },
    {
        "GoodsId": 90090
    },
    {
        "GoodsId": 90091
    },
    {
        "GoodsId": 90092
    },
    {
        "GoodsId": 90093
    },
    {
        "GoodsId": 90094
    },
    {
        "GoodsId": 90095
    },
    {
        "GoodsId": 90096
    },
    {
        "GoodsId": 90097
    },
    {
        "GoodsId": 90098
    },
    {
        "GoodsId": 90099
    },
    {
        "GoodsId": 90100
    },
    {
        "GoodsId": 90101
    },
    {
        "GoodsId": 90102
    },
    {
        "GoodsId": 90103
    },
    {
        "GoodsId": 90104
    },
    {
        "GoodsId": 90105
    },
    {
        "GoodsId": 90106
    },
    {
        "GoodsId": 90107
    },
    {
        "GoodsId": 90108
    },
    {
        "GoodsId": 90109
    },
    {
        "GoodsId": 90110
    },
    {
        "GoodsId": 90111
    },
    {
        "GoodsId": 90140
    },
    {
        "GoodsId": 90141
    },
    {
        "GoodsId": 90142
    },
    {
        "GoodsId": 90143
    },
    {
        "GoodsId": 90144
    },
    {
        "GoodsId": 90145
    },
    {
        "GoodsId": 90146
    },
    {
        "GoodsId": 90147
    },
    {
        "GoodsId": 90152
    },
    {
        "GoodsId": 90153
    },
    {
        "GoodsId": 90154
    },
    {
        "GoodsId": 90155
    },
    {
        "GoodsId": 90156
    },
    {
        "GoodsId": 90157
    },
    {
        "GoodsId": 90158
    },
    {
        "GoodsId": 90159
    },
    {
        "GoodsId": 150000
    },
    {
        "GoodsId": 150001
    },
    {
        "GoodsId": 150002
    },
    {
        "GoodsId": 150003
    },
    {
        "GoodsId": 150004
    },
    {
        "GoodsId": 150005
    },
    {
        "GoodsId": 150006
    },
    {
        "GoodsId": 150007
    },
    {
        "GoodsId": 150008
    },
    {
        "GoodsId": 150009
    },
    {
        "GoodsId": 150010
    },
    {
        "GoodsId": 150011
    },
    {
        "GoodsId": 150012
    },
    {
        "GoodsId": 150013
    },
    {
        "GoodsId": 150014
    },
    {
        "GoodsId": 150015
    },
    {
        "GoodsId": 150016
    },
    {
        "GoodsId": 150017
    },
    {
        "GoodsId": 150018
    },
    {
        "GoodsId": 150019
    },
    {
        "GoodsId": 150020
    },
    {
        "GoodsId": 150021
    },
    {
        "GoodsId": 150022
    },
    {
        "GoodsId": 150023
    },
    {
        "GoodsId": 150024
    },
    {
        "GoodsId": 150025
    },
    {
        "GoodsId": 150026
    },
    {
        "GoodsId": 150027
    },
    {
        "GoodsId": 150028
    },
    {
        "GoodsId": 150029
    },
    {
        "GoodsId": 150030
    },
    {
        "GoodsId": 150031
    },
    {
        "GoodsId": 150032
    },
    {
        "GoodsId": 150033
    },
    {
        "GoodsId": 150034
    },
    {
        "GoodsId": 150035
    },
    {
        "GoodsId": 150036
    },
    {
        "GoodsId": 150037
    },
    {
        "GoodsId": 150038
    },
    {
        "GoodsId": 150039
    },
    {
        "GoodsId": 150040
    },
    {
        "GoodsId": 150041
    }
]