[
    {
        "Id": 1
    },
    {
        "Id": 2
    },
    {
        "Id": 3
    },
    {
        "Id": 50000
    },
    {
        "Id": 50001
    },
    {
        "Id": 50002
    },
    {
        "Id": 50003
    },
    {
        "Id": 50004
    },
    {
        "Id": 50005
    },
    {
        "Id": 50010
    },
    {
        "Id": 50011
    },
    {
        "Id": 50012
    },
    {
        "Id": 50013
    },
    {
        "Id": 50014
    },
    {
        "Id": 50015
    },
    {
        "Id": 50020
    },
    {
        "Id": 50021
    },
    {
        "Id": 50022
    },
    {
        "Id": 50023
    },
    {
        "Id": 50024
    },
    {
        "Id": 50025
    },
    {
        "Id": 50030
    },
    {
        "Id": 50031
    },
    {
        "Id": 50032
    },
    {
        "Id": 50033
    },
    {
        "Id": 50040
    },
    {
        "Id": 50041
    },
    {
        "Id": 50042
    },
    {
        "Id": 50043
    },
    {
        "Id": 50044
    },
    {
        "Id": 50045
    },
    {
        "Id": 50050
    },
    {
        "Id": 50051
    },
    {
        "Id": 50053
    },
    {
        "Id": 50054
    },
    {
        "Id": 50055
    },
    {
        "Id": 50060
    },
    {
        "Id": 50061
    },
    {
        "Id": 50063
    },
    {
        "Id": 50064
    },
    {
        "Id": 50065
    },
    {
        "Id": 50070
    },
    {
        "Id": 50071
    },
    {
        "Id": 50072
    },
    {
        "Id": 50073
    },
    {
        "Id": 50074
    },
    {
        "Id": 50075
    },
    {
        "Id": 50080
    },
    {
        "Id": 50081
    },
    {
        "Id": 50083
    },
    {
        "Id": 50084
    },
    {
        "Id": 50085
    },
    {
        "Id": 50090
    },
    {
        "Id": 50091
    },
    {
        "Id": 50092
    },
    {
        "Id": 50093
    },
    {
        "Id": 50094
    },
    {
        "Id": 50095
    },
    {
        "Id": 50100
    },
    {
        "Id": 50101
    },
    {
        "Id": 50103
    },
    {
        "Id": 50104
    },
    {
        "Id": 50105
    },
    {
        "Id": 50110
    },
    {
        "Id": 50111
    },
    {
        "Id": 50113
    },
    {
        "Id": 50114
    },
    {
        "Id": 50115
    },
    {
        "Id": 50120
    },
    {
        "Id": 50121
    },
    {
        "Id": 50122
    },
    {
        "Id": 50123
    },
    {
        "Id": 50124
    },
    {
        "Id": 50125
    },
    {
        "Id": 50126
    },
    {
        "Id": 50127
    },
    {
        "Id": 50128
    },
    {
        "Id": 50129
    },
    {
        "Id": 50130
    },
    {
        "Id": 50140
    },
    {
        "Id": 50141
    },
    {
        "Id": 50142
    },
    {
        "Id": 50143
    },
    {
        "Id": 50144
    },
    {
        "Id": 50145
    },
    {
        "Id": 50146
    },
    {
        "Id": 50147
    },
    {
        "Id": 50148
    },
    {
        "Id": 50150
    },
    {
        "Id": 50151
    },
    {
        "Id": 50152
    },
    {
        "Id": 50153
    },
    {
        "Id": 50154
    },
    {
        "Id": 50155
    },
    {
        "Id": 50156
    },
    {
        "Id": 50157
    },
    {
        "Id": 50158
    },
    {
        "Id": 50159
    },
    {
        "Id": 50160
    },
    {
        "Id": 50161
    },
    {
        "Id": 50162
    },
    {
        "Id": 50163
    },
    {
        "Id": 50164
    },
    {
        "Id": 50165
    },
    {
        "Id": 50170
    },
    {
        "Id": 50171
    },
    {
        "Id": 50172
    },
    {
        "Id": 50173
    },
    {
        "Id": 50174
    },
    {
        "Id": 50175
    },
    {
        "Id": 50180
    },
    {
        "Id": 50181
    },
    {
        "Id": 50182
    },
    {
        "Id": 50183
    },
    {
        "Id": 50184
    },
    {
        "Id": 50185
    },
    {
        "Id": 50190
    },
    {
        "Id": 50191
    },
    {
        "Id": 50192
    },
    {
        "Id": 50193
    },
    {
        "Id": 50194
    },
    {
        "Id": 50195
    },
    {
        "Id": 50196
    },
    {
        "Id": 50197
    },
    {
        "Id": 50198
    },
    {
        "Id": 50199
    },
    {
        "Id": 50200
    },
    {
        "Id": 50210
    },
    {
        "Id": 50211
    },
    {
        "Id": 50212
    },
    {
        "Id": 50213
    },
    {
        "Id": 50214
    },
    {
        "Id": 50215
    },
    {
        "Id": 50216
    },
    {
        "Id": 50217
    },
    {
        "Id": 50218
    },
    {
        "Id": 50219
    },
    {
        "Id": 50220
    },
    {
        "Id": 50221
    },
    {
        "Id": 50222
    },
    {
        "Id": 50230
    },
    {
        "Id": 50231
    },
    {
        "Id": 50232
    },
    {
        "Id": 50233
    },
    {
        "Id": 50234
    },
    {
        "Id": 50235
    },
    {
        "Id": 50236
    },
    {
        "Id": 50237
    },
    {
        "Id": 50238
    },
    {
        "Id": 50239
    },
    {
        "Id": 50240
    },
    {
        "Id": 50250
    },
    {
        "Id": 50251
    },
    {
        "Id": 50252
    },
    {
        "Id": 50253
    },
    {
        "Id": 50254
    },
    {
        "Id": 50255
    },
    {
        "Id": 50256
    },
    {
        "Id": 50257
    },
    {
        "Id": 50258
    },
    {
        "Id": 50260
    },
    {
        "Id": 50261
    },
    {
        "Id": 50262
    },
    {
        "Id": 50263
    },
    {
        "Id": 50264
    },
    {
        "Id": 50265
    },
    {
        "Id": 50266
    },
    {
        "Id": 50267
    },
    {
        "Id": 50268
    },
    {
        "Id": 50269
    },
    {
        "Id": 50270
    },
    {
        "Id": 50271
    },
    {
        "Id": 50280
    },
    {
        "Id": 50281
    },
    {
        "Id": 50282
    },
    {
        "Id": 50283
    },
    {
        "Id": 50284
    },
    {
        "Id": 50285
    },
    {
        "Id": 50286
    },
    {
        "Id": 50290
    },
    {
        "Id": 50291
    },
    {
        "Id": 50292
    },
    {
        "Id": 50293
    },
    {
        "Id": 50294
    },
    {
        "Id": 50295
    },
    {
        "Id": 50296
    },
    {
        "Id": 50297
    },
    {
        "Id": 50298
    },
    {
        "Id": 50300
    },
    {
        "Id": 50301
    },
    {
        "Id": 50302
    },
    {
        "Id": 50303
    },
    {
        "Id": 50304
    },
    {
        "Id": 50305
    },
    {
        "Id": 50310
    },
    {
        "Id": 50311
    },
    {
        "Id": 50312
    },
    {
        "Id": 50313
    },
    {
        "Id": 50314
    },
    {
        "Id": 50315
    },
    {
        "Id": 50316
    },
    {
        "Id": 50317
    },
    {
        "Id": 50318
    },
    {
        "Id": 50319
    },
    {
        "Id": 50320
    },
    {
        "Id": 50321
    },
    {
        "Id": 50322
    },
    {
        "Id": 50323
    },
    {
        "Id": 50324
    },
    {
        "Id": 50325
    },
    {
        "Id": 50326
    },
    {
        "Id": 50330
    },
    {
        "Id": 50331
    },
    {
        "Id": 50332
    },
    {
        "Id": 50333
    },
    {
        "Id": 50334
    },
    {
        "Id": 50335
    },
    {
        "Id": 50336
    },
    {
        "Id": 50337
    },
    {
        "Id": 50338
    },
    {
        "Id": 50339
    },
    {
        "Id": 50340
    },
    {
        "Id": 50350
    },
    {
        "Id": 50351
    },
    {
        "Id": 50352
    },
    {
        "Id": 50353
    },
    {
        "Id": 50354
    },
    {
        "Id": 50355
    },
    {
        "Id": 50356
    },
    {
        "Id": 50357
    },
    {
        "Id": 50358
    },
    {
        "Id": 50359
    },
    {
        "Id": 50360
    },
    {
        "Id": 50361
    },
    {
        "Id": 50362
    },
    {
        "Id": 50363
    },
    {
        "Id": 50364
    },
    {
        "Id": 50365
    },
    {
        "Id": 50366
    },
    {
        "Id": 50367
    },
    {
        "Id": 50368
    },
    {
        "Id": 50369
    },
    {
        "Id": 50370
    },
    {
        "Id": 50371
    },
    {
        "Id": 50372
    },
    {
        "Id": 50380
    },
    {
        "Id": 50381
    },
    {
        "Id": 50382
    },
    {
        "Id": 50383
    },
    {
        "Id": 50384
    },
    {
        "Id": 50385
    },
    {
        "Id": 50386
    },
    {
        "Id": 50387
    },
    {
        "Id": 50388
    },
    {
        "Id": 50389
    },
    {
        "Id": 50390
    },
    {
        "Id": 50391
    },
    {
        "Id": 50392
    },
    {
        "Id": 50393
    },
    {
        "Id": 50400
    },
    {
        "Id": 50401
    },
    {
        "Id": 50402
    },
    {
        "Id": 50403
    },
    {
        "Id": 50404
    },
    {
        "Id": 50405
    },
    {
        "Id": 50406
    },
    {
        "Id": 50407
    },
    {
        "Id": 50408
    },
    {
        "Id": 50409
    },
    {
        "Id": 50410
    },
    {
        "Id": 50411
    },
    {
        "Id": 50420
    },
    {
        "Id": 50421
    },
    {
        "Id": 50422
    },
    {
        "Id": 50423
    },
    {
        "Id": 50424
    },
    {
        "Id": 50425
    },
    {
        "Id": 50426
    },
    {
        "Id": 50427
    },
    {
        "Id": 50428
    },
    {
        "Id": 50429
    },
    {
        "Id": 50430
    },
    {
        "Id": 50440
    },
    {
        "Id": 50441
    },
    {
        "Id": 50442
    },
    {
        "Id": 50443
    },
    {
        "Id": 50444
    },
    {
        "Id": 50445
    },
    {
        "Id": 50446
    },
    {
        "Id": 50447
    },
    {
        "Id": 50450
    },
    {
        "Id": 50451
    },
    {
        "Id": 50452
    },
    {
        "Id": 50453
    },
    {
        "Id": 50454
    },
    {
        "Id": 50455
    },
    {
        "Id": 50456
    },
    {
        "Id": 50457
    },
    {
        "Id": 50458
    },
    {
        "Id": 50459
    },
    {
        "Id": 50460
    },
    {
        "Id": 50461
    },
    {
        "Id": 50462
    },
    {
        "Id": 50463
    },
    {
        "Id": 50470
    },
    {
        "Id": 50471
    },
    {
        "Id": 50472
    },
    {
        "Id": 50473
    },
    {
        "Id": 50474
    },
    {
        "Id": 50475
    },
    {
        "Id": 50476
    },
    {
        "Id": 50477
    },
    {
        "Id": 50478
    },
    {
        "Id": 50479
    },
    {
        "Id": 50480
    },
    {
        "Id": 50481
    },
    {
        "Id": 50490
    },
    {
        "Id": 50491
    },
    {
        "Id": 50492
    },
    {
        "Id": 50493
    },
    {
        "Id": 50494
    },
    {
        "Id": 50495
    },
    {
        "Id": 50496
    },
    {
        "Id": 50497
    },
    {
        "Id": 50498
    },
    {
        "Id": 50499
    },
    {
        "Id": 50500
    },
    {
        "Id": 50501
    },
    {
        "Id": 50502
    },
    {
        "Id": 50503
    },
    {
        "Id": 50510
    },
    {
        "Id": 50511
    },
    {
        "Id": 50512
    },
    {
        "Id": 50513
    },
    {
        "Id": 50514
    },
    {
        "Id": 50515
    },
    {
        "Id": 50516
    },
    {
        "Id": 50517
    },
    {
        "Id": 50518
    },
    {
        "Id": 50519
    },
    {
        "Id": 50520
    },
    {
        "Id": 50530
    },
    {
        "Id": 50531
    },
    {
        "Id": 50532
    },
    {
        "Id": 50533
    },
    {
        "Id": 50534
    },
    {
        "Id": 50535
    },
    {
        "Id": 50536
    },
    {
        "Id": 50537
    },
    {
        "Id": 50538
    },
    {
        "Id": 50539
    },
    {
        "Id": 50540
    },
    {
        "Id": 50541
    },
    {
        "Id": 50542
    },
    {
        "Id": 50550
    },
    {
        "Id": 50551
    },
    {
        "Id": 50552
    },
    {
        "Id": 50553
    },
    {
        "Id": 50554
    },
    {
        "Id": 50555
    },
    {
        "Id": 50556
    },
    {
        "Id": 50557
    },
    {
        "Id": 50558
    },
    {
        "Id": 50559
    },
    {
        "Id": 50560
    },
    {
        "Id": 50561
    },
    {
        "Id": 50562
    },
    {
        "Id": 50563
    },
    {
        "Id": 50570
    },
    {
        "Id": 50571
    },
    {
        "Id": 50572
    },
    {
        "Id": 50573
    },
    {
        "Id": 50574
    },
    {
        "Id": 50575
    },
    {
        "Id": 50576
    },
    {
        "Id": 50577
    },
    {
        "Id": 50578
    },
    {
        "Id": 50579
    },
    {
        "Id": 50580
    },
    {
        "Id": 50581
    },
    {
        "Id": 50582
    },
    {
        "Id": 50583
    },
    {
        "Id": 50590
    },
    {
        "Id": 50591
    },
    {
        "Id": 50592
    },
    {
        "Id": 50593
    },
    {
        "Id": 50594
    },
    {
        "Id": 50595
    },
    {
        "Id": 50596
    },
    {
        "Id": 50597
    },
    {
        "Id": 50598
    },
    {
        "Id": 50599
    },
    {
        "Id": 50600
    },
    {
        "Id": 50601
    },
    {
        "Id": 50602
    },
    {
        "Id": 50603
    },
    {
        "Id": 50604
    },
    {
        "Id": 50605
    },
    {
        "Id": 50606
    },
    {
        "Id": 50607
    },
    {
        "Id": 50608
    },
    {
        "Id": 50609
    },
    {
        "Id": 50610
    },
    {
        "Id": 50611
    },
    {
        "Id": 50612
    },
    {
        "Id": 50613
    },
    {
        "Id": 50620
    },
    {
        "Id": 50621
    },
    {
        "Id": 50622
    },
    {
        "Id": 50623
    },
    {
        "Id": 50624
    },
    {
        "Id": 50625
    },
    {
        "Id": 50626
    },
    {
        "Id": 50627
    },
    {
        "Id": 50628
    },
    {
        "Id": 50629
    },
    {
        "Id": 50630
    },
    {
        "Id": 50631
    },
    {
        "Id": 50632
    },
    {
        "Id": 50640
    },
    {
        "Id": 50641
    },
    {
        "Id": 50642
    },
    {
        "Id": 50643
    },
    {
        "Id": 50644
    },
    {
        "Id": 50645
    },
    {
        "Id": 50646
    },
    {
        "Id": 50647
    },
    {
        "Id": 50648
    },
    {
        "Id": 50649
    },
    {
        "Id": 50650
    },
    {
        "Id": 50651
    },
    {
        "Id": 50652
    },
    {
        "Id": 50660
    },
    {
        "Id": 50661
    },
    {
        "Id": 50662
    },
    {
        "Id": 50663
    },
    {
        "Id": 50664
    },
    {
        "Id": 50665
    },
    {
        "Id": 50666
    },
    {
        "Id": 50667
    },
    {
        "Id": 50668
    },
    {
        "Id": 50669
    },
    {
        "Id": 50670
    },
    {
        "Id": 50671
    },
    {
        "Id": 50672
    },
    {
        "Id": 50673
    },
    {
        "Id": 50674
    },
    {
        "Id": 50675
    },
    {
        "Id": 50676
    },
    {
        "Id": 50677
    },
    {
        "Id": 50678
    },
    {
        "Id": 50679
    },
    {
        "Id": 50680
    },
    {
        "Id": 50681
    },
    {
        "Id": 50682
    },
    {
        "Id": 50683
    },
    {
        "Id": 50684
    },
    {
        "Id": 50685
    },
    {
        "Id": 50686
    },
    {
        "Id": 50687
    },
    {
        "Id": 50690
    },
    {
        "Id": 50691
    },
    {
        "Id": 50692
    },
    {
        "Id": 50693
    },
    {
        "Id": 50694
    },
    {
        "Id": 50695
    },
    {
        "Id": 50696
    },
    {
        "Id": 50697
    },
    {
        "Id": 50698
    },
    {
        "Id": 50699
    },
    {
        "Id": 50700
    },
    {
        "Id": 50701
    },
    {
        "Id": 50702
    },
    {
        "Id": 50710
    },
    {
        "Id": 50711
    },
    {
        "Id": 50712
    },
    {
        "Id": 50713
    },
    {
        "Id": 50714
    },
    {
        "Id": 50715
    },
    {
        "Id": 50716
    },
    {
        "Id": 50717
    },
    {
        "Id": 50718
    },
    {
        "Id": 50719
    },
    {
        "Id": 50720
    },
    {
        "Id": 50721
    },
    {
        "Id": 50722
    },
    {
        "Id": 50723
    },
    {
        "Id": 50730
    },
    {
        "Id": 50731
    },
    {
        "Id": 50732
    },
    {
        "Id": 50733
    },
    {
        "Id": 50734
    },
    {
        "Id": 50735
    },
    {
        "Id": 50736
    },
    {
        "Id": 50737
    },
    {
        "Id": 50738
    },
    {
        "Id": 50739
    },
    {
        "Id": 50740
    },
    {
        "Id": 50750
    },
    {
        "Id": 50751
    },
    {
        "Id": 50752
    },
    {
        "Id": 50753
    },
    {
        "Id": 50754
    },
    {
        "Id": 50755
    },
    {
        "Id": 50756
    },
    {
        "Id": 50757
    },
    {
        "Id": 50758
    },
    {
        "Id": 50759
    },
    {
        "Id": 50760
    },
    {
        "Id": 50761
    },
    {
        "Id": 50762
    },
    {
        "Id": 50763
    },
    {
        "Id": 50764
    },
    {
        "Id": 50765
    },
    {
        "Id": 50766
    },
    {
        "Id": 50767
    },
    {
        "Id": 50768
    },
    {
        "Id": 50769
    },
    {
        "Id": 50770
    },
    {
        "Id": 50780
    },
    {
        "Id": 50781
    },
    {
        "Id": 50782
    },
    {
        "Id": 50783
    },
    {
        "Id": 50784
    },
    {
        "Id": 50785
    },
    {
        "Id": 50786
    },
    {
        "Id": 50787
    },
    {
        "Id": 50788
    },
    {
        "Id": 50789
    },
    {
        "Id": 50790
    },
    {
        "Id": 50791
    },
    {
        "Id": 50792
    },
    {
        "Id": 50800
    },
    {
        "Id": 50801
    },
    {
        "Id": 50802
    },
    {
        "Id": 60000
    },
    {
        "Id": 60001
    },
    {
        "Id": 69999
    },
    {
        "Id": 70000
    },
    {
        "Id": 70001
    },
    {
        "Id": 80000
    },
    {
        "Id": 80001
    },
    {
        "Id": 80002
    }
]