[
    {
        "GroupId": 1000320000
    },
    {
        "GroupId": 2000520000
    },
    {
        "GroupId": 2000920000
    },
    {
        "GroupId": 2001220000
    },
    {
        "GroupId": 2001220000
    },
    {
        "GroupId": 2001620000
    },
    {
        "GroupId": 2600720000
    },
    {
        "GroupId": 2001020000
    },
    {
        "GroupId": 2000720000
    },
    {
        "GroupId": 1006220000
    },
    {
        "GroupId": 1006230000
    },
    {
        "GroupId": 1006235000
    },
    {
        "GroupId": 1005130000
    },
    {
        "GroupId": 1601420000
    },
    {
        "GroupId": 1008610000
    },
    {
        "GroupId": 1008610000
    },
    {
        "GroupId": 1008610000
    },
    {
        "GroupId": 2003420000
    },
    {
        "GroupId": 2003420000
    },
    {
        "GroupId": 1009020000
    },
    {
        "GroupId": 1010030000
    },
    {
        "GroupId": 1010920000
    },
    {
        "GroupId": 1011120000
    },
    {
        "GroupId": 2004320000
    },
    {
        "GroupId": 70424010120
    },
    {
        "GroupId": 70424010120
    },
    {
        "GroupId": 70424010120
    },
    {
        "GroupId": 70424010120
    },
    {
        "GroupId": 2004720000
    }
]