[
    {
        "Id": 100001001
    },
    {
        "Id": 100001002
    },
    {
        "Id": 100001003
    },
    {
        "Id": 100001004
    },
    {
        "Id": 100001005
    },
    {
        "Id": 101001001
    },
    {
        "Id": 101001002
    },
    {
        "Id": 101001003
    },
    {
        "Id": 101001004
    },
    {
        "Id": 101001005
    },
    {
        "Id": 101001006
    },
    {
        "Id": 101002001
    },
    {
        "Id": 101002002
    },
    {
        "Id": 102001001
    },
    {
        "Id": 102001002
    },
    {
        "Id": 102001003
    },
    {
        "Id": 102001004
    },
    {
        "Id": 102001005
    },
    {
        "Id": 102001006
    },
    {
        "Id": 102002001
    },
    {
        "Id": 102002002
    },
    {
        "Id": 102002003
    },
    {
        "Id": 102002004
    }
]