[
    {
        "TargetEffectName": "Common_Variant/FX_Common_Effect_Shield_Ing_Variant"
    },
    {
        "TargetEffectName": "Common_Variant/FX_Common_Effect_Shield_Start_Variant"
    },
    {
        "TargetEffectName": "Common_Variant/FX_Common_Effect_Immune_Ing_Variant"
    },
    {
        "TargetEffectName": "Common_Variant/FX_Common_Effect_Immune_Start_Variant"
    },
    {
        "TargetEffectName": "Common_Variant/FX_Common_Effect_Buff_Start_Variant"
    },
    {
        "TargetEffectName": "Common_Variant/FX_Common_Effect_Buff_End_Variant"
    },
    {
        "TargetEffectName": "Common_Variant/FX_Common_Effect_Debuff_Start_Variant"
    },
    {
        "TargetEffectName": "Common_Variant/FX_Common_Effect_Debuff_End_Variant"
    },
    {
        "TargetEffectName": "Common_Variant/FX_Common_Effect_Poison_Apply_Variant"
    },
    {
        "TargetEffectName": "Common_Variant/FX_Common_Burnning_Variant"
    },
    {
        "TargetEffectName": "Common_Variant/FX_Common_Chill_Variant"
    },
    {
        "TargetEffectName": "Common_Variant/FX_Common_Effect_DotHeal_Variant"
    },
    {
        "TargetEffectName": "FX_CH0063_Public_Hit_Variant"
    },
    {
        "TargetEffectName": "FX_CH0063_Public_Loop_Variant"
    },
    {
        "TargetEffectName": "FX_Public_CH0064_Debuff_Start_01_Variant"
    },
    {
        "TargetEffectName": "Common_Variant/FX_Common_Effect_Heal_Variant"
    }
]