[
    {
        "Id": 1001
    },
    {
        "Id": 1101
    },
    {
        "Id": 1201
    },
    {
        "Id": 1301
    },
    {
        "Id": 2001
    },
    {
        "Id": 2101
    },
    {
        "Id": 2201
    },
    {
        "Id": 2301
    },
    {
        "Id": 3001
    },
    {
        "Id": 3101
    },
    {
        "Id": 3201
    },
    {
        "Id": 3301
    },
    {
        "Id": 4001
    },
    {
        "Id": 4101
    },
    {
        "Id": 4201
    },
    {
        "Id": 4301
    },
    {
        "Id": 5001
    },
    {
        "Id": 5101
    },
    {
        "Id": 5201
    },
    {
        "Id": 5301
    },
    {
        "Id": 6001
    },
    {
        "Id": 6101
    },
    {
        "Id": 6201
    },
    {
        "Id": 6301
    },
    {
        "Id": 7001
    },
    {
        "Id": 7101
    },
    {
        "Id": 7201
    },
    {
        "Id": 7301
    },
    {
        "Id": 8001
    },
    {
        "Id": 8101
    },
    {
        "Id": 8201
    },
    {
        "Id": 8301
    },
    {
        "Id": 9001
    },
    {
        "Id": 9101
    },
    {
        "Id": 9201
    },
    {
        "Id": 9301
    },
    {
        "Id": 10001
    },
    {
        "Id": 10101
    },
    {
        "Id": 10201
    },
    {
        "Id": 10301
    },
    {
        "Id": 11001
    },
    {
        "Id": 11101
    },
    {
        "Id": 11201
    },
    {
        "Id": 11301
    },
    {
        "Id": 12001
    },
    {
        "Id": 12101
    },
    {
        "Id": 12201
    },
    {
        "Id": 12301
    },
    {
        "Id": 13001
    },
    {
        "Id": 13101
    },
    {
        "Id": 13201
    },
    {
        "Id": 13301
    },
    {
        "Id": 14001
    },
    {
        "Id": 14101
    },
    {
        "Id": 14201
    },
    {
        "Id": 14301
    },
    {
        "Id": 15001
    },
    {
        "Id": 15101
    },
    {
        "Id": 15201
    },
    {
        "Id": 15301
    },
    {
        "Id": 16001
    },
    {
        "Id": 16101
    },
    {
        "Id": 16201
    },
    {
        "Id": 16301
    },
    {
        "Id": 17001
    },
    {
        "Id": 17101
    },
    {
        "Id": 17201
    },
    {
        "Id": 17301
    },
    {
        "Id": 18001
    },
    {
        "Id": 18101
    },
    {
        "Id": 18201
    },
    {
        "Id": 18301
    },
    {
        "Id": 19001
    },
    {
        "Id": 19101
    },
    {
        "Id": 19201
    },
    {
        "Id": 19301
    },
    {
        "Id": 20001
    },
    {
        "Id": 20101
    },
    {
        "Id": 20201
    },
    {
        "Id": 20301
    },
    {
        "Id": 21001
    },
    {
        "Id": 21101
    },
    {
        "Id": 21201
    },
    {
        "Id": 21301
    },
    {
        "Id": 22001
    },
    {
        "Id": 22101
    },
    {
        "Id": 22201
    },
    {
        "Id": 22301
    },
    {
        "Id": 23001
    },
    {
        "Id": 23101
    },
    {
        "Id": 23201
    },
    {
        "Id": 23301
    },
    {
        "Id": 24001
    },
    {
        "Id": 24101
    },
    {
        "Id": 24201
    },
    {
        "Id": 24301
    },
    {
        "Id": 25001
    },
    {
        "Id": 25101
    },
    {
        "Id": 25201
    },
    {
        "Id": 25301
    },
    {
        "Id": 26001
    },
    {
        "Id": 26101
    },
    {
        "Id": 26201
    },
    {
        "Id": 26301
    },
    {
        "Id": 27001
    },
    {
        "Id": 27101
    },
    {
        "Id": 27201
    },
    {
        "Id": 27301
    },
    {
        "Id": 28001
    },
    {
        "Id": 28101
    },
    {
        "Id": 28201
    },
    {
        "Id": 28301
    },
    {
        "Id": 29001
    },
    {
        "Id": 29101
    },
    {
        "Id": 29201
    },
    {
        "Id": 29301
    },
    {
        "Id": 30001
    },
    {
        "Id": 30101
    },
    {
        "Id": 30201
    },
    {
        "Id": 30301
    },
    {
        "Id": 31001
    },
    {
        "Id": 31101
    },
    {
        "Id": 31201
    },
    {
        "Id": 31301
    },
    {
        "Id": 32001
    },
    {
        "Id": 32101
    },
    {
        "Id": 32201
    },
    {
        "Id": 32301
    },
    {
        "Id": 33001
    },
    {
        "Id": 33101
    },
    {
        "Id": 33201
    },
    {
        "Id": 33301
    },
    {
        "Id": 34001
    },
    {
        "Id": 34101
    },
    {
        "Id": 34201
    },
    {
        "Id": 34301
    },
    {
        "Id": 35001
    },
    {
        "Id": 35101
    },
    {
        "Id": 35201
    },
    {
        "Id": 35301
    },
    {
        "Id": 36001
    },
    {
        "Id": 36101
    },
    {
        "Id": 36201
    },
    {
        "Id": 36301
    },
    {
        "Id": 37001
    },
    {
        "Id": 37101
    },
    {
        "Id": 37201
    },
    {
        "Id": 37301
    },
    {
        "Id": 38001
    },
    {
        "Id": 38101
    },
    {
        "Id": 38201
    },
    {
        "Id": 38301
    },
    {
        "Id": 39001
    },
    {
        "Id": 39101
    },
    {
        "Id": 39201
    },
    {
        "Id": 39301
    },
    {
        "Id": 40001
    },
    {
        "Id": 40101
    },
    {
        "Id": 40201
    },
    {
        "Id": 40301
    },
    {
        "Id": 41001
    },
    {
        "Id": 41101
    },
    {
        "Id": 41201
    },
    {
        "Id": 41301
    },
    {
        "Id": 42001
    },
    {
        "Id": 42101
    },
    {
        "Id": 42201
    },
    {
        "Id": 42301
    }
]