[
    {
        "Id": 193796930
    },
    {
        "Id": 1404358839
    },
    {
        "Id": 3032395125
    },
    {
        "Id": 2720027300
    },
    {
        "Id": 3279733778
    },
    {
        "Id": 215343785
    },
    {
        "Id": 592553712
    },
    {
        "Id": 1126989196
    },
    {
        "Id": 2980093557
    },
    {
        "Id": 464516472
    },
    {
        "Id": 659318440
    },
    {
        "Id": 1350779872
    },
    {
        "Id": 4139390295
    },
    {
        "Id": 3034097378
    },
    {
        "Id": 2211088411
    },
    {
        "Id": 3510285100
    },
    {
        "Id": 1282246853
    },
    {
        "Id": 3567773632
    },
    {
        "Id": 1873047591
    },
    {
        "Id": 1270639801
    },
    {
        "Id": 793036575
    },
    {
        "Id": 4117743090
    },
    {
        "Id": 2193170334
    },
    {
        "Id": 1641966769
    },
    {
        "Id": 4029771331
    },
    {
        "Id": 3191164948
    },
    {
        "Id": 4125364051
    },
    {
        "Id": 3757266652
    },
    {
        "Id": 335318244
    },
    {
        "Id": 971116899
    },
    {
        "Id": 130616165
    },
    {
        "Id": 1538674758
    },
    {
        "Id": 2189276124
    },
    {
        "Id": 3959582314
    },
    {
        "Id": 2316050365
    },
    {
        "Id": 2462805661
    },
    {
        "Id": 3710921141
    },
    {
        "Id": 1209045032
    },
    {
        "Id": 331216989
    },
    {
        "Id": 457888165
    },
    {
        "Id": 532824408
    },
    {
        "Id": 290751116
    },
    {
        "Id": 2449007539
    },
    {
        "Id": 2024444426
    },
    {
        "Id": 769375216
    },
    {
        "Id": 2869821162
    },
    {
        "Id": 609972010
    },
    {
        "Id": 536357478
    },
    {
        "Id": 1051093664
    },
    {
        "Id": 1396938856
    },
    {
        "Id": 3697210903
    },
    {
        "Id": 2948971737
    },
    {
        "Id": 818491282
    },
    {
        "Id": 669967911
    },
    {
        "Id": 4005800097
    },
    {
        "Id": 1458425736
    },
    {
        "Id": 852386982
    },
    {
        "Id": 1450269692
    },
    {
        "Id": 1519935780
    },
    {
        "Id": 2316225813
    },
    {
        "Id": 3734948454
    },
    {
        "Id": 2430750696
    },
    {
        "Id": 1162308101
    },
    {
        "Id": 26526232
    },
    {
        "Id": 3742020023
    },
    {
        "Id": 1115908775
    },
    {
        "Id": 2174049261
    },
    {
        "Id": 1981532632
    },
    {
        "Id": 3143022727
    },
    {
        "Id": 3703948089
    },
    {
        "Id": 1784440581
    },
    {
        "Id": 1765583766
    },
    {
        "Id": 2227713524
    },
    {
        "Id": 1397677279
    },
    {
        "Id": 2141226327
    },
    {
        "Id": 3243780441
    },
    {
        "Id": 1959585537
    },
    {
        "Id": 3843668814
    },
    {
        "Id": 1472949808
    },
    {
        "Id": 1891153401
    },
    {
        "Id": 2219429359
    },
    {
        "Id": 1482697346
    },
    {
        "Id": 2021537512
    },
    {
        "Id": 3448399642
    },
    {
        "Id": 3093485935
    },
    {
        "Id": 781962767
    },
    {
        "Id": 2389358381
    },
    {
        "Id": 3850559857
    },
    {
        "Id": 3038369495
    },
    {
        "Id": 1520449813
    },
    {
        "Id": 1178477230
    },
    {
        "Id": 507114885
    },
    {
        "Id": 246038256
    },
    {
        "Id": 1397667095
    },
    {
        "Id": 2593277123
    },
    {
        "Id": 186652373
    },
    {
        "Id": 3983900851
    }
]