[
    {
        "LogicEffectNameHash": 3659979920
    },
    {
        "LogicEffectNameHash": 2901313264
    },
    {
        "LogicEffectNameHash": 1879638
    },
    {
        "LogicEffectNameHash": 1063124417
    },
    {
        "LogicEffectNameHash": 2918162076
    },
    {
        "LogicEffectNameHash": 3729856231
    },
    {
        "LogicEffectNameHash": 893752000
    },
    {
        "LogicEffectNameHash": 2878943974
    },
    {
        "LogicEffectNameHash": 219420186
    },
    {
        "LogicEffectNameHash": 2240433966
    },
    {
        "LogicEffectNameHash": 2744704006
    },
    {
        "LogicEffectNameHash": 2730804290
    },
    {
        "LogicEffectNameHash": 2017606013
    },
    {
        "LogicEffectNameHash": 1654039521
    },
    {
        "LogicEffectNameHash": 1120194450
    },
    {
        "LogicEffectNameHash": 2614070894
    },
    {
        "LogicEffectNameHash": 466971287
    },
    {
        "LogicEffectNameHash": 1945596997
    },
    {
        "LogicEffectNameHash": 984747699
    },
    {
        "LogicEffectNameHash": 2226940592
    },
    {
        "LogicEffectNameHash": 641877810
    },
    {
        "LogicEffectNameHash": 3236345739
    },
    {
        "LogicEffectNameHash": 2464144566
    },
    {
        "LogicEffectNameHash": 2439885638
    },
    {
        "LogicEffectNameHash": 2075725760
    },
    {
        "LogicEffectNameHash": 1082604580
    },
    {
        "LogicEffectNameHash": 1204053160
    },
    {
        "LogicEffectNameHash": 1081101121
    },
    {
        "LogicEffectNameHash": 1176542071
    },
    {
        "LogicEffectNameHash": 2841571640
    },
    {
        "LogicEffectNameHash": 1886856702
    },
    {
        "LogicEffectNameHash": 2305213079
    },
    {
        "LogicEffectNameHash": 2592645500
    },
    {
        "LogicEffectNameHash": 2849390100
    },
    {
        "LogicEffectNameHash": 720513377
    },
    {
        "LogicEffectNameHash": 4102806804
    },
    {
        "LogicEffectNameHash": 2018822638
    },
    {
        "LogicEffectNameHash": 484744461
    },
    {
        "LogicEffectNameHash": 2543710472
    },
    {
        "LogicEffectNameHash": 1096377425
    },
    {
        "LogicEffectNameHash": 3727671672
    },
    {
        "LogicEffectNameHash": 3913311100
    },
    {
        "LogicEffectNameHash": 1417371326
    },
    {
        "LogicEffectNameHash": 2362021517
    },
    {
        "LogicEffectNameHash": 2835237177
    },
    {
        "LogicEffectNameHash": 3659979920
    },
    {
        "LogicEffectNameHash": 2901313264
    },
    {
        "LogicEffectNameHash": 1879638
    },
    {
        "LogicEffectNameHash": 1063124417
    },
    {
        "LogicEffectNameHash": 2918162076
    },
    {
        "LogicEffectNameHash": 3729856231
    },
    {
        "LogicEffectNameHash": 893752000
    },
    {
        "LogicEffectNameHash": 2878943974
    },
    {
        "LogicEffectNameHash": 219420186
    },
    {
        "LogicEffectNameHash": 2240433966
    },
    {
        "LogicEffectNameHash": 2744704006
    },
    {
        "LogicEffectNameHash": 2730804290
    },
    {
        "LogicEffectNameHash": 2017606013
    },
    {
        "LogicEffectNameHash": 1654039521
    },
    {
        "LogicEffectNameHash": 1120194450
    },
    {
        "LogicEffectNameHash": 2614070894
    },
    {
        "LogicEffectNameHash": 466971287
    },
    {
        "LogicEffectNameHash": 1945596997
    },
    {
        "LogicEffectNameHash": 984747699
    },
    {
        "LogicEffectNameHash": 2226940592
    },
    {
        "LogicEffectNameHash": 641877810
    },
    {
        "LogicEffectNameHash": 3236345739
    },
    {
        "LogicEffectNameHash": 2464144566
    },
    {
        "LogicEffectNameHash": 2439885638
    },
    {
        "LogicEffectNameHash": 2075725760
    },
    {
        "LogicEffectNameHash": 1082604580
    },
    {
        "LogicEffectNameHash": 1204053160
    },
    {
        "LogicEffectNameHash": 3727671672
    },
    {
        "LogicEffectNameHash": 2362021517
    },
    {
        "LogicEffectNameHash": 2835237177
    },
    {
        "LogicEffectNameHash": 3006478383
    },
    {
        "LogicEffectNameHash": 3006478383
    },
    {
        "LogicEffectNameHash": 1820008632
    },
    {
        "LogicEffectNameHash": 1820008632
    }
]