[
    {
        "Id": 568353284
    },
    {
        "Id": 3090281345
    },
    {
        "Id": 1800558025
    },
    {
        "Id": 1190403761
    },
    {
        "Id": 1572708405
    },
    {
        "Id": 3628935712
    },
    {
        "Id": 3534491248
    },
    {
        "Id": 3131284514
    },
    {
        "Id": 1525626710
    },
    {
        "Id": 3492528593
    },
    {
        "Id": 2202200377
    },
    {
        "Id": 1339258566
    },
    {
        "Id": 3180466620
    },
    {
        "Id": 3161199658
    },
    {
        "Id": 2499303848
    },
    {
        "Id": 3878262221
    },
    {
        "Id": 2585413863
    },
    {
        "Id": 3782203997
    },
    {
        "Id": 3025004574
    },
    {
        "Id": 271927070
    },
    {
        "Id": 168303782
    },
    {
        "Id": 2870030542
    },
    {
        "Id": 3280908601
    },
    {
        "Id": 1088343595
    },
    {
        "Id": 3847936774
    },
    {
        "Id": 3718900251
    },
    {
        "Id": 1366399427
    },
    {
        "Id": 1694675661
    },
    {
        "Id": 3689920603
    },
    {
        "Id": 3237003736
    },
    {
        "Id": 2521067651
    },
    {
        "Id": 1110291942
    },
    {
        "Id": 3081585375
    },
    {
        "Id": 2896004691
    },
    {
        "Id": 208836377
    },
    {
        "Id": 2727559355
    },
    {
        "Id": 1467357569
    },
    {
        "Id": 558538867
    },
    {
        "Id": 503647519
    },
    {
        "Id": 3128648524
    },
    {
        "Id": 1699664353
    },
    {
        "Id": 2209112127
    },
    {
        "Id": 931077836
    },
    {
        "Id": 406263231
    },
    {
        "Id": 2231090778
    },
    {
        "Id": 1583399302
    },
    {
        "Id": 1480713576
    },
    {
        "Id": 1653392088
    },
    {
        "Id": 2819199369
    },
    {
        "Id": 1941237975
    },
    {
        "Id": 3764435019
    },
    {
        "Id": 1467860482
    },
    {
        "Id": 1015578843
    },
    {
        "Id": 3558526640
    },
    {
        "Id": 1343253203
    },
    {
        "Id": 2426602239
    },
    {
        "Id": 3061694407
    },
    {
        "Id": 1904634148
    },
    {
        "Id": 2976036456
    },
    {
        "Id": 4045266944
    },
    {
        "Id": 3763996273
    },
    {
        "Id": 1064430151
    },
    {
        "Id": 3296797565
    },
    {
        "Id": 1576792319
    },
    {
        "Id": 754400376
    },
    {
        "Id": 2199995738
    },
    {
        "Id": 2466851794
    },
    {
        "Id": 883087564
    },
    {
        "Id": 2342074397
    },
    {
        "Id": 1310285815
    },
    {
        "Id": 3387968115
    },
    {
        "Id": 1362820805
    },
    {
        "Id": 20588352
    },
    {
        "Id": 166054227
    },
    {
        "Id": 1552518585
    },
    {
        "Id": 110218397
    },
    {
        "Id": 2544066237
    },
    {
        "Id": 2045545826
    },
    {
        "Id": 3388636581
    },
    {
        "Id": 3922077380
    },
    {
        "Id": 2003391560
    },
    {
        "Id": 1864506479
    },
    {
        "Id": 971361311
    },
    {
        "Id": 534448665
    },
    {
        "Id": 3280550417
    },
    {
        "Id": 4105550789
    },
    {
        "Id": 3912862800
    },
    {
        "Id": 1550134238
    },
    {
        "Id": 3322275869
    },
    {
        "Id": 1585618956
    },
    {
        "Id": 1006973180
    },
    {
        "Id": 4035683087
    },
    {
        "Id": 1658229639
    },
    {
        "Id": 407665085
    },
    {
        "Id": 1618342854
    },
    {
        "Id": 3620711068
    },
    {
        "Id": 2023659463
    },
    {
        "Id": 1683132436
    },
    {
        "Id": 3599804002
    },
    {
        "Id": 3382886348
    },
    {
        "Id": 135257919
    },
    {
        "Id": 2538276995
    },
    {
        "Id": 3072601529
    },
    {
        "Id": 2626862098
    },
    {
        "Id": 690057429
    },
    {
        "Id": 260983333
    },
    {
        "Id": 1708703954
    },
    {
        "Id": 3859591547
    },
    {
        "Id": 908986573
    },
    {
        "Id": 1476803680
    },
    {
        "Id": 533796839
    },
    {
        "Id": 816575502
    },
    {
        "Id": 2898044473
    },
    {
        "Id": 2425922801
    },
    {
        "Id": 3753976738
    },
    {
        "Id": 1492814062
    },
    {
        "Id": 3924772558
    },
    {
        "Id": 1282858766
    },
    {
        "Id": 3332056294
    },
    {
        "Id": 3539468416
    },
    {
        "Id": 2470100690
    },
    {
        "Id": 2895630542
    },
    {
        "Id": 1096107338
    },
    {
        "Id": 1808569891
    },
    {
        "Id": 1145227202
    },
    {
        "Id": 2149895497
    },
    {
        "Id": 2632576500
    },
    {
        "Id": 679725348
    },
    {
        "Id": 1273684402
    },
    {
        "Id": 2949652439
    },
    {
        "Id": 1502090339
    },
    {
        "Id": 1882459913
    },
    {
        "Id": 486304736
    },
    {
        "Id": 2261440007
    },
    {
        "Id": 3094679071
    },
    {
        "Id": 3873763161
    },
    {
        "Id": 92092405
    },
    {
        "Id": 911122828
    },
    {
        "Id": 2579192675
    },
    {
        "Id": 808791084
    },
    {
        "Id": 2231795989
    },
    {
        "Id": 2188119579
    },
    {
        "Id": 2239616167
    },
    {
        "Id": 3148650572
    },
    {
        "Id": 2821799767
    },
    {
        "Id": 3119310211
    },
    {
        "Id": 690932155
    },
    {
        "Id": 3832699996
    },
    {
        "Id": 1603607930
    },
    {
        "Id": 1823046333
    },
    {
        "Id": 2768018184
    },
    {
        "Id": 1392668875
    },
    {
        "Id": 792104856
    },
    {
        "Id": 2497264421
    },
    {
        "Id": 3518437283
    },
    {
        "Id": 3188393778
    },
    {
        "Id": 2225967285
    },
    {
        "Id": 465637874
    },
    {
        "Id": 3233555798
    },
    {
        "Id": 968682290
    },
    {
        "Id": 3199917820
    },
    {
        "Id": 1476440395
    },
    {
        "Id": 1879046106
    },
    {
        "Id": 2507339128
    },
    {
        "Id": 1879110517
    },
    {
        "Id": 3938533666
    },
    {
        "Id": 3167328863
    },
    {
        "Id": 3665213306
    },
    {
        "Id": 3063188519
    },
    {
        "Id": 3455742497
    },
    {
        "Id": 3287041724
    },
    {
        "Id": 2984036665
    },
    {
        "Id": 3966285336
    },
    {
        "Id": 1979395704
    },
    {
        "Id": 1483711597
    },
    {
        "Id": 2547438029
    },
    {
        "Id": 30620308
    },
    {
        "Id": 2132755918
    },
    {
        "Id": 4108087916
    },
    {
        "Id": 3983936166
    },
    {
        "Id": 861990638
    },
    {
        "Id": 2461561663
    },
    {
        "Id": 701158900
    },
    {
        "Id": 1260247439
    },
    {
        "Id": 654291183
    },
    {
        "Id": 1434026302
    },
    {
        "Id": 708993365
    },
    {
        "Id": 775163073
    },
    {
        "Id": 1673430876
    },
    {
        "Id": 1434518470
    },
    {
        "Id": 1345298992
    },
    {
        "Id": 1794214616
    },
    {
        "Id": 2742176735
    },
    {
        "Id": 1601719131
    },
    {
        "Id": 3894752293
    },
    {
        "Id": 3893438593
    },
    {
        "Id": 3478506063
    },
    {
        "Id": 2383322044
    },
    {
        "Id": 2530153363
    },
    {
        "Id": 2658577136
    },
    {
        "Id": 4110151422
    },
    {
        "Id": 2308417984
    },
    {
        "Id": 3547891066
    },
    {
        "Id": 1511137930
    },
    {
        "Id": 2588005083
    },
    {
        "Id": 1207951868
    },
    {
        "Id": 2940861460
    },
    {
        "Id": 4007789220
    },
    {
        "Id": 3115131049
    },
    {
        "Id": 1073406101
    },
    {
        "Id": 2374692299
    },
    {
        "Id": 3896791412
    },
    {
        "Id": 2771169159
    },
    {
        "Id": 3761325453
    },
    {
        "Id": 473961565
    },
    {
        "Id": 3798547582
    },
    {
        "Id": 1447789688
    },
    {
        "Id": 4007219456
    },
    {
        "Id": 1993308574
    },
    {
        "Id": 2706984178
    },
    {
        "Id": 195111810
    },
    {
        "Id": 1719735061
    },
    {
        "Id": 2531044577
    },
    {
        "Id": 3545426629
    },
    {
        "Id": 3509415016
    },
    {
        "Id": 429182171
    },
    {
        "Id": 1034206479
    },
    {
        "Id": 655536342
    },
    {
        "Id": 3513244967
    },
    {
        "Id": 627155250
    },
    {
        "Id": 80643629
    },
    {
        "Id": 3404732176
    },
    {
        "Id": 2045260500
    },
    {
        "Id": 1190835052
    },
    {
        "Id": 1706542631
    },
    {
        "Id": 681141163
    },
    {
        "Id": 1563408585
    },
    {
        "Id": 1202838020
    },
    {
        "Id": 1156398258
    },
    {
        "Id": 1530947633
    },
    {
        "Id": 339476199
    },
    {
        "Id": 1704355738
    },
    {
        "Id": 2176286818
    },
    {
        "Id": 2791686149
    },
    {
        "Id": 680515700
    },
    {
        "Id": 338220069
    },
    {
        "Id": 3340102563
    },
    {
        "Id": 1117536271
    },
    {
        "Id": 163161751
    },
    {
        "Id": 574447353
    },
    {
        "Id": 1967354364
    },
    {
        "Id": 3860379070
    },
    {
        "Id": 3818285934
    },
    {
        "Id": 3372414764
    },
    {
        "Id": 3992132652
    },
    {
        "Id": 3891791487
    },
    {
        "Id": 2114348925
    },
    {
        "Id": 1384647032
    },
    {
        "Id": 3163290170
    },
    {
        "Id": 2506080271
    },
    {
        "Id": 3748316683
    },
    {
        "Id": 105940345
    },
    {
        "Id": 2024207706
    },
    {
        "Id": 2687485340
    },
    {
        "Id": 1275263096
    },
    {
        "Id": 551707203
    },
    {
        "Id": 2448283336
    },
    {
        "Id": 368279961
    },
    {
        "Id": 3572322114
    },
    {
        "Id": 4149439148
    },
    {
        "Id": 354970473
    },
    {
        "Id": 228324748
    },
    {
        "Id": 923539097
    },
    {
        "Id": 2994335063
    },
    {
        "Id": 248406175
    },
    {
        "Id": 46601979
    },
    {
        "Id": 2024742117
    },
    {
        "Id": 2687179599
    },
    {
        "Id": 850894795
    },
    {
        "Id": 3342886416
    },
    {
        "Id": 3457938614
    },
    {
        "Id": 4171346744
    },
    {
        "Id": 605426818
    },
    {
        "Id": 22981752
    },
    {
        "Id": 3171806516
    },
    {
        "Id": 3282253943
    },
    {
        "Id": 1294469845
    },
    {
        "Id": 1323421601
    },
    {
        "Id": 287399090
    },
    {
        "Id": 262456713
    },
    {
        "Id": 3631619487
    },
    {
        "Id": 1411531783
    },
    {
        "Id": 2116322795
    },
    {
        "Id": 2011424057
    },
    {
        "Id": 328618922
    },
    {
        "Id": 2125736747
    },
    {
        "Id": 3274850366
    },
    {
        "Id": 4027433679
    },
    {
        "Id": 3302899382
    },
    {
        "Id": 3058268566
    },
    {
        "Id": 2150748692
    },
    {
        "Id": 234172999
    },
    {
        "Id": 2984538800
    },
    {
        "Id": 2734691338
    },
    {
        "Id": 2750777350
    },
    {
        "Id": 2790582544
    },
    {
        "Id": 3361676807
    },
    {
        "Id": 3372632868
    },
    {
        "Id": 3764741155
    },
    {
        "Id": 3280621137
    },
    {
        "Id": 957399433
    },
    {
        "Id": 725792234
    },
    {
        "Id": 1579854824
    },
    {
        "Id": 3170572373
    },
    {
        "Id": 1347505035
    },
    {
        "Id": 1420355675
    },
    {
        "Id": 836937834
    },
    {
        "Id": 3246414762
    },
    {
        "Id": 1672027824
    },
    {
        "Id": 643601607
    },
    {
        "Id": 3916552145
    },
    {
        "Id": 4197834340
    },
    {
        "Id": 3014934787
    },
    {
        "Id": 311197831
    },
    {
        "Id": 1505199216
    },
    {
        "Id": 2267819756
    },
    {
        "Id": 3887961936
    },
    {
        "Id": 4198404167
    },
    {
        "Id": 3539588785
    },
    {
        "Id": 1838643777
    },
    {
        "Id": 941715325
    },
    {
        "Id": 3957686940
    },
    {
        "Id": 745031813
    },
    {
        "Id": 229076710
    },
    {
        "Id": 2409236392
    },
    {
        "Id": 115282331
    },
    {
        "Id": 2582703564
    },
    {
        "Id": 4040259869
    },
    {
        "Id": 821487796
    },
    {
        "Id": 4213074690
    },
    {
        "Id": 800843057
    },
    {
        "Id": 3743567554
    },
    {
        "Id": 892305990
    },
    {
        "Id": 2482634214
    },
    {
        "Id": 4192838407
    },
    {
        "Id": 3029021068
    },
    {
        "Id": 4168983105
    },
    {
        "Id": 3670904167
    },
    {
        "Id": 4019914556
    },
    {
        "Id": 30978215
    },
    {
        "Id": 966054034
    },
    {
        "Id": 3829335779
    },
    {
        "Id": 2374258686
    },
    {
        "Id": 1432545955
    },
    {
        "Id": 2139144878
    },
    {
        "Id": 696320612
    },
    {
        "Id": 3244228881
    },
    {
        "Id": 3489002136
    },
    {
        "Id": 2845862475
    },
    {
        "Id": 2861219821
    },
    {
        "Id": 1162768050
    },
    {
        "Id": 3082277647
    },
    {
        "Id": 3064048510
    },
    {
        "Id": 2103656384
    },
    {
        "Id": 2673595897
    },
    {
        "Id": 2929308528
    },
    {
        "Id": 1294023752
    },
    {
        "Id": 3683248441
    },
    {
        "Id": 3817338711
    },
    {
        "Id": 220472788
    },
    {
        "Id": 1628652606
    },
    {
        "Id": 566874637
    },
    {
        "Id": 1535755254
    },
    {
        "Id": 1941273809
    },
    {
        "Id": 1653538261
    },
    {
        "Id": 2275443341
    },
    {
        "Id": 1307010380
    },
    {
        "Id": 1051309745
    },
    {
        "Id": 2669926856
    },
    {
        "Id": 2481413590
    },
    {
        "Id": 3556118567
    },
    {
        "Id": 1237688391
    },
    {
        "Id": 891540249
    },
    {
        "Id": 3728846475
    },
    {
        "Id": 4293416100
    },
    {
        "Id": 2380340875
    },
    {
        "Id": 2113131077
    },
    {
        "Id": 3780059517
    },
    {
        "Id": 2204423057
    },
    {
        "Id": 3797176862
    },
    {
        "Id": 1181340599
    },
    {
        "Id": 327516382
    },
    {
        "Id": 3902695034
    },
    {
        "Id": 3865636537
    },
    {
        "Id": 2562394603
    },
    {
        "Id": 1116927430
    },
    {
        "Id": 1310127430
    },
    {
        "Id": 2881864113
    },
    {
        "Id": 2626905573
    },
    {
        "Id": 1952486259
    },
    {
        "Id": 725415263
    },
    {
        "Id": 2174025991
    },
    {
        "Id": 2714407293
    },
    {
        "Id": 3465066470
    },
    {
        "Id": 899885514
    },
    {
        "Id": 4152368798
    },
    {
        "Id": 2968838945
    },
    {
        "Id": 3621120406
    },
    {
        "Id": 2439520979
    },
    {
        "Id": 3086100549
    },
    {
        "Id": 3638356271
    },
    {
        "Id": 3175460029
    },
    {
        "Id": 1097331654
    },
    {
        "Id": 1472293691
    },
    {
        "Id": 3381676017
    },
    {
        "Id": 1650983788
    },
    {
        "Id": 201650513
    },
    {
        "Id": 1616465450
    },
    {
        "Id": 4042471873
    },
    {
        "Id": 726634996
    },
    {
        "Id": 1213896668
    },
    {
        "Id": 1074170169
    },
    {
        "Id": 313157332
    },
    {
        "Id": 3993669837
    },
    {
        "Id": 3425922924
    },
    {
        "Id": 2154499276
    },
    {
        "Id": 4010924574
    },
    {
        "Id": 3939405208
    },
    {
        "Id": 2093027724
    },
    {
        "Id": 2636038411
    },
    {
        "Id": 3816392824
    },
    {
        "Id": 3435111130
    },
    {
        "Id": 4146785458
    },
    {
        "Id": 3235647754
    },
    {
        "Id": 3275013291
    },
    {
        "Id": 235716850
    },
    {
        "Id": 1978413522
    },
    {
        "Id": 567241999
    },
    {
        "Id": 2289301547
    },
    {
        "Id": 3229456581
    },
    {
        "Id": 1885237165
    },
    {
        "Id": 4022757923
    },
    {
        "Id": 592761361
    },
    {
        "Id": 4011706180
    },
    {
        "Id": 1798302610
    },
    {
        "Id": 2226438697
    },
    {
        "Id": 2458610961
    },
    {
        "Id": 2798096944
    },
    {
        "Id": 1830486787
    },
    {
        "Id": 1643715739
    },
    {
        "Id": 3120176306
    },
    {
        "Id": 3166639285
    },
    {
        "Id": 2716955944
    },
    {
        "Id": 3479808616
    },
    {
        "Id": 2440921776
    },
    {
        "Id": 4153939053
    },
    {
        "Id": 2678705719
    },
    {
        "Id": 3785255402
    },
    {
        "Id": 1291736704
    },
    {
        "Id": 2701900488
    },
    {
        "Id": 864260403
    },
    {
        "Id": 3297296627
    },
    {
        "Id": 794930150
    },
    {
        "Id": 441492228
    },
    {
        "Id": 2642315766
    },
    {
        "Id": 3804422720
    },
    {
        "Id": 1682693107
    },
    {
        "Id": 4110731459
    },
    {
        "Id": 2073470694
    },
    {
        "Id": 1405080235
    },
    {
        "Id": 2150161630
    },
    {
        "Id": 2672161145
    },
    {
        "Id": 3687209642
    },
    {
        "Id": 4052513177
    },
    {
        "Id": 2104014222
    },
    {
        "Id": 1271209381
    },
    {
        "Id": 1564743653
    },
    {
        "Id": 3181922729
    },
    {
        "Id": 1687833564
    },
    {
        "Id": 4072318869
    },
    {
        "Id": 4263485914
    },
    {
        "Id": 2610830426
    },
    {
        "Id": 2022584281
    },
    {
        "Id": 1117969709
    },
    {
        "Id": 2342020541
    },
    {
        "Id": 2168002507
    },
    {
        "Id": 1148227571
    },
    {
        "Id": 1400166407
    },
    {
        "Id": 84356727
    },
    {
        "Id": 1478295024
    },
    {
        "Id": 1270584580
    },
    {
        "Id": 351194778
    },
    {
        "Id": 773572687
    },
    {
        "Id": 1842077251
    },
    {
        "Id": 2515870463
    },
    {
        "Id": 341841198
    },
    {
        "Id": 3218881034
    },
    {
        "Id": 2315373093
    },
    {
        "Id": 465725750
    },
    {
        "Id": 4000982479
    },
    {
        "Id": 2636209114
    },
    {
        "Id": 3565486602
    },
    {
        "Id": 3373361996
    },
    {
        "Id": 228394510
    },
    {
        "Id": 1276753836
    },
    {
        "Id": 1011177992
    },
    {
        "Id": 1541210119
    },
    {
        "Id": 2636188691
    },
    {
        "Id": 2761999351
    },
    {
        "Id": 2482046358
    },
    {
        "Id": 4226641817
    },
    {
        "Id": 2172943879
    },
    {
        "Id": 4225238391
    },
    {
        "Id": 2727892501
    },
    {
        "Id": 2573413617
    },
    {
        "Id": 1272033456
    },
    {
        "Id": 265639675
    },
    {
        "Id": 2463100179
    },
    {
        "Id": 2046839861
    },
    {
        "Id": 2818793097
    },
    {
        "Id": 31971661
    },
    {
        "Id": 2283838751
    },
    {
        "Id": 2205522336
    },
    {
        "Id": 3445978983
    },
    {
        "Id": 168018629
    },
    {
        "Id": 966389905
    },
    {
        "Id": 53049303
    },
    {
        "Id": 687038463
    },
    {
        "Id": 866258554
    },
    {
        "Id": 2022271207
    },
    {
        "Id": 424976149
    },
    {
        "Id": 4038365135
    },
    {
        "Id": 945193756
    },
    {
        "Id": 2612134368
    },
    {
        "Id": 2044673335
    },
    {
        "Id": 2100570298
    },
    {
        "Id": 1432215054
    },
    {
        "Id": 1111984768
    },
    {
        "Id": 3841762487
    },
    {
        "Id": 2050636254
    },
    {
        "Id": 1313011740
    },
    {
        "Id": 1310942675
    },
    {
        "Id": 189135343
    },
    {
        "Id": 2554653011
    },
    {
        "Id": 1077224201
    },
    {
        "Id": 2168722953
    },
    {
        "Id": 1828220127
    },
    {
        "Id": 4013963722
    },
    {
        "Id": 1305480655
    },
    {
        "Id": 3254246120
    },
    {
        "Id": 1900637827
    },
    {
        "Id": 3617639977
    },
    {
        "Id": 462049690
    },
    {
        "Id": 280657926
    },
    {
        "Id": 2040614590
    },
    {
        "Id": 3956684012
    },
    {
        "Id": 3857462656
    },
    {
        "Id": 3746495436
    },
    {
        "Id": 2134432412
    },
    {
        "Id": 1825255734
    },
    {
        "Id": 2769309810
    },
    {
        "Id": 3914748961
    },
    {
        "Id": 3232643151
    },
    {
        "Id": 2110566063
    },
    {
        "Id": 1563374708
    },
    {
        "Id": 3536466863
    },
    {
        "Id": 68308284
    },
    {
        "Id": 346329229
    },
    {
        "Id": 3178373654
    },
    {
        "Id": 2463204372
    },
    {
        "Id": 2822100686
    },
    {
        "Id": 4182420902
    },
    {
        "Id": 1135880526
    },
    {
        "Id": 3639094791
    },
    {
        "Id": 423163698
    },
    {
        "Id": 2615386391
    },
    {
        "Id": 2078366203
    },
    {
        "Id": 1039274214
    },
    {
        "Id": 2257264793
    },
    {
        "Id": 3293411397
    },
    {
        "Id": 23837079
    },
    {
        "Id": 622892536
    },
    {
        "Id": 2813998444
    },
    {
        "Id": 3053074408
    },
    {
        "Id": 427156359
    },
    {
        "Id": 601922354
    },
    {
        "Id": 1610372652
    },
    {
        "Id": 2845080252
    },
    {
        "Id": 603919681
    },
    {
        "Id": 1779777821
    },
    {
        "Id": 502511532
    },
    {
        "Id": 4201458075
    },
    {
        "Id": 3405502502
    },
    {
        "Id": 3846017907
    },
    {
        "Id": 1512039001
    },
    {
        "Id": 4223885668
    },
    {
        "Id": 216033295
    },
    {
        "Id": 3870770646
    },
    {
        "Id": 576882869
    },
    {
        "Id": 1951893671
    },
    {
        "Id": 1587950345
    },
    {
        "Id": 1731879057
    },
    {
        "Id": 1388146253
    },
    {
        "Id": 165848664
    },
    {
        "Id": 480031876
    },
    {
        "Id": 886218035
    },
    {
        "Id": 3873417184
    },
    {
        "Id": 71300423
    },
    {
        "Id": 3208359217
    },
    {
        "Id": 2603012587
    },
    {
        "Id": 3559802662
    },
    {
        "Id": 829186444
    },
    {
        "Id": 2891302272
    },
    {
        "Id": 2481292883
    },
    {
        "Id": 1763878830
    },
    {
        "Id": 3581583095
    },
    {
        "Id": 3759908230
    },
    {
        "Id": 1330230270
    },
    {
        "Id": 4155459414
    },
    {
        "Id": 3824960828
    },
    {
        "Id": 469402084
    },
    {
        "Id": 2168686622
    },
    {
        "Id": 4110607038
    },
    {
        "Id": 2620666590
    },
    {
        "Id": 3580618277
    },
    {
        "Id": 2068830338
    },
    {
        "Id": 3004591844
    },
    {
        "Id": 610238880
    },
    {
        "Id": 3842728630
    },
    {
        "Id": 3711163599
    },
    {
        "Id": 1081936794
    },
    {
        "Id": 3368213604
    },
    {
        "Id": 267064560
    },
    {
        "Id": 3517023210
    },
    {
        "Id": 3781354011
    },
    {
        "Id": 2372234784
    },
    {
        "Id": 741744212
    },
    {
        "Id": 3214008751
    },
    {
        "Id": 1991681745
    },
    {
        "Id": 360613355
    },
    {
        "Id": 2477255073
    },
    {
        "Id": 680727089
    },
    {
        "Id": 164348438
    },
    {
        "Id": 2291527783
    },
    {
        "Id": 781084339
    },
    {
        "Id": 3903753962
    },
    {
        "Id": 2905549969
    },
    {
        "Id": 2448505994
    },
    {
        "Id": 4070021842
    },
    {
        "Id": 1997359993
    },
    {
        "Id": 1102967453
    },
    {
        "Id": 1877467419
    },
    {
        "Id": 4264217761
    },
    {
        "Id": 4078502999
    },
    {
        "Id": 36986008
    },
    {
        "Id": 1066873102
    },
    {
        "Id": 3925271623
    },
    {
        "Id": 1225210497
    },
    {
        "Id": 3894951644
    },
    {
        "Id": 2757820211
    },
    {
        "Id": 3539644059
    },
    {
        "Id": 101463293
    },
    {
        "Id": 2162962659
    },
    {
        "Id": 1425413713
    },
    {
        "Id": 731947350
    },
    {
        "Id": 975903214
    },
    {
        "Id": 2038749317
    },
    {
        "Id": 2963948219
    },
    {
        "Id": 420528079
    },
    {
        "Id": 3381521953
    },
    {
        "Id": 1268753317
    },
    {
        "Id": 2081111893
    },
    {
        "Id": 2036492427
    },
    {
        "Id": 2110649234
    },
    {
        "Id": 4066628593
    },
    {
        "Id": 2835664593
    },
    {
        "Id": 3552749049
    },
    {
        "Id": 1806927978
    },
    {
        "Id": 2762169004
    },
    {
        "Id": 690169818
    },
    {
        "Id": 487346886
    },
    {
        "Id": 1482063910
    },
    {
        "Id": 1909526502
    },
    {
        "Id": 2287777948
    },
    {
        "Id": 807116639
    },
    {
        "Id": 3407314225
    },
    {
        "Id": 964947236
    },
    {
        "Id": 979096877
    },
    {
        "Id": 1824104943
    },
    {
        "Id": 497234106
    },
    {
        "Id": 2174621921
    },
    {
        "Id": 2404612738
    },
    {
        "Id": 2171080004
    },
    {
        "Id": 4152665467
    },
    {
        "Id": 1486330171
    },
    {
        "Id": 629131072
    },
    {
        "Id": 1770708438
    },
    {
        "Id": 3820411501
    },
    {
        "Id": 151340779
    },
    {
        "Id": 823877123
    },
    {
        "Id": 1614695890
    },
    {
        "Id": 3626450280
    },
    {
        "Id": 3494964509
    },
    {
        "Id": 703669330
    },
    {
        "Id": 693063741
    },
    {
        "Id": 4101332268
    },
    {
        "Id": 1689924376
    },
    {
        "Id": 2193565459
    },
    {
        "Id": 3965414038
    },
    {
        "Id": 783906898
    },
    {
        "Id": 2417899622
    },
    {
        "Id": 3556427010
    },
    {
        "Id": 2706016103
    },
    {
        "Id": 2302218451
    },
    {
        "Id": 1346004046
    },
    {
        "Id": 2747235433
    },
    {
        "Id": 2851980116
    },
    {
        "Id": 4122133617
    },
    {
        "Id": 4261350722
    },
    {
        "Id": 3803905420
    },
    {
        "Id": 2963429682
    },
    {
        "Id": 3541073751
    },
    {
        "Id": 2159570496
    },
    {
        "Id": 2548462455
    },
    {
        "Id": 4042465040
    },
    {
        "Id": 3838527518
    },
    {
        "Id": 2879388543
    },
    {
        "Id": 1837654534
    },
    {
        "Id": 4070331752
    },
    {
        "Id": 961856623
    },
    {
        "Id": 3990064392
    },
    {
        "Id": 1569788797
    },
    {
        "Id": 2203506226
    },
    {
        "Id": 2391920792
    },
    {
        "Id": 990943546
    },
    {
        "Id": 377841277
    },
    {
        "Id": 379649034
    },
    {
        "Id": 1799521584
    },
    {
        "Id": 1977366979
    },
    {
        "Id": 2302501547
    },
    {
        "Id": 3886562450
    },
    {
        "Id": 1106462826
    },
    {
        "Id": 1525134210
    },
    {
        "Id": 2403007371
    },
    {
        "Id": 464215810
    },
    {
        "Id": 1659997513
    },
    {
        "Id": 2740006824
    },
    {
        "Id": 634397522
    },
    {
        "Id": 568268782
    },
    {
        "Id": 3800797986
    },
    {
        "Id": 768415991
    },
    {
        "Id": 170530647
    },
    {
        "Id": 2105767857
    },
    {
        "Id": 971704785
    },
    {
        "Id": 3268930403
    },
    {
        "Id": 3790596036
    },
    {
        "Id": 139177085
    },
    {
        "Id": 1929848621
    },
    {
        "Id": 3964677239
    },
    {
        "Id": 812527005
    },
    {
        "Id": 209879931
    },
    {
        "Id": 3758970326
    },
    {
        "Id": 2043902350
    },
    {
        "Id": 3623800367
    },
    {
        "Id": 1472635527
    },
    {
        "Id": 750437998
    },
    {
        "Id": 2214622120
    },
    {
        "Id": 3497461731
    },
    {
        "Id": 396111021
    },
    {
        "Id": 1536704674
    },
    {
        "Id": 1559379436
    },
    {
        "Id": 2223458654
    },
    {
        "Id": 3684462997
    },
    {
        "Id": 2853457577
    },
    {
        "Id": 1278140180
    },
    {
        "Id": 3605496211
    },
    {
        "Id": 362200042
    },
    {
        "Id": 2600301807
    },
    {
        "Id": 1207427739
    },
    {
        "Id": 1877696199
    },
    {
        "Id": 714339689
    },
    {
        "Id": 2335494402
    },
    {
        "Id": 2277053820
    },
    {
        "Id": 2075546383
    },
    {
        "Id": 115295975
    },
    {
        "Id": 4026319376
    },
    {
        "Id": 4185032963
    },
    {
        "Id": 2936499526
    },
    {
        "Id": 1742258785
    },
    {
        "Id": 3025393769
    },
    {
        "Id": 2714960508
    },
    {
        "Id": 1941157622
    },
    {
        "Id": 3606591178
    },
    {
        "Id": 2407286464
    },
    {
        "Id": 2017679716
    },
    {
        "Id": 1676311070
    },
    {
        "Id": 2024047498
    },
    {
        "Id": 3892549496
    },
    {
        "Id": 2854462279
    },
    {
        "Id": 501702143
    },
    {
        "Id": 109666369
    },
    {
        "Id": 1905883766
    },
    {
        "Id": 1732783959
    },
    {
        "Id": 4060288434
    },
    {
        "Id": 546048485
    },
    {
        "Id": 1328861687
    },
    {
        "Id": 2826588451
    },
    {
        "Id": 3295012200
    },
    {
        "Id": 4218203606
    },
    {
        "Id": 2097195604
    },
    {
        "Id": 412398151
    },
    {
        "Id": 1586117246
    },
    {
        "Id": 1534706506
    },
    {
        "Id": 2811136937
    },
    {
        "Id": 3216751496
    },
    {
        "Id": 2309110008
    },
    {
        "Id": 1526894260
    },
    {
        "Id": 1595873141
    },
    {
        "Id": 3421419630
    },
    {
        "Id": 78908729
    },
    {
        "Id": 4251664478
    },
    {
        "Id": 3470971854
    },
    {
        "Id": 759270720
    },
    {
        "Id": 2589158613
    },
    {
        "Id": 313564224
    },
    {
        "Id": 2975952374
    },
    {
        "Id": 531408598
    },
    {
        "Id": 1016973697
    },
    {
        "Id": 763954758
    },
    {
        "Id": 1953888113
    },
    {
        "Id": 2127468336
    },
    {
        "Id": 1884612537
    },
    {
        "Id": 3643040578
    },
    {
        "Id": 2019702166
    },
    {
        "Id": 587631387
    },
    {
        "Id": 24217411
    },
    {
        "Id": 239069212
    },
    {
        "Id": 1390692381
    },
    {
        "Id": 1162066877
    },
    {
        "Id": 1456591458
    },
    {
        "Id": 1094551975
    },
    {
        "Id": 2419444552
    },
    {
        "Id": 3471163202
    },
    {
        "Id": 485025368
    },
    {
        "Id": 3379916775
    },
    {
        "Id": 2001500176
    },
    {
        "Id": 2323361442
    },
    {
        "Id": 3861832751
    },
    {
        "Id": 950690645
    },
    {
        "Id": 838718625
    },
    {
        "Id": 958216958
    },
    {
        "Id": 3429612434
    },
    {
        "Id": 3469209110
    },
    {
        "Id": 1554268924
    },
    {
        "Id": 1988011429
    },
    {
        "Id": 1931484823
    },
    {
        "Id": 4270860431
    },
    {
        "Id": 1189884579
    },
    {
        "Id": 3395023226
    },
    {
        "Id": 241520428
    },
    {
        "Id": 3600721515
    },
    {
        "Id": 715150166
    },
    {
        "Id": 1151138975
    },
    {
        "Id": 1039348783
    },
    {
        "Id": 1838015153
    },
    {
        "Id": 2598872907
    },
    {
        "Id": 2319927230
    },
    {
        "Id": 1199482915
    },
    {
        "Id": 210098892
    },
    {
        "Id": 2427261419
    },
    {
        "Id": 2568399118
    },
    {
        "Id": 3600518801
    },
    {
        "Id": 4098079458
    },
    {
        "Id": 4066116211
    },
    {
        "Id": 2663255672
    },
    {
        "Id": 1163173378
    },
    {
        "Id": 2426987203
    },
    {
        "Id": 3485590675
    },
    {
        "Id": 655382238
    },
    {
        "Id": 4117605746
    },
    {
        "Id": 702666497
    },
    {
        "Id": 3745565192
    },
    {
        "Id": 2748587788
    },
    {
        "Id": 3851476460
    },
    {
        "Id": 1662375227
    },
    {
        "Id": 1796584316
    },
    {
        "Id": 2748048312
    },
    {
        "Id": 2088178165
    },
    {
        "Id": 1081747961
    },
    {
        "Id": 1333155117
    },
    {
        "Id": 952782338
    },
    {
        "Id": 973108844
    },
    {
        "Id": 120259893
    },
    {
        "Id": 1828436777
    },
    {
        "Id": 3922177849
    },
    {
        "Id": 1159189958
    },
    {
        "Id": 927830661
    },
    {
        "Id": 3063749784
    },
    {
        "Id": 3750664844
    },
    {
        "Id": 1422600981
    },
    {
        "Id": 257780260
    },
    {
        "Id": 2855295494
    },
    {
        "Id": 1206045497
    },
    {
        "Id": 58111834
    },
    {
        "Id": 4215876408
    },
    {
        "Id": 2942388108
    },
    {
        "Id": 4029679475
    },
    {
        "Id": 3372483067
    },
    {
        "Id": 2770486398
    },
    {
        "Id": 2902353210
    },
    {
        "Id": 606879674
    },
    {
        "Id": 2122944213
    },
    {
        "Id": 3847221295
    },
    {
        "Id": 3229603145
    },
    {
        "Id": 3701585587
    },
    {
        "Id": 3833222545
    },
    {
        "Id": 3536082342
    },
    {
        "Id": 3099915088
    },
    {
        "Id": 1875788897
    },
    {
        "Id": 829320511
    },
    {
        "Id": 679916847
    },
    {
        "Id": 2274897081
    },
    {
        "Id": 1589684999
    },
    {
        "Id": 1705817155
    },
    {
        "Id": 782046940
    },
    {
        "Id": 813413203
    },
    {
        "Id": 2073850831
    },
    {
        "Id": 3531009585
    },
    {
        "Id": 1226577972
    },
    {
        "Id": 2325595088
    },
    {
        "Id": 1939592656
    },
    {
        "Id": 3267922566
    },
    {
        "Id": 2813806812
    },
    {
        "Id": 2258840102
    },
    {
        "Id": 3290697574
    },
    {
        "Id": 456329834
    },
    {
        "Id": 865784105
    },
    {
        "Id": 3552707300
    },
    {
        "Id": 1167137211
    },
    {
        "Id": 3152527974
    },
    {
        "Id": 647151019
    },
    {
        "Id": 1004446798
    },
    {
        "Id": 2618465425
    },
    {
        "Id": 188905442
    },
    {
        "Id": 2337649779
    },
    {
        "Id": 642330694
    },
    {
        "Id": 3834715292
    },
    {
        "Id": 1302807513
    },
    {
        "Id": 2388990969
    },
    {
        "Id": 1852540221
    },
    {
        "Id": 4237081092
    },
    {
        "Id": 3279315567
    },
    {
        "Id": 3628879077
    },
    {
        "Id": 954113692
    },
    {
        "Id": 2021135045
    },
    {
        "Id": 1458215029
    },
    {
        "Id": 2428360856
    },
    {
        "Id": 285576970
    },
    {
        "Id": 2645055357
    },
    {
        "Id": 1048952704
    },
    {
        "Id": 711196224
    },
    {
        "Id": 197139999
    },
    {
        "Id": 156543915
    },
    {
        "Id": 1917800565
    },
    {
        "Id": 207553257
    },
    {
        "Id": 1359814312
    },
    {
        "Id": 2238392770
    },
    {
        "Id": 3397519891
    },
    {
        "Id": 2519527920
    },
    {
        "Id": 1006785435
    },
    {
        "Id": 3094012890
    },
    {
        "Id": 51848612
    },
    {
        "Id": 577551808
    },
    {
        "Id": 3153536019
    },
    {
        "Id": 656123860
    },
    {
        "Id": 207005344
    },
    {
        "Id": 207353527
    },
    {
        "Id": 3850309932
    },
    {
        "Id": 1779157264
    },
    {
        "Id": 660762624
    },
    {
        "Id": 3120660691
    },
    {
        "Id": 3761134362
    },
    {
        "Id": 3183423536
    },
    {
        "Id": 1083213660
    },
    {
        "Id": 380134167
    },
    {
        "Id": 980730488
    },
    {
        "Id": 1744011158
    },
    {
        "Id": 1978738236
    },
    {
        "Id": 1711657921
    },
    {
        "Id": 4208486157
    },
    {
        "Id": 3110594290
    },
    {
        "Id": 2312736228
    },
    {
        "Id": 2418029830
    },
    {
        "Id": 2513906545
    },
    {
        "Id": 4255415531
    },
    {
        "Id": 2400711187
    },
    {
        "Id": 1480932455
    },
    {
        "Id": 1264613598
    },
    {
        "Id": 2370668756
    },
    {
        "Id": 700928438
    },
    {
        "Id": 668490663
    },
    {
        "Id": 3962004214
    },
    {
        "Id": 280968584
    },
    {
        "Id": 91829217
    },
    {
        "Id": 651323173
    },
    {
        "Id": 3852102326
    },
    {
        "Id": 2604335879
    },
    {
        "Id": 3960462370
    },
    {
        "Id": 1304864554
    },
    {
        "Id": 3359662311
    },
    {
        "Id": 960829018
    },
    {
        "Id": 848808530
    },
    {
        "Id": 3967203424
    },
    {
        "Id": 2813079033
    },
    {
        "Id": 2485415936
    },
    {
        "Id": 1538688209
    },
    {
        "Id": 1293537623
    },
    {
        "Id": 2515383777
    },
    {
        "Id": 256732742
    },
    {
        "Id": 3976245156
    },
    {
        "Id": 96023494
    },
    {
        "Id": 4273052460
    },
    {
        "Id": 596390413
    },
    {
        "Id": 351123065
    },
    {
        "Id": 607597178
    },
    {
        "Id": 2637628286
    },
    {
        "Id": 1240433537
    },
    {
        "Id": 4035646990
    },
    {
        "Id": 3342396035
    },
    {
        "Id": 1688089946
    },
    {
        "Id": 147911426
    },
    {
        "Id": 847033741
    },
    {
        "Id": 2521530856
    },
    {
        "Id": 360602256
    },
    {
        "Id": 2767129100
    },
    {
        "Id": 2541110848
    },
    {
        "Id": 382429561
    },
    {
        "Id": 476489946
    },
    {
        "Id": 698217183
    },
    {
        "Id": 114348860
    },
    {
        "Id": 768925695
    },
    {
        "Id": 978909960
    },
    {
        "Id": 1068074313
    },
    {
        "Id": 1351833456
    },
    {
        "Id": 2813725794
    },
    {
        "Id": 1897696797
    },
    {
        "Id": 1107179134
    },
    {
        "Id": 185210844
    },
    {
        "Id": 3630426735
    },
    {
        "Id": 3646966719
    },
    {
        "Id": 472935890
    },
    {
        "Id": 1130095476
    },
    {
        "Id": 2965964018
    },
    {
        "Id": 76002348
    },
    {
        "Id": 2057093985
    },
    {
        "Id": 1467905996
    },
    {
        "Id": 3322622012
    },
    {
        "Id": 1314252422
    },
    {
        "Id": 3103109178
    },
    {
        "Id": 2067877575
    },
    {
        "Id": 3716981678
    },
    {
        "Id": 1402212502
    },
    {
        "Id": 491505579
    },
    {
        "Id": 3700815272
    },
    {
        "Id": 400550606
    },
    {
        "Id": 3152431120
    },
    {
        "Id": 3385248946
    },
    {
        "Id": 1323071768
    },
    {
        "Id": 1164255195
    },
    {
        "Id": 482910667
    },
    {
        "Id": 3334735264
    },
    {
        "Id": 1748618245
    },
    {
        "Id": 2298440257
    },
    {
        "Id": 833219414
    },
    {
        "Id": 751686931
    },
    {
        "Id": 133888517
    },
    {
        "Id": 246196031
    },
    {
        "Id": 1347523184
    },
    {
        "Id": 936795892
    },
    {
        "Id": 2379444008
    },
    {
        "Id": 533662537
    },
    {
        "Id": 160526635
    },
    {
        "Id": 3286956455
    },
    {
        "Id": 852369901
    },
    {
        "Id": 4230650879
    },
    {
        "Id": 2338315745
    },
    {
        "Id": 281087421
    },
    {
        "Id": 3530727745
    },
    {
        "Id": 913597140
    },
    {
        "Id": 1300580622
    },
    {
        "Id": 1380510813
    },
    {
        "Id": 2628477357
    },
    {
        "Id": 4022915352
    },
    {
        "Id": 3399713652
    },
    {
        "Id": 99397468
    },
    {
        "Id": 2215074932
    },
    {
        "Id": 1643173923
    },
    {
        "Id": 1849281011
    },
    {
        "Id": 1542602741
    },
    {
        "Id": 3821108862
    },
    {
        "Id": 2380475927
    },
    {
        "Id": 2453534161
    },
    {
        "Id": 1795540160
    },
    {
        "Id": 2207174098
    },
    {
        "Id": 3951931616
    },
    {
        "Id": 3066347435
    },
    {
        "Id": 917727802
    },
    {
        "Id": 1401309111
    },
    {
        "Id": 593716845
    },
    {
        "Id": 3741008568
    },
    {
        "Id": 665870403
    },
    {
        "Id": 3890557075
    },
    {
        "Id": 223764682
    },
    {
        "Id": 2031886835
    },
    {
        "Id": 1809536053
    },
    {
        "Id": 3830108082
    },
    {
        "Id": 243873514
    },
    {
        "Id": 2894388739
    },
    {
        "Id": 67134130
    },
    {
        "Id": 3479647471
    },
    {
        "Id": 1941668544
    },
    {
        "Id": 3182707119
    },
    {
        "Id": 2105925413
    },
    {
        "Id": 858827891
    },
    {
        "Id": 2697658765
    },
    {
        "Id": 2298282180
    },
    {
        "Id": 2739287164
    },
    {
        "Id": 315999143
    },
    {
        "Id": 4198474273
    },
    {
        "Id": 4209810412
    },
    {
        "Id": 2479363031
    },
    {
        "Id": 403880145
    },
    {
        "Id": 641649091
    },
    {
        "Id": 3797092561
    },
    {
        "Id": 1684718045
    },
    {
        "Id": 3816424420
    },
    {
        "Id": 1943114883
    },
    {
        "Id": 137406742
    },
    {
        "Id": 2445727457
    },
    {
        "Id": 2988184652
    },
    {
        "Id": 3769567730
    },
    {
        "Id": 502683431
    },
    {
        "Id": 2695132270
    },
    {
        "Id": 151087307
    },
    {
        "Id": 2895951544
    },
    {
        "Id": 3938292544
    },
    {
        "Id": 3660363030
    },
    {
        "Id": 1867005327
    },
    {
        "Id": 2562389004
    },
    {
        "Id": 282547348
    },
    {
        "Id": 3154260008
    },
    {
        "Id": 3732924485
    },
    {
        "Id": 2808315314
    },
    {
        "Id": 3324022369
    },
    {
        "Id": 3726491199
    },
    {
        "Id": 3826680836
    },
    {
        "Id": 3525689580
    },
    {
        "Id": 3228487439
    },
    {
        "Id": 372373653
    },
    {
        "Id": 580931768
    },
    {
        "Id": 2050960164
    },
    {
        "Id": 3445544423
    },
    {
        "Id": 4194869583
    },
    {
        "Id": 3131863486
    },
    {
        "Id": 17577061
    },
    {
        "Id": 694652532
    },
    {
        "Id": 272570960
    },
    {
        "Id": 34859460
    },
    {
        "Id": 222288208
    },
    {
        "Id": 494878205
    },
    {
        "Id": 3520067051
    },
    {
        "Id": 1492749205
    },
    {
        "Id": 2251949354
    },
    {
        "Id": 2967468877
    },
    {
        "Id": 3396393718
    },
    {
        "Id": 3339407423
    },
    {
        "Id": 899385757
    },
    {
        "Id": 1351247652
    },
    {
        "Id": 4135727457
    },
    {
        "Id": 1211292697
    },
    {
        "Id": 2737835400
    },
    {
        "Id": 2911608142
    },
    {
        "Id": 1794039308
    },
    {
        "Id": 3749457569
    },
    {
        "Id": 1045211944
    },
    {
        "Id": 3642378310
    },
    {
        "Id": 2510538163
    },
    {
        "Id": 3625909269
    },
    {
        "Id": 316972796
    },
    {
        "Id": 908898795
    },
    {
        "Id": 4087117251
    },
    {
        "Id": 1501411418
    },
    {
        "Id": 4111747050
    },
    {
        "Id": 3040723814
    },
    {
        "Id": 1895239205
    },
    {
        "Id": 671490670
    },
    {
        "Id": 466122060
    },
    {
        "Id": 834773626
    },
    {
        "Id": 4255183988
    },
    {
        "Id": 3550963612
    },
    {
        "Id": 3883608953
    },
    {
        "Id": 1891805122
    },
    {
        "Id": 2940532158
    },
    {
        "Id": 428199348
    },
    {
        "Id": 3008726230
    },
    {
        "Id": 1624944495
    },
    {
        "Id": 3056390280
    },
    {
        "Id": 2868594014
    },
    {
        "Id": 1877581112
    },
    {
        "Id": 1112817661
    },
    {
        "Id": 3830513876
    },
    {
        "Id": 2111699976
    },
    {
        "Id": 2708118651
    },
    {
        "Id": 1936490985
    },
    {
        "Id": 1611334326
    },
    {
        "Id": 2684775285
    },
    {
        "Id": 754958794
    },
    {
        "Id": 683075804
    },
    {
        "Id": 564829797
    },
    {
        "Id": 3174922187
    },
    {
        "Id": 1081129055
    },
    {
        "Id": 2410698172
    },
    {
        "Id": 3219425833
    },
    {
        "Id": 1762447625
    },
    {
        "Id": 488035586
    },
    {
        "Id": 3305878339
    },
    {
        "Id": 417080762
    },
    {
        "Id": 1015983059
    },
    {
        "Id": 893638401
    },
    {
        "Id": 1571986068
    },
    {
        "Id": 3072026988
    },
    {
        "Id": 1121022801
    },
    {
        "Id": 1517341436
    },
    {
        "Id": 438299283
    },
    {
        "Id": 2143625437
    },
    {
        "Id": 3345677164
    },
    {
        "Id": 38467164
    },
    {
        "Id": 1428450296
    },
    {
        "Id": 1592587222
    },
    {
        "Id": 1308481662
    },
    {
        "Id": 1699393749
    },
    {
        "Id": 3240505159
    },
    {
        "Id": 2286790447
    },
    {
        "Id": 229689058
    },
    {
        "Id": 383938190
    },
    {
        "Id": 3762637419
    },
    {
        "Id": 394210312
    },
    {
        "Id": 211093897
    },
    {
        "Id": 183034251
    },
    {
        "Id": 1192246973
    },
    {
        "Id": 2083578146
    },
    {
        "Id": 517009700
    },
    {
        "Id": 2020883292
    },
    {
        "Id": 2589988498
    },
    {
        "Id": 2619484193
    },
    {
        "Id": 3917598619
    },
    {
        "Id": 2472268141
    },
    {
        "Id": 4276460544
    },
    {
        "Id": 2319644604
    },
    {
        "Id": 368510678
    },
    {
        "Id": 2223471439
    },
    {
        "Id": 3156837296
    },
    {
        "Id": 2037554449
    },
    {
        "Id": 4166693903
    },
    {
        "Id": 3922761024
    },
    {
        "Id": 1844803720
    },
    {
        "Id": 2545162151
    },
    {
        "Id": 1241676239
    },
    {
        "Id": 3043285406
    },
    {
        "Id": 3224327208
    },
    {
        "Id": 4123040541
    },
    {
        "Id": 2632956712
    },
    {
        "Id": 619581884
    },
    {
        "Id": 2989799545
    },
    {
        "Id": 1747823291
    },
    {
        "Id": 2496545061
    },
    {
        "Id": 2041776414
    },
    {
        "Id": 3196277477
    },
    {
        "Id": 2404315400
    },
    {
        "Id": 1523781768
    },
    {
        "Id": 2744521439
    },
    {
        "Id": 3679241525
    },
    {
        "Id": 718009325
    },
    {
        "Id": 867951554
    },
    {
        "Id": 2395116850
    },
    {
        "Id": 370637235
    },
    {
        "Id": 548396804
    },
    {
        "Id": 3222469526
    },
    {
        "Id": 783103989
    },
    {
        "Id": 3457902375
    },
    {
        "Id": 4227695828
    },
    {
        "Id": 3470036967
    },
    {
        "Id": 1099241369
    },
    {
        "Id": 480479707
    },
    {
        "Id": 2045631890
    },
    {
        "Id": 170113457
    },
    {
        "Id": 155549624
    },
    {
        "Id": 180456814
    },
    {
        "Id": 2865444681
    },
    {
        "Id": 3279272527
    },
    {
        "Id": 1913369428
    },
    {
        "Id": 36135776
    },
    {
        "Id": 3428258029
    },
    {
        "Id": 3592754258
    },
    {
        "Id": 24413844
    },
    {
        "Id": 3795327138
    },
    {
        "Id": 1718848326
    },
    {
        "Id": 694415253
    },
    {
        "Id": 570076405
    },
    {
        "Id": 4198505044
    },
    {
        "Id": 1600078602
    },
    {
        "Id": 1750446924
    },
    {
        "Id": 14344974
    },
    {
        "Id": 1037163862
    },
    {
        "Id": 1192194767
    },
    {
        "Id": 4021095016
    },
    {
        "Id": 3111981395
    },
    {
        "Id": 2777945763
    },
    {
        "Id": 2515119700
    },
    {
        "Id": 3331634297
    },
    {
        "Id": 1601697667
    },
    {
        "Id": 2845806309
    },
    {
        "Id": 1272383097
    },
    {
        "Id": 4251727363
    },
    {
        "Id": 2799544280
    },
    {
        "Id": 797070100
    },
    {
        "Id": 3431743069
    },
    {
        "Id": 1373394559
    },
    {
        "Id": 2485978255
    },
    {
        "Id": 2489117900
    },
    {
        "Id": 744600655
    },
    {
        "Id": 3711618478
    },
    {
        "Id": 3811109313
    },
    {
        "Id": 602365116
    },
    {
        "Id": 2166565907
    },
    {
        "Id": 2394162984
    },
    {
        "Id": 1337865948
    },
    {
        "Id": 1753320085
    },
    {
        "Id": 3420028525
    },
    {
        "Id": 1454187288
    },
    {
        "Id": 1457783240
    },
    {
        "Id": 3487821598
    },
    {
        "Id": 801327693
    },
    {
        "Id": 3577596498
    },
    {
        "Id": 1655969840
    },
    {
        "Id": 4175626722
    },
    {
        "Id": 197389309
    },
    {
        "Id": 4188917789
    },
    {
        "Id": 3310449457
    },
    {
        "Id": 769095198
    },
    {
        "Id": 1846571115
    },
    {
        "Id": 3908413149
    },
    {
        "Id": 4094577628
    },
    {
        "Id": 2157017461
    },
    {
        "Id": 2313132591
    },
    {
        "Id": 3615260718
    },
    {
        "Id": 3451799587
    },
    {
        "Id": 1817835649
    },
    {
        "Id": 2889143350
    },
    {
        "Id": 3411235508
    },
    {
        "Id": 1877370021
    },
    {
        "Id": 3601061708
    },
    {
        "Id": 987525331
    },
    {
        "Id": 1026753289
    },
    {
        "Id": 687484114
    },
    {
        "Id": 3572012083
    },
    {
        "Id": 2660426702
    },
    {
        "Id": 213807723
    },
    {
        "Id": 1372060407
    },
    {
        "Id": 1091813707
    },
    {
        "Id": 2512428384
    },
    {
        "Id": 2265678371
    },
    {
        "Id": 194751725
    },
    {
        "Id": 2838684068
    },
    {
        "Id": 3865189536
    },
    {
        "Id": 661730414
    },
    {
        "Id": 2999047101
    },
    {
        "Id": 806929358
    },
    {
        "Id": 362224441
    },
    {
        "Id": 3379523159
    },
    {
        "Id": 3989330009
    },
    {
        "Id": 812672127
    },
    {
        "Id": 3863530487
    },
    {
        "Id": 2019248795
    },
    {
        "Id": 717221101
    },
    {
        "Id": 3405885451
    },
    {
        "Id": 2648804918
    },
    {
        "Id": 100882882
    },
    {
        "Id": 944335727
    },
    {
        "Id": 1480412006
    },
    {
        "Id": 2620315518
    },
    {
        "Id": 2012954498
    },
    {
        "Id": 2423572612
    },
    {
        "Id": 2904471441
    },
    {
        "Id": 2300630239
    },
    {
        "Id": 2553237814
    },
    {
        "Id": 3894152629
    },
    {
        "Id": 1153441916
    },
    {
        "Id": 3741600216
    },
    {
        "Id": 1570667209
    },
    {
        "Id": 3291650345
    },
    {
        "Id": 54617138
    },
    {
        "Id": 201943841
    },
    {
        "Id": 1756242637
    },
    {
        "Id": 393020608
    },
    {
        "Id": 1963661137
    },
    {
        "Id": 1518460967
    },
    {
        "Id": 2935117864
    },
    {
        "Id": 1271786977
    },
    {
        "Id": 1609581859
    },
    {
        "Id": 3164158733
    },
    {
        "Id": 3190134291
    },
    {
        "Id": 4076876004
    },
    {
        "Id": 2943058766
    },
    {
        "Id": 4052906325
    },
    {
        "Id": 3642346815
    },
    {
        "Id": 4122387431
    },
    {
        "Id": 376094115
    },
    {
        "Id": 3218598033
    },
    {
        "Id": 1450961375
    },
    {
        "Id": 468027920
    },
    {
        "Id": 679915491
    },
    {
        "Id": 4291704510
    },
    {
        "Id": 2338294896
    },
    {
        "Id": 2193664222
    },
    {
        "Id": 3645683584
    },
    {
        "Id": 1033143109
    },
    {
        "Id": 657951140
    },
    {
        "Id": 223835197
    },
    {
        "Id": 1155623019
    },
    {
        "Id": 1044677866
    },
    {
        "Id": 3169615766
    },
    {
        "Id": 2620271187
    },
    {
        "Id": 2466887733
    },
    {
        "Id": 1533720171
    },
    {
        "Id": 3005631505
    },
    {
        "Id": 3387603481
    },
    {
        "Id": 1757644206
    },
    {
        "Id": 161278183
    },
    {
        "Id": 3191807252
    },
    {
        "Id": 740634770
    },
    {
        "Id": 206366001
    },
    {
        "Id": 3022763810
    },
    {
        "Id": 3856042695
    },
    {
        "Id": 2080302125
    },
    {
        "Id": 253839350
    },
    {
        "Id": 1083947394
    },
    {
        "Id": 504601503
    },
    {
        "Id": 2232834027
    },
    {
        "Id": 1214161027
    },
    {
        "Id": 156380158
    },
    {
        "Id": 3804181566
    },
    {
        "Id": 2860746620
    },
    {
        "Id": 674186602
    },
    {
        "Id": 2574013622
    },
    {
        "Id": 3372050759
    },
    {
        "Id": 288519001
    },
    {
        "Id": 2656605984
    },
    {
        "Id": 2571051732
    },
    {
        "Id": 1069602555
    },
    {
        "Id": 2595465316
    },
    {
        "Id": 2236091446
    },
    {
        "Id": 3131490200
    },
    {
        "Id": 2613964999
    },
    {
        "Id": 953841360
    },
    {
        "Id": 3168474712
    },
    {
        "Id": 3256425017
    },
    {
        "Id": 4022338137
    },
    {
        "Id": 2207230619
    },
    {
        "Id": 4118089379
    },
    {
        "Id": 592603143
    },
    {
        "Id": 1921497830
    },
    {
        "Id": 2277051836
    },
    {
        "Id": 3912483980
    },
    {
        "Id": 835022311
    },
    {
        "Id": 167862153
    },
    {
        "Id": 2216236801
    },
    {
        "Id": 1087327850
    },
    {
        "Id": 521876309
    },
    {
        "Id": 719009807
    },
    {
        "Id": 3145917489
    },
    {
        "Id": 132612619
    },
    {
        "Id": 1278433811
    },
    {
        "Id": 1923717114
    },
    {
        "Id": 3532298861
    },
    {
        "Id": 2741631768
    },
    {
        "Id": 1233236868
    },
    {
        "Id": 1321374861
    },
    {
        "Id": 1731218626
    },
    {
        "Id": 2450934830
    },
    {
        "Id": 1557195345
    },
    {
        "Id": 3830506731
    },
    {
        "Id": 2823010527
    },
    {
        "Id": 119196149
    },
    {
        "Id": 3246489423
    },
    {
        "Id": 158211122
    },
    {
        "Id": 240122876
    },
    {
        "Id": 2482680377
    },
    {
        "Id": 3650382356
    },
    {
        "Id": 3072049272
    },
    {
        "Id": 3329032646
    },
    {
        "Id": 2092350125
    },
    {
        "Id": 3891281910
    },
    {
        "Id": 1109426961
    },
    {
        "Id": 3217389025
    },
    {
        "Id": 227900434
    },
    {
        "Id": 3521090118
    },
    {
        "Id": 4015840273
    },
    {
        "Id": 3971748128
    },
    {
        "Id": 1985694624
    },
    {
        "Id": 654743817
    },
    {
        "Id": 153091331
    },
    {
        "Id": 2159317127
    },
    {
        "Id": 243360618
    },
    {
        "Id": 2316657939
    },
    {
        "Id": 3444727556
    },
    {
        "Id": 4284470572
    },
    {
        "Id": 1217683815
    },
    {
        "Id": 124778837
    },
    {
        "Id": 1125688067
    },
    {
        "Id": 821644446
    },
    {
        "Id": 3072351014
    },
    {
        "Id": 3535380519
    },
    {
        "Id": 1877975846
    },
    {
        "Id": 4103983337
    },
    {
        "Id": 439025400
    },
    {
        "Id": 2827947575
    },
    {
        "Id": 1526575396
    },
    {
        "Id": 3842220253
    },
    {
        "Id": 4061747757
    },
    {
        "Id": 2221562909
    },
    {
        "Id": 740909721
    },
    {
        "Id": 1306712763
    },
    {
        "Id": 1171126107
    },
    {
        "Id": 1184556427
    },
    {
        "Id": 3187203213
    },
    {
        "Id": 1538695426
    },
    {
        "Id": 1207954628
    },
    {
        "Id": 197248130
    },
    {
        "Id": 3034836020
    },
    {
        "Id": 1196369736
    },
    {
        "Id": 4160409293
    },
    {
        "Id": 3818994231
    },
    {
        "Id": 3365323980
    },
    {
        "Id": 1914035999
    },
    {
        "Id": 4081807461
    },
    {
        "Id": 2911651624
    },
    {
        "Id": 525020379
    },
    {
        "Id": 800617168
    },
    {
        "Id": 3352167574
    },
    {
        "Id": 1913288577
    },
    {
        "Id": 1327896452
    },
    {
        "Id": 1481781924
    },
    {
        "Id": 1213678914
    },
    {
        "Id": 1821724359
    },
    {
        "Id": 294871647
    },
    {
        "Id": 3260276907
    },
    {
        "Id": 1882522082
    },
    {
        "Id": 2889991740
    },
    {
        "Id": 847544524
    },
    {
        "Id": 346136106
    },
    {
        "Id": 1621122663
    },
    {
        "Id": 237373806
    },
    {
        "Id": 2005785133
    },
    {
        "Id": 295375488
    },
    {
        "Id": 1385823937
    },
    {
        "Id": 2473026656
    },
    {
        "Id": 2203455034
    },
    {
        "Id": 3787715999
    },
    {
        "Id": 2349199804
    },
    {
        "Id": 2134533918
    },
    {
        "Id": 3247289418
    },
    {
        "Id": 465717740
    },
    {
        "Id": 1397273531
    },
    {
        "Id": 1952427570
    },
    {
        "Id": 254669320
    },
    {
        "Id": 2682615758
    },
    {
        "Id": 3963762311
    },
    {
        "Id": 711681905
    },
    {
        "Id": 491939875
    },
    {
        "Id": 2908304342
    },
    {
        "Id": 3139406604
    },
    {
        "Id": 4022322777
    },
    {
        "Id": 633547066
    },
    {
        "Id": 1178669334
    },
    {
        "Id": 979726298
    },
    {
        "Id": 2759967249
    },
    {
        "Id": 776476635
    },
    {
        "Id": 898946240
    },
    {
        "Id": 2655076334
    },
    {
        "Id": 2271545287
    },
    {
        "Id": 1565658571
    },
    {
        "Id": 4125288332
    },
    {
        "Id": 1138941145
    },
    {
        "Id": 3442408302
    },
    {
        "Id": 2931211542
    },
    {
        "Id": 4288144658
    },
    {
        "Id": 4227994093
    },
    {
        "Id": 3396075758
    },
    {
        "Id": 3433478654
    },
    {
        "Id": 463556968
    },
    {
        "Id": 2459358642
    },
    {
        "Id": 288969672
    },
    {
        "Id": 1321821547
    },
    {
        "Id": 1772190813
    },
    {
        "Id": 368223752
    },
    {
        "Id": 2890701618
    },
    {
        "Id": 991667542
    },
    {
        "Id": 2115816829
    },
    {
        "Id": 380215131
    },
    {
        "Id": 3695233596
    },
    {
        "Id": 2472613705
    },
    {
        "Id": 306024387
    },
    {
        "Id": 1597976643
    },
    {
        "Id": 3623124235
    },
    {
        "Id": 1511675288
    },
    {
        "Id": 1956902524
    },
    {
        "Id": 3594077978
    },
    {
        "Id": 1911953991
    },
    {
        "Id": 4104233086
    },
    {
        "Id": 755670480
    },
    {
        "Id": 3182855827
    },
    {
        "Id": 63604737
    },
    {
        "Id": 478713110
    },
    {
        "Id": 438423321
    },
    {
        "Id": 2884692858
    },
    {
        "Id": 609010146
    },
    {
        "Id": 296633823
    },
    {
        "Id": 762443710
    },
    {
        "Id": 385186932
    },
    {
        "Id": 522792755
    },
    {
        "Id": 1204590769
    },
    {
        "Id": 620071473
    },
    {
        "Id": 2701410919
    },
    {
        "Id": 3950543673
    },
    {
        "Id": 1604111495
    },
    {
        "Id": 147624690
    },
    {
        "Id": 2499832521
    },
    {
        "Id": 1140047256
    },
    {
        "Id": 1799233099
    },
    {
        "Id": 607529220
    },
    {
        "Id": 2458590920
    },
    {
        "Id": 2807272946
    },
    {
        "Id": 1925158485
    },
    {
        "Id": 2889721926
    },
    {
        "Id": 2747113665
    },
    {
        "Id": 4144657752
    },
    {
        "Id": 1039473448
    },
    {
        "Id": 2163104485
    },
    {
        "Id": 2410083772
    },
    {
        "Id": 132345221
    },
    {
        "Id": 971805211
    },
    {
        "Id": 1341596885
    },
    {
        "Id": 359479966
    },
    {
        "Id": 3324774412
    },
    {
        "Id": 75893980
    },
    {
        "Id": 3369446933
    },
    {
        "Id": 966484470
    },
    {
        "Id": 619664808
    },
    {
        "Id": 1183197904
    },
    {
        "Id": 2312671232
    },
    {
        "Id": 1020117108
    },
    {
        "Id": 548504567
    },
    {
        "Id": 2744514677
    },
    {
        "Id": 3785463018
    },
    {
        "Id": 3668273360
    },
    {
        "Id": 262385844
    },
    {
        "Id": 1228802277
    },
    {
        "Id": 3941388857
    },
    {
        "Id": 264040960
    },
    {
        "Id": 179313717
    },
    {
        "Id": 2942092533
    },
    {
        "Id": 3144246285
    },
    {
        "Id": 3644778330
    },
    {
        "Id": 3574928493
    },
    {
        "Id": 2586327445
    },
    {
        "Id": 1634002399
    },
    {
        "Id": 2856823881
    },
    {
        "Id": 3309976622
    },
    {
        "Id": 429809149
    },
    {
        "Id": 796154249
    },
    {
        "Id": 1763895848
    },
    {
        "Id": 2126539295
    },
    {
        "Id": 823617121
    },
    {
        "Id": 1862341131
    },
    {
        "Id": 1692281662
    },
    {
        "Id": 1175215742
    },
    {
        "Id": 2673834931
    },
    {
        "Id": 1795750297
    },
    {
        "Id": 911173772
    },
    {
        "Id": 2702359019
    },
    {
        "Id": 3178805858
    },
    {
        "Id": 2221796558
    },
    {
        "Id": 3198091270
    },
    {
        "Id": 106187078
    },
    {
        "Id": 4058742648
    },
    {
        "Id": 1348672157
    },
    {
        "Id": 1034543787
    },
    {
        "Id": 3518525565
    },
    {
        "Id": 1333688741
    },
    {
        "Id": 3483608765
    },
    {
        "Id": 3176028735
    },
    {
        "Id": 1319112437
    },
    {
        "Id": 3894969968
    },
    {
        "Id": 1538076035
    },
    {
        "Id": 3322699253
    },
    {
        "Id": 2830970417
    },
    {
        "Id": 2518353229
    },
    {
        "Id": 1466758899
    },
    {
        "Id": 841663742
    },
    {
        "Id": 3042523477
    },
    {
        "Id": 3736304385
    },
    {
        "Id": 1651920984
    },
    {
        "Id": 3433396248
    },
    {
        "Id": 281160604
    },
    {
        "Id": 757855227
    },
    {
        "Id": 2393411722
    },
    {
        "Id": 4294267104
    },
    {
        "Id": 2930515968
    },
    {
        "Id": 1590703642
    },
    {
        "Id": 3680668731
    },
    {
        "Id": 3929100925
    },
    {
        "Id": 3107122645
    },
    {
        "Id": 706887524
    },
    {
        "Id": 663086756
    },
    {
        "Id": 560123444
    },
    {
        "Id": 107684843
    },
    {
        "Id": 276311612
    },
    {
        "Id": 813579554
    },
    {
        "Id": 1678785674
    },
    {
        "Id": 1465837152
    },
    {
        "Id": 2496769097
    },
    {
        "Id": 804809991
    },
    {
        "Id": 1256642945
    },
    {
        "Id": 528686450
    },
    {
        "Id": 378310606
    },
    {
        "Id": 2307955209
    },
    {
        "Id": 4258208962
    },
    {
        "Id": 617618932
    },
    {
        "Id": 457837212
    },
    {
        "Id": 226980263
    },
    {
        "Id": 2693881851
    },
    {
        "Id": 632331936
    },
    {
        "Id": 1780348291
    },
    {
        "Id": 3352908692
    },
    {
        "Id": 3448956257
    },
    {
        "Id": 1536458930
    },
    {
        "Id": 2724690445
    },
    {
        "Id": 1110772024
    },
    {
        "Id": 3240795008
    },
    {
        "Id": 487057841
    },
    {
        "Id": 4076353373
    },
    {
        "Id": 2330190828
    },
    {
        "Id": 1660650162
    },
    {
        "Id": 2205105230
    },
    {
        "Id": 758034681
    },
    {
        "Id": 3675686053
    },
    {
        "Id": 1885731819
    },
    {
        "Id": 2305975668
    },
    {
        "Id": 1010911556
    },
    {
        "Id": 3631438122
    },
    {
        "Id": 3018692717
    },
    {
        "Id": 3015880336
    },
    {
        "Id": 953573854
    },
    {
        "Id": 3182666685
    },
    {
        "Id": 2865752349
    },
    {
        "Id": 134979415
    },
    {
        "Id": 2971197121
    },
    {
        "Id": 3911687140
    },
    {
        "Id": 54991013
    },
    {
        "Id": 1040683102
    },
    {
        "Id": 4233022163
    },
    {
        "Id": 3507481473
    },
    {
        "Id": 2643448781
    },
    {
        "Id": 3537258507
    },
    {
        "Id": 2512749472
    },
    {
        "Id": 3235071055
    },
    {
        "Id": 30162470
    },
    {
        "Id": 3958912551
    },
    {
        "Id": 232263714
    },
    {
        "Id": 382162893
    },
    {
        "Id": 3055023366
    },
    {
        "Id": 1966126022
    },
    {
        "Id": 3566720296
    },
    {
        "Id": 2299552415
    },
    {
        "Id": 2761087365
    },
    {
        "Id": 2866031046
    },
    {
        "Id": 3833872506
    },
    {
        "Id": 1597499241
    },
    {
        "Id": 3797373670
    },
    {
        "Id": 1246416562
    },
    {
        "Id": 2538979354
    },
    {
        "Id": 3565329890
    },
    {
        "Id": 3334821779
    },
    {
        "Id": 1056916247
    },
    {
        "Id": 2990471056
    },
    {
        "Id": 1661528138
    },
    {
        "Id": 339936644
    },
    {
        "Id": 2846961812
    },
    {
        "Id": 629321556
    },
    {
        "Id": 3931995555
    },
    {
        "Id": 2860517498
    },
    {
        "Id": 2690498473
    },
    {
        "Id": 1971502613
    },
    {
        "Id": 1434518929
    },
    {
        "Id": 2915129777
    },
    {
        "Id": 3316816664
    },
    {
        "Id": 1638767951
    },
    {
        "Id": 3916567477
    },
    {
        "Id": 1373643220
    },
    {
        "Id": 3080858379
    },
    {
        "Id": 3890038228
    },
    {
        "Id": 702204157
    },
    {
        "Id": 832600530
    },
    {
        "Id": 3978317128
    },
    {
        "Id": 2016246074
    },
    {
        "Id": 2123459698
    },
    {
        "Id": 3705772058
    },
    {
        "Id": 2377597576
    },
    {
        "Id": 1087161495
    },
    {
        "Id": 2752582651
    },
    {
        "Id": 4177083895
    },
    {
        "Id": 2790599288
    },
    {
        "Id": 1822202673
    },
    {
        "Id": 3266876891
    },
    {
        "Id": 2577490811
    },
    {
        "Id": 2867056214
    },
    {
        "Id": 3991015125
    },
    {
        "Id": 3530173923
    },
    {
        "Id": 2597907134
    },
    {
        "Id": 1943721340
    },
    {
        "Id": 3245271642
    },
    {
        "Id": 1154117237
    },
    {
        "Id": 1368404319
    },
    {
        "Id": 2118071648
    },
    {
        "Id": 2361135340
    },
    {
        "Id": 4079269826
    },
    {
        "Id": 3519338463
    },
    {
        "Id": 2962277599
    },
    {
        "Id": 1531801779
    },
    {
        "Id": 1437921701
    },
    {
        "Id": 2190823018
    },
    {
        "Id": 4200692920
    },
    {
        "Id": 3728704139
    },
    {
        "Id": 1518966542
    },
    {
        "Id": 2238412989
    },
    {
        "Id": 727772773
    },
    {
        "Id": 3947927752
    },
    {
        "Id": 2930101561
    },
    {
        "Id": 3238290685
    },
    {
        "Id": 1549713999
    },
    {
        "Id": 639377221
    },
    {
        "Id": 2718950137
    },
    {
        "Id": 144010996
    },
    {
        "Id": 2809302916
    },
    {
        "Id": 463032355
    },
    {
        "Id": 2245015116
    },
    {
        "Id": 265468072
    },
    {
        "Id": 2941574439
    },
    {
        "Id": 2864728737
    },
    {
        "Id": 619358959
    },
    {
        "Id": 409692118
    },
    {
        "Id": 3452870368
    },
    {
        "Id": 4294112123
    },
    {
        "Id": 1292938220
    },
    {
        "Id": 1645093770
    },
    {
        "Id": 2910169978
    },
    {
        "Id": 2440706433
    },
    {
        "Id": 476618047
    },
    {
        "Id": 4156009676
    },
    {
        "Id": 321892762
    },
    {
        "Id": 1812295532
    },
    {
        "Id": 801300197
    },
    {
        "Id": 2998634396
    },
    {
        "Id": 2442888722
    },
    {
        "Id": 1745905458
    },
    {
        "Id": 4224396734
    },
    {
        "Id": 2184248478
    },
    {
        "Id": 1950741505
    },
    {
        "Id": 1992149158
    },
    {
        "Id": 4010636143
    },
    {
        "Id": 3992659820
    },
    {
        "Id": 193981969
    },
    {
        "Id": 2887557843
    },
    {
        "Id": 1869498438
    },
    {
        "Id": 1946498863
    },
    {
        "Id": 2278346347
    },
    {
        "Id": 2718360945
    },
    {
        "Id": 2505783368
    },
    {
        "Id": 1229301557
    },
    {
        "Id": 2194611853
    },
    {
        "Id": 3887811617
    },
    {
        "Id": 3289386310
    },
    {
        "Id": 3681943998
    },
    {
        "Id": 4044615839
    },
    {
        "Id": 3919608195
    },
    {
        "Id": 1316470550
    },
    {
        "Id": 785111525
    },
    {
        "Id": 2344085850
    },
    {
        "Id": 3250422211
    },
    {
        "Id": 595299696
    },
    {
        "Id": 1798837790
    },
    {
        "Id": 1379483504
    },
    {
        "Id": 1077091312
    },
    {
        "Id": 1793943267
    },
    {
        "Id": 3682683725
    },
    {
        "Id": 3958412613
    },
    {
        "Id": 2786942639
    },
    {
        "Id": 4085716000
    },
    {
        "Id": 4193399408
    },
    {
        "Id": 466816582
    },
    {
        "Id": 3156844612
    },
    {
        "Id": 136961149
    },
    {
        "Id": 546097191
    },
    {
        "Id": 117920949
    },
    {
        "Id": 508217615
    },
    {
        "Id": 160490342
    },
    {
        "Id": 2531479583
    },
    {
        "Id": 383320637
    },
    {
        "Id": 1161374560
    },
    {
        "Id": 4220496460
    },
    {
        "Id": 2942908946
    },
    {
        "Id": 1262726266
    },
    {
        "Id": 2767334323
    },
    {
        "Id": 4032678168
    },
    {
        "Id": 188233077
    },
    {
        "Id": 4244969985
    },
    {
        "Id": 1895601680
    },
    {
        "Id": 2847956421
    },
    {
        "Id": 3800220006
    },
    {
        "Id": 1158604142
    },
    {
        "Id": 2688068682
    },
    {
        "Id": 3759234370
    },
    {
        "Id": 1809461861
    },
    {
        "Id": 965939630
    },
    {
        "Id": 1838295279
    },
    {
        "Id": 3128125045
    },
    {
        "Id": 2169519160
    },
    {
        "Id": 3929387098
    },
    {
        "Id": 3532846701
    },
    {
        "Id": 3314009185
    },
    {
        "Id": 61220949
    },
    {
        "Id": 2927295863
    },
    {
        "Id": 2104260924
    },
    {
        "Id": 12492320
    },
    {
        "Id": 2430841897
    },
    {
        "Id": 1726272333
    },
    {
        "Id": 1569486714
    },
    {
        "Id": 3790249970
    },
    {
        "Id": 2629595892
    },
    {
        "Id": 2114545651
    },
    {
        "Id": 2354327484
    },
    {
        "Id": 2581581434
    },
    {
        "Id": 2887326694
    },
    {
        "Id": 175579245
    },
    {
        "Id": 2437292471
    },
    {
        "Id": 3269083529
    },
    {
        "Id": 3907170085
    },
    {
        "Id": 2294421477
    },
    {
        "Id": 4193669926
    },
    {
        "Id": 2057293017
    },
    {
        "Id": 3915705665
    },
    {
        "Id": 4093487594
    },
    {
        "Id": 2558573510
    },
    {
        "Id": 959122016
    },
    {
        "Id": 2520462258
    },
    {
        "Id": 3760081306
    },
    {
        "Id": 521710450
    },
    {
        "Id": 1613167587
    },
    {
        "Id": 1037141855
    },
    {
        "Id": 363211296
    },
    {
        "Id": 1935705715
    },
    {
        "Id": 2121888685
    },
    {
        "Id": 3425896743
    },
    {
        "Id": 3218116174
    },
    {
        "Id": 2708031399
    },
    {
        "Id": 889655844
    },
    {
        "Id": 4231323732
    },
    {
        "Id": 1496627876
    },
    {
        "Id": 3048057179
    },
    {
        "Id": 3507793755
    },
    {
        "Id": 159512488
    },
    {
        "Id": 4201927681
    },
    {
        "Id": 3429537907
    },
    {
        "Id": 364609128
    },
    {
        "Id": 1560606208
    },
    {
        "Id": 1813844465
    },
    {
        "Id": 860301047
    },
    {
        "Id": 3345775468
    },
    {
        "Id": 4123294998
    },
    {
        "Id": 577991255
    },
    {
        "Id": 1963371984
    },
    {
        "Id": 3257248220
    },
    {
        "Id": 4048560795
    },
    {
        "Id": 619976712
    },
    {
        "Id": 1598676424
    },
    {
        "Id": 951751056
    },
    {
        "Id": 1271419934
    },
    {
        "Id": 1842541727
    },
    {
        "Id": 3627720572
    },
    {
        "Id": 3057890277
    },
    {
        "Id": 2817956543
    },
    {
        "Id": 3856309008
    },
    {
        "Id": 180839122
    },
    {
        "Id": 4260504537
    },
    {
        "Id": 3931418555
    },
    {
        "Id": 4165681311
    },
    {
        "Id": 2965602815
    },
    {
        "Id": 3546961746
    },
    {
        "Id": 54186720
    },
    {
        "Id": 953376047
    },
    {
        "Id": 1505681531
    },
    {
        "Id": 1695915606
    },
    {
        "Id": 3460762670
    },
    {
        "Id": 790310907
    },
    {
        "Id": 1271454949
    },
    {
        "Id": 186728927
    },
    {
        "Id": 4025834578
    },
    {
        "Id": 3427896140
    },
    {
        "Id": 74654193
    },
    {
        "Id": 3026216200
    },
    {
        "Id": 2528034660
    },
    {
        "Id": 3873209892
    },
    {
        "Id": 1902965896
    },
    {
        "Id": 6736147
    },
    {
        "Id": 2723507328
    },
    {
        "Id": 3039692276
    },
    {
        "Id": 2624116963
    },
    {
        "Id": 1880114227
    },
    {
        "Id": 3667838137
    },
    {
        "Id": 4014345765
    },
    {
        "Id": 1010767906
    },
    {
        "Id": 2030662957
    },
    {
        "Id": 3289661828
    },
    {
        "Id": 602029918
    },
    {
        "Id": 2121761866
    },
    {
        "Id": 2038144700
    },
    {
        "Id": 530035965
    },
    {
        "Id": 1383568913
    },
    {
        "Id": 1979127497
    },
    {
        "Id": 3340087767
    },
    {
        "Id": 4142870758
    },
    {
        "Id": 2283587418
    },
    {
        "Id": 4237683825
    },
    {
        "Id": 371112351
    },
    {
        "Id": 3759120113
    },
    {
        "Id": 2941865792
    },
    {
        "Id": 2119521950
    },
    {
        "Id": 1226296690
    },
    {
        "Id": 3685648330
    },
    {
        "Id": 4204503815
    },
    {
        "Id": 2606775882
    },
    {
        "Id": 1130032811
    },
    {
        "Id": 190432732
    },
    {
        "Id": 1255576032
    },
    {
        "Id": 2216161905
    },
    {
        "Id": 2822512636
    },
    {
        "Id": 3679385053
    },
    {
        "Id": 3135149760
    },
    {
        "Id": 3744314417
    },
    {
        "Id": 412152385
    },
    {
        "Id": 2799185681
    },
    {
        "Id": 2401212222
    },
    {
        "Id": 686045344
    },
    {
        "Id": 2831402351
    },
    {
        "Id": 1099084353
    },
    {
        "Id": 3000010672
    },
    {
        "Id": 194243822
    },
    {
        "Id": 1792888595
    },
    {
        "Id": 1073099295
    },
    {
        "Id": 469706715
    },
    {
        "Id": 1250023120
    },
    {
        "Id": 2440579280
    },
    {
        "Id": 2258965855
    },
    {
        "Id": 924833113
    },
    {
        "Id": 1124376622
    },
    {
        "Id": 2610787247
    },
    {
        "Id": 1014073743
    },
    {
        "Id": 2186086689
    },
    {
        "Id": 1614432749
    },
    {
        "Id": 125425380
    },
    {
        "Id": 211823076
    },
    {
        "Id": 1408876855
    },
    {
        "Id": 394618886
    },
    {
        "Id": 2082662578
    },
    {
        "Id": 862782063
    },
    {
        "Id": 2415333782
    },
    {
        "Id": 3607512396
    },
    {
        "Id": 3084413223
    },
    {
        "Id": 2837104133
    },
    {
        "Id": 2554324378
    },
    {
        "Id": 1218181913
    },
    {
        "Id": 3715543424
    },
    {
        "Id": 1276351940
    },
    {
        "Id": 3039225281
    },
    {
        "Id": 2949933704
    },
    {
        "Id": 813979574
    },
    {
        "Id": 2101260769
    },
    {
        "Id": 3257697737
    },
    {
        "Id": 1367307537
    },
    {
        "Id": 1784317122
    },
    {
        "Id": 2991204076
    },
    {
        "Id": 4160349703
    },
    {
        "Id": 2841357883
    },
    {
        "Id": 2830215739
    },
    {
        "Id": 2526154469
    },
    {
        "Id": 1565302264
    },
    {
        "Id": 3454554019
    },
    {
        "Id": 1920275873
    },
    {
        "Id": 2596178937
    },
    {
        "Id": 3656077872
    },
    {
        "Id": 648338779
    },
    {
        "Id": 3911523238
    },
    {
        "Id": 4131077682
    },
    {
        "Id": 2117665325
    },
    {
        "Id": 781546293
    },
    {
        "Id": 3201093571
    },
    {
        "Id": 3129055586
    },
    {
        "Id": 633552595
    },
    {
        "Id": 3181456839
    },
    {
        "Id": 1413824250
    },
    {
        "Id": 3384162130
    },
    {
        "Id": 1975993214
    },
    {
        "Id": 3105419363
    },
    {
        "Id": 2749084435
    },
    {
        "Id": 2733820916
    },
    {
        "Id": 2881784819
    },
    {
        "Id": 343089393
    },
    {
        "Id": 697348670
    },
    {
        "Id": 2738490350
    },
    {
        "Id": 3851128701
    },
    {
        "Id": 46810483
    },
    {
        "Id": 3734496912
    },
    {
        "Id": 2790454677
    },
    {
        "Id": 1202318020
    },
    {
        "Id": 3616925630
    },
    {
        "Id": 618867696
    },
    {
        "Id": 3155376758
    },
    {
        "Id": 37654534
    },
    {
        "Id": 127647362
    },
    {
        "Id": 108093157
    },
    {
        "Id": 919194913
    },
    {
        "Id": 945342673
    },
    {
        "Id": 1040150743
    },
    {
        "Id": 3435308151
    },
    {
        "Id": 3787262579
    },
    {
        "Id": 692048209
    },
    {
        "Id": 1064573486
    },
    {
        "Id": 3375555698
    },
    {
        "Id": 2084982293
    },
    {
        "Id": 176588860
    },
    {
        "Id": 2309172913
    },
    {
        "Id": 2630944012
    },
    {
        "Id": 4284982655
    },
    {
        "Id": 606023998
    },
    {
        "Id": 3416733305
    },
    {
        "Id": 2628975265
    },
    {
        "Id": 313997894
    },
    {
        "Id": 1255209828
    },
    {
        "Id": 1090429716
    },
    {
        "Id": 2566528409
    },
    {
        "Id": 2943906252
    },
    {
        "Id": 3839653408
    },
    {
        "Id": 2819277689
    },
    {
        "Id": 3344774923
    },
    {
        "Id": 511222004
    },
    {
        "Id": 1562562516
    },
    {
        "Id": 3106777534
    },
    {
        "Id": 1400601689
    },
    {
        "Id": 2121307001
    },
    {
        "Id": 3974018257
    },
    {
        "Id": 10532629
    },
    {
        "Id": 1811690153
    },
    {
        "Id": 261517498
    },
    {
        "Id": 3252557661
    },
    {
        "Id": 2304429484
    },
    {
        "Id": 1648877943
    },
    {
        "Id": 3198499061
    },
    {
        "Id": 3866696279
    },
    {
        "Id": 1872483546
    },
    {
        "Id": 475410502
    },
    {
        "Id": 4001375193
    },
    {
        "Id": 1128727246
    },
    {
        "Id": 1185101113
    },
    {
        "Id": 2904480467
    },
    {
        "Id": 2794869566
    },
    {
        "Id": 2669415152
    },
    {
        "Id": 3754474263
    },
    {
        "Id": 3407586004
    },
    {
        "Id": 2078672062
    },
    {
        "Id": 1590552058
    },
    {
        "Id": 3232961787
    },
    {
        "Id": 1173179601
    },
    {
        "Id": 4260631346
    },
    {
        "Id": 3558786323
    },
    {
        "Id": 207451262
    },
    {
        "Id": 3186600215
    },
    {
        "Id": 2428219773
    },
    {
        "Id": 1412707418
    }
]