[
    {
        "WeekDungeonBuffId": 1
    },
    {
        "WeekDungeonBuffId": 2
    },
    {
        "WeekDungeonBuffId": 3
    },
    {
        "WeekDungeonBuffId": 4
    },
    {
        "WeekDungeonBuffId": 5
    },
    {
        "WeekDungeonBuffId": 6
    },
    {
        "WeekDungeonBuffId": 7
    },
    {
        "WeekDungeonBuffId": 8
    },
    {
        "WeekDungeonBuffId": 9
    },
    {
        "WeekDungeonBuffId": 10
    },
    {
        "WeekDungeonBuffId": 11
    },
    {
        "WeekDungeonBuffId": 12
    }
]