[
    {
        "StageId": 30101
    },
    {
        "StageId": 30102
    },
    {
        "StageId": 30103
    },
    {
        "StageId": 30104
    },
    {
        "StageId": 30105
    },
    {
        "StageId": 30106
    },
    {
        "StageId": 30107
    },
    {
        "StageId": 30108
    },
    {
        "StageId": 30109
    },
    {
        "StageId": 30110
    },
    {
        "StageId": 30201
    },
    {
        "StageId": 30202
    },
    {
        "StageId": 30203
    },
    {
        "StageId": 30204
    },
    {
        "StageId": 30205
    },
    {
        "StageId": 30206
    },
    {
        "StageId": 30207
    },
    {
        "StageId": 30208
    },
    {
        "StageId": 30209
    },
    {
        "StageId": 30210
    },
    {
        "StageId": 30301
    },
    {
        "StageId": 30302
    },
    {
        "StageId": 30303
    },
    {
        "StageId": 30304
    },
    {
        "StageId": 30305
    },
    {
        "StageId": 30306
    },
    {
        "StageId": 30307
    },
    {
        "StageId": 30308
    },
    {
        "StageId": 30309
    },
    {
        "StageId": 30310
    },
    {
        "StageId": 31101
    },
    {
        "StageId": 31102
    },
    {
        "StageId": 31103
    },
    {
        "StageId": 31104
    },
    {
        "StageId": 31105
    },
    {
        "StageId": 31106
    },
    {
        "StageId": 31107
    },
    {
        "StageId": 31108
    },
    {
        "StageId": 31109
    },
    {
        "StageId": 31110
    },
    {
        "StageId": 31111
    },
    {
        "StageId": 31112
    },
    {
        "StageId": 31113
    },
    {
        "StageId": 31114
    },
    {
        "StageId": 32101
    },
    {
        "StageId": 32102
    },
    {
        "StageId": 32103
    },
    {
        "StageId": 32104
    },
    {
        "StageId": 32105
    },
    {
        "StageId": 32106
    },
    {
        "StageId": 32107
    },
    {
        "StageId": 32108
    },
    {
        "StageId": 32109
    },
    {
        "StageId": 32110
    },
    {
        "StageId": 32111
    },
    {
        "StageId": 32112
    },
    {
        "StageId": 32113
    },
    {
        "StageId": 32114
    }
]