[
    {
        "WorldRaidFavorRank": 1
    },
    {
        "WorldRaidFavorRank": 2
    },
    {
        "WorldRaidFavorRank": 3
    },
    {
        "WorldRaidFavorRank": 4
    },
    {
        "WorldRaidFavorRank": 5
    },
    {
        "WorldRaidFavorRank": 6
    },
    {
        "WorldRaidFavorRank": 7
    },
    {
        "WorldRaidFavorRank": 8
    },
    {
        "WorldRaidFavorRank": 9
    },
    {
        "WorldRaidFavorRank": 10
    },
    {
        "WorldRaidFavorRank": 11
    },
    {
        "WorldRaidFavorRank": 12
    },
    {
        "WorldRaidFavorRank": 13
    },
    {
        "WorldRaidFavorRank": 14
    },
    {
        "WorldRaidFavorRank": 15
    },
    {
        "WorldRaidFavorRank": 16
    },
    {
        "WorldRaidFavorRank": 17
    },
    {
        "WorldRaidFavorRank": 18
    },
    {
        "WorldRaidFavorRank": 19
    },
    {
        "WorldRaidFavorRank": 20
    },
    {
        "WorldRaidFavorRank": 21
    },
    {
        "WorldRaidFavorRank": 22
    },
    {
        "WorldRaidFavorRank": 23
    },
    {
        "WorldRaidFavorRank": 24
    },
    {
        "WorldRaidFavorRank": 25
    },
    {
        "WorldRaidFavorRank": 26
    },
    {
        "WorldRaidFavorRank": 27
    },
    {
        "WorldRaidFavorRank": 28
    },
    {
        "WorldRaidFavorRank": 29
    },
    {
        "WorldRaidFavorRank": 30
    },
    {
        "WorldRaidFavorRank": 31
    },
    {
        "WorldRaidFavorRank": 32
    },
    {
        "WorldRaidFavorRank": 33
    },
    {
        "WorldRaidFavorRank": 34
    },
    {
        "WorldRaidFavorRank": 35
    },
    {
        "WorldRaidFavorRank": 36
    },
    {
        "WorldRaidFavorRank": 37
    },
    {
        "WorldRaidFavorRank": 38
    },
    {
        "WorldRaidFavorRank": 39
    },
    {
        "WorldRaidFavorRank": 40
    },
    {
        "WorldRaidFavorRank": 41
    },
    {
        "WorldRaidFavorRank": 42
    },
    {
        "WorldRaidFavorRank": 43
    },
    {
        "WorldRaidFavorRank": 44
    },
    {
        "WorldRaidFavorRank": 45
    },
    {
        "WorldRaidFavorRank": 46
    },
    {
        "WorldRaidFavorRank": 47
    },
    {
        "WorldRaidFavorRank": 48
    },
    {
        "WorldRaidFavorRank": 49
    },
    {
        "WorldRaidFavorRank": 50
    },
    {
        "WorldRaidFavorRank": 51
    },
    {
        "WorldRaidFavorRank": 52
    },
    {
        "WorldRaidFavorRank": 53
    },
    {
        "WorldRaidFavorRank": 54
    },
    {
        "WorldRaidFavorRank": 55
    },
    {
        "WorldRaidFavorRank": 56
    },
    {
        "WorldRaidFavorRank": 57
    },
    {
        "WorldRaidFavorRank": 58
    },
    {
        "WorldRaidFavorRank": 59
    },
    {
        "WorldRaidFavorRank": 60
    },
    {
        "WorldRaidFavorRank": 61
    },
    {
        "WorldRaidFavorRank": 62
    },
    {
        "WorldRaidFavorRank": 63
    },
    {
        "WorldRaidFavorRank": 64
    },
    {
        "WorldRaidFavorRank": 65
    },
    {
        "WorldRaidFavorRank": 66
    },
    {
        "WorldRaidFavorRank": 67
    },
    {
        "WorldRaidFavorRank": 68
    },
    {
        "WorldRaidFavorRank": 69
    },
    {
        "WorldRaidFavorRank": 70
    },
    {
        "WorldRaidFavorRank": 71
    },
    {
        "WorldRaidFavorRank": 72
    },
    {
        "WorldRaidFavorRank": 73
    },
    {
        "WorldRaidFavorRank": 74
    },
    {
        "WorldRaidFavorRank": 75
    },
    {
        "WorldRaidFavorRank": 76
    },
    {
        "WorldRaidFavorRank": 77
    },
    {
        "WorldRaidFavorRank": 78
    },
    {
        "WorldRaidFavorRank": 79
    },
    {
        "WorldRaidFavorRank": 80
    },
    {
        "WorldRaidFavorRank": 81
    },
    {
        "WorldRaidFavorRank": 82
    },
    {
        "WorldRaidFavorRank": 83
    },
    {
        "WorldRaidFavorRank": 84
    },
    {
        "WorldRaidFavorRank": 85
    },
    {
        "WorldRaidFavorRank": 86
    },
    {
        "WorldRaidFavorRank": 87
    },
    {
        "WorldRaidFavorRank": 88
    },
    {
        "WorldRaidFavorRank": 89
    },
    {
        "WorldRaidFavorRank": 90
    },
    {
        "WorldRaidFavorRank": 91
    },
    {
        "WorldRaidFavorRank": 92
    },
    {
        "WorldRaidFavorRank": 93
    },
    {
        "WorldRaidFavorRank": 94
    },
    {
        "WorldRaidFavorRank": 95
    },
    {
        "WorldRaidFavorRank": 96
    },
    {
        "WorldRaidFavorRank": 97
    },
    {
        "WorldRaidFavorRank": 98
    },
    {
        "WorldRaidFavorRank": 99
    },
    {
        "WorldRaidFavorRank": 100
    },
    {
        "WorldRaidFavorRank": 101
    },
    {
        "WorldRaidFavorRank": 102
    },
    {
        "WorldRaidFavorRank": 103
    },
    {
        "WorldRaidFavorRank": 104
    },
    {
        "WorldRaidFavorRank": 105
    },
    {
        "WorldRaidFavorRank": 106
    },
    {
        "WorldRaidFavorRank": 107
    },
    {
        "WorldRaidFavorRank": 108
    },
    {
        "WorldRaidFavorRank": 109
    },
    {
        "WorldRaidFavorRank": 110
    },
    {
        "WorldRaidFavorRank": 111
    },
    {
        "WorldRaidFavorRank": 112
    },
    {
        "WorldRaidFavorRank": 113
    },
    {
        "WorldRaidFavorRank": 114
    },
    {
        "WorldRaidFavorRank": 115
    },
    {
        "WorldRaidFavorRank": 116
    },
    {
        "WorldRaidFavorRank": 117
    },
    {
        "WorldRaidFavorRank": 118
    },
    {
        "WorldRaidFavorRank": 119
    },
    {
        "WorldRaidFavorRank": 120
    },
    {
        "WorldRaidFavorRank": 121
    },
    {
        "WorldRaidFavorRank": 122
    },
    {
        "WorldRaidFavorRank": 123
    },
    {
        "WorldRaidFavorRank": 124
    },
    {
        "WorldRaidFavorRank": 125
    },
    {
        "WorldRaidFavorRank": 126
    },
    {
        "WorldRaidFavorRank": 127
    },
    {
        "WorldRaidFavorRank": 128
    },
    {
        "WorldRaidFavorRank": 129
    },
    {
        "WorldRaidFavorRank": 130
    },
    {
        "WorldRaidFavorRank": 131
    },
    {
        "WorldRaidFavorRank": 132
    },
    {
        "WorldRaidFavorRank": 133
    },
    {
        "WorldRaidFavorRank": 134
    },
    {
        "WorldRaidFavorRank": 135
    },
    {
        "WorldRaidFavorRank": 136
    },
    {
        "WorldRaidFavorRank": 137
    },
    {
        "WorldRaidFavorRank": 138
    },
    {
        "WorldRaidFavorRank": 139
    },
    {
        "WorldRaidFavorRank": 140
    },
    {
        "WorldRaidFavorRank": 141
    },
    {
        "WorldRaidFavorRank": 142
    },
    {
        "WorldRaidFavorRank": 143
    },
    {
        "WorldRaidFavorRank": 144
    },
    {
        "WorldRaidFavorRank": 145
    },
    {
        "WorldRaidFavorRank": 146
    },
    {
        "WorldRaidFavorRank": 147
    },
    {
        "WorldRaidFavorRank": 148
    },
    {
        "WorldRaidFavorRank": 149
    },
    {
        "WorldRaidFavorRank": 150
    }
]