[
    {
        "Id": 1,
        "WorldRaidBossGroupId": 10000002
    },
    {
        "Id": 8141,
        "WorldRaidBossGroupId": 814000
    },
    {
        "Id": 8142,
        "WorldRaidBossGroupId": 814100
    },
    {
        "Id": 8211,
        "WorldRaidBossGroupId": 821000
    },
    {
        "Id": 8212,
        "WorldRaidBossGroupId": 821100
    },
    {
        "Id": 8213,
        "WorldRaidBossGroupId": 821200
    },
    {
        "Id": 8214,
        "WorldRaidBossGroupId": 821300
    },
    {
        "Id": 8215,
        "WorldRaidBossGroupId": 821400
    },
    {
        "Id": 8216,
        "WorldRaidBossGroupId": 821001
    },
    {
        "Id": 8217,
        "WorldRaidBossGroupId": 821101
    },
    {
        "Id": 8218,
        "WorldRaidBossGroupId": 821201
    },
    {
        "Id": 8219,
        "WorldRaidBossGroupId": 821301
    },
    {
        "Id": 8220,
        "WorldRaidBossGroupId": 821401
    },
    {
        "Id": 8221,
        "WorldRaidBossGroupId": 821501
    },
    {
        "Id": 8222,
        "WorldRaidBossGroupId": 821602
    },
    {
        "Id": 8231,
        "WorldRaidBossGroupId": 823000
    },
    {
        "Id": 8232,
        "WorldRaidBossGroupId": 823100
    },
    {
        "Id": 1081400,
        "WorldRaidBossGroupId": 10814000
    },
    {
        "Id": 1081401,
        "WorldRaidBossGroupId": 10814100
    },
    {
        "Id": 90081400,
        "WorldRaidBossGroupId": 900814000
    },
    {
        "Id": 90081401,
        "WorldRaidBossGroupId": 900814100
    }
]